diagnostics_Versions_PyRadiomics,diagnostics_Versions_Numpy,diagnostics_Versions_SimpleITK,diagnostics_Versions_PyWavelet,diagnostics_Versions_Python,diagnostics_Configuration_Settings,diagnostics_Configuration_EnabledImageTypes,diagnostics_Image-original_Hash,diagnostics_Image-original_Dimensionality,diagnostics_Image-original_Spacing,diagnostics_Image-original_Size,diagnostics_Image-original_Mean,diagnostics_Image-original_Minimum,diagnostics_Image-original_Maximum,diagnostics_Mask-original_Hash,diagnostics_Mask-original_Spacing,diagnostics_Mask-original_Size,diagnostics_Mask-original_BoundingBox,diagnostics_Mask-original_VoxelNum,diagnostics_Mask-original_VolumeNum,diagnostics_Mask-original_CenterOfMassIndex,diagnostics_Mask-original_CenterOfMass,original_shape_Elongation,original_shape_Flatness,original_shape_LeastAxisLength,original_shape_MajorAxisLength,original_shape_Maximum2DDiameterColumn,original_shape_Maximum2DDiameterRow,original_shape_Maximum2DDiameterSlice,original_shape_Maximum3DDiameter,original_shape_MeshVolume,original_shape_MinorAxisLength,original_shape_Sphericity,original_shape_SurfaceArea,original_shape_SurfaceVolumeRatio,original_shape_VoxelVolume,original_firstorder_10Percentile,original_firstorder_90Percentile,original_firstorder_Energy,original_firstorder_Entropy,original_firstorder_InterquartileRange,original_firstorder_Kurtosis,original_firstorder_Maximum,original_firstorder_MeanAbsoluteDeviation,original_firstorder_Mean,original_firstorder_Median,original_firstorder_Minimum,original_firstorder_Range,original_firstorder_RobustMeanAbsoluteDeviation,original_firstorder_RootMeanSquared,original_firstorder_Skewness,original_firstorder_TotalEnergy,original_firstorder_Uniformity,original_firstorder_Variance,original_glcm_Autocorrelation,original_glcm_ClusterProminence,original_glcm_ClusterShade,original_glcm_ClusterTendency,original_glcm_Contrast,original_glcm_Correlation,original_glcm_DifferenceAverage,original_glcm_DifferenceEntropy,original_glcm_DifferenceVariance,original_glcm_Id,original_glcm_Idm,original_glcm_Idmn,original_glcm_Idn,original_glcm_Imc1,original_glcm_Imc2,original_glcm_InverseVariance,original_glcm_JointAverage,original_glcm_JointEnergy,original_glcm_JointEntropy,original_glcm_MCC,original_glcm_MaximumProbability,original_glcm_SumAverage,original_glcm_SumEntropy,original_glcm_SumSquares,original_gldm_DependenceEntropy,original_gldm_DependenceNonUniformity,original_gldm_DependenceNonUniformityNormalized,original_gldm_DependenceVariance,original_gldm_GrayLevelNonUniformity,original_gldm_GrayLevelVariance,original_gldm_HighGrayLevelEmphasis,original_gldm_LargeDependenceEmphasis,original_gldm_LargeDependenceHighGrayLevelEmphasis,original_gldm_LargeDependenceLowGrayLevelEmphasis,original_gldm_LowGrayLevelEmphasis,original_gldm_SmallDependenceEmphasis,original_gldm_SmallDependenceHighGrayLevelEmphasis,original_gldm_SmallDependenceLowGrayLevelEmphasis,original_glrlm_GrayLevelNonUniformity,original_glrlm_GrayLevelNonUniformityNormalized,original_glrlm_GrayLevelVariance,original_glrlm_HighGrayLevelRunEmphasis,original_glrlm_LongRunEmphasis,original_glrlm_LongRunHighGrayLevelEmphasis,original_glrlm_LongRunLowGrayLevelEmphasis,original_glrlm_LowGrayLevelRunEmphasis,original_glrlm_RunEntropy,original_glrlm_RunLengthNonUniformity,original_glrlm_RunLengthNonUniformityNormalized,original_glrlm_RunPercentage,original_glrlm_RunVariance,original_glrlm_ShortRunEmphasis,original_glrlm_ShortRunHighGrayLevelEmphasis,original_glrlm_ShortRunLowGrayLevelEmphasis,original_glszm_GrayLevelNonUniformity,original_glszm_GrayLevelNonUniformityNormalized,original_glszm_GrayLevelVariance,original_glszm_HighGrayLevelZoneEmphasis,original_glszm_LargeAreaEmphasis,original_glszm_LargeAreaHighGrayLevelEmphasis,original_glszm_LargeAreaLowGrayLevelEmphasis,original_glszm_LowGrayLevelZoneEmphasis,original_glszm_SizeZoneNonUniformity,original_glszm_SizeZoneNonUniformityNormalized,original_glszm_SmallAreaEmphasis,original_glszm_SmallAreaHighGrayLevelEmphasis,original_glszm_SmallAreaLowGrayLevelEmphasis,original_glszm_ZoneEntropy,original_glszm_ZonePercentage,original_glszm_ZoneVariance,original_ngtdm_Busyness,original_ngtdm_Coarseness,original_ngtdm_Complexity,original_ngtdm_Contrast,original_ngtdm_Strength,case_id
3.1.1.dev111+g8ed579383,2.0.2,2.5.3,1.8.0,3.12.13,"{'minimumROIDimensions': 2, 'minimumROISize': None, 'normalize': False, 'normalizeScale': 1, 'removeOutliers': None, 'resampledPixelSpacing': None, 'interpolator': 'sitkBSpline', 'preCrop': False, 'padDistance': 5, 'distances': [1], 'force2D': False, 'force2Ddimension': 0, 'resegmentRange': None, 'label': 1, 'additionalInfo': True}",{'Original': {}},c7d1da3ec777e61e94f9cdc53260a21d894445bb,3D,"(5.0, 0.94140625, 0.94140625)","(107, 512, 512)",-478.17218345570785,-1024.0,3071.0,3873b004125fa982d67745f014f98ecc7a67279e,"(5.0, 0.94140625, 0.94140625)","(107, 512, 512)","(22, 238, 124, 37, 150, 276)",158390,39,"(np.float64(40.11286066039523), np.float64(327.9224004040659), np.float64(265.02754593093))","(249.49858816153957, 308.7081972553902, -200.56430330197614)",0.3458717042401455,0.15400595704002393,58.33454549678777,378.7810979391366,260.09807347952193,249.65021688190973,152.41411515998115,281.01372749763357,701356.7745908102,131.00966387816266,0.43968128463469625,86823.80382938951,0.12379406170282561,701862.3039245605,8.0,118.0,1025026657.0,2.784517280504011,55.0,3.1335703837111892,227.0,33.720230359057524,68.26060357345791,74.0,-104.0,331.0,23.31815226655633,80.44586031421723,-0.5756702968482365,4542127476.89949,0.17170534788269207,1812.0264414817752,71.3981038481517,182.08143957221208,-11.193175165539337,7.461219897924493,3.292331612659488,0.3857671902883323,1.3528173589778523,2.1177052430214047,1.434617252252303,0.546404868917954,0.4967663452979655,0.986117119289789,0.9219508978320456,-0.054889262091411824,0.4625639403004878,0.46018941921193623,8.38778402894328,0.03766198734426999,5.281336689931749,0.39894317037147753,0.08578679794910503,16.775568057886556,3.44784460401499,2.688387877645994,6.295165601704177,12542.177498579456,0.07918541258020996,12.177739833547705,27196.41005113959,2.985695413274941,71.0365805922091,59.34191552497001,4504.379380011364,0.8645307416720771,0.017880351244901595,0.08975838236681521,5.398010791288958,0.002662799756483404,19567.209218860306,0.1595627300708736,3.298232436386348,69.93693516258921,2.1013979445948143,152.56742438066922,0.03520366052641578,0.018680265022092073,3.8272017845485755,79172.9012673076,0.6437053392306178,0.7743223882626622,0.4235911333260764,0.82946901823376,57.235801864053784,0.01606163411757861,1560.6724915907785,0.1280394200993337,7.5551567986481105,55.52120764623841,154502.02559684962,11966960.592009189,2091.011470478317,0.03415558958883948,4568.521863975716,0.374806945932867,0.635814722052425,35.88413147950674,0.02329920907962897,5.316951130086045,0.07695561588484122,154333.16848237894,127.20830814341366,4.7099789958113535e-05,100.27065016860217,0.02849260008407694,0.00410456994678713,case_00126
3.1.1.dev111+g8ed579383,2.0.2,2.5.3,1.8.0,3.12.13,"{'minimumROIDimensions': 2, 'minimumROISize': None, 'normalize': False, 'normalizeScale': 1, 'removeOutliers': None, 'resampledPixelSpacing': None, 'interpolator': 'sitkBSpline', 'preCrop': False, 'padDistance': 5, 'distances': [1], 'force2D': False, 'force2Ddimension': 0, 'resegmentRange': None, 'label': 1, 'additionalInfo': True}",{'Original': {}},a013521888156909a4a2b40e5110df5f380dcdf4,3D,"(3.0, 0.9765625, 0.9765625)","(105, 512, 512)",-543.2385660080682,-1024.0,1315.0,b34daa35c8b1e86fa58f8f5b0aa7810bc9d57773,"(3.0, 0.9765625, 0.9765625)","(105, 512, 512)","(35, 260, 151, 46, 94, 227)",175025,15,"(np.float64(56.17795172118269), np.float64(310.57972289672904), np.float64(263.1538351664048))","(256.98616715469217, 303.3005106413369, -168.53385516354805)",0.41693128502270027,0.18072908327815965,55.232811808211714,305.6110881899569,222.74551061693703,221.2555310263805,132.70081724304737,223.05356218084145,500527.5011062622,127.41882371622451,0.4204790664475034,72503.4002999787,0.14485397933126995,500750.5416870117,11.0,147.0,1781936750.0,3.053624005781029,74.0,2.8177861552859507,258.0,42.596077829565466,86.28968433080989,95.0,-119.0,377.0,30.703971987311963,100.90114607781801,-0.5741016152302403,5098161935.806274,0.13925115181680436,2735.1316579063528,85.70168386646586,399.26218222669826,-22.91588465092891,11.825622612103047,4.0882222573213305,0.48503939379355104,1.5011781960426556,2.2464985277223577,1.792638699726966,0.5256189092588094,0.4705639006310586,0.9849550419065898,0.9192831772263446,-0.07910759258430804,0.5788968692516904,0.44118242534852475,9.15240561994881,0.027356002350474647,5.7239926199817335,0.5080766737723184,0.06196324990335127,18.304811239897617,3.7490301019732266,3.9784612173560947,6.508087522728498,14703.03700042851,0.08400535352337386,11.185368242384456,24372.43284673618,4.458779731481215,84.96506784745037,53.51863448078846,4947.932221111269,0.6718158307836546,0.016179907861557295,0.09084493027291428,6.288976453663834,0.002599633185600424,18103.68415857199,0.13121044654727768,4.812024631538167,83.41595535493163,2.008044163679316,175.29420495849638,0.030111664199430403,0.016992792178899947,4.035645318051403,91565.39983546834,0.6613776515696356,0.7882153099007834,0.38484335652530116,0.8398149092488706,68.9842543229604,0.014844569083067066,1478.1790283221178,0.10930851351934615,9.759035328019815,62.87007320860756,124961.54692006212,12105318.63558382,1361.1647181462563,0.03396217373011636,4496.014863565777,0.33247170476712096,0.596553139400121,37.36356316668714,0.02222476190485438,5.718916936225129,0.07726324810741322,124794.03177545479,112.35605673644021,4.842706526442888e-05,117.8338529525927,0.039352654933436905,0.004476594032008008,case_00127
3.1.1.dev111+g8ed579383,2.0.2,2.5.3,1.8.0,3.12.13,"{'minimumROIDimensions': 2, 'minimumROISize': None, 'normalize': False, 'normalizeScale': 1, 'removeOutliers': None, 'resampledPixelSpacing': None, 'interpolator': 'sitkBSpline', 'preCrop': False, 'padDistance': 5, 'distances': [1], 'force2D': False, 'force2Ddimension': 0, 'resegmentRange': None, 'label': 1, 'additionalInfo': True}",{'Original': {}},28f1fe1e69d6329bbf21b39ad7c49f781e1e0695,3D,"(2.5, 0.8789060115814209, 0.8789060115814209)","(206, 512, 512)",-686.4700713666897,-2048.0,1564.0,cc83a4b71370bb2f92b4a1bae4e345913f5ed572,"(2.5, 0.8789060115814209, 0.8789060115814209)","(206, 512, 512)","(55, 201, 126, 46, 136, 276)",254075,22,"(np.float64(76.85642034832235), np.float64(267.3152022040736), np.float64(264.038772016137))","(232.06526401555905, 234.9449382042634, -192.14105087080586)",0.35865684426777017,0.17328293237229594,60.06196934810101,346.61214769299215,235.5998731348959,244.5349666460494,132.20379680317617,248.81155682350803,490646.5193048063,124.31481907644284,0.38454173435652916,78232.36486345972,0.15944750810482997,490666.95772638894,12.0,215.0,5974120625.0,3.4953456621990577,107.0,2.8133911164871095,315.0,63.04418557266628,132.70697628652957,153.0,-139.0,454.0,45.33171504907998,153.3402004103659,-0.7701732607802348,11537158682.118364,0.10546838527282286,5902.075506777654,152.72435872437168,1993.1869122409776,-104.82403518129924,25.756193770848515,6.794778285518555,0.5799785779513295,1.8841909285673213,2.539895595494698,3.166812438353364,0.48449293268848764,0.4207755093464748,0.982632180025327,0.9158474819225403,-0.10285494487142902,0.6804264207634207,0.4046902983061665,12.16464476440248,0.018804654988422653,6.440703110341873,0.6114940456200924,0.05377380185747444,24.32928952880496,4.202703196392045,8.137743014091765,6.75433565421408,23342.457758535864,0.09187231234295332,9.807633948859312,26796.879988192464,9.52456004093233,149.4337695562334,42.39082554363869,7253.189188231821,0.2970226754463345,0.01041442012928621,0.12317659875448511,13.960143092699601,0.002347495842700454,20386.002187420418,0.09797815960918614,10.145137710338515,145.7331140643919,1.7991897631287286,279.37038237005265,0.017006237425581414,0.011041805490894256,4.364677627989637,146801.6202710242,0.7041737864677569,0.8189165827776475,0.30222664527345977,0.8644845562680656,123.41965787618618,0.009989449796248107,2355.1504685227155,0.07967086595591204,15.022114267697063,100.8663103413281,83391.3679848449,15597910.991542911,460.21093490931463,0.021780844513063353,10153.254050945503,0.34346788170039927,0.6061320282224603,61.15816554966165,0.014374892240133882,6.062227726841674,0.11634753517662108,83317.49500365062,100.74049467048692,3.595131062973593e-05,199.40478479952213,0.07284670099381696,0.004902153959919083,case_00128
3.1.1.dev111+g8ed579383,2.0.2,2.5.3,1.8.0,3.12.13,"{'minimumROIDimensions': 2, 'minimumROISize': None, 'normalize': False, 'normalizeScale': 1, 'removeOutliers': None, 'resampledPixelSpacing': None, 'interpolator': 'sitkBSpline', 'preCrop': False, 'padDistance': 5, 'distances': [1], 'force2D': False, 'force2Ddimension': 0, 'resegmentRange': None, 'label': 1, 'additionalInfo': True}",{'Original': {}},2e2820bc5516d3307df7dfa7aeb12bfc20a2c128,3D,"(5.0, 0.736328125, 0.736328125)","(48, 512, 512)",-425.74177344640094,-1024.0,1247.0,47eee9aefa819c0aeadca27aead9a5c3f86b35ef,"(5.0, 0.736328125, 0.736328125)","(48, 512, 512)","(16, 257, 124, 22, 99, 277)",147945,4,"(np.float64(26.664037311162932), np.float64(308.15735577410527), np.float64(263.3616141133529))","(193.9205635170587, 226.90492798210485, -133.32018655581467)",0.3766459206925506,0.19820314025660477,53.259322822216355,268.71079213610784,206.40323402806078,201.1806908907216,117.21813767796218,206.41505426981684,401121.7246723175,101.20882370412892,0.507492156439273,51828.93036486351,0.12920998085357596,401063.4404182434,38.0,197.0,3294650808.0,3.092012148329683,85.0,3.355248046336742,264.0,51.52007116153647,135.1113454324242,158.0,-125.0,389.0,36.25644880643553,149.22945389487882,-1.0550891557642785,8931454175.762787,0.15061787181949232,4014.3542452039046,127.25727043430064,1015.9477246727586,-70.4548817110119,16.739040472452448,5.788709381449034,0.48021996440700665,1.6172503489476233,2.3601178031698415,2.9525839131995446,0.5442449084192967,0.49512934402936504,0.9797426057858047,0.9162897760976721,-0.10813263422648027,0.5735154816464868,0.4193789675794278,11.158645747750466,0.03827322720192976,5.65757253175479,0.5036603544006005,0.11220545043626834,22.317291495500935,3.8089522793202693,5.631937463475369,6.718699696737225,9940.128216566967,0.067187997002717,19.221519436876186,22283.161046334786,6.498392580970629,125.85488526141471,74.8248538308155,11044.989793504343,0.5784065765338575,0.01154317495596135,0.09478592314104754,8.374077192965911,0.002084861713845072,14349.6514206265,0.12887789754479215,7.117882366578913,120.51658923211214,2.441150618389882,326.6799102192325,0.024578796866304833,0.01258234626113154,4.235523743756177,71019.3479969856,0.6289907473696904,0.7516629100731301,0.6021246693486382,0.8171504625833135,95.06673997522392,0.010970156642135093,1281.0405285035629,0.0950891128639818,9.779062631353636,78.96065914489311,99454.72157066509,15450966.465929335,653.2837004535337,0.02493816746618764,4336.225653206651,0.32186948138410415,0.5840964411404636,44.69532240993733,0.015771013950896303,5.883262090867201,0.09106086721416742,99334.12458962458,90.64032325173584,4.759344620334751e-05,140.24145669798997,0.06714560563666856,0.005866424106664253,case_00129
3.1.1.dev111+g8ed579383,2.0.2,2.5.3,1.8.0,3.12.13,"{'minimumROIDimensions': 2, 'minimumROISize': None, 'normalize': False, 'normalizeScale': 1, 'removeOutliers': None, 'resampledPixelSpacing': None, 'interpolator': 'sitkBSpline', 'preCrop': False, 'padDistance': 5, 'distances': [1], 'force2D': False, 'force2Ddimension': 0, 'resegmentRange': None, 'label': 1, 'additionalInfo': True}",{'Original': {}},0b034ade1281d160ccb8bc159169f4f3e56bad45,3D,"(3.0, 0.546875, 0.546875)","(53, 512, 512)",-351.4069444908286,-1024.0,1420.0,cdfdf27c93d56806e7c17020b97656eb61aebfa3,"(3.0, 0.546875, 0.546875)","(53, 512, 512)","(5, 216, 66, 43, 168, 348)",271936,26,"(np.float64(26.943207225229465), np.float64(301.2374860261238), np.float64(245.72357098729114))","(134.38007788367483, 164.73925017053645, -80.8296216756884)",0.3732390990194193,0.20266302360628027,54.48648200118588,268.85260582630235,195.80266555358898,186.16415413595672,112.40497723077034,197.48140364387794,243491.5542602539,100.34630436763217,0.3256782696112004,57900.806162310524,0.23779389941559834,243985.546875,23.0,243.0,6981270352.0,3.622744972353478,134.0,2.09936119030289,438.0,70.9143089001089,137.3145445987291,134.0,-88.0,526.0,55.5959110357555,160.22632648901597,-0.22039237272517276,6263713023.339844,0.08965128203156845,6817.19154180838,113.54738981566433,2400.805005984679,-35.6333154071594,33.20244451463968,6.93614509935521,0.6516646693824265,1.7702196579159195,2.4596287603082136,3.426214765117763,0.5329928775567091,0.4793472138138049,0.9866525994931847,0.9310930816603906,-0.18178353358758115,0.7779224452525513,0.3848409605043038,10.34267429743498,0.018344667974125314,6.451006671538268,0.6756382243630126,0.053418915247330924,20.685348594869968,4.442467033228568,10.034647403498717,7.42371546363161,18803.31463285479,0.06914610288029091,22.640585918245698,24379.411030536598,10.987562674524485,111.25110687808896,77.51197340550718,9465.375856819252,0.9476999992064614,0.0171768336364785,0.09222531713834249,7.50781241244004,0.0028058511783193305,17355.268281384844,0.0845347779897048,11.210487958260943,107.75141311199287,2.673222669242004,309.3241789859973,0.04026367680002325,0.018624323419821027,4.680003427488141,135934.45315252928,0.6474796167620104,0.7535568323768488,0.7721099548287209,0.8270282094443608,86.80955360033009,0.016295507004626394,1928.588294740542,0.08473958850303362,10.931880708836891,71.517026231381,88525.57423436882,11959393.680434113,847.6968138008417,0.03554589723703594,6533.903642515049,0.28709098126082205,0.5493071839982115,37.62967745726088,0.020949940684768718,6.3132979094735715,0.0836924864674041,88382.8074891936,101.55573250426359,3.671038116149055e-05,277.42049545237006,0.05943825919310362,0.006920581808297032,case_00130
3.1.1.dev111+g8ed579383,2.0.2,2.5.3,1.8.0,3.12.13,"{'minimumROIDimensions': 2, 'minimumROISize': None, 'normalize': False, 'normalizeScale': 1, 'removeOutliers': None, 'resampledPixelSpacing': None, 'interpolator': 'sitkBSpline', 'preCrop': False, 'padDistance': 5, 'distances': [1], 'force2D': False, 'force2Ddimension': 0, 'resegmentRange': None, 'label': 1, 'additionalInfo': True}",{'Original': {}},060576b3a5fd736dc0e76df798c2fef4ca6a6121,3D,"(3.0, 0.6679999828338623, 0.6679999828338623)","(159, 512, 512)",-683.0518485974966,-2048.0,1611.0,ce485e3567387103e2c6f40554f0b520f4bfc450,"(3.0, 0.6679999828338623, 0.6679999828338623)","(159, 512, 512)","(35, 260, 99, 40, 118, 308)",280671,64,"(np.float64(55.47223261398577), np.float64(306.59255854719584), np.float64(251.65233672164206))","(168.10375661015823, 204.80382384651674, -166.4166978419573)",0.3631702565931702,0.19017304883522232,52.61873104096474,276.68868624258556,208.86979523232375,199.95081813582564,119.7740686902836,209.10999917563174,374257.30871281464,100.48510117914698,0.4829620585890666,52001.75138771422,0.13894652202401644,375726.3896013078,68.0,253.0,11533679809.0,3.1534529142773784,77.0,4.35143468001156,334.0,57.36255806616774,188.48439275878164,217.0,-108.0,442.0,35.87976978105905,202.71466793820616,-1.4364234551527806,15439813423.734806,0.15729648170547358,5566.870283650535,183.64303730038813,2811.4235763016723,-175.1964555723456,24.408757350833625,4.720097870425322,0.6693612275616801,1.361506337899136,2.1922103873469374,2.766900247878506,0.5909931666332615,0.5531291784071161,0.9880636988267691,0.9386628810277393,-0.1705357330736847,0.7646823074264754,0.4407998896565225,13.368385728661623,0.04868654569208126,5.529112486902873,0.7057605025367875,0.14659894510629387,26.736771457323247,3.9026174288025706,7.282213805314735,6.941472025507983,15687.226236412027,0.05589186711990917,26.31662270317008,44148.56081675699,8.989009918675304,179.55816952944906,104.12101357104937,21790.05111678798,0.5497526849063842,0.008603094427345125,0.08693002611751663,10.011847141642832,0.0017078905691855803,24595.15685952601,0.1251097456534323,10.511111025587201,169.4510985092407,2.9825940457876543,576.319386007992,0.020968885343827907,0.00983336850446185,4.535871352934558,113786.35112698688,0.5739118731827865,0.6992046258375875,0.8784190546395328,0.7841091532192875,126.52064395999153,0.008515958255024315,1793.9043515358362,0.07653175561159711,14.37752302735035,100.05213310580204,235790.13229522185,50876524.902943686,1109.383720670628,0.02238926025531077,8359.280887372013,0.3566246112360074,0.6185725644092519,61.659239327466,0.014804279476551128,6.045898685126049,0.08351415001906147,235646.75516968564,85.43398497215827,3.299442272246286e-05,159.00836428762784,0.051946788220611384,0.006624829779982318,case_00131
3.1.1.dev111+g8ed579383,2.0.2,2.5.3,1.8.0,3.12.13,"{'minimumROIDimensions': 2, 'minimumROISize': None, 'normalize': False, 'normalizeScale': 1, 'removeOutliers': None, 'resampledPixelSpacing': None, 'interpolator': 'sitkBSpline', 'preCrop': False, 'padDistance': 5, 'distances': [1], 'force2D': False, 'force2Ddimension': 0, 'resegmentRange': None, 'label': 1, 'additionalInfo': True}",{'Original': {}},c4a3d3a6d86915572c4396fb1aa730cf633450b8,3D,"(0.5, 0.712890625, 0.712890625)","(532, 512, 512)",-421.0613417804689,-1024.0,3069.0,b42038585f5dc6b076f6ad606d40db1dbd341158,"(0.5, 0.712890625, 0.712890625)","(532, 512, 512)","(68, 285, 125, 224, 104, 277)",1283202,29,"(np.float64(171.24727361709225), np.float64(336.58968112580874), np.float64(271.1906184684874))","(193.32924949413652, 239.9516281463285, -85.62363680854612)",0.36635792083989893,0.17299416758877828,46.867439923579404,270.91919095785505,197.05482088051278,199.41833073067454,106.65353773699401,199.4584433695618,326031.39372269314,99.25339151494732,0.46625727049189986,49132.03899560985,0.15069726394937058,326069.99673843384,8.0,150.0,12903959782.0,3.159651333206045,86.0,2.5839523944632923,384.0,46.52749703598187,83.3603984407755,91.0,-146.0,530.0,34.8299978684997,100.27992177058043,-0.3580841880588067,3278980335.1534843,0.12678223011749465,3107.106682108885,102.6597869028122,661.1903379650932,-20.819579121895913,16.477396731318372,2.4962568715375273,0.7364710866584656,1.1411650509003985,1.943392750058354,1.163135434909654,0.5896933440688521,0.5512570753427013,0.9949591670641957,0.9526883562163235,-0.1971758879386905,0.8280030695920693,0.4799897813209712,9.958124355194741,0.028836394032537828,5.617619657534626,0.7611077907807277,0.06136135774803871,19.916248710389485,3.9873863593182057,4.743413400713974,6.962211048567294,91682.89731468623,0.07144853056236371,14.973783596509419,162687.21125122934,5.053992102042885,102.15986181442985,85.66950020339743,9164.0934841124,0.9539745362490978,0.012804934830643737,0.04645636110164457,3.9994604115573353,0.0009667083634518916,110944.82670740876,0.12090092100780069,5.398152493846912,100.62618041451823,2.629365198304356,273.44228062972286,0.031878059795441,0.013347361868717525,4.404351842878954,526041.9778851952,0.5697907288934559,0.7150740581283862,0.6440212404045784,0.7817286064850357,77.5368888599049,0.010816755800154761,3849.1165556497517,0.09323280987404026,11.95778352883052,79.4100762988979,2011384.93622381,231042092.25764805,19119.10114449578,0.026649964300524593,10301.761487222962,0.24952795173120898,0.5102033807861351,39.20251544028337,0.014999251844091227,6.500646329300257,0.03217342242297004,2010418.8731598442,323.83011311226613,1.0100051085033464e-05,165.6532333649078,0.015678537749952377,0.002297361938654821,case_00132
3.1.1.dev111+g8ed579383,2.0.2,2.5.3,1.8.0,3.12.13,"{'minimumROIDimensions': 2, 'minimumROISize': None, 'normalize': False, 'normalizeScale': 1, 'removeOutliers': None, 'resampledPixelSpacing': None, 'interpolator': 'sitkBSpline', 'preCrop': False, 'padDistance': 5, 'distances': [1], 'force2D': False, 'force2Ddimension': 0, 'resegmentRange': None, 'label': 1, 'additionalInfo': True}",{'Original': {}},d19fcc62404aaf69b8afb58e8eebc9abfddde5aa,3D,"(2.5, 0.8496090173721313, 0.8496090173721313)","(186, 512, 512)",-688.7551387048537,-2048.0,2640.0,74165487239e4f6fea82555dd0bc3a9cd6ea7085,"(2.5, 0.8496090173721313, 0.8496090173721313)","(186, 512, 512)","(37, 262, 108, 52, 89, 245)",162121,34,"(np.float64(60.41275343724749), np.float64(319.5670332652772), np.float64(238.5755022483207))","(202.69589803425848, 271.5070331170394, -151.03188359311872)",0.33703124013006847,0.15275777241533425,43.46602312612046,284.542137783604,208.88854643340864,205.81767485968317,106.8028603090274,209.19514875758642,292518.18990291323,95.89958956646886,0.5227592277475721,40764.70792529852,0.1393578564766462,292561.72560544166,30.0,214.0,4344582340.0,3.1800887148816446,84.0,3.756355832018629,274.0,56.08468534148736,147.51657095626106,173.0,-117.0,391.0,37.62060500350261,163.7021484959712,-1.2218542474825216,7840184223.051471,0.14305527691858613,5037.254715503395,141.51259847823596,2051.485465593122,-130.56846978991376,22.343701360369973,4.57628058072253,0.657253037234046,1.38192536083037,2.2176763915324136,2.6118930642592937,0.5801893744751409,0.5402585597295061,0.983969797856897,0.9274396991577929,-0.16088744303653654,0.7709677023995541,0.4464032497957813,11.707601272211642,0.04040950456292821,5.637593828275025,0.6880704980810203,0.09819840563053411,23.415202544423288,3.923917298089182,6.729995485273125,6.899645923379282,9746.479031094059,0.06011854744970768,22.20667073695177,23192.2645493181,8.145993094012248,138.61046378939187,92.89528808729283,14986.4136971768,0.6662639963210086,0.011967260679679207,0.08416732632532335,7.508860114555678,0.0023151236870034082,14060.529781119096,0.12117494738330195,9.258254485878469,131.49549770441953,2.7027778327753587,401.01316566046546,0.02665970395629613,0.013585210065594393,4.4714300414299055,68071.73645014118,0.583700334749635,0.7150902958047005,0.7173241968138648,0.7913610637108862,99.44040983169401,0.011840220240612138,1147.9753449445827,0.08655472705606444,12.11859297218296,78.87401040488577,124850.59616979567,21365655.74402473,752.9917630979023,0.031027302526420893,4269.224082032722,0.32188977471407093,0.5854638064661961,44.66531625082971,0.020013263277447405,6.017826695522332,0.08180926591866569,124701.18089132567,69.90462338680348,5.994370765330878e-05,107.83202514729585,0.0656535549943166,0.00774197494530008,case_00133
3.1.1.dev111+g8ed579383,2.0.2,2.5.3,1.8.0,3.12.13,"{'minimumROIDimensions': 2, 'minimumROISize': None, 'normalize': False, 'normalizeScale': 1, 'removeOutliers': None, 'resampledPixelSpacing': None, 'interpolator': 'sitkBSpline', 'preCrop': False, 'padDistance': 5, 'distances': [1], 'force2D': False, 'force2Ddimension': 0, 'resegmentRange': None, 'label': 1, 'additionalInfo': True}",{'Original': {}},bd00375a17c051b5e9b52c25d847942c60717306,3D,"(3.0, 0.947265625, 0.947265625)","(61, 512, 512)",-421.3991055723096,-1024.0,1110.0,87b18e84322e71181579bb51f419341514784ecd,"(3.0, 0.947265625, 0.947265625)","(61, 512, 512)","(3, 228, 140, 53, 102, 240)",127156,36,"(np.float64(30.213989115731856), np.float64(283.70246783478564), np.float64(242.5574569819749))","(229.76634108644106, 268.7415955075606, -90.64196734719556)",0.37063878804578704,0.17333487093091687,52.35732738850155,302.0588246745153,231.42896996132447,211.71757568934595,122.69080774684186,232.4252221725894,340402.77235507965,111.9547166958972,0.41944555973383735,56208.74846892856,0.16512423820772032,342295.8766937256,-1.0,121.0,897101390.0,2.814783230812915,63.0,2.8656509224897446,193.0,37.657862593517905,70.17430557740099,81.0,-106.0,299.0,27.23847269871801,83.99478754935899,-0.7449923594080439,2414939969.590187,0.16715071859053143,2130.691172191501,74.24470979552085,286.6806412823543,-23.716006455589177,9.725520241724432,2.6100314321127547,0.5755080195336799,1.1508998943412152,1.9815659258005052,1.2669386398974147,0.5926806997956005,0.554661671481682,0.9855298669583752,0.9240624771359586,-0.11648040696215126,0.6677174071543234,0.47339951458196255,8.512612735444067,0.04433380263615813,5.139911975544402,0.5982167728809625,0.10733046848495481,17.025225470888135,3.535544059466664,3.083887918459296,6.566334131313561,8165.934505646607,0.06421981271545667,18.776653997727223,21254.21677309761,3.4998363393188465,72.85998301299192,86.49015382679544,7071.848563968669,1.204551679826735,0.01832079765250183,0.06901738178683517,3.881918851492946,0.002276311657803671,13857.142293594343,0.15093291851900134,3.863425155183958,70.38772806143007,2.5730868078945432,196.7519316584608,0.042459638394999416,0.019651822063813183,4.046951484451886,53858.58293257399,0.5848524133448278,0.7219684119083283,0.6408635265125444,0.7927217375614242,54.22639495464958,0.016463324727945657,895.5395193776914,0.12439776626999463,6.993660218238474,49.8662314210307,157364.69315182665,13478062.09695791,1933.1961643331606,0.03926532893703393,2420.1940547298236,0.3361847554840705,0.6006501242317195,30.644888461279333,0.025469615546562265,5.537552518995597,0.056615495926263804,157052.71127368114,102.75603503121994,7.107315661897646e-05,60.83189756941703,0.03692355475292896,0.0047866968535554945,case_00134
3.1.1.dev111+g8ed579383,2.0.2,2.5.3,1.8.0,3.12.13,"{'minimumROIDimensions': 2, 'minimumROISize': None, 'normalize': False, 'normalizeScale': 1, 'removeOutliers': None, 'resampledPixelSpacing': None, 'interpolator': 'sitkBSpline', 'preCrop': False, 'padDistance': 5, 'distances': [1], 'force2D': False, 'force2Ddimension': 0, 'resegmentRange': None, 'label': 1, 'additionalInfo': True}",{'Original': {}},e27aaafb05bedff2c2cdc3ef03ba706e9756f169,3D,"(0.5, 0.837890625, 0.837890625)","(634, 512, 512)",-496.1134145658475,-1024.0,3071.0,4acc218631a0435ce4bb5187e347315c1f32bc02,"(0.5, 0.837890625, 0.837890625)","(634, 512, 512)","(87, 192, 149, 244, 179, 274)",1064133,424,"(np.float64(187.00637702242108), np.float64(295.7629168534384), np.float64(259.177763493849))","(217.1626182399633, 247.81697525415055, -93.50318851121054)",0.38623266253839694,0.2000624272737683,57.883759560367885,289.32848785823694,233.5341628199395,232.74061813048186,140.62468035174174,235.03375421343085,370495.1288866997,111.7481122136951,0.34411646807779483,72493.71164649383,0.19566711137155862,373542.9791507721,20.0,166.0,14555753613.0,3.2383786224842566,81.0,3.895451400778955,453.0,47.12247643072955,100.73643144231032,109.0,-157.0,610.0,33.354865651969504,116.95516126863237,-0.1219987083961433,5109511281.376139,0.12688621599415084,3530.6811276405206,139.90042856828887,1411.654132402868,-5.295994411435099,18.694040996315763,2.8990092758543087,0.7310074046003009,1.223528296066568,2.0226392060925305,1.3658439501362392,0.5751724302874822,0.5331820151376223,0.9958030550584933,0.9567549422768613,-0.18740323849682824,0.8210248307571987,0.4729935279112816,11.659819189319832,0.02786153666755437,5.7918460400235,0.7502382751257581,0.06717134031446448,23.31963837863967,4.069897609350024,5.3982625680425205,6.997566498107272,79065.81768350385,0.07430069143941956,13.985405468946732,135023.80968450374,5.7338924837954055,139.13306795297206,76.6653068742347,11042.4382450314,0.6076522996190235,0.008872662885025959,0.0550906822241862,6.940715243160193,0.0006889340837939501,93708.39666695008,0.11996989844299126,6.217454538682281,137.8437904465084,2.4462410749378423,344.70796608041707,0.020811995653532016,0.00914023119964235,4.429273275630241,465004.9341585544,0.5921511822915382,0.7339590792909129,0.5656192744234384,0.7965964862966555,108.90769246172317,0.00746512402793025,3633.0717342115286,0.08139148540922393,14.676666038453858,121.95691914779219,1353002.3179201111,202326888.06803772,9601.395478511438,0.014679417131174573,11881.058606089118,0.26617063436362476,0.5286741399716477,62.2048965190785,0.008305085886384176,6.62397326649038,0.04194682431613342,1352433.986291717,194.6773702640064,1.1555267645691243e-05,246.41137721005026,0.013472504634956327,0.00420983478294566,case_00135
3.1.1.dev111+g8ed579383,2.0.2,2.5.3,1.8.0,3.12.13,"{'minimumROIDimensions': 2, 'minimumROISize': None, 'normalize': False, 'normalizeScale': 1, 'removeOutliers': None, 'resampledPixelSpacing': None, 'interpolator': 'sitkBSpline', 'preCrop': False, 'padDistance': 5, 'distances': [1], 'force2D': False, 'force2Ddimension': 0, 'resegmentRange': None, 'label': 1, 'additionalInfo': True}",{'Original': {}},d7ad8a8c647c604c39b9621f2d5efe21fbd47378,3D,"(5.0, 0.68359375, 0.68359375)","(101, 512, 512)",-377.4813996494407,-1024.0,3071.0,6fddc59dd22357265314e0766479d54e26e8181b,"(5.0, 0.68359375, 0.68359375)","(101, 512, 512)","(24, 206, 106, 26, 128, 309)",166299,4,"(np.float64(36.359791700491286), np.float64(269.0304511752927), np.float64(272.27639973782163))","(186.12644513327652, 183.90753498311022, -181.79895850245643)",0.38157860975985886,0.16851260619215574,51.05473026603164,302.97276518181485,208.27175613824173,212.65369915465885,130.1018316071085,220.14827933140455,388747.117916743,115.60792653317708,0.40975859548808397,62863.83045424227,0.16170880131825355,388557.9586029053,27.0,154.0,2363948593.0,2.709019089431775,52.0,4.299479697482419,208.0,38.10852460904705,108.22832969530785,124.0,-103.0,311.0,23.94720798693631,119.22688437683762,-1.3664356181892148,5523370793.199539,0.20124651633678595,2501.678609571551,103.42052552621294,444.25347915064197,-39.85763104282092,9.443641381021042,3.671955840344779,0.42852254850226407,1.2389853190370157,2.076973504814818,2.029210289357429,0.6064296516217944,0.5710757679084805,0.9830807274710396,0.9260341376928319,-0.10319530926242902,0.5253368392623332,0.4419410849581014,10.098106084360662,0.06550657032584116,4.851517854323097,0.45889025890792723,0.17549870735262996,20.196212168721324,3.3655821054840924,3.2788993053414552,6.473334008756877,9340.474596960896,0.056166751435431934,26.01487308820623,33467.09442029116,4.083199190255874,101.07571302292858,106.09939326153494,12224.619666985369,0.9761412718919128,0.01325176088347018,0.07530852312662804,4.975896091957197,0.0020558595047258893,18902.48845021749,0.1632894624952568,4.870312227403675,95.97997218717036,3.117286063041187,335.1744055692368,0.03532953913559467,0.014790715558187041,4.090709419715308,66346.71233819994,0.5641025952821568,0.6942694044600851,0.9324345015701365,0.7753286409950019,71.05426219056464,0.012491561452598597,1416.0109007458404,0.11605695440913372,6.6384255158491525,57.10302434226703,199800.74166051962,23606693.50840095,1714.251453545845,0.030972275263407765,3497.8127202688306,0.2866824621153045,0.5487794706644243,30.707163336841525,0.0186641293499863,5.817575330778275,0.07336784947594394,199614.96616809015,118.3476276920891,4.371104041606057e-05,87.35765243700872,0.044070220505666495,0.004431170676140233,case_00136
3.1.1.dev111+g8ed579383,2.0.2,2.5.3,1.8.0,3.12.13,"{'minimumROIDimensions': 2, 'minimumROISize': None, 'normalize': False, 'normalizeScale': 1, 'removeOutliers': None, 'resampledPixelSpacing': None, 'interpolator': 'sitkBSpline', 'preCrop': False, 'padDistance': 5, 'distances': [1], 'force2D': False, 'force2Ddimension': 0, 'resegmentRange': None, 'label': 1, 'additionalInfo': True}",{'Original': {}},f8f204f41206f148f8831011219279c0e55864fe,3D,"(3.0, 0.68359375, 0.68359375)","(76, 512, 512)",-223.47734928131104,-1024.0,3071.0,5b13b63dc4a6bca043c07fc1365c303e06965caa,"(3.0, 0.68359375, 0.68359375)","(76, 512, 512)","(27, 245, 106, 37, 135, 339)",306149,16,"(np.float64(43.22430907825928), np.float64(317.1870657751618), np.float64(270.89292142061544))","(185.18070800237385, 216.8270957447395, -129.67292723477783)",0.3218974829835313,0.16731865688869046,55.57226245906883,332.13428491742286,234.07612222673225,230.66402115526725,116.45896693258062,234.2826244064098,428744.4508075714,106.91319032745348,0.4189936490960831,65625.96345481607,0.15306545269846591,429190.66429138184,18.0,153.0,3509204556.0,3.051909934243741,72.0,3.034362972141492,458.0,42.268206327171065,93.32931350420874,102.0,-116.0,574.0,29.926372536775908,107.06263296220669,-0.6409058399549451,4919558236.427307,0.14080487227453184,2752.0466176333075,90.90421642838272,446.47682049709414,-25.183526120399318,11.948053566614057,3.9876333462388485,0.4959233104207358,1.4450662110951407,2.1991093082868507,1.8065438440734591,0.5405036834538945,0.4896277984851383,0.9932870662734922,0.9457898997277405,-0.09688782894661128,0.5897003835568356,0.44724665168724853,9.42931541948823,0.02904735165080337,5.6631302677702475,0.5112867015449954,0.06442763002148694,18.85863083897646,3.7597886301859424,3.983921728213226,6.62901062621781,24348.84659757177,0.07953266741871366,12.41138896829758,43107.27084197564,4.486457858163301,90.10901881110178,60.88709419269702,5935.922051027441,0.7220441153783079,0.015117074194579236,0.07895216058380694,5.670726075362837,0.0021658252928180356,31278.540482888948,0.13254953550691287,4.872130498288152,88.39292400971577,2.168117210836782,200.619406440404,0.03033490412550617,0.01592508127590406,4.101826700584943,152026.30376484653,0.6386196831990403,0.7706750131974454,0.44870783484038185,0.8246153818623987,71.68068230976927,0.013704812465451873,2187.708090237262,0.106364648494616,9.596469030978776,64.29949436017114,248509.7499513808,25973904.888759237,2479.5693160136907,0.032826193109293404,6222.105989887204,0.30251390460361743,0.5657951244730481,35.71626445506213,0.020762974276307453,5.912748807866348,0.06718297299680874,248288.1949475025,109.7530995279426,2.8503450538190066e-05,279.6417303102212,0.018158047645336507,0.008572633404257738,case_00138
3.1.1.dev111+g8ed579383,2.0.2,2.5.3,1.8.0,3.12.13,"{'minimumROIDimensions': 2, 'minimumROISize': None, 'normalize': False, 'normalizeScale': 1, 'removeOutliers': None, 'resampledPixelSpacing': None, 'interpolator': 'sitkBSpline', 'preCrop': False, 'padDistance': 5, 'distances': [1], 'force2D': False, 'force2Ddimension': 0, 'resegmentRange': None, 'label': 1, 'additionalInfo': True}",{'Original': {}},f3cfbe2df4c1fa90bfdf3ee48e66c526e7c831eb,3D,"(5.0, 0.80078125, 0.80078125)","(103, 512, 512)",-540.3204241261899,-1024.0,3071.0,a47b102c058084a4b3872957e1b7fe2b4654510c,"(5.0, 0.80078125, 0.80078125)","(103, 512, 512)","(25, 189, 79, 28, 195, 329)",133149,165,"(np.float64(38.04850205408978), np.float64(325.14698570774095), np.float64(286.96304140474206))","(229.7946229998911, 260.37160964877694, -190.24251027044892)",0.5024690585990355,0.23911270186816913,71.68783348668892,299.80771797816425,259.51074490508364,267.0050146653529,182.67664890905084,269.48148388499783,421669.43494478863,150.64410181321333,0.28423727669828563,95671.92350606536,0.2268884476262601,426909.387588501,11.0,122.0,1066508638.0,2.6149714114822395,52.0,3.440898564356952,184.0,33.80440721864726,78.67862319656926,91.0,-98.0,282.0,22.861455449772638,89.49798017715332,-1.0413166092674857,3419496575.313568,0.20413253593331385,1819.5627076824042,64.13410704773962,201.94603794931325,-20.925682083696966,7.036236062629711,2.479495900340167,0.4683852210323595,1.0690749414272749,1.9127625304369147,1.2949915054435712,0.6200935130641602,0.5882521315864007,0.9841556128607879,0.9246107593544417,-0.10035807249589533,0.5557504116501074,0.4680371662677404,7.936547366258651,0.06951853642297601,4.653725807199534,0.4988750073780065,0.16640247554241866,15.873094732517306,3.2266992530200866,2.3789329907424692,6.3770848046575415,7583.357749588807,0.056953921918969024,25.07569525201376,27180.043026984808,2.9961896911850436,61.77707680868801,101.74617158221241,7265.274166535235,1.5632174640168532,0.022641765821615676,0.07849743642118268,3.3805565517646423,0.003662820754705779,16056.705154737496,0.17180978147782822,3.456904228298021,58.720073149341424,2.919734545001311,192.79969880809904,0.056430824167251065,0.02519366590602107,3.938220095784586,54231.163471161395,0.5745702042025098,0.7016858499182812,0.8369593766065443,0.7840939096502412,44.14285399468117,0.021421665816800696,1395.9600318947473,0.13913685157926317,5.267459544372701,37.93939998006578,156165.270706668,11541654.265922455,2164.3837852538577,0.05274364336045528,3092.8399282368187,0.3082667126718647,0.5724162461970307,21.76442081432373,0.033419315312078,5.49957129479028,0.07535167368887487,155989.14846939515,137.75701502711797,5.913192849665519e-05,51.51367683495741,0.03733758704639474,0.0035666338388582698,case_00139
3.1.1.dev111+g8ed579383,2.0.2,2.5.3,1.8.0,3.12.13,"{'minimumROIDimensions': 2, 'minimumROISize': None, 'normalize': False, 'normalizeScale': 1, 'removeOutliers': None, 'resampledPixelSpacing': None, 'interpolator': 'sitkBSpline', 'preCrop': False, 'padDistance': 5, 'distances': [1], 'force2D': False, 'force2Ddimension': 0, 'resegmentRange': None, 'label': 1, 'additionalInfo': True}",{'Original': {}},b666643c85cc17719551b587b6a90b587b11161b,3D,"(1.0, 0.82421875, 0.82421875)","(279, 512, 512)",-497.41689799592484,-1024.0,3071.0,611166c791d34df75710169ec1e46cb1e6e702cc,"(1.0, 0.82421875, 0.82421875)","(279, 512, 512)","(101, 269, 120, 120, 100, 258)",715619,2,"(np.float64(157.3489831879813), np.float64(315.8545874271086), np.float64(251.5381900145189))","(207.32249255102926, 260.33327323093715, -157.3489831879813)",0.37161190895346874,0.2108647214591194,59.85557929627077,283.8577211118506,212.44966232980426,211.59318322232696,124.87410365366257,217.02641402830747,486112.9667689006,105.48490961355614,0.5389860277868419,55470.84154863685,0.11411100986945662,486146.1410369873,34.0,275.0,26453403041.0,3.827023741514139,149.5,2.4293234349021198,512.0,79.65936601296094,167.60102931867377,190.0,-177.0,689.0,60.40777755052469,192.2648276788758,-0.5310325713928672,17970763500.798965,0.08103947374025827,8875.658933708864,247.40428795795145,5192.027844797392,-168.34615725107318,47.15973298383923,6.281912448716402,0.7645035752965735,1.8174234599973371,2.4935002628776335,2.9136863963281834,0.48941199718911754,0.42616847848880474,0.9927946923526005,0.9437464942165013,-0.17361987774337642,0.844255755561372,0.40921321027864266,15.40078705894979,0.012616659574705435,6.906009568603455,0.7835247048911025,0.033746677770134736,30.80157411789958,4.660627486754939,13.36041135813891,7.2528095919833016,66991.93499753361,0.0936139691617098,9.292843366451487,57993.38715852989,14.284025626654627,246.0519186885759,44.933836301160255,11853.269779030461,0.21867201281233994,0.005721601922865918,0.09671308456823204,20.19088890065738,0.0008128985710842681,45117.75040650695,0.0779436208921372,14.658848571646105,242.78200203076946,1.861048146146985,467.22197192724286,0.01017849456836778,0.005890167084146353,4.721293603041657,399419.4080241286,0.6885471200352392,0.8088458544818705,0.3249209452124927,0.8558593472411231,205.4820876862368,0.005161424564911092,3537.1672149981723,0.061572705537246024,22.0518461230955,191.1355858443435,229992.35335178513,71032080.42198896,789.5701708909198,0.009850343621116739,18411.481243581038,0.3204950866638996,0.5840923005935768,110.58307310858797,0.006092162064024996,6.590578961312562,0.0802759568988526,229837.1757564094,94.00608560600482,1.8077049457583865e-05,418.28748910140314,0.03904068463646855,0.006159661660943617,case_00140
3.1.1.dev111+g8ed579383,2.0.2,2.5.3,1.8.0,3.12.13,"{'minimumROIDimensions': 2, 'minimumROISize': None, 'normalize': False, 'normalizeScale': 1, 'removeOutliers': None, 'resampledPixelSpacing': None, 'interpolator': 'sitkBSpline', 'preCrop': False, 'padDistance': 5, 'distances': [1], 'force2D': False, 'force2Ddimension': 0, 'resegmentRange': None, 'label': 1, 'additionalInfo': True}",{'Original': {}},b8ab2ccb8232e3508282d48e58fd42745d8992be,3D,"(0.5, 0.712890625, 0.712890625)","(581, 512, 512)",-429.01679990049485,-1024.0,1469.0,72e809d68406b183f56a5c6951f1d699e7644a07,"(0.5, 0.712890625, 0.712890625)","(581, 512, 512)","(124, 272, 104, 266, 122, 333)",1832144,98,"(np.float64(259.64967764542524), np.float64(327.62081419364415), np.float64(265.21715651171525))","(189.0708244663595, 233.55780699351584, -129.82483882271262)",0.3502271582771465,0.15811648702024397,53.60432954128397,339.01796423304614,237.93190631148153,237.70920724621763,129.69040943237312,239.64967527982353,465654.37242587405,118.73329821824305,0.4399921583671889,66031.06645466576,0.14180274118477654,465559.73892211914,19.0,180.0,29625190818.0,3.272505698117745,91.0,2.855389706293067,396.0,51.62533902070192,110.46167877634072,126.0,-160.0,556.0,37.52361692718672,127.16007513011802,-0.6205317273741465,7527954190.689182,0.12349509418310375,3967.9022290097755,150.21382257680523,1209.746492685598,-56.521164465054774,20.963227925988992,2.6563765773008945,0.7743873478969815,1.1595886571246612,1.9748272107384552,1.2778401537492168,0.5899965306019312,0.5515362467966742,0.9950990838703331,0.9540102188679673,-0.2155971820364483,0.8543854990001392,0.4753263480591715,12.067998461164812,0.02938399613990058,5.743272177273687,0.7969670059563769,0.0696934183951561,24.135996922329625,4.1044006322463344,5.904901125822476,7.094413819378973,125892.95090997215,0.06871345860913342,16.26409035911337,226260.79583700845,6.432302471627015,148.95638170362156,88.42671100088202,14139.06656081618,0.6403824177178589,0.008554430150018397,0.04730568374825293,5.805840239366349,0.0006368552432950207,149348.33542454801,0.11450470454105564,6.942899896590957,145.69293193365007,2.6812977082959892,411.1618759159474,0.02148052152310889,0.0089698607732707,4.5435439192451055,746316.1171086302,0.5687385784426647,0.7117362122023327,0.6760140788038547,0.7810647166643899,111.58669216771194,0.007290208338153937,4936.321645335796,0.08141446175840804,14.58272777148695,113.32565312046444,2799160.82609843,482212769.12298787,16999.48072846431,0.016700902477037455,14672.106643356643,0.24198618952626738,0.5015727393680374,55.45862695288728,0.009049454080179715,6.7515903580046315,0.033093468635653094,2798247.7322409344,344.2567706220242,7.435616014152465e-06,171.5442804894307,0.018010263719098245,0.0017875805564103473,case_00141
3.1.1.dev111+g8ed579383,2.0.2,2.5.3,1.8.0,3.12.13,"{'minimumROIDimensions': 2, 'minimumROISize': None, 'normalize': False, 'normalizeScale': 1, 'removeOutliers': None, 'resampledPixelSpacing': None, 'interpolator': 'sitkBSpline', 'preCrop': False, 'padDistance': 5, 'distances': [1], 'force2D': False, 'force2Ddimension': 0, 'resegmentRange': None, 'label': 1, 'additionalInfo': True}",{'Original': {}},dc3c5be6d39613bef164e4516cd00f0ddbdd8b4d,3D,"(1.0, 0.80859375, 0.80859375)","(274, 512, 512)",-578.9950110164002,-1024.0,1909.0,0230b911b7e549115481c4cce7fc365f36975e90,"(1.0, 0.80859375, 0.80859375)","(274, 512, 512)","(96, 282, 125, 143, 99, 304)",604347,16,"(np.float64(168.290194209618), np.float64(334.1568304301999), np.float64(272.46236516438404))","(220.31136558213865, 270.19712460566944, -168.290194209618)",0.3152484040115014,0.15743782032700065,54.01769182423803,343.10492683424155,248.86813907564112,242.92288001496613,122.81280439887531,249.79937860855992,392882.0719242096,108.1632805929776,0.443847843973088,58446.45179288112,0.14876334648366432,395136.4838104248,25.0,268.0,19892090547.0,3.7926890556230126,170.0,1.9712637692721726,438.0,83.9291152443848,154.05613827817461,172.0,-136.0,574.0,67.61409135807969,181.42495683230348,-0.3292038333063653,13005923276.495407,0.08084836587626246,9181.721220419126,177.06280543249548,5056.799400080009,-117.48568921765028,51.56028049865581,4.456420139271214,0.8406237903577194,1.4797643608114395,2.279327651362812,2.2152633514183178,0.5446625304723633,0.4948997851229095,0.9925675201690282,0.9449365444044584,-0.23899380871479783,0.9059288906378368,0.4393293516050345,12.856368238285112,0.015886109202135047,6.600720621633262,0.8524932554722949,0.041420078968122706,25.712736476570228,4.664411547430383,14.004175159481754,7.479260041272015,44462.18467039631,0.07357062196121816,16.048621975314546,48860.46737222159,14.775883985173941,175.60222355699622,70.42279518223802,13323.018836860281,0.5709735137179704,0.00944573914865638,0.07066600459339971,10.100130436367063,0.0010111266623313963,35013.65622035229,0.07674135363955961,14.707301365644557,171.88310910329724,2.3036960154324673,415.4579003477592,0.020617258053431214,0.009824753622613572,4.869622425828551,287561.5889885796,0.6281529151903312,0.7548505946214548,0.533173378955801,0.8200899470011325,138.25873016831616,0.00832659309892954,2306.4209895052472,0.06915805065982751,16.871446737500815,130.7296251874063,271998.6916041979,63329692.51571214,1365.3863378017231,0.01707922578057933,9181.566656671665,0.2753093450276361,0.5383051269959008,69.0805178483967,0.009803625560265162,6.736470764554566,0.05518352866813271,271670.308302827,95.0452659538283,2.8649610465298683e-05,201.8599198309586,0.04338757487531606,0.006147217061481595,case_00142
3.1.1.dev111+g8ed579383,2.0.2,2.5.3,1.8.0,3.12.13,"{'minimumROIDimensions': 2, 'minimumROISize': None, 'normalize': False, 'normalizeScale': 1, 'removeOutliers': None, 'resampledPixelSpacing': None, 'interpolator': 'sitkBSpline', 'preCrop': False, 'padDistance': 5, 'distances': [1], 'force2D': False, 'force2Ddimension': 0, 'resegmentRange': None, 'label': 1, 'additionalInfo': True}",{'Original': {}},01a05df7fa1d5eb6f4bee3cfac56c6f977ad1941,3D,"(5.0, 0.91796875, 0.91796875)","(92, 512, 512)",-558.5012940531192,-1024.0,3071.0,9f2775b3e967c1493a587631e947330dda82a3f0,"(5.0, 0.91796875, 0.91796875)","(92, 512, 512)","(19, 233, 129, 27, 109, 242)",87571,15,"(np.float64(30.6659624761622), np.float64(291.24464720055727), np.float64(250.66966233113703))","(230.10691659303595, 267.35348473488654, -153.329812380811)",0.3542980158352584,0.16440337370606936,53.75387083354288,326.9633075148896,229.2556660158929,222.34749443027,127.08966815772794,229.48045265875223,368459.84443028766,115.84245110345881,0.3771824197453279,65896.06152030996,0.1788419077856324,368965.7955169678,12.0,186.0,1494292849.0,3.2788961353680492,93.0,3.0345526132601295,712.0,53.53046100544697,113.17832387434196,126.0,-97.0,809.0,39.33839498179184,130.62842920315657,-0.6147192077510202,6295953566.438675,0.11857709985790761,4254.45352107865,90.44537738328471,1059.1124248328183,-47.742439341172606,18.047220778090285,6.021126981083763,0.4958374299647628,1.7056053708885093,2.4168335449505842,2.91031442620184,0.5220956363852636,0.46732821697248766,0.994628315253168,0.9531335561361955,-0.10841908433360488,0.6126634470533516,0.41345079476293123,9.350559189560895,0.024214557777822717,6.023513486913408,0.51744840092951,0.06086263300654083,18.70111837912179,4.007708687873726,6.017086939793513,6.865975730380113,6770.671694967512,0.07731636837500443,15.55347217413005,10383.915211656828,6.892142842239101,88.71290724098161,58.912984892258855,6326.267325941236,0.6949503491640233,0.02029433859933407,0.10836591173031704,6.873890316045197,0.00463525782631672,7623.26323294853,0.11069064218333483,7.311848022799305,84.96779893053557,2.1492055495231233,203.69125709641625,0.03722054353306173,0.02225047359596283,4.258159836634231,46583.350087509076,0.6682962264332422,0.7852002287374729,0.4683106818128386,0.8411220008473645,69.10031126857726,0.020012975944683827,871.1901215639032,0.09541015459028619,9.885646421720251,56.1184974263498,34465.3410360311,3827438.893001862,333.1621418795605,0.048969734547760164,2845.9468842404995,0.3116796500099112,0.5746025938217175,32.18301780376788,0.03200409848510866,5.973615676212728,0.1042696783181647,34373.363042237484,26.701941335874995,9.11651270037076e-05,669.5549392278232,0.021633742908435685,0.0696891156821598,case_00143
3.1.1.dev111+g8ed579383,2.0.2,2.5.3,1.8.0,3.12.13,"{'minimumROIDimensions': 2, 'minimumROISize': None, 'normalize': False, 'normalizeScale': 1, 'removeOutliers': None, 'resampledPixelSpacing': None, 'interpolator': 'sitkBSpline', 'preCrop': False, 'padDistance': 5, 'distances': [1], 'force2D': False, 'force2Ddimension': 0, 'resegmentRange': None, 'label': 1, 'additionalInfo': True}",{'Original': {}},64f21aecf6c2dabb1d2789a66d038a4ff5d1c514,3D,"(2.5, 0.791015625, 0.791015625)","(197, 512, 512)",-527.9921021437282,-1024.0,2723.0,a37a9358af8410e024a443f3981de550eba4dd90,"(2.5, 0.791015625, 0.791015625)","(197, 512, 512)","(54, 231, 144, 57, 143, 256)",256472,31,"(np.float64(89.16889952899342), np.float64(303.2021312268006), np.float64(272.71106787485576))","(215.71871579944644, 239.8376233336997, -222.92224882248354)",0.3682697408831061,0.20969446237272993,60.218186934016806,287.17108812811443,203.94369361817976,199.95804847378508,145.64499648169377,212.02929344764422,400257.0396065712,105.75642221406032,0.4206899088282622,62433.06879043244,0.15598243781496116,401189.9929046631,16.0,157.0,3746933849.0,2.736901468673377,58.0,3.7258538617084893,200.0,42.02255333590864,108.35927118749805,128.0,-110.0,310.0,27.643729383749193,120.86986405929196,-1.276719995366427,5861194845.030069,0.1997259789014021,2867.792385425974,104.42535605725303,733.5482303217216,-64.7644368455377,13.181509040153376,2.2892066845407157,0.7002532446468875,0.9655993528268525,1.8576273727116002,1.324077099488109,0.6578687192305755,0.6310081556171802,0.9890826474472879,0.9405271589561373,-0.19354358541899253,0.7756783274528949,0.43373377530945856,10.084584070166482,0.07770406608956978,4.715990793969809,0.7222696934327288,0.20307492618804546,20.16916814033296,3.479304885266978,3.8676789311735216,6.731444435252905,12176.727307464362,0.04747780384394539,35.5864489215148,51224.1212608004,4.670297026351487,101.78067391372157,152.88972675379767,18106.742821828502,1.4006100623742375,0.013566491711035288,0.05320742128685802,3.3700590478400887,0.0015000307799178086,24096.449733526817,0.15094426639524378,5.620622017392237,93.84137579726604,4.109658129408816,455.5198110426323,0.045684260329308786,0.015744916144928154,4.394413728219986,80337.55963366879,0.4987576965373058,0.6218975470706654,1.457404676657357,0.7318973537976509,63.775436991009585,0.012883028354949337,1391.1841688214197,0.11603838258582197,6.79885155659655,55.008007340061724,499784.39669697225,60471348.85153057,4240.340768797955,0.032707920403549605,3043.9438652097756,0.25389472559928067,0.5124939977188493,27.522331496170708,0.01854861778349113,6.003128583610268,0.04674584360086091,499326.76721367764,131.5748543336318,3.935300966575884e-05,61.43038287040647,0.035223035609880424,0.004209652441286244,case_00144
3.1.1.dev111+g8ed579383,2.0.2,2.5.3,1.8.0,3.12.13,"{'minimumROIDimensions': 2, 'minimumROISize': None, 'normalize': False, 'normalizeScale': 1, 'removeOutliers': None, 'resampledPixelSpacing': None, 'interpolator': 'sitkBSpline', 'preCrop': False, 'padDistance': 5, 'distances': [1], 'force2D': False, 'force2Ddimension': 0, 'resegmentRange': None, 'label': 1, 'additionalInfo': True}",{'Original': {}},b45797a078ccc398bbb2fa95b925d004c5ad7270,3D,"(3.0, 0.9765625, 0.9765625)","(86, 512, 512)",-482.10614705640216,-1024.0,3041.0,75466b93530a8868f1d3f2097d4d9b52a068b888,"(3.0, 0.9765625, 0.9765625)","(86, 512, 512)","(32, 203, 143, 52, 128, 243)",139404,29,"(np.float64(53.67639379070902), np.float64(274.0923502912398), np.float64(262.9946271269117))","(256.8306905536247, 267.66831083128886, -161.02918137212706)",0.3352642003341104,0.17742488973882198,62.670220325538544,353.2211315886522,231.0750183891265,242.47478550654563,138.6352601309007,250.20036941122933,398378.849029541,118.42240022317905,0.3649031670532347,71752.55002739638,0.1801113442698754,398838.0432128906,0.0,59.0,244505724.0,1.882575820382927,26.0,4.076298568423464,127.0,17.643128928669945,34.8627729476916,40.0,-78.0,205.0,11.398239731415112,41.88002165912633,-1.0900867501288407,699536487.5793457,0.3308155934306053,538.523276566593,36.73856313341475,22.750482590917166,-3.2867655005031753,2.3489715785234715,0.7890748349040669,0.4928262484234073,0.5678534631342272,1.3490881610633052,0.4606945344616792,0.7481391130551095,0.7378943523798788,0.9923820426793062,0.9499816320156829,-0.1269959136860543,0.5750571516776901,0.4175501903775506,6.028915969666929,0.15941864552987578,3.287644563341545,0.5073272484346958,0.3103355498098172,12.05783193933386,2.5228026274520507,0.7845116033568846,6.088119474877459,5883.689363289433,0.042206029692759404,41.58272555320813,46117.016986600094,0.9548003768632795,35.9521534532725,220.71012309546356,8635.863361166108,5.888162565523923,0.03221238598065273,0.032478828332844364,0.8305202138863719,0.0020126000198666424,19069.74226768726,0.2609908506351878,1.274667084815231,33.695708374224054,6.4861865212219465,245.84923584654294,0.1855398422669032,0.03631921575635481,3.8893562347578614,29855.0415645647,0.4033995310433505,0.5236981391108964,2.689876461530959,0.6561371490491192,20.70681295205014,0.026393656795394165,810.5538832028898,0.24399575051260983,3.152436042931276,22.67489464178206,931831.6640577965,35684983.09572547,25033.291038669468,0.07554020996596289,1145.9656833232991,0.34496257776137845,0.609253662103255,14.020805143759931,0.048430406598527424,4.698034826336111,0.023830019224699434,930070.6970696152,189.97128016787622,6.022710358661939e-05,21.492465507762173,0.009871163999062092,0.0028919081383357403,case_00145
3.1.1.dev111+g8ed579383,2.0.2,2.5.3,1.8.0,3.12.13,"{'minimumROIDimensions': 2, 'minimumROISize': None, 'normalize': False, 'normalizeScale': 1, 'removeOutliers': None, 'resampledPixelSpacing': None, 'interpolator': 'sitkBSpline', 'preCrop': False, 'padDistance': 5, 'distances': [1], 'force2D': False, 'force2Ddimension': 0, 'resegmentRange': None, 'label': 1, 'additionalInfo': True}",{'Original': {}},b5700ed3c9f553d43bf61ec3f042e36ae433bf67,3D,"(0.5, 0.703125, 0.703125)","(591, 512, 512)",-247.8235162841487,-1024.0,3071.0,f1a87e97e56e281abd0cf7f878d946cacde20146,"(0.5, 0.703125, 0.703125)","(591, 512, 512)","(74, 229, 100, 249, 129, 332)",1834247,6,"(np.float64(200.93334158376706), np.float64(288.92932086027673), np.float64(274.09740563839006))","(192.724738339493, 203.15342872988208, -100.46667079188353)",0.3530867958921308,0.1599420651778514,51.01323670872012,318.9482182313623,234.6561334731366,230.3268366043268,129.8534414629263,235.5631104479355,453356.7729949951,112.61640443081583,0.4421886300045465,64541.13898731381,0.14236279864297147,453411.8865966797,21.0,162.0,24910455560.0,3.092199180915148,77.0,3.2348863574395454,383.0,45.299968499390374,102.12054646947766,116.0,-138.0,521.0,32.10414285722516,116.53648811022832,-0.7428687514557267,6157674866.821289,0.14268108915092334,3152.1470498406393,118.51414402363434,858.8003423857294,-47.36283122437639,16.57343976313831,2.1396190002147475,0.7706031487938166,1.014871477390106,1.8409814802432865,1.0836630762300896,0.6220662259145849,0.5914100237264689,0.9956866097369257,0.9577737024514327,-0.2274866278668433,0.8543253143120695,0.48374406986640195,10.719390832801436,0.038815822789298134,5.383523306155949,0.7959765835116517,0.10095232680118428,21.43878166560287,3.9190277351719476,4.678264690838261,7.013932586819127,116239.73745793232,0.06337191090291129,18.712943593669298,261712.35973181366,5.127288928970036,117.60017762057127,108.52405646567775,13606.048893633191,1.00121473561149,0.011063216350236275,0.03854302295606598,3.66839919340921,0.000727894358727,160823.4622325034,0.13002731724944902,5.690670379075969,114.75854435221927,3.1144078233144765,377.0685458716477,0.031821384087399755,0.011765277638207339,4.514403243628688,654557.9256604551,0.5252815518713438,0.6739664413118425,0.8655393330160147,0.7505494797753257,84.18359945821398,0.009311315693934046,4471.428010952634,0.09136924293907871,12.579248423068565,88.81721770403368,4413593.889022845,586656439.8823205,35232.00986578562,0.023786859612164802,11501.33720217418,0.2350185377860595,0.4919969170077386,41.903068123582756,0.01279669882591939,6.632655507962945,0.0266801581248327,4412189.060870949,396.32596682935275,7.318854842144376e-06,144.20833957536695,0.014092585755300913,0.001744667251611574,case_00146
3.1.1.dev111+g8ed579383,2.0.2,2.5.3,1.8.0,3.12.13,"{'minimumROIDimensions': 2, 'minimumROISize': None, 'normalize': False, 'normalizeScale': 1, 'removeOutliers': None, 'resampledPixelSpacing': None, 'interpolator': 'sitkBSpline', 'preCrop': False, 'padDistance': 5, 'distances': [1], 'force2D': False, 'force2Ddimension': 0, 'resegmentRange': None, 'label': 1, 'additionalInfo': True}",{'Original': {}},8f7bae23e44a357989d298ff5c875cbce45079e9,3D,"(5.0, 0.9765625, 0.9765625)","(70, 512, 512)",-533.1272349221366,-1024.0,1305.0,4a78b36ec8027d0f112f14b75563cbffda7ea034,"(5.0, 0.9765625, 0.9765625)","(70, 512, 512)","(25, 238, 114, 23, 100, 260)",84671,8,"(np.float64(35.69373221055615), np.float64(289.28202099892525), np.float64(244.30150819052568))","(238.57569159231022, 282.50197363176295, -178.46866105278076)",0.3257056511362715,0.14812650346439005,53.19154971992047,359.09542503113113,254.6927242562349,253.41185340044308,134.35729012112222,254.72267778532205,403086.5430831909,116.95940922982074,0.35695762079601223,73926.41840303077,0.18340085937270667,403742.79022216797,5.0,140.0,759434055.0,3.0465602583814317,75.0,2.591013184111826,269.0,42.601830836528094,79.34030541743927,87.0,-132.0,401.0,31.113278814934862,94.70604261441123,-0.4552867567897061,3621263766.2887573,0.1374971465157076,2674.3504439501353,99.78918012680782,318.4513517356469,-15.277404087822704,10.668489730383444,4.949808487196704,0.36401228969337096,1.651586335520398,2.3459806871390603,2.1140028687569656,0.5072547118629962,0.4476027046009998,0.9839030353405769,0.9168282632968799,-0.0598355950605269,0.44671105779089326,0.42156657524448665,9.917515182701765,0.025755561606519612,5.764354507194164,0.38751774847785625,0.0602678019755662,19.835030365403533,3.6975881627102902,3.904574554395037,6.451201972668207,7560.123596036423,0.08928822850841993,10.600453216155435,11642.020892631479,4.358192375426533,98.3474743418644,45.30685831040144,4924.290193808978,0.468932893654477,0.012865023410108948,0.11744360554450282,9.463097311646386,0.0022612643162188348,8998.037131334844,0.13085867228725606,4.635896158460683,96.52450384673739,1.8703315663920803,189.15188699712007,0.022707705373219957,0.013344177846477805,3.9298145744753508,48083.964711545355,0.6945245798241462,0.8118763758002694,0.329375870607104,0.8575848648093187,81.49756167008839,0.011782659429391301,1077.1504184327791,0.11706884234678612,7.966258186237181,73.79458754483208,37356.89544614716,4275092.075100533,339.79850550491653,0.021570073377232588,3256.247038365395,0.35390142792798557,0.6154427482744037,45.56522005615269,0.01396722231761046,5.483290939407047,0.10866766661548818,37272.211845272155,52.851507559184306,8.804674698815782e-05,156.20517560705932,0.038957642229958574,0.009526395310809404,case_00147
3.1.1.dev111+g8ed579383,2.0.2,2.5.3,1.8.0,3.12.13,"{'minimumROIDimensions': 2, 'minimumROISize': None, 'normalize': False, 'normalizeScale': 1, 'removeOutliers': None, 'resampledPixelSpacing': None, 'interpolator': 'sitkBSpline', 'preCrop': False, 'padDistance': 5, 'distances': [1], 'force2D': False, 'force2Ddimension': 0, 'resegmentRange': None, 'label': 1, 'additionalInfo': True}",{'Original': {}},2d9436110d1597510ccac420515377e735648425,3D,"(5.0, 0.90625, 0.90625)","(36, 512, 512)",-457.4120233323839,-1024.0,3071.0,ee6390620c3ef8a8761ed04d1b3a72aa96d0a6d9,"(5.0, 0.90625, 0.90625)","(36, 512, 512)","(7, 257, 126, 29, 88, 257)",129643,3,"(np.float64(21.27368234304976), np.float64(299.0480781839359), np.float64(251.6396797358901))","(228.0484597606504, 271.0123208541919, -106.3684117152488)",0.35247967546395526,0.1867764389364965,60.433406565221965,323.56011769647864,233.38877712748422,232.25474295479953,130.64596497428653,233.60157804609327,532971.7728678385,114.04836527873395,0.4731933524581622,67181.28327257573,0.12605035893567806,532371.8896484375,15.0,143.0,1454361735.0,2.780171085808381,56.0,3.6338409581765267,211.0,37.91733379994292,94.11788526954791,107.0,-96.0,307.0,25.35821919443968,105.91602748409305,-1.0974116930349915,5972256929.370117,0.1793906632664943,2360.0285503993696,73.48705044632574,380.9086400350075,-32.26292108831743,9.6296400941588,3.3731605250831387,0.47748242512357447,1.2187637705483971,2.0652766812973287,1.807029049498057,0.6020084880049917,0.5652844619840725,0.9819753363599198,0.9217506425809372,-0.11236800029177671,0.6003680223223671,0.4465392041491538,8.48064660517338,0.051640182515205225,5.048654957898299,0.4876342429238993,0.11943328763199634,16.96129321034676,3.4866576814898025,3.250700154810485,6.671334851261067,7424.15946098131,0.057266180672934985,24.544931916774384,23256.74375785812,3.8562891007182882,72.52164019653974,103.48883472304713,8593.36905964842,1.4033606050951373,0.020635041902623302,0.07560458259053474,3.6153495109877913,0.0034993324920533863,14118.169453174865,0.15589264669719324,4.457917063546125,68.90916332975927,3.032320318158147,234.42138341704828,0.052474206070489623,0.023271513174725336,4.128506883509537,51664.33382465825,0.5631994608800839,0.6967293021842824,0.8763437993870764,0.7759092063780323,51.156308983771055,0.01980405981246753,1125.6174394613965,0.12223014870902339,6.209056018310849,42.097078944510805,138579.2975350201,11893316.782169616,1674.928254416776,0.05227419383702042,2943.7021392116408,0.3196549179293779,0.5823383586164962,23.56150935630859,0.03446042371835483,5.560532427871309,0.07103353054156414,138381.1114317919,115.91142983211861,6.076664779523595e-05,68.36498380843604,0.046438555063130625,0.004165871099360069,case_00148
3.1.1.dev111+g8ed579383,2.0.2,2.5.3,1.8.0,3.12.13,"{'minimumROIDimensions': 2, 'minimumROISize': None, 'normalize': False, 'normalizeScale': 1, 'removeOutliers': None, 'resampledPixelSpacing': None, 'interpolator': 'sitkBSpline', 'preCrop': False, 'padDistance': 5, 'distances': [1], 'force2D': False, 'force2Ddimension': 0, 'resegmentRange': None, 'label': 1, 'additionalInfo': True}",{'Original': {}},2762e76203701026c96d3b09389c297b549aa732,3D,"(3.0, 0.796875, 0.796875)","(97, 512, 512)",-462.49007573078586,-1024.0,1730.0,1eab5b3f726bf5b24e912ffda2a1fa2c90a432f8,"(3.0, 0.796875, 0.796875)","(97, 512, 512)","(42, 217, 117, 52, 128, 302)",291381,91,"(np.float64(66.85134583243246), np.float64(278.83076796359404), np.float64(261.48080005216536))","(208.36751254156928, 222.193268220989, -200.55403749729737)",0.41951773131951403,0.1710955689600521,56.29377067080087,329.0194539400638,245.88680584582514,240.40412600208867,162.52811730902326,246.0978258591045,553433.5535888672,138.0294948769209,0.41318746656822214,78894.60554473003,0.14255479277163413,555089.3415527344,36.0,179.0,4946761596.0,3.144040065823938,81.0,3.3610050860107377,331.0,46.93100418406395,116.62371259622282,131.0,-138.0,469.0,33.274753390849305,130.29563762845325,-0.81459389633012,9423725765.036133,0.1368228873650847,3375.862845278819,131.47847613523652,746.7401424257591,-43.86922409643178,15.205569850632166,4.327629877149703,0.5552312568693447,1.4574536126309783,2.248706873500306,2.1542016112528324,0.5454809534983606,0.4965748410124565,0.9897739608682792,0.9360983618308816,-0.11228298974090502,0.6790846812657951,0.4484517849946302,11.347165026739823,0.029362553766630543,5.794906067947317,0.5987051931424732,0.07680536875360663,22.694330053479653,3.8723377622466755,4.8832999319454675,6.7721966570217305,21414.754170656288,0.07349399641931453,14.485374681426965,39867.58974332575,5.487001853265517,130.5796740350263,65.79595443766065,9305.88827686088,0.5254508131422454,0.010007576843248048,0.09227188652495089,9.507529018543504,0.001610798982496156,28068.62912022097,0.12624554523057954,5.983520449169401,127.95259863254485,2.202754239112227,296.125570777997,0.020403267596422175,0.010538825528709096,4.231960910000447,140859.56847979015,0.6312313052319978,0.7629561401633018,0.4705889504783191,0.8217000557449124,103.35830885078639,0.009030651037037983,2229.8962798718894,0.09156180832191384,11.122077528419352,94.24669458815801,189027.19417754785,28924757.820563357,1276.8735604863975,0.0199459885779586,9068.061591525005,0.37234382818120254,0.6323396943801984,58.10813141918389,0.013561024595826341,5.737340607066532,0.083581290475357,188884.0473078297,101.48481035888157,3.134647717218978e-05,184.53879712751632,0.02974013760112182,0.005226181737898023,case_00149
3.1.1.dev111+g8ed579383,2.0.2,2.5.3,1.8.0,3.12.13,"{'minimumROIDimensions': 2, 'minimumROISize': None, 'normalize': False, 'normalizeScale': 1, 'removeOutliers': None, 'resampledPixelSpacing': None, 'interpolator': 'sitkBSpline', 'preCrop': False, 'padDistance': 5, 'distances': [1], 'force2D': False, 'force2Ddimension': 0, 'resegmentRange': None, 'label': 1, 'additionalInfo': True}",{'Original': {}},05fd005662c80e24247d2ccabb5ada6cf309f3b7,3D,"(2.5, 0.7421879768371582, 0.7421879768371582)","(106, 512, 512)",-569.7208059778753,-2048.0,3069.0,dc8320264d082a311ad6d4468c5b679056930e14,"(2.5, 0.7421879768371582, 0.7421879768371582)","(106, 512, 512)","(33, 229, 102, 55, 118, 285)",356950,9,"(np.float64(58.871102395293455), np.float64(286.70168090769016), np.float64(243.95330718588036))","(181.0592115030223, 212.78654050869108, -147.17775598823363)",0.469109727369195,0.17422581645635105,49.52500370001858,284.2575498128093,215.19764734410464,211.41286727374705,137.12530036231314,219.38907180925992,491849.83145604207,133.34798169532232,0.42232554511934034,71349.64081011637,0.1450638716270315,491558.5158441382,18.0,211.0,7717238648.0,3.4793909494218482,120.0,2.440991833214106,375.0,64.1688513031047,126.17982910771816,145.0,-142.0,517.0,49.04068934950536,147.03721632162092,-0.5756880859114503,10627467085.658787,0.10395103125123062,5698.593709958191,144.60953540770382,1812.0645071844426,-76.968665143432,27.454219488356138,5.746787909826431,0.6526691993432243,1.6608032158919643,2.4043969950607957,2.873580457105656,0.5245395025902502,0.47076773468820654,0.9888294059889523,0.9342612113850629,-0.1466097036667722,0.7629620063655256,0.4246332516686112,11.797488184726895,0.020292970551162134,6.317601191118536,0.6823052819645239,0.06097034300578541,23.594976369453793,4.265781355914421,8.300251849545646,7.086672358776845,27012.90005883177,0.07567698573702694,14.613080991099812,37105.32060512677,9.195055646909395,142.97598543213334,61.6723350609329,9859.768858383528,0.4900056233338432,0.010469692457903116,0.09455014517205748,10.204720654670414,0.0017150979027474222,26816.82167225255,0.0969412811571411,9.608017172059517,139.1066374771641,2.15051091868639,319.82814647831594,0.0205865392924803,0.011091197460639069,4.503923755414069,180856.44860594318,0.6497510308776947,0.7746163543698212,0.45708674639907565,0.8321099255666098,113.14153163816383,0.00965680282340771,2508.906937228376,0.08198238529648649,12.836046781458524,96.59595464496945,148960.79266738554,27287439.047936477,870.4365877120172,0.020951139671552342,9886.972486357547,0.3230720022990408,0.5858555079831755,55.306872734603594,0.013176294769586136,6.120035490386053,0.08573469673623757,148824.74635702095,101.6054167932092,2.925182232924433e-05,240.9990057416871,0.04441568433292253,0.0054627694735877265,case_00150
3.1.1.dev111+g8ed579383,2.0.2,2.5.3,1.8.0,3.12.13,"{'minimumROIDimensions': 2, 'minimumROISize': None, 'normalize': False, 'normalizeScale': 1, 'removeOutliers': None, 'resampledPixelSpacing': None, 'interpolator': 'sitkBSpline', 'preCrop': False, 'padDistance': 5, 'distances': [1], 'force2D': False, 'force2Ddimension': 0, 'resegmentRange': None, 'label': 1, 'additionalInfo': True}",{'Original': {}},dc62f07cc9cbf55b07723a380ae767b0abe12178,3D,"(0.5, 0.810546875, 0.810546875)","(1059, 512, 512)",-499.6601007297649,-1024.0,3071.0,d6ccb219295d660a1d33023fac00d20e6f7f764c,"(0.5, 0.810546875, 0.810546875)","(1059, 512, 512)","(585, 189, 136, 284, 138, 254)",1271548,10,"(np.float64(729.4349721756473), np.float64(246.74754000635446), np.float64(241.80440062034623))","(195.9938012840697, 200.00044746608808, -364.71748608782366)",0.49689488269097565,0.17606127187078846,44.19311267391424,251.009845631171,197.10563229739458,203.66512473230796,135.4498313004354,219.79618211299248,417519.65336402255,124.72550779918062,0.3711089814378743,72794.8420830332,0.17435069582117518,417694.7675704956,11.0,264.0,44132571803.0,3.9619221029342957,157.0,161.6908922291725,3071.0,84.72647640219876,144.26305495348976,150.0,-1023.0,4094.0,63.96574128860339,186.3001646313597,6.759826452873651,14497246129.554129,0.07136237779499593,13895.922317158112,2271.8489712593796,1085125.889085496,5051.103807790863,77.72228700078946,9.439970763206318,0.7832475334118778,1.9704758571837362,2.5494970758375057,5.447992298435769,0.4691808658473223,0.40033256098009407,0.9996703131873843,0.9882959383728787,-0.17923819963129045,0.8546788149548914,0.3917533153051573,47.48449175453534,0.009726306765437148,7.149282944939922,0.8545385024679855,0.021299542897081563,94.96898350907077,4.804950277422658,21.790564440998942,7.2707362703246465,135333.76003579888,0.10643228571457694,7.325365975137486,90740.68876047149,22.29813185734077,2258.630411120933,37.271604375139596,87001.1134270983,0.016707692306167116,0.00046106840161208004,0.10187495256735395,225.97878566707922,5.049118961990783e-05,73601.85734406767,0.06991190219988214,21.449684399418246,2250.647826695004,1.7427024277410021,3962.6424517963305,0.0007977398457448179,0.0004632094481539858,4.77843966185748,753040.7340769724,0.713076364132448,0.827987860224158,0.2740583670714628,0.8691434368056101,1951.1823348573812,0.00040413397057922185,6121.537419894121,0.056854624499806085,61.33892978865582,2185.5231819448313,441198.74908516766,1065424730.560639,184.79261925427292,0.0005194958269664393,31696.15010680784,0.294382373054777,0.558198950932161,1240.693730200482,0.00029217473169713373,6.957119407238448,0.08467631579775203,441059.28059734206,6.737042785321399,1.0499041710697905e-05,18910.47815117937,0.002065932615222035,0.7402398372123266,case_00151
3.1.1.dev111+g8ed579383,2.0.2,2.5.3,1.8.0,3.12.13,"{'minimumROIDimensions': 2, 'minimumROISize': None, 'normalize': False, 'normalizeScale': 1, 'removeOutliers': None, 'resampledPixelSpacing': None, 'interpolator': 'sitkBSpline', 'preCrop': False, 'padDistance': 5, 'distances': [1], 'force2D': False, 'force2Ddimension': 0, 'resegmentRange': None, 'label': 1, 'additionalInfo': True}",{'Original': {}},e6aca1337aa8a3c420cdd5c655dcf57f5c1444c6,3D,"(5.0, 0.72265625, 0.72265625)","(38, 512, 512)",-347.6791689019454,-1024.0,1546.0,2e3e543f754cbed60f85067b2da367e62e2a1e52,"(5.0, 0.72265625, 0.72265625)","(38, 512, 512)","(10, 258, 102, 25, 98, 311)",142107,13,"(np.float64(21.836904585980985), np.float64(307.93065084760076), np.float64(252.28023953781306))","(182.3118918534977, 222.52800940158647, -109.18452292990493)",0.3096699927372878,0.16854890366694217,53.704990066070025,318.63150039939,224.24651736273722,224.36003568684714,108.71011813886784,227.90528886791927,370732.75391260785,98.6706144145502,0.4445628620714422,56138.169772544345,0.15142489887952465,371064.15367126465,25.0,164.0,1954091160.0,3.0714488161760913,78.0,2.9394096157617082,277.0,45.01130538274123,103.55747429753636,116.0,-104.0,381.0,32.378554452522664,117.2639919190797,-0.7188782276317942,5102445217.208862,0.13961956611389198,3026.693317913086,99.41336366626291,467.05309626606225,-26.35812831638018,12.235856600748896,4.924186878063755,0.42019596329257386,1.5514232833272592,2.2874632983853784,2.3075403953253333,0.5406850365463864,0.48945228883801584,0.9841998229792642,0.9224013549384484,-0.10174188049376204,0.5366060917384178,0.42324901196176073,9.878354753540881,0.03066027387425927,5.656429260167839,0.4562233201845422,0.07573950105523573,19.756709507081766,3.7546990633896464,4.290010869703162,6.759031147657559,10339.863729443307,0.07276111471949522,16.086666989054073,19840.917681746854,4.923815217437615,98.30092817384084,67.35920820227012,7499.534167915725,0.6945826740979292,0.013883279998248099,0.0874832558552765,6.4131619463691925,0.0021631110685879067,14050.34959808143,0.129384552811012,5.325617707294094,95.26548051500889,2.3664811360224527,242.94876097989788,0.02976749725798879,0.01480994085879282,4.145196506971568,70687.26426480628,0.6384554748671184,0.7630582805697331,0.5535129903339793,0.8213824060153444,76.23318387020998,0.012790780109967483,1206.201710744523,0.1052807637902176,8.118593982368917,65.10613598673301,91989.78764074366,10853739.593610892,809.1920056427681,0.028422211574244845,3396.6159553111634,0.2964664358305982,0.5598102813563128,35.52394324426873,0.017510660356583514,5.941286286209505,0.08062234794908062,91835.9406108883,84.94598407041154,5.370025068494615e-05,149.58359242920966,0.042455048402372526,0.005991101095162938,case_00152
3.1.1.dev111+g8ed579383,2.0.2,2.5.3,1.8.0,3.12.13,"{'minimumROIDimensions': 2, 'minimumROISize': None, 'normalize': False, 'normalizeScale': 1, 'removeOutliers': None, 'resampledPixelSpacing': None, 'interpolator': 'sitkBSpline', 'preCrop': False, 'padDistance': 5, 'distances': [1], 'force2D': False, 'force2Ddimension': 0, 'resegmentRange': None, 'label': 1, 'additionalInfo': True}",{'Original': {}},7aefa1bea0f8415d205836f6fb162e9c08fbd1a5,3D,"(3.0, 0.6640625, 0.6640625)","(69, 512, 512)",-163.0875473022461,-1024.0,2101.0,84ec20401e2388707cf158db323608208a027e77,"(3.0, 0.6640625, 0.6640625)","(69, 512, 512)","(4, 192, 102, 47, 161, 313)",333308,4,"(np.float64(28.04523743804529), np.float64(276.56240774298846), np.float64(256.5018541409147))","(170.33326251545117, 183.65472389182827, -84.13571231413587)",0.40677054436630594,0.19680492807179778,55.170948484911264,280.3331655637401,209.50539374862316,201.5273785413729,130.35298475587595,213.95081897925638,441103.6907196045,114.03127436029236,0.40564115224838215,69082.6906912943,0.15661326836462122,440945.4895019531,27.0,164.0,4639255398.0,3.053338988790684,67.0,3.6169392914963496,284.0,42.40402902688241,104.80155891847781,116.0,-134.0,418.0,28.64195468166476,117.97806586237067,-0.895534956079875,6137442672.8302,0.14635866878428755,2935.457272882696,120.8689875278065,598.1726905146593,-37.56390467463907,12.828300816081601,3.8825068783301386,0.532122986471909,1.3826446519931481,2.1745214945366005,1.9045697148223533,0.5561764972693685,0.5098514405551531,0.9887216640041117,0.9330541785452126,-0.10785084916158597,0.6398448680028935,0.4558084448785396,10.891762418756384,0.03236646510219783,5.6202754176203324,0.5520456160271594,0.0785349158380232,21.78352483751278,3.7848243332219025,4.177701923602934,6.706562545178073,24635.979184418014,0.07391355498343279,14.107948901129461,48782.51517515331,4.780478436121247,119.53485964933336,68.51014677115461,8889.521100603646,0.585707687356291,0.010799485203414236,0.0801654338200296,7.3574366001180005,0.0015666974144051215,34042.41859172488,0.13529594085073862,5.299656809992094,116.93320730367924,2.286413383691514,281.5151163742173,0.022791290298603932,0.011413060902001558,4.17621576847621,156994.19035158094,0.6194526879855891,0.7547775169374411,0.5008164928805222,0.8133304537421858,93.28539786693702,0.009716228162762481,2364.7179061071874,0.09824336959315277,10.135830361832413,82.41337764852514,287430.5012048193,38623411.6281263,2211.5656164976976,0.022584951163678403,7947.430411300374,0.3301799090693965,0.592856028218856,47.399301839304535,0.014675305566461022,5.8742293135418455,0.07221548837711667,287238.7494731144,139.77866836203364,2.6953739838834128e-05,142.62582220808653,0.031013209875336366,0.0036090696284981115,case_00153
3.1.1.dev111+g8ed579383,2.0.2,2.5.3,1.8.0,3.12.13,"{'minimumROIDimensions': 2, 'minimumROISize': None, 'normalize': False, 'normalizeScale': 1, 'removeOutliers': None, 'resampledPixelSpacing': None, 'interpolator': 'sitkBSpline', 'preCrop': False, 'padDistance': 5, 'distances': [1], 'force2D': False, 'force2Ddimension': 0, 'resegmentRange': None, 'label': 1, 'additionalInfo': True}",{'Original': {}},c2b69f25637d9835b9636826ea36eb1268a3fb25,3D,"(0.5, 0.9375, 0.9375)","(470, 512, 512)",-605.4798386594083,-1024.0,1523.0,9a9ef5f812fd92520d1acb4cb8d7364213e529e6,"(0.5, 0.9375, 0.9375)","(470, 512, 512)","(207, 243, 141, 204, 98, 245)",818247,34,"(np.float64(308.6700189551566), np.float64(294.9439191344423), np.float64(254.61490601248767))","(238.7014743867072, 276.5099241885396, -154.3350094775783)",0.32611803083586255,0.16297362822127165,53.72777970846793,329.6716180087796,230.1669231231977,229.8538938108293,116.7931531597636,230.62521172077004,359669.6960449219,107.51185888749588,0.351646365367894,69552.68341723879,0.1933793260373869,359581.201171875,9.0,154.0,9500081114.0,3.122918074599653,73.0,3.250568367084991,291.0,44.814160797045204,91.91012982632384,103.0,-178.0,469.0,31.182047320669785,107.75103385915017,-0.7781692055061407,4174840333.3007812,0.13697230155722406,3162.813333024024,155.66326332524048,736.4904708627168,-45.400771523122266,15.09420173380473,3.2622940997619176,0.643247577864744,1.3030204334807354,2.0938675212896722,1.522910261607597,0.5616549640140929,0.5161140025785049,0.9921471283747907,0.9418313878385247,-0.14104196402035854,0.736449972607889,0.46376017267815606,12.357370914055593,0.030259472008888216,5.674264544601593,0.6691529043461647,0.06894034452371545,24.714741828111187,3.885734097033505,4.589123958391662,6.798395135410143,61222.86700837278,0.07482198774743173,13.852769763250455,112077.17483229391,5.143269434920552,153.8958981823337,70.95352748008852,11655.519762370042,0.47386059714416934,0.007817165878330925,0.06479624324292037,8.377415394997755,0.0007524924343380594,78036.9828102216,0.12749570200725754,5.640156373601846,151.23055848934763,2.35276938653709,371.0699634173271,0.017386155869686795,0.00812336342197842,4.266063410579947,376422.4750008139,0.6112371583017134,0.7478267564684014,0.5326388910724483,0.8085485714745148,120.48385516363405,0.006777614221690104,3823.4878498051717,0.09029372652745712,12.319928058630227,119.56186090447514,914395.4054788051,158324053.29429686,5456.418600322373,0.01361344414510364,12039.762309599717,0.2843254766702023,0.5461644380110535,64.30971283864389,0.00784445808438096,6.27944130693095,0.051750877180117984,914022.013856996,241.73712737289847,1.2144730118923203e-05,164.56050544692565,0.024235650306352205,0.0022534746258101273,case_00154
3.1.1.dev111+g8ed579383,2.0.2,2.5.3,1.8.0,3.12.13,"{'minimumROIDimensions': 2, 'minimumROISize': None, 'normalize': False, 'normalizeScale': 1, 'removeOutliers': None, 'resampledPixelSpacing': None, 'interpolator': 'sitkBSpline', 'preCrop': False, 'padDistance': 5, 'distances': [1], 'force2D': False, 'force2Ddimension': 0, 'resegmentRange': None, 'label': 1, 'additionalInfo': True}",{'Original': {}},52996b8d9476f1b40407767e879f34980c7ba59c,3D,"(0.5, 0.810546875, 0.810546875)","(538, 512, 512)",-497.38546794763727,-1024.0,3071.0,17c2cf189e167a3b35e4b42c88614e832400e810,"(0.5, 0.810546875, 0.810546875)","(538, 512, 512)","(81, 270, 142, 267, 99, 243)",942785,19,"(np.float64(220.47463949893137), np.float64(321.8794242589774), np.float64(268.2703118950768))","(217.44566296182984, 260.8983614599133, -110.23731974946568)",0.383730028840232,0.1885295404618736,53.421689158955466,283.35978026615385,200.38993437114482,193.74783250150062,120.02689320891294,203.37820614923496,309984.1872235139,108.73365665369302,0.367099336632248,60338.36692331157,0.1946498221852995,309698.3845233917,0.0,172.0,11935836789.0,3.414228307286786,103.0,2.4580483707834646,429.0,55.73937007508513,90.80079233335277,98.0,-166.0,595.0,42.05634592625752,112.51750767386612,-0.23276168075397666,3920840246.1729527,0.1048580863418072,4415.405644773864,132.76555131889424,1291.2526454312685,-24.735509753177585,23.27475046369778,3.5761993156371292,0.7331587853433184,1.3843086509139897,2.152633216764038,1.6105355211437618,0.5455931102529731,0.49580572495114017,0.9944202552351109,0.9496577083986062,-0.1803307956204384,0.8228256374066011,0.45516420936033275,11.30664751783765,0.019805129895577644,6.134847821764138,0.7514689056456375,0.044972608643412855,22.61329503567529,4.247994285170635,6.712737444833726,7.070336837248063,76495.21892372068,0.08113750104607168,11.994121536183272,98858.6309317607,7.147170219182966,131.5125633097684,63.07998642320359,8745.07702816655,0.5557403660525435,0.010099904283900065,0.06522671079049626,7.388383146958673,0.000977122552581648,73075.06485340984,0.10150773315170943,7.471607960242807,129.79147091867668,2.19879126743933,294.2840304078222,0.021220577402148857,0.010423949429306936,4.4739202875710316,455191.5301188487,0.6290548855426861,0.7635600905826886,0.46171144728104613,0.8199566339360458,105.18243428904103,0.008775724305520137,3805.426225251542,0.08234179866388709,14.21110170889488,105.07244401168452,780863.8535756789,114551141.97464027,5942.619950683121,0.01816973268038537,12674.080298604349,0.2742417028801114,0.537216513568304,55.36967485133012,0.01051568829628365,6.520455370613131,0.04901965983760879,780447.6944585087,194.08627174117115,1.3445642570126025e-05,257.750015492555,0.0207106375222901,0.003816728245788559,case_00155
3.1.1.dev111+g8ed579383,2.0.2,2.5.3,1.8.0,3.12.13,"{'minimumROIDimensions': 2, 'minimumROISize': None, 'normalize': False, 'normalizeScale': 1, 'removeOutliers': None, 'resampledPixelSpacing': None, 'interpolator': 'sitkBSpline', 'preCrop': False, 'padDistance': 5, 'distances': [1], 'force2D': False, 'force2Ddimension': 0, 'resegmentRange': None, 'label': 1, 'additionalInfo': True}",{'Original': {}},9a56c45cbb87ac4d923b0ca1ac59ea2934705cec,3D,"(0.5, 0.9765625, 0.9765625)","(987, 512, 512)",-573.1042588261969,-1024.0,3071.0,4519eb89c87df17cc2ee7fe31e17ee82968c53a2,"(0.5, 0.9765625, 0.9765625)","(987, 512, 512)","(184, 255, 154, 282, 98, 229)",934619,8,"(np.float64(322.80479318310455), np.float64(309.94248993440107), np.float64(267.59771949853365))","(261.32589794778676, 302.67821282656354, -161.40239659155228)",0.32851255851552286,0.1957886241598876,62.297809949812546,318.1891196034865,226.60733406069994,218.6475241275988,118.44523623521718,231.51242104611322,445817.9672559102,104.52912177274308,0.37129279787165453,76010.33459196819,0.17049634643445502,445661.0679626465,10.0,169.0,12513952680.0,3.344610264625488,94.0,3.1174927532418932,461.0,52.470522723199494,96.3727358420918,107.0,-197.0,658.0,38.30125931793977,115.71241331802443,-0.32917270625493866,5967117633.81958,0.11526420635904622,4101.658382191711,159.80832219279316,1293.977761927804,-23.763891714550127,20.71326901890048,4.110259487994965,0.6681900765903498,1.4295252425363516,2.209990255812853,2.011515492376043,0.5459986644437733,0.4967484640718877,0.9945461182470454,0.951947117201985,-0.16097207378194717,0.7897931766118528,0.45065315762697744,12.476273394827276,0.022869153346557373,6.0658743583715005,0.7126590599487653,0.05770887199035617,24.952546789654548,4.132601608441673,6.205882126723856,7.0186924299860145,72189.99931629894,0.07724002969798276,13.186610720265685,107728.1172830854,6.646253941890372,159.7794609354186,65.60869509393667,10826.807905681353,0.45543368249105,0.007781051268191269,0.07206549397383186,10.193392397724553,0.0007985806876413828,77821.41579399758,0.10954504503551682,7.114775374114216,158.36921765098754,2.2512942175474304,363.93642574442333,0.016827033879833194,0.008004498760809851,4.431928396530666,447457.74303125177,0.6258590840124918,0.7599880889349646,0.4882804718080418,0.8176644686665786,128.470323645671,0.006702490909748749,4337.6508914814,0.0795665656225952,15.004096274404102,133.97714432460197,705638.6367855308,127544868.81047766,4122.061762431739,0.012880821609751025,16813.49567099567,0.30841396417557543,0.5714450169338787,74.48742765178207,0.007745847634041483,6.3275144699293335,0.058329650905877155,705344.7221275879,177.0001618141214,1.1559229031530958e-05,337.7312104959631,0.01850736776046135,0.004135234032892795,case_00156
3.1.1.dev111+g8ed579383,2.0.2,2.5.3,1.8.0,3.12.13,"{'minimumROIDimensions': 2, 'minimumROISize': None, 'normalize': False, 'normalizeScale': 1, 'removeOutliers': None, 'resampledPixelSpacing': None, 'interpolator': 'sitkBSpline', 'preCrop': False, 'padDistance': 5, 'distances': [1], 'force2D': False, 'force2Ddimension': 0, 'resegmentRange': None, 'label': 1, 'additionalInfo': True}",{'Original': {}},74a282d0c1befcac8e0be899c7cc0a1266fcf15e,3D,"(0.5, 0.8515625, 0.8515625)","(548, 512, 512)",-527.8661469090594,-1024.0,3069.0,f8d02b3902af18c0a5e8a430eef87e9b19060bc5,"(0.5, 0.8515625, 0.8515625)","(548, 512, 512)","(170, 269, 126, 237, 89, 284)",864270,110,"(np.float64(300.6031263378342), np.float64(317.2472398671711), np.float64(252.655791592905))","(215.15219752833315, 270.1558526993879, -150.3015631689171)",0.3491123451273433,0.15717968907016452,48.043137387560236,305.6574145919955,245.92322874432816,235.67982579263023,123.80592565205633,246.61408136388548,313132.4665730794,106.7087768137722,0.4125607834241124,54052.3915453548,0.17261829198646816,313366.45111083984,13.0,164.0,11259668389.0,3.2101128632406883,91.0,2.791776474706029,719.0,49.96183292000121,97.10822659585546,111.0,-154.0,873.0,37.22745126313747,114.14005591056151,-0.5407359993362773,4082523197.3177795,0.126540874382205,3597.9446906741,136.60662576044513,916.001358253408,-40.82527654246883,18.80418799926787,2.944354581814992,0.7287183407094544,1.1898406045608079,2.0156569366753074,1.4891924821665201,0.589447044690006,0.5507555131322526,0.9977601278243698,0.9690159770491112,-0.19680719588480558,0.8290218248518321,0.4694970223022431,11.51700712753265,0.02993374485370926,5.700978638592817,0.7652391945849151,0.07895989400309575,23.034014255065298,4.021549801045877,5.437135645270716,7.073395811151702,57748.53710530274,0.06681770408009388,17.261819969329284,109365.4815023083,5.839616902342372,135.88771680146252,89.00517199486272,12722.794542214817,0.726281868631334,0.009313085306805967,0.05453102104907371,6.16716456174044,0.0007759011741283465,72871.78341623605,0.11827074872298741,6.257399031847598,133.63367096555027,2.6990541061432705,374.64759492568953,0.023814549847205872,0.009694514369749267,4.472788407826037,353957.02282744,0.5700222552643154,0.7126867405217922,0.6853771494237819,0.7815366655262419,102.8850750367552,0.007839458136433173,3281.910086470955,0.08896235088425239,12.249221379582544,104.7662844596243,1101552.8428071886,167554500.36092815,7860.265998874137,0.016915599195413702,10516.078908134776,0.285058114665766,0.5483014859794331,54.937801066312296,0.00986593385344292,6.325359006736552,0.04268457773612413,1101003.9873065196,117.6125348821573,1.4042014422065967e-05,488.76902009068846,0.008719733162767529,0.013737229823304414,case_00157
3.1.1.dev111+g8ed579383,2.0.2,2.5.3,1.8.0,3.12.13,"{'minimumROIDimensions': 2, 'minimumROISize': None, 'normalize': False, 'normalizeScale': 1, 'removeOutliers': None, 'resampledPixelSpacing': None, 'interpolator': 'sitkBSpline', 'preCrop': False, 'padDistance': 5, 'distances': [1], 'force2D': False, 'force2Ddimension': 0, 'resegmentRange': None, 'label': 1, 'additionalInfo': True}",{'Original': {}},6c1217a917288eebf0ebfa20fbca7c3a87efbbdf,3D,"(0.5, 0.703125, 0.703125)","(705, 512, 512)",-308.3248718640483,-1024.0,1468.0,877d2b2f483a6654762a11ee6ebc00b412edfbfd,"(0.5, 0.703125, 0.703125)","(705, 512, 512)","(142, 184, 114, 299, 146, 306)",1316869,13,"(np.float64(284.0049473410036), np.float64(263.96827019240334), np.float64(268.0950504568032))","(188.50433235243977, 185.60268997903358, -142.0024736705018)",0.31785426576720704,0.15751767836882324,52.956927873848805,336.1967267562923,215.36587917788302,215.07466283991502,113.13986435492134,232.50048565557475,325617.7505493164,106.86156373645963,0.4291032271507413,53340.98832850623,0.16381474363274148,325519.98596191406,21.0,202.0,26224109305.0,3.444624076549117,112.0,2.606581296183727,465.0,60.281056780239595,121.52705470323927,139.0,-160.0,625.0,45.304357014911496,141.1169190496879,-0.5383727192668311,6482400066.238403,0.10745566104288864,5145.159817232056,162.51906234798483,1918.5871596177278,-75.38001704677716,27.892847140198395,3.281944531998843,0.7889439562953323,1.278719679083532,2.083908649621822,1.6032630986388425,0.5697731245497623,0.5265753685931404,0.9952738004971352,0.9550824794005887,-0.21962898308290393,0.8698026009290168,0.4665309251474004,12.50463649628255,0.02336787157764656,6.053863102163773,0.8162005966022364,0.05768050977531877,25.009272992565098,4.281446207736244,7.79369791804931,7.185687742279988,97502.99457197337,0.07404152924244808,14.236743335122915,141505.02890188774,8.314513335763555,161.59592563876893,76.7554927635171,13162.637520512671,0.5463379984576012,0.008318419481861693,0.0545949840762332,7.403200066707896,0.0006922716617943042,97901.18121862451,0.10122004829915585,8.756206602541365,158.88651407755566,2.456787410575343,405.98618482149425,0.019306510514097666,0.008662344709991183,4.624133211292396,577596.4643164992,0.5938086893007056,0.7343507738664736,0.5746334192600654,0.7977213739794858,124.85624980300723,0.007149074137830198,4168.473654926835,0.07730992145490151,15.70987435678584,126.58098258498859,1447962.743615423,268739947.6741965,8626.448631767144,0.015368212253388826,13884.64973386005,0.2575094073306265,0.5179939178957951,62.86711880209462,0.00845977038988318,6.682288457009033,0.04094484720955539,1447366.255918586,201.8564320448255,1.0793977078588399e-05,246.4678791570457,0.019997274783812465,0.0033249413129259643,case_00158
3.1.1.dev111+g8ed579383,2.0.2,2.5.3,1.8.0,3.12.13,"{'minimumROIDimensions': 2, 'minimumROISize': None, 'normalize': False, 'normalizeScale': 1, 'removeOutliers': None, 'resampledPixelSpacing': None, 'interpolator': 'sitkBSpline', 'preCrop': False, 'padDistance': 5, 'distances': [1], 'force2D': False, 'force2Ddimension': 0, 'resegmentRange': None, 'label': 1, 'additionalInfo': True}",{'Original': {}},55b310766b01343bb9c177352ef5b40e068bd18e,3D,"(0.5, 0.765625, 0.765625)","(719, 512, 512)",-488.80018701142166,-1024.0,3071.0,48efafe84c5b0d76e57bce92ab8a7342dda2d53c,"(0.5, 0.765625, 0.765625)","(719, 512, 512)","(72, 266, 124, 284, 95, 271)",1444368,98,"(np.float64(232.2521725765179), np.float64(313.4821222846255), np.float64(258.6438670754268))","(198.02421072962363, 240.0097498741664, -116.12608628825895)",0.38692562821836307,0.1996356691843441,54.06486815278513,270.81767688950157,207.923100854957,206.99645698205802,143.1024306713988,208.3169189497174,422920.9068349202,104.78629976310806,0.4605875633083271,59157.709981407235,0.1398788970357013,423331.001953125,30.0,190.0,25875229474.0,3.302284645903173,96.0,2.6983380265606023,409.0,52.32261917009612,118.11323153102256,131.0,-137.0,546.0,38.95405575749093,133.84531556675284,-0.44352828146784307,7583792232.308838,0.1176150757923632,3963.833036462706,132.99433278260642,1269.5924204256573,-45.894473931193325,22.1950503892015,2.597624182723939,0.7902999585827045,1.1637455161313177,1.9649021605243346,1.2115283909266017,0.5852497180102406,0.5456850878815398,0.9952000149709211,0.9537500703859754,-0.22276948463518725,0.8661677512765131,0.47812191345068034,11.317901196949046,0.02615358026590044,5.820506473054639,0.8096429326201874,0.06498866892534151,22.63580239389809,4.16668693400197,6.198168642981358,7.110614887237629,105599.35264697086,0.07311111340528927,14.488211479655646,169879.45179206406,6.42622095461755,132.85959880030575,83.11476576606516,11541.797357044743,0.7300987387810802,0.009875178400550175,0.04743052475169999,5.5195996703635455,0.0006955683102949396,116693.8756783622,0.11222954462033964,6.7280699095282,131.16767261005504,2.5751294579374475,348.04558903822976,0.024285983679700193,0.01020756317484995,4.529939814875867,600773.8012000249,0.5745465116094537,0.7198417471277296,0.6186918294800218,0.784949170913229,101.80060232974098,0.008239245277934406,4035.3202939537186,0.08330037970302663,13.63006813332673,110.05790310261544,2160945.7430794956,316096136.7643829,16465.474780055236,0.01821078804281074,12464.678508762876,0.2573060815548764,0.5184520372468511,54.71441617644418,0.01020946702219282,6.622403413179195,0.03353923653805679,2160056.759671959,289.20678638328644,9.579822175435337e-06,173.11648292514505,0.018068020163326048,0.002283243712528603,case_00159
3.1.1.dev111+g8ed579383,2.0.2,2.5.3,1.8.0,3.12.13,"{'minimumROIDimensions': 2, 'minimumROISize': None, 'normalize': False, 'normalizeScale': 1, 'removeOutliers': None, 'resampledPixelSpacing': None, 'interpolator': 'sitkBSpline', 'preCrop': False, 'padDistance': 5, 'distances': [1], 'force2D': False, 'force2Ddimension': 0, 'resegmentRange': None, 'label': 1, 'additionalInfo': True}",{'Original': {}},83d452dc657b00788f35c1eb814483cd06e17892,3D,"(3.0, 0.7409999966621399, 0.7409999966621399)","(137, 512, 512)",-736.3356698586123,-2048.0,2657.0,16486027bcd4541fb1f12981a756450e580ef587,"(3.0, 0.7409999966621399, 0.7409999966621399)","(137, 512, 512)","(17, 257, 104, 46, 126, 283)",215727,76,"(np.float64(40.3852276256565), np.float64(321.36848887714564), np.float64(244.81180844307852))","(181.4055492391736, 238.13404918528187, -121.1556828769695)",0.34417723757550284,0.19421193064504072,56.99441452380477,293.4650530196979,215.84205771623732,200.73442360986763,121.59697605941615,216.82937737615487,355221.8412236557,101.00399127326811,0.4305139756671857,56341.70396919097,0.15860990916298123,355354.7874595841,-55.0,366.0,11120401855.0,4.755405935515746,223.0,2.9147678704552313,957.0,130.94205353612674,157.65875852350425,160.0,-612.0,1569.0,92.35835673930492,227.04293314141398,-0.06472263812949164,18318003947.807602,0.04288100091834251,26692.209350283963,1035.6332445037613,27417.278673494508,-98.21029325783674,98.5045628383454,68.93980164398972,0.17660405847958846,6.588664460447917,4.1475499793951105,25.489776195489476,0.23039364374530896,0.1394183306782721,0.9839774389069392,0.9110424580697364,-0.006692538633373817,0.24524881480756017,0.1455136371732789,32.066169391203374,0.0019215318234212396,9.447714845165283,0.18895517785542634,0.00394801386534657,64.13233878240672,5.353599127834277,41.86109112058379,6.72137598676276,58909.85285569261,0.27307593790157286,1.369638591373406,9250.589685111276,42.78442376918991,1055.676781302294,6.082108405531065,6434.171786563574,0.006443967380551311,0.001161094250776383,0.4581010033685682,483.479641794977,0.0005832456742023464,8732.270978938954,0.042387096717194726,43.633205469484054,1055.6037679352664,1.146661057707664,1210.6537399556191,0.001320154688553775,0.0011663446384540643,5.041659025645462,188380.0114114471,0.9144034162246708,0.9549683699233825,0.05011352570005069,0.9661440707447843,1019.8097119209452,0.0011307609971640679,4022.611345192813,0.03583330819972397,58.043408716518044,1054.895821270455,9.632751048913672,10197.032157777996,0.010053729371512643,0.0012570242123231537,53970.69153475445,0.4807693951910711,0.7210732154297943,761.0134484850383,0.0009497650939577157,6.638277063348246,0.5203752891385872,5.939858514411585,13.80755947296518,2.9441475286876e-05,7441.167087111956,0.11864724750566474,0.03940249980781904,case_00180
3.1.1.dev111+g8ed579383,2.0.2,2.5.3,1.8.0,3.12.13,"{'minimumROIDimensions': 2, 'minimumROISize': None, 'normalize': False, 'normalizeScale': 1, 'removeOutliers': None, 'resampledPixelSpacing': None, 'interpolator': 'sitkBSpline', 'preCrop': False, 'padDistance': 5, 'distances': [1], 'force2D': False, 'force2Ddimension': 0, 'resegmentRange': None, 'label': 1, 'additionalInfo': True}",{'Original': {}},b8eb543d1779897a3b300aca5e2914ba10b9d6d7,3D,"(0.5, 0.671875, 0.671875)","(433, 512, 512)",-534.8765096950751,-1024.0,2488.0,2d6c52366e8f4aae10b743f83ef01997204463cf,"(0.5, 0.671875, 0.671875)","(433, 512, 512)","(85, 273, 127, 190, 105, 292)",963722,77,"(np.float64(180.4707394871135), np.float64(330.10775410336174), np.float64(285.7654313173301))","(191.99864916633118, 221.79114728819616, -90.23536974355675)",0.3904693870511304,0.1829833943912463,43.982014612836295,240.3606882425411,196.3505415226808,193.5419876320446,101.9888754369349,197.15710009822274,217572.77646891275,93.85349060925286,0.4605692887260552,37983.2555150388,0.17457724321712614,217519.77270507812,78.0,326.0,64107859708.0,4.02718597906961,166.0,12.73873654060046,1298.0,94.02071755060872,221.57234347664576,236.0,-181.0,1479.0,66.33250495138464,257.9168715537355,1.8666139779854032,14469657299.815918,0.07719173119346931,17426.80923833341,331.62067597751997,146399.24679710026,2129.025002599133,103.25652382486896,6.356193772086011,0.8839658584086503,1.6300646583219087,2.3971313044958893,3.615661679155885,0.5361207359754384,0.4851659379721126,0.998272619418712,0.9744181944189715,-0.2608010940812193,0.9287057589863494,0.42900603040987423,17.532686785060353,0.014991668426742068,6.947242750197234,0.9227079370780988,0.04399406601786272,35.065373570120755,4.928517231512908,27.40317939923875,7.732845557497113,69605.00246336599,0.07222518782736721,16.941447880927235,74391.36956923261,27.958367310384453,330.13223211673073,70.29411593799871,23796.782853353976,0.27576681106600764,0.0044351233137597534,0.0792973868335669,27.229664859418705,0.0004412657780982846,52842.20093485303,0.07235820798354518,29.54847529486648,328.14054160443186,2.2967805513688955,763.8689430809504,0.009754298576067187,0.0045647238383973885,5.121065860077745,464524.03321531176,0.6335212233806595,0.7575272664810934,0.5344644331373593,0.8230883078592277,268.61374206482736,0.0038422553629338034,3177.9883142754065,0.049848451277201174,63.88358646679872,356.9525512524901,347952.20337866456,133419906.98748294,953.0625766502732,0.006156480758416945,18982.52526155632,0.2977510903260446,0.5615790980424029,212.360634637255,0.003438134133251759,7.322069819759106,0.06615289471445085,347723.69491287705,31.991609258941406,1.8978912101446515e-05,1727.204503116269,0.013237532920520143,0.07427923009433475,case_00116
3.1.1.dev111+g8ed579383,2.0.2,2.5.3,1.8.0,3.12.13,"{'minimumROIDimensions': 2, 'minimumROISize': None, 'normalize': False, 'normalizeScale': 1, 'removeOutliers': None, 'resampledPixelSpacing': None, 'interpolator': 'sitkBSpline', 'preCrop': False, 'padDistance': 5, 'distances': [1], 'force2D': False, 'force2Ddimension': 0, 'resegmentRange': None, 'label': 1, 'additionalInfo': True}",{'Original': {}},4c7541e612c44af25cb68047bdea1ed92a48ebe0,3D,"(2.5, 0.8457030057907104, 0.8457030057907104)","(69, 512, 512)",-845.1372778519341,-3056.0,1345.0,413b383c7ced65584ac4a9119d634c4d58daedc4,"(2.5, 0.8457030057907104, 0.8457030057907104)","(69, 512, 512)","(7, 224, 120, 54, 144, 293)",302723,61,"(np.float64(35.24011059615556), np.float64(294.0059129963696), np.float64(258.6458445509591))","(218.73756817202297, 248.64168434127188, -88.1002764903889)",0.343371444775807,0.20179071056721026,63.724296483940144,315.79400411851736,247.803591811381,247.41402420195715,136.89583751290246,248.04735678621554,539879.1898407353,108.43464344571247,0.40483411461704605,79202.35229725642,0.14670384372589204,541278.9969076102,25.0,162.0,4152427688.0,3.0464147181783767,68.0,3.7651524594828985,775.0,42.52604366254374,103.80670117566224,115.0,-137.0,912.0,28.66319646470698,117.11926272264813,-0.863893569450078,7424681618.813329,0.1465789342134202,2941.09049172344,120.08417801590636,617.4318651251996,-39.354483808887636,12.578820445182998,4.0387096047176705,0.5117977615316497,1.4614262392462396,2.2285893241862946,1.863759101463343,0.5354970179970977,0.4835165730157956,0.9972403626148438,0.9640858323095036,-0.08676894870118845,0.6014200322717408,0.4482790240609468,10.860367995716304,0.03095907247303285,5.660459085196738,0.5328299056709794,0.07649601125310274,21.720735991432605,3.7390347151500047,4.154382512475167,6.526006991196057,24082.504966586617,0.07955294102723155,12.303272412202162,44372.81470188918,4.789282845168471,118.66832715056339,58.506737182176444,7555.418002596433,0.5001087217462326,0.010845251044956953,0.08941894422768784,8.54806651511613,0.001652480436104067,31853.905467656186,0.13540509319376465,5.281225732252509,116.33500299829379,2.0913364560191807,255.3397288631587,0.021044245573794654,0.011392380385350545,4.084806065258845,152968.31960492913,0.6481278207163252,0.777026420955029,0.42186919198000566,0.832005346842625,95.17970297820155,0.009862939403280301,2435.040221216692,0.10202112540710122,11.111165808348348,87.274593598123,235622.8304424334,31814283.57960449,1799.7199574193419,0.021334634468369095,7991.484749455338,0.33482004145530997,0.5982422570657489,51.95423975171056,0.013795197377340293,5.805022604976163,0.07884435606148195,235461.96647378663,71.35924526614622,2.8038714762392958e-05,528.9937989519484,0.012235203014861596,0.024792787084759012,case_00117
