diagnostics_Versions_PyRadiomics,diagnostics_Versions_Numpy,diagnostics_Versions_SimpleITK,diagnostics_Versions_PyWavelet,diagnostics_Versions_Python,diagnostics_Configuration_Settings,diagnostics_Configuration_EnabledImageTypes,diagnostics_Image-original_Hash,diagnostics_Image-original_Dimensionality,diagnostics_Image-original_Spacing,diagnostics_Image-original_Size,diagnostics_Image-original_Mean,diagnostics_Image-original_Minimum,diagnostics_Image-original_Maximum,diagnostics_Mask-original_Hash,diagnostics_Mask-original_Spacing,diagnostics_Mask-original_Size,diagnostics_Mask-original_BoundingBox,diagnostics_Mask-original_VoxelNum,diagnostics_Mask-original_VolumeNum,diagnostics_Mask-original_CenterOfMassIndex,diagnostics_Mask-original_CenterOfMass,diagnostics_Image-interpolated_Spacing,diagnostics_Image-interpolated_Size,diagnostics_Image-interpolated_Mean,diagnostics_Image-interpolated_Minimum,diagnostics_Image-interpolated_Maximum,diagnostics_Mask-interpolated_Spacing,diagnostics_Mask-interpolated_Size,diagnostics_Mask-interpolated_BoundingBox,diagnostics_Mask-interpolated_VoxelNum,diagnostics_Mask-interpolated_VolumeNum,diagnostics_Mask-interpolated_CenterOfMassIndex,diagnostics_Mask-interpolated_CenterOfMass,diagnostics_Mask-interpolated_Mean,diagnostics_Mask-interpolated_Minimum,diagnostics_Mask-interpolated_Maximum,original_shape_Elongation,original_shape_Flatness,original_shape_LeastAxisLength,original_shape_MajorAxisLength,original_shape_Maximum2DDiameterColumn,original_shape_Maximum2DDiameterRow,original_shape_Maximum2DDiameterSlice,original_shape_Maximum3DDiameter,original_shape_MeshVolume,original_shape_MinorAxisLength,original_shape_Sphericity,original_shape_SurfaceArea,original_shape_SurfaceVolumeRatio,original_shape_VoxelVolume,original_firstorder_10Percentile,original_firstorder_90Percentile,original_firstorder_Energy,original_firstorder_Entropy,original_firstorder_InterquartileRange,original_firstorder_Kurtosis,original_firstorder_Maximum,original_firstorder_MeanAbsoluteDeviation,original_firstorder_Mean,original_firstorder_Median,original_firstorder_Minimum,original_firstorder_Range,original_firstorder_RobustMeanAbsoluteDeviation,original_firstorder_RootMeanSquared,original_firstorder_Skewness,original_firstorder_TotalEnergy,original_firstorder_Uniformity,original_firstorder_Variance,original_glcm_Autocorrelation,original_glcm_ClusterProminence,original_glcm_ClusterShade,original_glcm_ClusterTendency,original_glcm_Contrast,original_glcm_Correlation,original_glcm_DifferenceAverage,original_glcm_DifferenceEntropy,original_glcm_DifferenceVariance,original_glcm_Id,original_glcm_Idm,original_glcm_Idmn,original_glcm_Idn,original_glcm_Imc1,original_glcm_Imc2,original_glcm_InverseVariance,original_glcm_JointAverage,original_glcm_JointEnergy,original_glcm_JointEntropy,original_glcm_MCC,original_glcm_MaximumProbability,original_glcm_SumAverage,original_glcm_SumEntropy,original_glcm_SumSquares,original_glrlm_GrayLevelNonUniformity,original_glrlm_GrayLevelNonUniformityNormalized,original_glrlm_GrayLevelVariance,original_glrlm_HighGrayLevelRunEmphasis,original_glrlm_LongRunEmphasis,original_glrlm_LongRunHighGrayLevelEmphasis,original_glrlm_LongRunLowGrayLevelEmphasis,original_glrlm_LowGrayLevelRunEmphasis,original_glrlm_RunEntropy,original_glrlm_RunLengthNonUniformity,original_glrlm_RunLengthNonUniformityNormalized,original_glrlm_RunPercentage,original_glrlm_RunVariance,original_glrlm_ShortRunEmphasis,original_glrlm_ShortRunHighGrayLevelEmphasis,original_glrlm_ShortRunLowGrayLevelEmphasis,original_glszm_GrayLevelNonUniformity,original_glszm_GrayLevelNonUniformityNormalized,original_glszm_GrayLevelVariance,original_glszm_HighGrayLevelZoneEmphasis,original_glszm_LargeAreaEmphasis,original_glszm_LargeAreaHighGrayLevelEmphasis,original_glszm_LargeAreaLowGrayLevelEmphasis,original_glszm_LowGrayLevelZoneEmphasis,original_glszm_SizeZoneNonUniformity,original_glszm_SizeZoneNonUniformityNormalized,original_glszm_SmallAreaEmphasis,original_glszm_SmallAreaHighGrayLevelEmphasis,original_glszm_SmallAreaLowGrayLevelEmphasis,original_glszm_ZoneEntropy,original_glszm_ZonePercentage,original_glszm_ZoneVariance,original_ngtdm_Busyness,original_ngtdm_Coarseness,original_ngtdm_Complexity,original_ngtdm_Contrast,original_ngtdm_Strength,case_id
3.1.1.dev111+g8ed579383,2.0.2,2.5.5,1.8.0,3.12.13,"{'minimumROIDimensions': 2, 'minimumROISize': 50, 'normalize': False, 'normalizeScale': 1, 'removeOutliers': 3, 'resampledPixelSpacing': [1, 1, 1], 'interpolator': 'sitkBSpline', 'preCrop': False, 'padDistance': 10, 'distances': [1], 'force2D': False, 'force2Ddimension': 0, 'resegmentRange': None, 'label': 1, 'additionalInfo': True, 'binWidth': 25}",{'Original': {}},2cfa84e2a91d18e085dfde63ffed67f26144fe73,3D,"(0.5, 0.919921875, 0.919921875)","(611, 512, 512)",-644.9868647611278,-1024.0,1413.0,820ed0dd11f897821e40a7ba0d78c2d273b7ee5b,"(0.5, 0.919921875, 0.919921875)","(611, 512, 512)","(90, 275, 139, 264, 100, 227)",854483,5,"(np.float64(223.06070571327925), np.float64(329.5529320068392), np.float64(245.14584140351533))","(225.51502207237445, 303.16295112347905, -111.53035285663962)","(1.0, 1.0, 1.0)","(154, 114, 231)",37.89643809697931,-1011.7220539700576,1327.3233626172823,"(1.0, 1.0, 1.0)","(154, 114, 231)","(11, 11, 11, 132, 92, 209)",361408,3,"(np.float64(77.03661236054542), np.float64(61.11024935806623), np.float64(108.47163593500974))","(225.51167499750974, 303.1502884205662, -111.28661236054542)",121.56943495173445,-148.37224913550287,424.57504990480936,0.32976657806303655,0.18983058702110703,55.747071500131625,293.66748728398113,205.43125370790102,203.8062805705457,111.50336317797773,217.2233873228203,361523.8333333333,96.84172237000877,0.5011836653007369,48967.94049641439,0.13544872006063516,361408.0,29.25397059485544,194.56219531192554,6983173104.373322,3.311356203704618,108.14863026830571,2.7967886032169234,424.57504990480936,56.871960606093914,121.56943495173445,140.6468452452404,-148.37224913550287,572.9472990403123,43.08588547774604,139.00407210691503,-0.5578942910556091,6983173104.373322,0.12137109266418908,4543.004547820453,135.80982643271665,1451.4218061922418,-59.15229047854157,23.95147453453816,3.9745072361497025,0.7151428045378262,1.3790721731630624,2.2000810638616026,2.048212824178914,0.5594228665631787,0.5138861332612626,0.992814728076378,0.9464133212760986,-0.17398565760815116,0.8175659020222188,0.45506134037447565,11.437462540410731,0.026455308988492174,5.977425067498647,0.7565103803082474,0.0704629807162347,22.874925080821466,4.124592138443625,6.9814954426719655,30177.861015973307,0.11222166777996434,7.7401548001584555,134.67350891985743,2.3469369991937588,325.83347904796005,0.022823618993508148,0.01088364104101833,4.4636678397669645,163714.27774532235,0.6075891794020751,0.7439982597975779,0.5322005149919046,0.80754003740605,107.4605026647258,0.009146280015252695,1839.007414024118,0.0821352127746368,14.516260955999268,109.8153640017865,272287.00589548907,45088175.90290308,1775.0815271934694,0.02192021739133201,8149.248325145154,0.36396821461121726,0.6258552388361676,67.15006248893323,0.014734753409658519,6.048549200550914,0.06195214273065344,272026.4581399811,87.57021374885123,3.097776968361826e-05,217.71298071470932,0.026260423427850586,0.007289132711078322,case_00000
3.1.1.dev111+g8ed579383,2.0.2,2.5.5,1.8.0,3.12.13,"{'minimumROIDimensions': 2, 'minimumROISize': 50, 'normalize': False, 'normalizeScale': 1, 'removeOutliers': 3, 'resampledPixelSpacing': [1, 1, 1], 'interpolator': 'sitkBSpline', 'preCrop': False, 'padDistance': 10, 'distances': [1], 'force2D': False, 'force2Ddimension': 0, 'resegmentRange': None, 'label': 1, 'additionalInfo': True, 'binWidth': 25}",{'Original': {}},f7a27be508f5dd5d0d1481a62a370eed737d9577,3D,"(0.5, 0.798828125, 0.798828125)","(602, 512, 512)",-360.8382507146791,-1024.0,1393.0,ed0c2cb7ee700ff517bf9ccc44457d21a02c0e07,"(0.5, 0.798828125, 0.798828125)","(602, 512, 512)","(181, 214, 95, 218, 121, 317)",1404329,13,"(np.float64(285.9946501140402), np.float64(275.0236803484084), np.float64(252.70208191955018))","(201.86553028339068, 219.6966509033184, -142.9973250570201)","(1.0, 1.0, 1.0)","(131, 119, 275)",-17.12059078495027,-517.1509381553616,1241.34248800985,"(1.0, 1.0, 1.0)","(131, 119, 275)","(10, 11, 11, 109, 97, 253)",447893,6,"(np.float64(62.46902273534081), np.float64(59.607636198824274), np.float64(136.7278323170936))","(201.8284182545936, 219.70822213632428, -142.71902273534081)",103.90253570753647,-152.232913865279,726.4184533809741,0.303209727375553,0.1581247744246663,59.68319092305382,377.44364309900124,253.78928267363852,253.7794317906792,122.58874336577564,254.21644321325874,447917.7916666667,114.44458412368368,0.35600222230946293,79523.76947160807,0.17754099290342187,447893.0,10.99681364296255,180.84900477725566,6807619032.175772,3.375382239332663,101.55612992303557,2.6006311352073688,726.4184533809741,55.51830807848854,103.90253570753647,116.24356992650334,-152.232913865279,878.6513672462531,41.42710997598459,123.2850695132635,-0.47592930985305987,6807619032.175772,0.11029183853541938,4403.471438434324,144.216256018668,1190.3935894949523,-49.24340798086909,22.055315315652077,4.293122972823279,0.6736975921154806,1.5265762643941585,2.276486285869807,1.9409303680008754,0.5217710366297535,0.4659803523339695,0.9969095163363525,0.9615832140104297,-0.1413139111916731,0.7729433774463534,0.4409681220931222,11.82266178315198,0.020249483672901674,6.172859265864219,0.7090704294126386,0.051060782469145874,23.645323566303958,4.1496402917522515,6.587109572118838,37185.986005473605,0.10508393395254889,7.504513209915985,141.0549551988224,1.9722156741253527,287.6917386207737,0.017342797050068526,0.009578586258095679,4.346341898379453,234527.00052300174,0.6619532250991326,0.790077953027586,0.3665268122256107,0.8408213568468094,117.25611779540344,0.008280770393368032,2727.5975331483196,0.08410723198113844,14.346032690348787,114.30163428923836,249143.37832254087,42536425.34875116,1549.8077419585607,0.01668276173921325,11564.950662966388,0.3566127247291517,0.6192240218056374,71.06272525361834,0.010949137180500737,6.012713282123659,0.07240568617951162,248952.63266808118,87.6030619360948,2.3621110113573143e-05,427.5824385210481,0.01934718210978931,0.012216803544453246,case_00001
3.1.1.dev111+g8ed579383,2.0.2,2.5.5,1.8.0,3.12.13,"{'minimumROIDimensions': 2, 'minimumROISize': 50, 'normalize': False, 'normalizeScale': 1, 'removeOutliers': 3, 'resampledPixelSpacing': [1, 1, 1], 'interpolator': 'sitkBSpline', 'preCrop': False, 'padDistance': 10, 'distances': [1], 'force2D': False, 'force2Ddimension': 0, 'resegmentRange': None, 'label': 1, 'additionalInfo': True, 'binWidth': 25}",{'Original': {}},c44ff3160cbf986e035322ebeb367c9477c22ee1,3D,"(1.0, 0.939453125, 0.939453125)","(261, 512, 512)",-607.7061095986786,-1024.0,3071.0,91c057eab37c93607ad7111abb971b22083032f9,"(1.0, 0.939453125, 0.939453125)","(261, 512, 512)","(47, 309, 129, 153, 106, 237)",550398,86,"(np.float64(129.23670689210354), np.float64(365.1107253296705), np.float64(240.45114444456556))","(225.8925790582735, 343.0044118819756, -129.23670689210354)","(1.0, 1.0, 1.0)","(175, 122, 245)",34.91070461503202,-950.3770609509211,1278.0312359238815,"(1.0, 1.0, 1.0)","(175, 122, 245)","(11, 11, 11, 153, 100, 223)",484929,80,"(np.float64(93.30285876901567), np.float64(63.93386660727653), np.float64(115.96351218425791))","(225.99378562175792, 342.9641400447765, -129.30285876901567)",137.37156698334752,-140.34612091050346,390.2454492599628,0.3608409719705276,0.2080337132774865,63.302462734731556,304.2894429822312,251.58895047279003,208.6911593719293,122.31925441237777,252.47970215445042,484971.4166666667,109.80009836607876,0.47905666858515095,62312.42644594399,0.1284868021176038,484929.0,33.86470106900895,220.3126835955291,11773900848.920128,3.474724379629895,117.61000886961044,2.47262918314874,390.2454492599628,62.27604098148417,137.37156698334752,154.36069637411074,-140.34612091050346,530.5915701704663,47.35364978687664,155.81924965619243,-0.5032009955206384,11773900848.920128,0.10430159792651648,5408.691147958478,152.9097323412927,2130.950422253858,-82.31175117688014,29.54429506789188,3.8457265636705973,0.7694299430606436,1.390487523311273,2.1924884270909453,1.8671327133454068,0.5532569359517253,0.505490397830323,0.9923682365302415,0.9435721196350693,-0.1969897177008706,0.8502449290430945,0.4506088543659711,12.103095788339163,0.021033803156252237,6.20266868680164,0.781362633527286,0.054935456585755535,24.206191576678318,4.329406467358693,8.347505407890614,36149.58928886773,0.09936020379257515,8.892934370774999,150.06933607096107,2.3219315914166496,363.0049127276741,0.02036364723169566,0.009485303553999996,4.580863383830628,224892.38242884644,0.6154629639595247,0.7501704055962514,0.5242534963327782,0.8119881787177703,120.15874527837398,0.007900502546010348,1936.270900788709,0.08037654216640552,13.840378518634543,121.53893731838937,373635.7089663761,70440305.40307182,2141.6081376458874,0.015748877215157196,7210.363304275633,0.29930939411687973,0.5631176794875894,66.51507308892963,0.009302509670223046,6.385671910584621,0.049677375450839195,373230.4965786923,107.00182955684377,2.7094258974288976e-05,181.00235721476224,0.03201246767882762,0.005280077519160073,case_00002
3.1.1.dev111+g8ed579383,2.0.2,2.5.5,1.8.0,3.12.13,"{'minimumROIDimensions': 2, 'minimumROISize': 50, 'normalize': False, 'normalizeScale': 1, 'removeOutliers': 3, 'resampledPixelSpacing': [1, 1, 1], 'interpolator': 'sitkBSpline', 'preCrop': False, 'padDistance': 10, 'distances': [1], 'force2D': False, 'force2Ddimension': 0, 'resegmentRange': None, 'label': 1, 'additionalInfo': True, 'binWidth': 25}",{'Original': {}},83dad0b298b0c086843fb60380ccddb624345b39,3D,"(1.0, 0.85546875, 0.85546875)","(270, 512, 512)",-480.6545148072419,-1024.0,3071.0,3f9c382f16ea91c1fdec9854271c7d8dc3ac0c09,"(1.0, 0.85546875, 0.85546875)","(270, 512, 512)","(99, 232, 135, 133, 119, 242)",510016,23,"(np.float64(170.04170849541975), np.float64(297.80249247082446), np.float64(262.7404238298406))","(224.76622194818395, 254.76072598090062, -170.04170849541975)","(1.0, 1.0, 1.0)","(155, 123, 229)",28.484093195255703,-997.4642853465363,1494.51982039537,"(1.0, 1.0, 1.0)","(155, 123, 229)","(11, 10, 10, 133, 102, 208)",373745,16,"(np.float64(82.05378265929978), np.float64(66.67559699795315), np.float64(119.68783261314533))","(224.76009823814533, 254.7478626229531, -170.05378265929977)",117.29527224090825,-167.06420573080447,494.7747741915806,0.35540681222577564,0.19992328193842981,56.25133232570769,281.36459035837237,202.70421801235415,202.2992832414391,122.42957159118053,217.5086205188199,373876.0,99.99889213248034,0.5141433309150559,48814.81443830651,0.13056418287963525,373745.0,27.490752437058635,196.6406004811552,6805407566.950875,3.4079019915413813,101.9858381869666,2.671674128699576,494.7747741915806,55.60513566655189,117.29527224090825,127.00697542287683,-167.06420573080447,661.8389799223851,41.41060518228594,134.93958623846754,-0.4290538765969487,6805407566.950875,0.10723943349323928,4450.511044140038,155.61186804632084,1314.7971134214165,-41.23071679280958,23.16421061048671,4.166627640703245,0.6948381480649874,1.4655226076035484,2.2391423722916137,1.9791444165306713,0.536902027481315,0.48523331812102594,0.9944526852878517,0.9507060958246565,-0.15978829519091373,0.7993679612017702,0.44726184941541436,12.282606197261028,0.019527028392118742,6.203059224503546,0.7194714125928273,0.04635942039290507,24.565212394522057,4.231659594733413,6.832709562797489,29854.587448227237,0.10377789068431155,7.525408866175146,154.51674763672352,2.140224255967607,337.2154132973643,0.017147575630452667,0.008570001023661985,4.447410615299672,183668.5964300334,0.6361381663939011,0.7697451059288676,0.4372487652839182,0.8248582162991641,126.44430661502163,0.007241284291381493,1779.9475086597388,0.07904554172927164,14.288782918065582,122.96926902922107,250322.38515853984,44546983.39266365,1524.688863679366,0.015623609816777106,7812.2243538502535,0.3469324253419599,0.6088383178215577,71.8580811862713,0.010339838294845445,6.104167587486745,0.06024963544662805,250046.9044742633,77.06877795715202,3.061853640899184e-05,284.790449408204,0.023196013058455527,0.008737628649159586,case_00003
3.1.1.dev111+g8ed579383,2.0.2,2.5.5,1.8.0,3.12.13,"{'minimumROIDimensions': 2, 'minimumROISize': 50, 'normalize': False, 'normalizeScale': 1, 'removeOutliers': 3, 'resampledPixelSpacing': [1, 1, 1], 'interpolator': 'sitkBSpline', 'preCrop': False, 'padDistance': 10, 'distances': [1], 'force2D': False, 'force2Ddimension': 0, 'resegmentRange': None, 'label': 1, 'additionalInfo': True, 'binWidth': 25}",{'Original': {}},1b2401a11f0ee3e70a31b41f4f2958c5f1076e36,3D,"(4.0, 0.9765625, 0.9765625)","(64, 512, 512)",-549.306663274765,-1024.0,2125.0,84fb4a813752bc0365f0eddc91167792d6df7bb1,"(4.0, 0.9765625, 0.9765625)","(64, 512, 512)","(19, 264, 139, 34, 68, 256)",112728,15,"(np.float64(34.04431906890923), np.float64(299.75833865587964), np.float64(265.51690795543254))","(259.2938554252271, 292.7327525936325, -136.17727627563693)","(1.0, 1.0, 1.0)","(157, 88, 272)",6.926074702016906,-1006.5881899168111,1326.723157742401,"(1.0, 1.0, 1.0)","(157, 88, 272)","(12, 11, 11, 136, 66, 250)",428760,15,"(np.float64(73.73431290232298), np.float64(45.63970519638026), np.float64(134.01607426065866))","(259.0277930106587, 292.65142394638025, -136.23431290232298)",53.34837733803825,-120.35121422365505,289.5496363653868,0.32345972273789486,0.14863568181677864,50.30623044293736,338.453255826883,253.03161857759991,243.5939243905726,129.40247292845683,255.86324472264477,428287.9583333333,109.47599628950137,0.448261789657949,61297.53069876662,0.1431222370512206,428760.0,5.7995827592762,91.48101150201548,1756702286.3276036,2.4917104677852353,41.211253528116124,4.356600898829659,289.5496363653868,26.890889717694407,53.34837733803825,58.50063164562099,-120.35121422365505,409.90085058904185,17.515202234375145,64.00913409008444,-0.7128735101486084,1756702286.3276036,0.22043517649043826,1251.1198823606978,61.07237897352512,155.5241077262111,-9.083370806914873,5.878553979094557,1.355983417843435,0.6224243914431635,0.8093505539721966,1.5954736282843243,0.6718072809373185,0.6690121849248756,0.647498743394105,0.9954048609949806,0.9565617958342286,-0.16714857957315246,0.703922816447476,0.47822593814288,7.7421697351402985,0.07513528367691434,4.40860164280888,0.6379015282869918,0.16001025269260494,15.484339470280595,3.2288668254619357,1.8086343492344978,51277.01982863695,0.19207041069651634,2.546554129868986,58.624001003722235,4.5349104021340105,282.95257585280433,0.08326843898562791,0.022200168024732275,4.153004595839033,129772.83360021481,0.47578586148318114,0.6201850416585933,1.604485826067212,0.7096324471772074,40.504891953141815,0.01689165893727729,934.9907731021949,0.13071309563850061,8.629654616852568,44.66992870124423,2714283.109744163,172793074.54131132,44429.34299131383,0.059785977312408936,1116.6180623514608,0.15610485982824843,0.37515079282327246,13.503292483108053,0.029931331258092088,6.645283025791058,0.016682992816494074,2710690.1522912094,218.49883998014985,2.2959306196697505e-05,79.26184385385982,0.008673717769425233,0.003911062935351795,case_00004
3.1.1.dev111+g8ed579383,2.0.2,2.5.5,1.8.0,3.12.13,"{'minimumROIDimensions': 2, 'minimumROISize': 50, 'normalize': False, 'normalizeScale': 1, 'removeOutliers': 3, 'resampledPixelSpacing': [1, 1, 1], 'interpolator': 'sitkBSpline', 'preCrop': False, 'padDistance': 10, 'distances': [1], 'force2D': False, 'force2Ddimension': 0, 'resegmentRange': None, 'label': 1, 'additionalInfo': True, 'binWidth': 25}",{'Original': {}},43573342066ebac766b8f78b31d97e7c544f80a0,3D,"(0.5, 0.9765625, 0.9765625)","(834, 512, 512)",-555.0307219571632,-1024.0,3071.0,87b0c8fa0a15ebf8448bbb019ca71bae7f031a83,"(0.5, 0.9765625, 0.9765625)","(834, 512, 512)","(177, 266, 258, 282, 81, 175)",828852,112,"(np.float64(331.4829318141236), np.float64(305.70423670329563), np.float64(338.202700844059))","(330.27607504302637, 298.5392936555621, -165.7414659070618)","(1.0, 1.0, 1.0)","(163, 101, 193)",19.290548449147042,-1081.5429023410677,3434.6407710923263,"(1.0, 1.0, 1.0)","(163, 101, 193)","(11, 11, 11, 140, 78, 171)",395450,99,"(np.float64(87.46681502086231), np.float64(49.406723985333166), np.float64(89.27548615501328))","(330.28720490501325, 298.41844273533314, -165.71681502086233)",99.99811636847618,-342.69328471548334,2563.2742027541917,0.5878649803741642,0.2921612406856288,51.1300226383559,175.00617986960427,175.231275747225,172.93062192682936,130.49521064008442,177.50211266348353,394266.1666666667,102.88000449440237,0.46690931307473144,55690.09108198588,0.1412499874204758,395450.0,5.161275616474155,176.093995154536,7735486355.986557,3.4905802915672273,91.10774810148212,125.6860856325183,2563.2742027541917,56.893488864095616,99.99811636847618,102.42312669031458,-342.69328471548334,2905.9674874696752,37.69318405753387,139.8614486637411,7.767356257200296,7735486355.986557,0.1064413388218409,9561.601545076983,355.2731898759479,316131.43745454634,2803.2073738607996,50.243629278319446,11.62544385334492,0.6244304304238456,1.9717783497505854,2.5298652460432245,7.693046661951301,0.47468452978349507,0.40697196119078405,0.9992073269122707,0.983867403274531,-0.1006764083585626,0.6964204897309574,0.3989338354593419,18.590817864893108,0.01549208772904545,6.58576404631715,0.6946618482815956,0.034358136287824165,37.181635729785995,4.289141943662154,15.467268282916065,33621.09046718174,0.10287029639344403,17.410758688041412,359.4640065021528,1.7406678226947965,618.3003783848346,0.005484137712219523,0.003215530512539392,4.332999507457112,232624.71531921203,0.7109570329268321,0.8264965910306661,0.2736645091786282,0.8685616776501779,313.6665768000836,0.0028097112680026057,2357.133089943578,0.06519341436949823,94.33108332243725,468.49930855183095,332299.4824095586,119372119.23863259,949.0129886663888,0.0036785790868385827,14126.646199800864,0.3907137459840929,0.649306221969445,339.10765810832936,0.0023953451722346637,6.404002932752513,0.09143001643697055,332179.8572846359,12.984829625628105,2.221877242619267e-05,10089.85517115716,0.003867963009819045,0.8625207854257213,case_00005
3.1.1.dev111+g8ed579383,2.0.2,2.5.5,1.8.0,3.12.13,"{'minimumROIDimensions': 2, 'minimumROISize': 50, 'normalize': False, 'normalizeScale': 1, 'removeOutliers': 3, 'resampledPixelSpacing': [1, 1, 1], 'interpolator': 'sitkBSpline', 'preCrop': False, 'padDistance': 10, 'distances': [1], 'force2D': False, 'force2Ddimension': 0, 'resegmentRange': None, 'label': 1, 'additionalInfo': True, 'binWidth': 25}",{'Original': {}},fcfe4399804834d13ca3db0dfab6576c612bef00,3D,"(3.0, 0.7421875, 0.7421875)","(157, 512, 512)",-479.3646610284307,-1024.0,1782.0,b7c2247ab786c732c3f207e2b4165cf0dc2f5f2f,"(3.0, 0.7421875, 0.7421875)","(157, 512, 512)","(33, 273, 104, 36, 97, 306)",232690,10,"(np.float64(50.457144698955695), np.float64(320.29197215178993), np.float64(247.860720271606))","(183.95912832658257, 237.7166980814066, -151.3714340968671)","(1.0, 1.0, 1.0)","(130, 94, 249)",47.578602602211944,-538.5799301241487,1459.3207752272888,"(1.0, 1.0, 1.0)","(130, 94, 249)","(12, 11, 11, 108, 72, 227)",384600,6,"(np.float64(65.36144305772231), np.float64(45.599914196567866), np.float64(117.88536661466459))","(184.01427286466458, 237.72882044656785, -151.3614430577223)",117.73849896508827,-133.1081764214479,249.40288172024782,0.3115035425745684,0.1727135623700216,54.8080923931438,317.3351973119686,228.1622229905731,227.31695933211847,106.83164325236227,228.24110059321043,384687.9166666667,98.85103814627787,0.38008177027840867,67299.64617770015,0.17494608814556428,384600.0,18.78070537478571,184.34810672820157,6923213661.209124,3.1806403250404234,93.39146615447669,2.890152643022479,249.40288172024782,53.468080540031956,117.73849896508827,138.09957783129425,-133.1081764214479,382.5110581416957,39.2071352954536,134.16808697363993,-0.8497503381287158,6923213661.209124,0.13439519052420965,4138.72142361413,135.21373974863633,1289.4723150907348,-83.81317397330454,20.969442937699935,2.6038958483462378,0.777693399251732,1.1188614522127271,1.959209780096534,1.3177922927854289,0.6045196363517676,0.5688061448974199,0.9903427157953383,0.9385697292649885,-0.21732682758285,0.8466877015868087,0.4683369519271406,11.428921849149372,0.03840761946183557,5.513173010161134,0.7953455213306856,0.10958712275369208,22.85784369829874,3.955723787759709,5.893334696511541,31785.97624366635,0.11809731253971296,7.236757171594709,126.66416023545987,2.979240718966485,419.60504775668755,0.027505628807843217,0.011347466992642188,4.5027064155606515,153114.65301090945,0.5650628670407155,0.698766350654026,0.8679765754023567,0.7789566177620796,95.23436066691542,0.009409657875772555,1633.8058140870965,0.09386451879162912,11.419845359936623,79.50936458692405,497476.331265081,80059124.85068367,3290.1601932681574,0.025733002382446718,4329.006894174423,0.2487077383761015,0.5029553754103044,35.93237674063491,0.015005893440663935,6.315139180827181,0.04525741029641186,496988.10560480214,136.0703226804432,3.231856683994267e-05,85.64541703789915,0.040995031445252864,0.004001197478759959,case_00006
3.1.1.dev111+g8ed579383,2.0.2,2.5.5,1.8.0,3.12.13,"{'minimumROIDimensions': 2, 'minimumROISize': 50, 'normalize': False, 'normalizeScale': 1, 'removeOutliers': 3, 'resampledPixelSpacing': [1, 1, 1], 'interpolator': 'sitkBSpline', 'preCrop': False, 'padDistance': 10, 'distances': [1], 'force2D': False, 'force2Ddimension': 0, 'resegmentRange': None, 'label': 1, 'additionalInfo': True, 'binWidth': 25}",{'Original': {}},40faaf924113045b20d34b37de0b46935f69f670,3D,"(3.0, 0.939453125, 0.939453125)","(61, 512, 512)",-475.2642942334785,-1024.0,1088.0,1db7b16f155667f9aefd17e719dad51d9dc91033,"(3.0, 0.939453125, 0.939453125)","(61, 512, 512)","(19, 247, 115, 37, 99, 279)",201012,18,"(np.float64(37.23506556822478), np.float64(297.1093516804967), np.float64(264.52722225538776))","(248.5109255953936, 279.1203089029666, -111.70519670467435)","(1.0, 1.0, 1.0)","(133, 115, 284)",-3.454240742663411,-884.5067460430532,1104.8817166240067,"(1.0, 1.0, 1.0)","(133, 115, 284)","(12, 11, 11, 111, 93, 262)",531522,16,"(np.float64(67.72222222222223), np.float64(58.09054375924233), np.float64(151.56377910980166))","(248.59405254730166, 279.12081719674234, -111.72222222222223)",62.98494082091828,-131.07699582202753,223.58533090916688,0.33945391020549215,0.17171349867239338,57.55869129047282,335.20190162968595,258.1240012087214,261.01532522057016,124.32618388738553,262.65947536687116,531388.1666666666,113.78559621651362,0.44132406087119547,71889.88211249614,0.13528694581863318,531522.0,7.929094934188132,108.94500323117994,2969956907.03723,2.6893104472068834,53.043598671149084,3.4204430764454528,223.58533090916688,31.95283272717721,62.98494082091828,69.14933464458304,-131.07699582202753,354.6623267311944,22.10178309357351,74.75056016012086,-0.7135780945297466,2969956907.03723,0.18356869431875536,1620.5434740372698,84.96094836079416,198.18806453296975,-14.303401166511481,7.7555510972494694,1.6945847431412788,0.6396755294118885,0.9335858744833401,1.7254956366162693,0.7969541529102785,0.633963252120114,0.6054862022050203,0.9926912566311292,0.9442974912878402,-0.16081414531862567,0.7275619292019465,0.4873949178910183,9.134830803209027,0.05286060021413637,4.805991616891483,0.6565766902827187,0.11825310846671443,18.269661606418058,3.44553592404691,2.3625339600976876,59573.413859117085,0.16777322398745434,3.0686899347864545,82.06175553998793,3.482619943469608,301.33122709525753,0.04590964278397113,0.014993168784082578,4.136614303624275,189012.21394570736,0.5251599593137151,0.6669762276284678,1.0826879615352423,0.7493527471993008,60.2403818050684,0.011763675645206364,1633.706565693699,0.12011665066492898,8.802100919403607,61.73171090361003,1790988.9156679655,161530827.49459597,20783.870889813854,0.031349478608522316,2984.351371222704,0.2194214668938096,0.46234748811535104,25.52987161295583,0.017046807296707805,6.171848347310268,0.02558878089712185,1789461.6984607384,291.97528725156945,1.8209513848887436e-05,68.84580511145448,0.01703699068046175,0.0018896168784780989,case_00007
3.1.1.dev111+g8ed579383,2.0.2,2.5.5,1.8.0,3.12.13,"{'minimumROIDimensions': 2, 'minimumROISize': 50, 'normalize': False, 'normalizeScale': 1, 'removeOutliers': 3, 'resampledPixelSpacing': [1, 1, 1], 'interpolator': 'sitkBSpline', 'preCrop': False, 'padDistance': 10, 'distances': [1], 'force2D': False, 'force2Ddimension': 0, 'resegmentRange': None, 'label': 1, 'additionalInfo': True, 'binWidth': 25}",{'Original': {}},7cce729d27e65579a8ff98f847ae37c0b0992cab,3D,"(3.0, 0.81640625, 0.81640625)","(227, 512, 512)",-547.6007637158365,-1024.0,3071.0,ed835857ce62d3dc799ca008270fea97b9d1d592,"(3.0, 0.81640625, 0.81640625)","(227, 512, 512)","(115, 163, 111, 55, 180, 311)",254497,178,"(np.float64(144.59031344180875), np.float64(253.39268832245565), np.float64(285.9777914867366))","(233.47405633096852, 206.87137445075481, -433.77094032542624)","(1.0, 1.0, 1.0)","(187, 169, 276)",43.682016337550415,-1031.5039883373327,1337.8634069909665,"(1.0, 1.0, 1.0)","(187, 169, 276)","(12, 11, 11, 165, 147, 254)",508944,178,"(np.float64(101.77107304536452), np.float64(84.77774568518343), np.float64(153.37968617372442))","(233.47148304872442, 206.86954256018345, -433.7710730453645)",70.98168460227481,-122.21120685980031,203.92228677865344,0.37821294150192675,0.18195755889757448,63.11202885209995,346.8502723078752,253.03161857759991,249.19470299346253,203.9607805437114,259.4262901095415,506577.6666666667,131.18326175030577,0.3303802641939845,93018.08362779452,0.18362057735364273,508944.0,2.217009387953644,128.94768623805962,3760692273.481098,2.926462004726167,77.05560048027208,2.4060712213363322,203.92228677865344,40.689679448254324,70.98168460227481,77.81430921830193,-122.21120685980031,326.13349363845373,30.908258398287327,85.96049338200037,-0.4454483025469435,3760692273.481098,0.1462786244807401,2350.8068735001125,74.20812269500279,366.9015854394695,-19.017389197222656,12.793019776821641,1.5670968138521497,0.7811488559207687,0.8632868282193737,1.6792842503856968,0.8004418803788809,0.6572162114278737,0.6334228160732492,0.9923134787528761,0.9451722256852485,-0.25161776541714753,0.8637343615109601,0.47917707926223113,8.44992068500372,0.042953832322051404,5.026629884385779,0.8031396455964859,0.09823106066826734,16.89984137000744,3.746515538360171,3.5900291476684476,45192.82345950248,0.13874371258819224,4.11148243097923,71.53737270041616,3.893099341201917,292.6095462105577,0.06651300408490204,0.0195120784789828,4.437947136918935,164689.7683266923,0.4983001971037766,0.6399340897713999,1.292215655994884,0.7301077799686481,50.95609453602806,0.015059293369557029,1684.5638117585713,0.10980079596914165,7.7286563862723625,50.92530308955808,1031462.1729891801,85235756.76124364,14145.932018088177,0.044210776822375696,3500.160474514405,0.22814238525058042,0.4751970427685859,22.085922479908575,0.02482609587969264,6.21731495592931,0.030144770348014712,1030361.7084801042,283.3389870983096,2.470671319370438e-05,52.69858468055768,0.02589904638993588,0.0018670719648720957,case_00008
3.1.1.dev111+g8ed579383,2.0.2,2.5.5,1.8.0,3.12.13,"{'minimumROIDimensions': 2, 'minimumROISize': 50, 'normalize': False, 'normalizeScale': 1, 'removeOutliers': 3, 'resampledPixelSpacing': [1, 1, 1], 'interpolator': 'sitkBSpline', 'preCrop': False, 'padDistance': 10, 'distances': [1], 'force2D': False, 'force2Ddimension': 0, 'resegmentRange': None, 'label': 1, 'additionalInfo': True, 'binWidth': 25}",{'Original': {}},15cd18873019d8f0791f0a6b156604cb79e1e1fd,3D,"(3.0, 0.80859375, 0.80859375)","(77, 512, 512)",-670.6782287003158,-1024.0,1374.0,cb2b1cd4b204b724a47205e47bdbb58ddc075136,"(3.0, 0.80859375, 0.80859375)","(77, 512, 512)","(20, 262, 128, 45, 99, 238)",151021,6,"(np.float64(42.600353593208894), np.float64(314.04415279994174), np.float64(247.8534839525629))","(200.41277803976766, 253.93413917807788, -127.80106077962668)","(1.0, 1.0, 1.0)","(157, 102, 214)",43.82300298463669,-1022.2601405361626,1385.6782028176312,"(1.0, 1.0, 1.0)","(157, 102, 214)","(12, 11, 10, 135, 80, 193)",295944,5,"(np.float64(80.78911888735706), np.float64(52.835252615359664), np.float64(107.31635714864974))","(200.41206027364973, 253.93095574035965, -127.78911888735706)",162.1347611406345,-134.72082885066703,465.73250019260666,0.3549513244587837,0.18445507115881585,50.225544968091064,272.2914835171263,194.23954283306992,191.9088325221119,104.65658125507444,200.24235316236172,295939.7916666667,96.65022271325105,0.5069930552938463,42359.519311601165,0.1431355988765209,295944.0,47.79794696300026,258.32443169359726,9831051621.259533,3.632526743975575,138.91070893369965,2.3056429344493745,465.73250019260666,71.46913625879213,162.1347611406345,179.32790335053215,-134.72082885066703,600.4533290432737,55.62834412582194,182.2616168200077,-0.462779612999769,9831051621.259533,0.09182346443040552,6931.616195712703,180.85104572144553,3202.168434466219,-107.88668847947852,38.0847077136164,4.429074763208946,0.7912123219268222,1.4995997849933291,2.273625062771816,2.116003506636164,0.5367789223693556,0.4846797482411149,0.9931596484324212,0.9461136225689392,-0.2055237953461739,0.8646890206332315,0.43734836090402324,13.131503082989415,0.01753884396766058,6.441438179635806,0.804138753299118,0.05005106953915112,26.263006165978837,4.483990273896724,10.628445619206339,19949.405149365186,0.08799056590232678,11.234886686637047,176.68386077662848,2.2754347318714734,420.0243696855017,0.01749079703987786,0.008354289084772919,4.666883848309508,146525.10363916963,0.6428798908718315,0.7661522242253732,0.5374962471666945,0.828844307879038,144.37327879559845,0.00711176288859366,1335.3424725004104,0.07307735306191707,15.610713855958842,132.31171674054616,156045.8790565315,34717107.651671864,786.5593349788071,0.015086480443923378,5383.5664094565755,0.29461864004030947,0.5558376887026507,68.8810675749268,0.009038890493333574,6.460115990320423,0.06174478955478063,155783.57840430734,51.448339418823,4.5440828720788525e-05,258.9343554635034,0.034419844339914275,0.011553090827483244,case_00009
3.1.1.dev111+g8ed579383,2.0.2,2.5.5,1.8.0,3.12.13,"{'minimumROIDimensions': 2, 'minimumROISize': 50, 'normalize': False, 'normalizeScale': 1, 'removeOutliers': 3, 'resampledPixelSpacing': [1, 1, 1], 'interpolator': 'sitkBSpline', 'preCrop': False, 'padDistance': 10, 'distances': [1], 'force2D': False, 'force2Ddimension': 0, 'resegmentRange': None, 'label': 1, 'additionalInfo': True, 'binWidth': 25}",{'Original': {}},6cae1ba00b68e7191e277fb07c56a00c90c5918e,3D,"(3.0, 0.7578125, 0.7578125)","(50, 512, 512)",-479.09187461853026,-1024.0,1280.0,a7855f227010fef0078b7824e4374f897e6f1700,"(3.0, 0.7578125, 0.7578125)","(50, 512, 512)","(9, 227, 133, 41, 124, 247)",199386,17,"(np.float64(27.238973649102746), np.float64(288.6485660979206), np.float64(250.85504498811352))","(190.10108878005477, 218.74149149608044, -81.71692094730824)","(1.0, 1.0, 1.0)","(135, 116, 209)",39.50842673026975,-992.5410940386829,1275.9051261979757,"(1.0, 1.0, 1.0)","(135, 116, 209)","(12, 11, 11, 123, 94, 187)",343782,11,"(np.float64(67.70506309230849), np.float64(57.62320016754804), np.float64(100.03451315077578))","(190.15560690077578, 218.74429391754805, -81.70506309230849)",178.48541237838185,-157.6431323361825,458.02081241681606,0.364093622348835,0.2005095198870875,53.61008623253164,267.3692813324822,194.28844535895593,182.3211452355431,117.64352935882194,202.04949888579284,343585.1666666667,97.34745014514819,0.4327170498917419,54823.87403697159,0.1595641469882186,343782.0,45.55749688443489,281.1269970576023,13926849942.46495,3.7569725606967856,148.17168527282035,2.502361056097547,458.02081241681606,78.92244757322436,178.48541237838185,202.28784151544028,-157.6431323361825,615.6639447529985,59.95742656664329,201.2727040159159,-0.615974524188717,13926849942.46495,0.08674453388421835,8653.658949997456,230.92553295746816,5335.383281068317,-195.53406093877723,46.40941043008047,4.897755758756837,0.8082903166279727,1.51168571275058,2.313356057443463,2.5512544089340845,0.5465169878740638,0.4972437684615981,0.9930641270132965,0.9480059936677274,-0.221113690926511,0.8865725344126599,0.4336692816521724,14.850783179638817,0.017735137652061923,6.578195809390069,0.8184415449635734,0.05602017386185658,29.70156635927765,4.6065939551955655,12.826791547209334,20981.34547110046,0.08109468528823972,14.24798766736984,221.834234903085,2.4040655564411146,573.982707206276,0.01422049156268865,0.006766286670017999,4.8523089746196515,163338.49136936755,0.6287717500047105,0.7522396796180764,0.6045305985633886,0.8204503532424137,178.04099838214572,0.005768581543956804,1579.2647387827817,0.0654292057332221,18.148954083726075,161.74951319550897,150070.57670795874,44140250.678211875,543.2111750728409,0.011831889088393464,7365.115093010731,0.3051379663177168,0.5679706617149557,88.01278681905103,0.006992423561352589,6.576484918008437,0.07021019134218778,149867.715182568,47.512185169615776,4.206589849573425e-05,277.63451990435993,0.03991366611739191,0.011606735389348923,case_00010
3.1.1.dev111+g8ed579383,2.0.2,2.5.5,1.8.0,3.12.13,"{'minimumROIDimensions': 2, 'minimumROISize': 50, 'normalize': False, 'normalizeScale': 1, 'removeOutliers': 3, 'resampledPixelSpacing': [1, 1, 1], 'interpolator': 'sitkBSpline', 'preCrop': False, 'padDistance': 10, 'distances': [1], 'force2D': False, 'force2Ddimension': 0, 'resegmentRange': None, 'label': 1, 'additionalInfo': True, 'binWidth': 25}",{'Original': {}},9ad2f23c65bc3c86fc2b4cfb5251b6123c2cd5d0,3D,"(5.0, 0.703125, 0.703125)","(80, 512, 512)",-316.74032883644105,-1024.0,1734.0,dc78449f0ba20359102554a90ce5b1c730d94a58,"(5.0, 0.703125, 0.703125)","(80, 512, 512)","(10, 228, 134, 23, 136, 296)",146281,32,"(np.float64(20.98249943601698), np.float64(295.6505629575953), np.float64(273.7703802954587))","(192.4947986452444, 207.87930207955918, -104.9124971800849)","(1.0, 1.0, 1.0)","(137, 118, 230)",49.144194309924295,-864.9176449076512,1744.1757798465753,"(1.0, 1.0, 1.0)","(137, 118, 230)","(13, 11, 11, 115, 96, 208)",361330,25,"(np.float64(69.92645227354495), np.float64(58.71804167935129), np.float64(109.29504884731409))","(192.4434863473141, 207.8664791793513, -104.92645227354495)",114.24073398416058,-142.81006440772745,252.3286740924786,0.3507066856326443,0.1857191058532756,52.295899183946936,281.5859948478455,213.45959805077868,205.70367036103173,120.6731121667126,214.5250568115529,360914.25,98.75409097365873,0.40376561295972774,60714.27524449295,0.16822354685217597,361330.0,27.24232316079203,173.62828797648697,5891405292.249183,3.047653617741276,62.17079414649811,4.085066572163893,252.3286740924786,43.21931322735133,114.24073398416058,125.965150977468,-142.81006440772745,395.13873850020605,27.592429699486743,127.69016252495366,-1.131048197014222,5891405292.249183,0.1504937664875615,3253.83230440934,130.37861432653534,1047.2551730042928,-69.45875322241676,15.400230254174913,2.236116440542178,0.7434272252731031,1.0129723997413835,1.8480901492536066,1.1744110808299069,0.6277309012914608,0.5974303110631556,0.9926296721121127,0.9469511109094726,-0.2121632432497717,0.8234651120110077,0.473319085861364,11.273214319652302,0.04395825834022056,5.258058475463552,0.7574567962533533,0.089409827523168,22.546428639304605,3.8184237861950723,4.409086673679273,32405.12404447837,0.13302311768857306,6.1499196907325935,122.56849118433514,3.593918860162792,485.1609193122577,0.032590159638570725,0.01158511183967131,4.489502886604356,131622.9581741582,0.535336996802432,0.6714675908875117,1.214776479893395,0.7579699456849114,89.65487247314454,0.00945959980593896,1027.4162848992999,0.0888077003111159,11.00937715546047,75.89895410147808,770846.0848820122,109984970.44238915,5578.028166890384,0.028342563851764986,2510.2386550263636,0.216979743713922,0.46555863387168955,31.149171635170717,0.014525305936971277,6.636364340580181,0.032017823042648,769870.6093060445,119.50850386830753,3.292308321400868e-05,89.9326949462456,0.026736203038837045,0.004596926578218312,case_00011
3.1.1.dev111+g8ed579383,2.0.2,2.5.5,1.8.0,3.12.13,"{'minimumROIDimensions': 2, 'minimumROISize': 50, 'normalize': False, 'normalizeScale': 1, 'removeOutliers': 3, 'resampledPixelSpacing': [1, 1, 1], 'interpolator': 'sitkBSpline', 'preCrop': False, 'padDistance': 10, 'distances': [1], 'force2D': False, 'force2Ddimension': 0, 'resegmentRange': None, 'label': 1, 'additionalInfo': True, 'binWidth': 25}",{'Original': {}},cfc4abfaab33645d0b1a4950c390648ebe137492,3D,"(5.0, 0.751953125, 0.751953125)","(89, 512, 512)",-434.19319564304993,-1024.0,2280.0,62c43f0ea43b314e5fed22a47ba44a46f736ea7a,"(5.0, 0.751953125, 0.751953125)","(89, 512, 512)","(11, 219, 146, 29, 141, 273)",102573,80,"(np.float64(24.57179764655416), np.float64(312.1750655630624), np.float64(261.8312031431273))","(196.88479142598442, 234.74101609722464, -122.8589882327708)","(1.0, 1.0, 1.0)","(167, 128, 227)",43.524100566128425,-1086.5732146449814,1460.0484432037126,"(1.0, 1.0, 1.0)","(167, 128, 227)","(13, 11, 11, 145, 106, 205)",288695,61,"(np.float64(82.91293579729472), np.float64(80.6044960944942), np.float64(97.88138000311747))","(197.00540344061744, 234.7285195319942, -122.91293579729472)",103.53590088498481,-119.63596903624608,222.43007887389763,0.39729351322528605,0.19969543913101076,52.03200914168551,260.5568227702475,192.50194804209124,209.34421415458323,118.53269591129698,210.2712533847649,288036.3333333333,103.51753551320982,0.4056237173986779,51998.677647267774,0.18052818908471424,288695.0,42.00051295243257,159.60102685880506,3764142383.9658103,2.9120936394724555,68.58696857489052,3.4168240431580736,222.43007887389763,38.92347575227474,103.53590088498481,109.07741570377924,-119.63596903624608,342.0660479101437,27.948999433904447,114.18613952264926,-0.7306452254147904,3764142383.9658103,0.15336606085883783,2318.791687020517,97.80484173631322,477.4454358285529,-27.38980785330853,12.228189671311032,1.6146739723484633,0.7654880746320281,0.8624271195107258,1.6840025838506563,0.8428370762493482,0.6606772600837927,0.6371562571258027,0.9921174386412235,0.9453888643761252,-0.2465086240689235,0.8529347278938867,0.47290918046851765,9.754529273893793,0.046110865149148965,5.002062316033074,0.7746898696581067,0.09230957689494591,19.509058547787586,3.737613541066349,3.460715910914874,26428.57112247575,0.1445731141807014,4.191390940403884,93.81523450736853,4.107098699137588,412.53457654785876,0.04943270756855313,0.014262949470775178,4.464456364890233,90804.69800789718,0.4877218420797465,0.6328651344844906,1.3926929318668115,0.7205735507710649,65.69167466792493,0.010961189269411422,771.8499716392513,0.10945121549053478,7.84440668686291,59.96781055019853,769650.3920873511,82957073.80587068,7585.100654251795,0.03550603142409825,1299.0796937039138,0.18421436382641998,0.4187149962252205,21.64349686322203,0.018231393235572577,6.585855702343963,0.024427163615580456,767974.4696426378,130.89969719961928,4.591695864295752e-05,51.743301713615466,0.02390299309114949,0.004170853901276848,case_00012
3.1.1.dev111+g8ed579383,2.0.2,2.5.5,1.8.0,3.12.13,"{'minimumROIDimensions': 2, 'minimumROISize': 50, 'normalize': False, 'normalizeScale': 1, 'removeOutliers': 3, 'resampledPixelSpacing': [1, 1, 1], 'interpolator': 'sitkBSpline', 'preCrop': False, 'padDistance': 10, 'distances': [1], 'force2D': False, 'force2Ddimension': 0, 'resegmentRange': None, 'label': 1, 'additionalInfo': True, 'binWidth': 25}",{'Original': {}},a23db563dd74c08bc89cb412e95520134bb92311,3D,"(3.0, 0.68359375, 0.68359375)","(92, 512, 512)",-499.63470583376676,-1024.0,1762.0,35d4076533d304f135d28c88618a7eb2ff31882f,"(3.0, 0.68359375, 0.68359375)","(92, 512, 512)","(17, 272, 124, 36, 114, 254)",187987,37,"(np.float64(33.42258773213042), np.float64(327.8083324910765), np.float64(264.41523615994726))","(180.75260284371393, 224.08772728882184, -100.26776319639126)","(1.0, 1.0, 1.0)","(130, 100, 196)",84.23181993194159,-952.7678832102634,1408.1031452854252,"(1.0, 1.0, 1.0)","(130, 100, 196)","(12, 11, 11, 108, 78, 173)",263595,27,"(np.float64(62.300142263699996), np.float64(48.91702042906732), np.float64(106.55832242644966))","(180.71652555144965, 224.07522355406732, -100.3001422637)",190.81064643008577,-123.94963396301598,509.7916432049846,0.4377934697778554,0.22777085702092642,51.39945622501341,225.66300578256633,175.17134468856486,173.1040149736568,113.46365056704283,179.16472867168918,263558.6666666667,98.79379030204996,0.47161052007990556,42152.06366179373,0.15993427267980964,263595.0,83.6756494615471,268.3306480269337,11121885442.523434,3.3820732186828915,103.29902158074265,3.6670359016166727,509.7916432049846,61.311799005470746,190.81064643008577,211.03234158589044,-123.94963396301598,633.7412771680006,43.228822660688614,205.40954693595145,-1.0489663829949676,11121885442.523434,0.1187778058205214,5784.379181365616,184.2253169380341,3465.6678250173936,-176.1009240503686,30.235926735224528,3.4061383793157045,0.7965489441150991,1.2194686274121294,2.082318309211234,1.877567813980773,0.5984017026714896,0.5607525452789361,0.9951335784124997,0.9574506440178706,-0.23147131646898828,0.8741713026713158,0.4500973343445811,13.32353145096742,0.0322060052711555,5.854607563761818,0.8051657986586213,0.09633085506666778,26.64706290193484,4.198573739665233,8.410516278635056,19306.727998502312,0.1050519256021861,10.115091719409909,174.28890835204146,3.0686261901511136,592.9700078292899,0.021982040062878287,0.009140432068504147,4.712225947419757,104779.61402773511,0.5666139184455334,0.6962084900057928,0.9373821219082326,0.78033694917419,131.5569408277527,0.007655855677553317,1184.1847167325427,0.07800953338159043,13.620362067139864,110.53517786561265,228707.37714097498,49935026.10810277,1120.5390781031917,0.020642626198669703,4714.213306982872,0.3105542362966319,0.5710569020016616,57.747333376730275,0.013164797814825248,6.236667786962203,0.05758834575769647,228405.84695674304,40.124172199141896,4.90750030460424e-05,256.0786884878422,0.02321352129517674,0.016039570024709224,case_00013
3.1.1.dev111+g8ed579383,2.0.2,2.5.5,1.8.0,3.12.13,"{'minimumROIDimensions': 2, 'minimumROISize': 50, 'normalize': False, 'normalizeScale': 1, 'removeOutliers': 3, 'resampledPixelSpacing': [1, 1, 1], 'interpolator': 'sitkBSpline', 'preCrop': False, 'padDistance': 10, 'distances': [1], 'force2D': False, 'force2Ddimension': 0, 'resegmentRange': None, 'label': 1, 'additionalInfo': True, 'binWidth': 25}",{'Original': {}},06ad5ed40e51658332f89b8b3eeb98b2dce0a54a,3D,"(1.0, 0.849609375, 0.849609375)","(439, 512, 512)",-560.4909452468768,-1024.0,3069.0,abb843bc6d851ec354b7fec2ff002fe7772794e6,"(1.0, 0.849609375, 0.849609375)","(439, 512, 512)","(67, 258, 165, 122, 84, 218)",434469,7,"(np.float64(122.70435635223687), np.float64(297.6292669902801), np.float64(266.15770745438687))","(226.13008348175447, 252.86861550932, -122.70435635223687)","(1.0, 1.0, 1.0)","(144, 94, 207)",67.25928322818123,-1013.3567799126366,1481.701726722608,"(1.0, 1.0, 1.0)","(144, 94, 207)","(12, 11, 11, 121, 72, 185)",314101,8,"(np.float64(66.68862244946689), np.float64(44.796154740035846), np.float64(97.04237490488728))","(226.11757021738728, 252.87135005253583, -122.68862244946689)",208.6198594208145,-158.55074369470523,408.59823531008607,0.4347281769149062,0.18652851572040682,46.03699887123086,246.80944194204113,185.60711193270586,187.41664813991312,117.17508267545622,187.70988253152788,314024.2916666667,107.29501874084892,0.5381380816795608,41517.63068225702,0.1322115256176663,314101.0,84.96765498162287,298.69797376307,16041739023.668585,3.6372716185268956,121.170250246296,3.3960261187868683,408.59823531008607,70.74231532413486,208.6198594208145,234.66355279208344,-158.55074369470523,567.1489790047913,50.19955677889424,225.99095833634186,-0.9475513340715507,16041739023.668585,0.09914013932526994,7549.667505017783,263.4301720052175,5316.9930636635845,-238.31331621790625,40.05047129662353,5.571874582841017,0.7553988011743833,1.6480494739829707,2.3882670675158484,2.803409489907828,0.517390007990418,0.46160051178915484,0.9908737055645976,0.9393649895904381,-0.17673748840908424,0.8380051987683343,0.4310751248401778,15.962779306121952,0.01833791444126298,6.559254154917013,0.7755849280696089,0.05157966815032438,31.925558612243908,4.459170582751482,11.405586469866137,22943.50901105205,0.09297425794025055,12.757954470255772,259.32034379962835,2.0294454944924722,546.6888574153382,0.010036507933778352,0.005474486560496618,4.634398047808483,162866.03601039576,0.6579632764196028,0.7854362376824897,0.3948445629674587,0.8379506486407072,214.67122574711027,0.00473462967165896,1568.1884527518173,0.06513763043621255,21.28793004726274,204.4896365524403,161576.76897196262,51945963.98321911,520.7724748205595,0.009884912910032437,8981.256199376947,0.37305321700423455,0.6333210463136277,125.6678707985046,0.006656420401742036,6.2737353317137945,0.07664732044788142,161406.55075125262,55.10511308837398,3.5907131692073635e-05,287.80043744712907,0.048202753389432224,0.009958713350381988,case_00014
3.1.1.dev111+g8ed579383,2.0.2,2.5.5,1.8.0,3.12.13,"{'minimumROIDimensions': 2, 'minimumROISize': 50, 'normalize': False, 'normalizeScale': 1, 'removeOutliers': 3, 'resampledPixelSpacing': [1, 1, 1], 'interpolator': 'sitkBSpline', 'preCrop': False, 'padDistance': 10, 'distances': [1], 'force2D': False, 'force2Ddimension': 0, 'resegmentRange': None, 'label': 1, 'additionalInfo': True, 'binWidth': 25}",{'Original': {}},45dca2db0d91a332437e917c686db203d7a53547,3D,"(3.0, 0.705078125, 0.705078125)","(75, 512, 512)",-484.63248647054036,-10240.0,3040.0,c6ea4db5232d3da18251004fb0bd90de856bef99,"(3.0, 0.705078125, 0.705078125)","(75, 512, 512)","(28, 263, 109, 39, 133, 309)",268986,25,"(np.float64(47.73405679105976), np.float64(331.26909950703754), np.float64(260.7105871681054))","(183.82133196813683, 233.57059555086045, -143.20217037317929)","(1.0, 1.0, 1.0)","(139, 115, 240)",42.27168582470842,-1020.6608616074218,1717.959088020786,"(1.0, 1.0, 1.0)","(139, 115, 240)","(12, 10, 11, 117, 94, 218)",401070,21,"(np.float64(72.19817488219014), np.float64(58.4436756675892), np.float64(117.65440197471763))","(183.80186291221764, 233.5911366050892, -143.19817488219013)",166.90646026450207,-116.17539441201087,518.732965732836,0.31654230601108535,0.18750028970311688,55.83527115370956,297.78765271305815,216.566387050253,217.55918734909818,115.16944039110375,220.36560530173486,401266.875,94.26239029141968,0.4673490342387793,56294.3723570662,0.14029160108734667,401070.0,56.661201919529056,252.75454727142824,13682315637.310684,3.48447145477757,122.96298681669784,2.8005608950460377,518.732965732836,66.36528751121021,166.90646026450207,185.70024001678433,-116.17539441201087,634.9083601448468,49.79927232680127,184.701198475417,-0.746359482518179,13682315637.310684,0.1057588703726893,6256.766240229581,160.91634853006101,2966.2190847824263,-134.60602747499908,32.71807008747945,3.464861257250802,0.8073812620325774,1.2835174363764696,2.1224083194130747,1.773085233642001,0.5785123556500074,0.5363243307747361,0.9950190035838197,0.9551097964311849,-0.23148143906075996,0.8802038432894767,0.45150963323782967,12.39358710213127,0.026128911945835206,6.031783511708624,0.8156000374495224,0.08602004754945716,24.78717420426254,4.315370406816002,9.045732836182564,27710.10398706779,0.09589578790946827,10.50325164878285,151.40777737465004,2.7154900890472953,459.21299120892394,0.023784393460906987,0.011035354397205908,4.701624827087843,172132.1722161453,0.593155863215647,0.7201050651046911,0.7537704229568067,0.7980847605276119,116.60249483989901,0.009410083523055992,1551.9789072426938,0.07888075767434276,13.558757705987869,91.20284625158831,355987.71933926304,69897135.13326557,2015.8468576163602,0.027353419632990785,5137.413519695045,0.26111377482566933,0.5196098732183189,43.9482471930476,0.016030704196271096,6.52566482073103,0.049056274465803976,355572.1812160441,64.1358293138811,3.8099039318456906e-05,205.45206675020026,0.027139562848996997,0.010324311894734298,case_00015
3.1.1.dev111+g8ed579383,2.0.2,2.5.5,1.8.0,3.12.13,"{'minimumROIDimensions': 2, 'minimumROISize': 50, 'normalize': False, 'normalizeScale': 1, 'removeOutliers': 3, 'resampledPixelSpacing': [1, 1, 1], 'interpolator': 'sitkBSpline', 'preCrop': False, 'padDistance': 10, 'distances': [1], 'force2D': False, 'force2Ddimension': 0, 'resegmentRange': None, 'label': 1, 'additionalInfo': True, 'binWidth': 25}",{'Original': {}},b097075395259ab9a53cf893779d9d4d0562a048,3D,"(2.5, 0.650390625, 0.650390625)","(178, 512, 512)",-366.8967940726977,-1024.0,3035.0,b0cd00efcd2703188a2cfd20d6a44db4a13b70ed,"(2.5, 0.650390625, 0.650390625)","(178, 512, 512)","(41, 235, 125, 51, 115, 303)",344922,24,"(np.float64(64.91256284029433), np.float64(294.3861104829498), np.float64(270.51577748012596))","(175.94092558766005, 191.46596638832477, -162.2814071007358)","(1.0, 1.0, 1.0)","(149, 97, 220)",74.09567066679867,-1023.2389457709205,1485.7914207119354,"(1.0, 1.0, 1.0)","(149, 97, 220)","(11, 11, 11, 128, 75, 197)",364847,16,"(np.float64(71.78874706383772), np.float64(49.280333948202944), np.float64(105.95215254613578))","(176.12695723363578, 191.45513863570295, -162.03874706383772)",165.0208908951915,-106.95223075202682,287.881455545255,0.4456641877889929,0.2081068242001583,52.21297922897138,250.89508443390903,195.65530915362353,196.57314160383152,119.86659251017358,198.27758320092568,364350.0833333333,111.81495402448887,0.4701263230890352,52474.559866988086,0.14402236274221086,364847.0,60.55062080404467,238.65936429496412,11832205999.738087,3.2883840522175407,106.09259873070104,3.1559401731779553,287.881455545255,59.76887501998783,165.0208908951915,187.20301608171582,-106.95223075202682,394.8336862972818,43.72903814354421,180.08497142858914,-0.9296524232284963,11832205999.738087,0.126639664076358,5198.702502593062,156.92318722836296,2475.904262989965,-135.83860628578674,27.957739528799614,2.6027117283673364,0.8289723384123782,1.052115216253229,1.9306191191910054,1.4606067015463826,0.6313119243788545,0.6001575852308051,0.9915296139532066,0.9455595672743407,-0.26860410524007816,0.8971383196406931,0.45069765939332673,12.271245242665996,0.03971045900880584,5.57931954894553,0.8378111766130765,0.11064511100342418,24.542490485331992,4.122166061799669,7.640112814291736,26046.802598686372,0.10878704623245088,8.983198089586027,145.9939082131559,3.728882316978832,627.7984863092065,0.030172996233599998,0.010676634477789926,4.761308752704385,127182.99930211742,0.5273682397560054,0.6550246246529894,1.300914311701648,0.753382723846878,105.12366012832007,0.008699285470456466,1247.217248908297,0.08509943019297878,11.215479639469832,90.38127729257641,499272.7186817686,94594621.63844159,2847.8480802858858,0.02376885767129954,4322.295032751092,0.29491641871937035,0.5568724731872319,44.99040454439224,0.01456560918089198,6.218233501126724,0.04017026315140319,498653.00562491774,96.20350453462255,3.98211030894332e-05,87.1594556991802,0.040926615702846475,0.005909134575619946,case_00016
3.1.1.dev111+g8ed579383,2.0.2,2.5.5,1.8.0,3.12.13,"{'minimumROIDimensions': 2, 'minimumROISize': 50, 'normalize': False, 'normalizeScale': 1, 'removeOutliers': 3, 'resampledPixelSpacing': [1, 1, 1], 'interpolator': 'sitkBSpline', 'preCrop': False, 'padDistance': 10, 'distances': [1], 'force2D': False, 'force2Ddimension': 0, 'resegmentRange': None, 'label': 1, 'additionalInfo': True, 'binWidth': 25}",{'Original': {}},d051c00bec8b870775d416044be35bae51c3ecbf,3D,"(5.0, 0.6640625, 0.6640625)","(97, 512, 512)",-343.7716799470567,-1024.0,1585.0,e8aa9261030796770421ebb637d450415edbd80b,"(5.0, 0.6640625, 0.6640625)","(97, 512, 512)","(20, 219, 99, 27, 146, 299)",179292,11,"(np.float64(32.93987461794168), np.float64(300.44163152845636), np.float64(240.72580483234054))","(159.85697977147615, 199.51202093686555, -164.69937308970842)","(1.0, 1.0, 1.0)","(157, 119, 220)",72.84698954015747,-1104.853371430642,1341.9139331086947,"(1.0, 1.0, 1.0)","(157, 119, 220)","(13, 10, 11, 135, 97, 198)",394540,7,"(np.float64(79.8351878136564), np.float64(64.26708318548182), np.float64(104.48012875754043))","(159.64809750754043, 199.43505193548182, -164.8351878136564)",163.26021409014703,-126.53542119072026,307.35916836017753,0.35874280724440066,0.1948423120434955,54.337267063191824,278.87816816227206,201.37527157027003,191.049731745428,116.45600027478189,213.16894708188622,394524.375,100.04553692570951,0.49331573979461596,52732.09742869181,0.13365992260602863,394540.0,48.20031554093767,239.00745330083842,12684822514.640945,3.3596380573667153,100.55339154734197,3.243220065160729,307.35916836017753,60.14725763263429,163.26021409014703,184.20737965785628,-126.53542119072026,433.89458955089776,42.59974113003931,179.30676589023537,-0.9722877292074007,12684822514.640945,0.11924564882810344,5497.018789255027,181.2043186631972,3069.2453428856606,-166.79263104503772,30.320919107543485,2.2065118550881566,0.8636590242569184,0.9825335543304983,1.8392300863409643,1.2097225290005111,0.6397356418170587,0.6113850103226552,0.9941386764488617,0.9535115204447624,-0.2976971704570635,0.9192974889945004,0.46453358350308444,13.197509440922719,0.03620402496604991,5.614749380440836,0.8710232191373055,0.09211530078679722,26.395018881845434,4.210195358214221,8.131857740657908,27096.39737647277,0.10561014966125389,9.443646224013712,170.05632703950002,3.823548179300551,731.6600022627856,0.026557096044363678,0.008563782303841581,4.856731440806218,133211.7586552984,0.5143442514801597,0.6491598784953071,1.3307810385236643,0.7433986993507903,121.50253013845744,0.006799163232821901,981.6298154742635,0.07944559853304173,12.874505275195633,108.79588863709938,662709.090320492,141536180.73332793,3345.122551394515,0.01831646800530617,3179.184040142441,0.25729880545018136,0.5146830758226024,50.44982993124247,0.010153542631853297,6.530872164197311,0.03131748365184772,661689.4986444553,75.50657275464606,4.086521844593736e-05,103.17017282860958,0.0321022814218449,0.00747970590360728,case_00017
3.1.1.dev111+g8ed579383,2.0.2,2.5.5,1.8.0,3.12.13,"{'minimumROIDimensions': 2, 'minimumROISize': 50, 'normalize': False, 'normalizeScale': 1, 'removeOutliers': 3, 'resampledPixelSpacing': [1, 1, 1], 'interpolator': 'sitkBSpline', 'preCrop': False, 'padDistance': 10, 'distances': [1], 'force2D': False, 'force2Ddimension': 0, 'resegmentRange': None, 'label': 1, 'additionalInfo': True, 'binWidth': 25}",{'Original': {}},4d2329ff1f48cc1834f460422c6c5c19f822cb6c,3D,"(2.5, 0.8613280057907104, 0.8613280057907104)","(121, 512, 512)",-708.5612043900924,-2048.0,1202.0,dc4ccb7c29ec14a65c68b6c84cb0cd3b53381c0f,"(2.5, 0.8613280057907104, 0.8613280057907104)","(121, 512, 512)","(53, 217, 128, 48, 116, 255)",235179,25,"(np.float64(75.58932557753882), np.float64(274.35736183927986), np.float64(261.59903732901324))","(225.3225771393686, 236.31167934702728, -188.97331394384705)","(1.0, 1.0, 1.0)","(142, 122, 242)",-24.59558550889821,-949.1723690118755,1183.9883707982208,"(1.0, 1.0, 1.0)","(142, 122, 242)","(11, 11, 11, 120, 100, 220)",435763,23,"(np.float64(68.5019288007472), np.float64(60.234980941475065), np.float64(126.2480178445623))","(225.31735384166694, 236.30431693857972, -188.75192880074718)",113.06421375737135,-137.7692638617148,785.7732970466602,0.3658198464593285,0.1894927433165989,58.993734798892895,311.3245065027524,220.08180297334897,219.32852071721086,128.16005617976296,220.19309707617992,435593.0833333333,113.8886831678631,0.3540079503181127,78497.96997921294,0.180209404103745,435763.0,16.404423692279412,186.65725362460785,7534985806.522403,3.3328546911965593,99.81956536053349,2.9384143800556415,785.7732970466602,55.70618702996838,113.06421375737135,129.78447256091405,-137.7692638617148,923.542560908375,40.912664639666964,131.49706005822443,-0.6631599745500726,7534985806.522403,0.11700322919158354,4507.960371383728,130.96991284010699,1426.5786986494911,-69.7264279915661,22.202737950687894,3.5980760710236295,0.7196258343058145,1.3653923069288902,2.152963397739884,1.681621989553789,0.5532820348887608,0.5051838784096225,0.9975394984638627,0.9663433974817541,-0.17363512400214692,0.80384926130361,0.45286540552866644,11.239080270063509,0.025806803398444694,5.9402677498174405,0.7446369824142901,0.0720075298538199,22.478160540127014,4.100580207107931,6.450203505427883,35747.10606985375,0.10839143916122675,7.7879388514249115,125.31603244952122,2.334450384706466,313.2242443546784,0.023746677065107843,0.011985100319739777,4.432005437045385,208045.9141749546,0.627165445190506,0.7563011933621646,0.5479037127224089,0.8189256542579669,100.3792328400348,0.010310719553734748,2076.272593440746,0.0849052340492658,13.95529313005394,86.5623619857692,363011.3334014885,56667095.32714485,2463.9246938253013,0.02715477519243407,6531.50249447943,0.26709342007358433,0.526706530996502,42.30500754686805,0.016318624090579405,6.4222352202742075,0.056117660287817,362693.79161149234,61.06867942540226,2.62442743979069e-05,645.313637713732,0.011018158223915333,0.029903252364536184,case_00018
3.1.1.dev111+g8ed579383,2.0.2,2.5.5,1.8.0,3.12.13,"{'minimumROIDimensions': 2, 'minimumROISize': 50, 'normalize': False, 'normalizeScale': 1, 'removeOutliers': 3, 'resampledPixelSpacing': [1, 1, 1], 'interpolator': 'sitkBSpline', 'preCrop': False, 'padDistance': 10, 'distances': [1], 'force2D': False, 'force2Ddimension': 0, 'resegmentRange': None, 'label': 1, 'additionalInfo': True, 'binWidth': 25}",{'Original': {}},69301db29b01cf62ccaad8b1199be4322cc236e9,3D,"(3.75, 0.9375, 0.9375)","(129, 512, 512)",-701.947215383367,-2048.0,1268.0,6e51b7b1b763f4fb0e3f610629092cf0005999e5,"(3.75, 0.9375, 0.9375)","(129, 512, 512)","(32, 243, 116, 35, 87, 276)",153461,2,"(np.float64(47.711431568932824), np.float64(287.40965457021656), np.float64(254.48120369344653))","(238.57612846260614, 269.446551159578, -178.9178683834981)","(1.0, 1.0, 1.0)","(153, 103, 281)",5.866792181845303,-991.1623025673283,1193.9385004642804,"(1.0, 1.0, 1.0)","(153, 103, 281)","(12, 11, 11, 131, 81, 258)",505463,2,"(np.float64(72.12363120544926), np.float64(52.41361682259631), np.float64(140.55068521335883))","(238.58193521335883, 269.4448668225963, -178.74863120544927)",86.75854447491514,-112.96679295181552,184.61478397722638,0.32112439076560695,0.1451835891038309,51.80616954246874,356.8321313879253,258.37956575549856,258.2343896540505,135.4843164355196,260.12881424402025,505637.9583333333,114.58750079754051,0.4002269457758917,76689.79540749917,0.1516693795305271,505463.0,9.067959755869099,137.18064806053533,5045285115.050679,2.8087046224307026,65.30789145269269,3.31966538047644,184.61478397722638,39.996725230639925,86.75854447491514,100.99840651735096,-112.96679295181552,297.5815769290419,28.166581516837503,99.90751837326185,-0.9987927062625127,5045285115.050679,0.17246688850259823,2454.467188097823,86.37657852573815,532.4411046969655,-43.689692068045325,12.41499838032173,1.3578064147030326,0.8011187156375136,0.7690013486606672,1.6054236274511393,0.7459153260472756,0.6897935548282135,0.6703870518770257,0.9922993831437044,0.9476705022900218,-0.2737832050197642,0.867338522342843,0.45117776267591403,9.143891450624846,0.06532675653582169,4.685160304850317,0.8113406571517865,0.14303187544992202,18.287782901249685,3.593096831656704,3.4432011987561904,43536.390721011434,0.14669877157431813,4.6025423183467815,78.14165011197669,4.985043601198569,460.35151925815535,0.06740991473386873,0.018771449831277473,4.551120757638752,135584.97895074295,0.4516492508457772,0.5854559239594346,1.8966560351718347,0.6955820707810232,50.692634797760775,0.014574582474200525,1066.2285298398835,0.12933388280444974,8.590977770785791,45.37688015526444,2547953.709000485,251709701.3624454,27489.842895201687,0.0534942534925203,1439.032751091703,0.17455516146187566,0.4066496107917575,15.329828849879249,0.02613970636739304,6.447820967125442,0.016309799134654763,2544194.445439375,240.68830238829645,2.7505870310239063e-05,38.061269880787854,0.025524611236212358,0.0022718263142477656,case_00019
3.1.1.dev111+g8ed579383,2.0.2,2.5.5,1.8.0,3.12.13,"{'minimumROIDimensions': 2, 'minimumROISize': 50, 'normalize': False, 'normalizeScale': 1, 'removeOutliers': 3, 'resampledPixelSpacing': [1, 1, 1], 'interpolator': 'sitkBSpline', 'preCrop': False, 'padDistance': 10, 'distances': [1], 'force2D': False, 'force2Ddimension': 0, 'resegmentRange': None, 'label': 1, 'additionalInfo': True, 'binWidth': 25}",{'Original': {}},e828e32eecea3e8a51e6d85a299d6db95783fec3,3D,"(5.0, 0.83984375, 0.83984375)","(96, 512, 512)",-531.1443072160085,-1024.0,1477.0,17a5a2da75ace6042090804653e833ece4c0d59a,"(5.0, 0.83984375, 0.83984375)","(96, 512, 512)","(20, 280, 116, 27, 83, 280)",117124,3,"(np.float64(32.611095932515966), np.float64(321.91013797342987), np.float64(259.1919162596906))","(217.68071092122452, 270.35421743862275, -163.05547966257984)","(1.0, 1.0, 1.0)","(157, 92, 257)",17.882246195576943,-978.5701930660687,1239.9434107940092,"(1.0, 1.0, 1.0)","(157, 92, 257)","(13, 11, 10, 135, 70, 236)",413020,2,"(np.float64(78.06667957968138), np.float64(46.287262118057235), np.float64(130.62861362645876))","(217.70869175145876, 270.36734024305724, -163.06667957968136)",109.65266158772285,-132.7864080733077,244.3776346101712,0.3459228651946723,0.14468678259885878,49.4412259009609,341.7121108984482,236.4148895480147,236.05296015936761,129.80754985747168,237.52052542885636,413136.7916666667,118.2060324737108,0.4639769478468852,57816.300972889265,0.13994469178028932,413020.0,16.849870104492453,175.16838054108095,6518018366.442163,3.1554633160802417,87.27016035683405,2.990734452947015,244.3776346101712,50.354846702822506,109.65266158772285,125.336648428389,-132.7864080733077,377.1640426834789,36.46415061984876,125.62389328717211,-0.8356016267482314,6518018366.442163,0.13345658346978903,3757.6563713551336,126.56641758640467,1161.0447362920806,-71.50081272830813,19.603269578487946,2.1810169972896416,0.7983551268522577,0.9771536683435087,1.8360996583239344,1.189461334041832,0.6423757000260555,0.614032233021335,0.9919236284123211,0.9460545776897489,-0.25571753496289185,0.8759969143597256,0.45904768575697463,11.054836104820598,0.04044967065859874,5.377861194203179,0.8073640263491494,0.11893806169724759,22.109672209641204,3.985178254182713,5.446071643944398,31808.66505736443,0.11939536693587097,6.557874289350101,118.01448020533407,3.895013245389864,523.9365925261226,0.03713484382547711,0.012031897078025407,4.658640214239536,137005.64688017862,0.5080072013177728,0.6445361185712742,1.3561479422868816,0.7381626288755968,83.35001967610638,0.009532594330942739,1000.854418429003,0.09449154252539681,9.589492918043373,73.20638217522658,938602.3032477341,137700465.18721676,6830.873367026297,0.026897301544427193,2139.4527945619334,0.20198761277963875,0.4435616211393654,30.08648094937113,0.012600536921597898,6.655887194925519,0.02564524720352525,937081.8039618057,126.30444418146628,3.5890011749800464e-05,70.29438789154328,0.030872235925029523,0.004210995206028787,case_00020
3.1.1.dev111+g8ed579383,2.0.2,2.5.5,1.8.0,3.12.13,"{'minimumROIDimensions': 2, 'minimumROISize': 50, 'normalize': False, 'normalizeScale': 1, 'removeOutliers': 3, 'resampledPixelSpacing': [1, 1, 1], 'interpolator': 'sitkBSpline', 'preCrop': False, 'padDistance': 10, 'distances': [1], 'force2D': False, 'force2Ddimension': 0, 'resegmentRange': None, 'label': 1, 'additionalInfo': True, 'binWidth': 25}",{'Original': {}},7637b6712b0a2e093462709bce4224233d498d89,3D,"(5.0, 0.822265625, 0.822265625)","(38, 512, 512)",-516.8815362829911,-1024.0,1530.0,24847454af194f576acf9a2767455830fda40e88,"(5.0, 0.822265625, 0.822265625)","(38, 512, 512)","(13, 224, 143, 22, 112, 250)",96548,22,"(np.float64(23.71779840079546), np.float64(276.99223184322824), np.float64(267.40117868832084))","(219.8747973198888, 227.76119063671698, -118.5889920039773)","(1.0, 1.0, 1.0)","(132, 114, 227)",19.249175806331117,-942.4538318903487,1504.783643923173,"(1.0, 1.0, 1.0)","(132, 114, 227)","(13, 11, 11, 110, 92, 205)",326395,20,"(np.float64(68.59135403422233), np.float64(54.68387996139647), np.float64(112.75442332143568))","(219.8432905089357, 227.77274714889649, -118.59135403422233)",89.63914264499064,-143.58016300141645,515.1418391487574,0.35435168754472357,0.18566423898819712,53.743652822989354,289.4669060443347,205.19746587129188,206.51876428063383,110.27692415006868,206.55749804836424,326179.1666666667,102.57308664515993,0.37523352531984655,61068.88211060757,0.1872249620804749,326395.0,9.961490070782755,168.5980336250517,3905535200.944749,3.3056387128631406,97.24160657317445,2.7422753992263584,515.1418391487574,52.3080687132661,89.63914264499064,90.76444602907607,-143.58016300141645,658.7220021501739,39.27391994278095,109.38770975593849,-0.27184488670767176,3905535200.944749,0.11359308029790098,3930.495151520463,110.05773067175339,1072.8337301468512,-18.576817631217118,20.537578219682167,2.5469371131289034,0.778113313177327,1.068079328421833,1.925098716278163,1.3685696484665735,0.6211308941734226,0.5885074188377069,0.9965932594596704,0.9635354870121247,-0.24540434242480577,0.8785789486407116,0.4613854607933772,10.274151047649381,0.029098083986364265,5.670412826238645,0.800618670989297,0.0626058516803008,20.54830209529876,4.133515315494626,5.771128833202771,23900.435201045788,0.10821221421689671,6.77974831364091,105.41990438152645,3.3303208802307367,368.4615889145937,0.039939700485360885,0.01403536528993878,4.662884398596871,121680.30070747787,0.5459861182149137,0.6769949577376162,1.0745283219247999,0.766115569152227,78.78549004648669,0.011401885850186453,1083.3312210995034,0.09276684544438289,11.406955949713149,68.79945196095221,429537.8747216989,50061348.560969345,4194.167863116519,0.03363272641343465,2825.7674259290975,0.24197357646250192,0.49720450879886924,32.780657196890374,0.01828298360810927,6.500571488427525,0.03577873435561207,428756.6966340788,52.77046561934452,4.763087320302729e-05,253.52849163372485,0.012080015055005461,0.0204752460598565,case_00021
3.1.1.dev111+g8ed579383,2.0.2,2.5.5,1.8.0,3.12.13,"{'minimumROIDimensions': 2, 'minimumROISize': 50, 'normalize': False, 'normalizeScale': 1, 'removeOutliers': 3, 'resampledPixelSpacing': [1, 1, 1], 'interpolator': 'sitkBSpline', 'preCrop': False, 'padDistance': 10, 'distances': [1], 'force2D': False, 'force2Ddimension': 0, 'resegmentRange': None, 'label': 1, 'additionalInfo': True, 'binWidth': 25}",{'Original': {}},af2bf722560dd097ebabcd03a231b01524e58a59,3D,"(0.5, 0.833984375, 0.833984375)","(541, 512, 512)",-480.38939393866747,-1024.0,3071.0,06eabbdf771d90a24553f800b8c4d1040494360e,"(0.5, 0.833984375, 0.833984375)","(541, 512, 512)","(150, 206, 128, 212, 134, 261)",955304,11,"(np.float64(257.9556151759021), np.float64(273.97446153266395), np.float64(255.2382979658831))","(212.8647524051408, 228.4904200672803, -128.97780758795105)","(1.0, 1.0, 1.0)","(128, 134, 240)",22.571732748908886,-1002.6598756508924,1420.6400877270637,"(1.0, 1.0, 1.0)","(128, 134, 240)","(11, 11, 11, 106, 111, 217)",330759,5,"(np.float64(64.52457529500332), np.float64(67.35947321161329), np.float64(116.62943109635717))","(212.71243890885717, 228.4424810241133, -128.77457529500333)",129.56216697821492,-194.90271034472588,412.4564319284441,0.32687703095801424,0.15518586560732628,47.92625593457711,308.8313213772126,215.24404753674375,214.84180226389836,113.4063490286148,224.61745257214542,330878.25,100.94986539862356,0.4127038425713075,56056.29957094836,0.16941669502588447,330759.0,28.677609439890226,207.2921431477158,7264886684.953877,3.4289785630253893,107.78919163148865,2.94815444566785,412.4564319284441,59.6478556339014,129.56216697821492,148.7729796589456,-194.90271034472588,607.3591422731699,43.75019165652875,148.20354337398982,-0.6743232394028081,7264886684.953877,0.1116547653686624,5177.935156515244,196.16496868058363,1881.3974273998765,-86.35554358164535,25.993625146397335,4.986897832909078,0.6777052553803515,1.5787983038065927,2.3436871786249425,2.469293743379135,0.5243955188608507,0.47023060861177396,0.9923663632753764,0.94361545233155,-0.146190315321667,0.7853842010931472,0.43801832495272447,13.817132385648073,0.021493507693887973,6.261504126677261,0.7204175842999349,0.059392914167760595,27.634264771296145,4.205673519139857,7.7451307448266045,27017.123589506497,0.10432299356508076,8.866935600984458,192.7930951242036,2.029742975290424,405.5695652802705,0.012627535722559195,0.0067874617189532605,4.4369483178380795,169741.58939056162,0.654640452867654,0.782945612038698,0.39440448395151245,0.8364976572154945,159.3667042799015,0.005838612400555287,2060.2847776404033,0.07719024306471856,16.164145269144726,157.46498819826908,167545.82439773707,39482405.47982466,734.933880278678,0.010998195443544717,10011.165673822637,0.3750764555027027,0.6355674268930098,99.1453149849457,0.00725435827759176,6.042689686259542,0.08069621688298731,167392.2589006476,65.04403012937776,3.1728094606097396e-05,300.61130487238864,0.029673450594455496,0.008645221334115908,case_00022
3.1.1.dev111+g8ed579383,2.0.2,2.5.5,1.8.0,3.12.13,"{'minimumROIDimensions': 2, 'minimumROISize': 50, 'normalize': False, 'normalizeScale': 1, 'removeOutliers': 3, 'resampledPixelSpacing': [1, 1, 1], 'interpolator': 'sitkBSpline', 'preCrop': False, 'padDistance': 10, 'distances': [1], 'force2D': False, 'force2Ddimension': 0, 'resegmentRange': None, 'label': 1, 'additionalInfo': True, 'binWidth': 25}",{'Original': {}},bf782ce26c3095dda20a3880596b2e98fa554697,3D,"(3.0, 0.7820000052452087, 0.7820000052452087)","(107, 512, 512)",-683.1853141784668,-2048.0,1425.0,eed57cebf62e66c1047d171c6bb9e7b3113f771d,"(3.0, 0.7820000052452087, 0.7820000052452087)","(107, 512, 512)","(37, 275, 125, 48, 93, 277)",286708,3,"(np.float64(57.98664843673703), np.float64(319.46947765670996), np.float64(267.12129413898464))","(208.88885341779294, 249.82513320323127, -173.95994531021108)","(1.0, 1.0, 1.0)","(166, 95, 238)",36.264399832863454,-1140.615686682495,1368.9015276911416,"(1.0, 1.0, 1.0)","(166, 95, 238)","(12, 11, 11, 144, 73, 216)",526182,3,"(np.float64(75.96320854761281), np.float64(45.72009874910202), np.float64(121.77385771463106))","(208.88285771200844, 249.82909874647942, -173.9632085476128)",114.24257333226413,-144.87589138338288,257.2674175135495,0.4166781929952694,0.19247994415274255,57.364058681542325,298.02616025294066,217.9954127957742,216.18741869035765,137.64083696345355,219.36499264923745,526423.375,124.18100191951389,0.4403014390713866,71607.32710208034,0.13602611605550444,526182.0,42.65911685513185,165.29409873168242,8247547422.731305,2.88441936340393,58.38750179238788,4.601735384171158,257.2674175135495,39.074338147677345,114.24257333226413,127.29854207503018,-144.87589138338288,402.14330889693235,25.10363577460681,125.19714260509929,-1.2516209083582646,8247547422.731305,0.17187853835615474,2622.958954903823,128.6635655700413,673.4213546561336,-51.512777674029586,12.13504679474403,2.2848837176238543,0.6806184610280057,1.062775871766927,1.8908790352786258,1.125662155450141,0.6117514290308329,0.5777382175072957,0.9923883775033473,0.9442517430060378,-0.16602758224273304,0.7553321088621646,0.4745622053097102,11.233874649424772,0.04958864611294963,5.113774729097559,0.7051857903867018,0.11974850219097331,22.46774929884954,3.622921121494711,3.6049826280919706,54426.09373627506,0.14971868444863015,5.036225789848392,122.54730215296289,3.1172143649576185,413.24548805951565,0.027709527803761732,0.010874470694996557,4.279927946733119,201664.2448690504,0.5499063157319779,0.6889874021360846,0.9128405194392477,0.7676438916253611,91.3504656540568,0.008928942701280803,2076.763176895307,0.09371674985989652,12.09997939990095,83.07148014440433,976374.275902527,138903202.01999098,7036.334484188198,0.026423250710118678,5627.190162454874,0.2539345741179997,0.5081229103088837,39.000826548517004,0.01584786157630625,6.320806802322179,0.04211470555815288,975810.4663073856,194.45969761685038,1.9153385121735458e-05,97.48686359409278,0.02299149338450704,0.0028793731949880537,case_00023
3.1.1.dev111+g8ed579383,2.0.2,2.5.5,1.8.0,3.12.13,"{'minimumROIDimensions': 2, 'minimumROISize': 50, 'normalize': False, 'normalizeScale': 1, 'removeOutliers': 3, 'resampledPixelSpacing': [1, 1, 1], 'interpolator': 'sitkBSpline', 'preCrop': False, 'padDistance': 10, 'distances': [1], 'force2D': False, 'force2Ddimension': 0, 'resegmentRange': None, 'label': 1, 'additionalInfo': True, 'binWidth': 25}",{'Original': {}},db64ff63518ce549ec205e93eee588fdf9695b2f,3D,"(5.0, 0.6640625, 0.6640625)","(85, 512, 512)",-366.89985374001895,-1024.0,1527.0,33621e8ac56263c4c99a51073775ef07ee2b6861,"(5.0, 0.6640625, 0.6640625)","(85, 512, 512)","(22, 198, 107, 23, 159, 292)",145386,59,"(np.float64(30.659857207709134), np.float64(296.00608724361354), np.float64(265.2181778162959))","(176.121446206134, 196.5665423102121, -153.29928603854566)","(1.0, 1.0, 1.0)","(137, 127, 216)",39.949356862760894,-1028.1642065156152,1355.6517624150886,"(1.0, 1.0, 1.0)","(137, 127, 216)","(13, 10, 11, 115, 106, 194)",320105,41,"(np.float64(58.41294262820012), np.float64(75.36473969478764), np.float64(115.92004186126427))","(176.08801061126428, 196.53270844478766, -153.4129426282001)",155.8992265569154,-131.75265263763313,301.9553599821643,0.3518498551047367,0.19429044804567674,51.442630369462314,264.7717933995829,193.49418595916518,195.1665955024066,128.4562182223967,203.5436071214225,319562.4166666667,93.15991714346451,0.47441280943956615,47646.55614290538,0.14909937357434985,320105.0,71.2647464751419,218.60718964635726,9028677943.7795,3.145322546550196,71.76762956414905,4.761694670356237,301.9553599821643,47.43587721859768,155.8992265569154,170.70192043623177,-131.75265263763313,433.7080126197974,30.54252548287701,167.9445256307879,-1.3020907356186844,9028677943.7795,0.1413740771520135,3900.794848305945,171.69368377860079,1619.7279491581046,-98.82595713639536,17.964466409352152,2.809946391271287,0.7259523094483146,1.1687468643139682,1.9846813781067958,1.394576324288446,0.5927315301770913,0.5542093281211413,0.9925445729451045,0.9451083379519075,-0.18817169892766,0.799559751930119,0.4669798248018839,12.957716670473976,0.03718480157263362,5.501519007752505,0.7411094580455005,0.08201860039589774,25.915433340947956,3.8888099264402456,5.193603200155859,28962.21880569787,0.12683526522462435,7.2823808355083335,162.92516808798334,3.069395508455593,543.7990408506838,0.021260013223798786,0.00867641530869485,4.444263514200732,133174.70304622667,0.5770227596441281,0.7106499910486103,0.9387993179248968,0.7855606212705898,124.59288957030938,0.007277939277098662,1065.0278881475374,0.07984315826880106,14.149013976204577,99.9644651023315,479191.1340430317,91352083.49291551,2581.3949364986747,0.02240020116872172,2855.178724042282,0.2140474341436601,0.4566242603772644,39.145313788186215,0.012091954008200246,6.727195059703285,0.04167070180097156,478615.2455902209,88.13140212616838,3.372689555680504e-05,134.73847714122883,0.02950297701377836,0.006526613844520755,case_00024
3.1.1.dev111+g8ed579383,2.0.2,2.5.5,1.8.0,3.12.13,"{'minimumROIDimensions': 2, 'minimumROISize': 50, 'normalize': False, 'normalizeScale': 1, 'removeOutliers': 3, 'resampledPixelSpacing': [1, 1, 1], 'interpolator': 'sitkBSpline', 'preCrop': False, 'padDistance': 10, 'distances': [1], 'force2D': False, 'force2Ddimension': 0, 'resegmentRange': None, 'label': 1, 'additionalInfo': True, 'binWidth': 25}",{'Original': {}},08f20456c32f7f29e8fa32bc8016575a8148d6b2,3D,"(2.5, 0.7363280057907104, 0.7363280057907104)","(103, 512, 512)",-621.0605529859228,-2048.0,1499.0,14803bdf4e888c0fe92b9e8770ff43590249b97b,"(2.5, 0.7363280057907104, 0.7363280057907104)","(103, 512, 512)","(35, 229, 117, 62, 149, 323)",280872,283,"(np.float64(66.9454413398274), np.float64(297.1037376456179), np.float64(243.22409140106527))","(179.09271018160388, 218.76580265356426, -167.3636033495685)","(1.0, 1.0, 1.0)","(177, 131, 260)",15.534568185818568,-940.8883324098256,1350.927429178536,"(1.0, 1.0, 1.0)","(177, 131, 260)","(11, 11, 11, 155, 109, 238)",380472,233,"(np.float64(91.86707300405811), np.float64(60.63954771967451), np.float64(104.00627378624445))","(179.13810978334908, 218.77138371677916, -167.1170730040581)",89.67978545913046,-152.15389003117474,1109.6202772522568,0.35851917570764846,0.21074297001561995,61.61008801668236,292.3470615039539,239.52661647507986,236.32604596192948,157.01273833673497,240.26027553467927,378564.6666666667,104.81202751095077,0.3422265002990372,73948.69929943052,0.1953396759147196,380472.0,17.11458206484977,148.56425529422194,4188981768.1120424,3.0558639774114034,65.95817203798484,20.07268911570728,1109.6202772522568,41.136709652791346,89.67978545913046,96.99631950999915,-152.15389003117474,1261.7741672834316,27.70855113528828,104.92835985442164,0.5477627861203478,4188981768.1120424,0.1446421646173716,2967.4967817433385,129.32132203358069,5395.551917941382,51.25761732606782,13.282772415449736,3.7016433251531526,0.561809099673291,1.4075509292198645,2.1490647840010086,1.6408182751053955,0.5415160472456761,0.48972166106373927,0.9986451998027821,0.9742070507183094,-0.10581843708725634,0.6255649118375488,0.44603252624722,11.266097931289577,0.03077581994710094,5.621337170632354,0.808302235730268,0.0670385731155359,22.53219586257918,3.746855547074121,4.246103935150722,39588.29614083349,0.13495933071501368,5.40496295805498,125.93133384044546,2.279378309798156,297.80738939365204,0.020529871225047285,0.009990469584322034,4.115840091495795,191121.2647102228,0.6448589190906056,0.7701462313207722,0.524260466080168,0.8281776813030161,103.11916669569011,0.008533643972599262,2098.9754601226996,0.09132730540498192,16.543840563612143,105.60444676500022,375326.92903450376,51966676.752338685,2794.2068383120472,0.018112672610486196,6239.29987381978,0.2714745626689196,0.5287578200529616,53.782063156537106,0.010843633396689551,6.285033793183336,0.060406547656594964,375052.8776701368,44.46050460433851,2.2004496299429188e-05,1839.628126754565,0.0036759864862854663,0.12671765737951965,case_00025
3.1.1.dev111+g8ed579383,2.0.2,2.5.5,1.8.0,3.12.13,"{'minimumROIDimensions': 2, 'minimumROISize': 50, 'normalize': False, 'normalizeScale': 1, 'removeOutliers': 3, 'resampledPixelSpacing': [1, 1, 1], 'interpolator': 'sitkBSpline', 'preCrop': False, 'padDistance': 10, 'distances': [1], 'force2D': False, 'force2Ddimension': 0, 'resegmentRange': None, 'label': 1, 'additionalInfo': True, 'binWidth': 25}",{'Original': {}},f5e6830c1bf9ab5f01d1ed21cb2cdf7412ff2189,3D,"(2.5, 0.875, 0.875)","(302, 512, 512)",-578.0768082726081,-1024.0,3071.0,9899d41d9ed0c7ca79def35ae9561bb8eade020e,"(2.5, 0.875, 0.875)","(302, 512, 512)","(145, 188, 99, 54, 146, 315)",331488,165,"(np.float64(168.66271780577276), np.float64(272.9893962979052), np.float64(270.59284498986386))","(236.7687393661309, 238.86572176066707, -421.6567945144319)","(1.0, 1.0, 1.0)","(157, 149, 297)",27.77278556569007,-1036.8271868386357,1431.8939797800997,"(1.0, 1.0, 1.0)","(157, 149, 297)","(11, 10, 11, 135, 128, 275)",633867,156,"(np.float64(71.15351327644443), np.float64(84.71978979817533), np.float64(160.68106558631385))","(236.74356558631385, 238.78228979817533, -421.4035132764444)",165.74038872678545,-143.6581857301354,830.98803927834,0.3883629103716727,0.20655621518774514,67.61059877407264,327.32299394922273,270.4071004984891,273.87588429797904,144.42298985964803,280.5084668953862,633086.9583333334,127.12011056168954,0.38003038496703384,93822.726103717,0.1481987977618667,633867.0,31.11698372270687,286.107343219999,23542272256.637028,3.8664022627970547,165.46470527271245,2.131835053135004,830.98803927834,84.86677144726383,165.74038872678545,175.48083956116423,-143.6581857301354,974.6462250084754,66.53908762073699,192.71925925740877,-0.333163355857374,23542272256.637028,0.07553114522829726,9670.83643341835,191.11842854940727,5845.0223403080345,-122.88930333928857,52.93308326507054,4.718158205166737,0.83573559287006,1.4850557646200098,2.28662280434838,2.4415371563875956,0.5492832456592555,0.5004674816387542,0.9971071048163996,0.9655147417068153,-0.24881461747585892,0.9118048347615968,0.43556704927350237,13.381415750207655,0.01485483866101118,6.670375269463415,0.8440456305040313,0.03917130411948334,26.762831500415306,4.7339998696839585,14.412810367559322,34624.95664004725,0.07295120644520217,15.493823330505032,183.53454963813658,2.443900383832089,474.74503419625876,0.020454303299799685,0.009423565560285231,4.942087755939725,299676.0059333541,0.6284313658630892,0.7490888345783773,0.6322369802677753,0.8201896901713401,147.4563915192524,0.008035346994934675,2375.490640505187,0.06696804917978087,17.468664331885698,119.58905615696888,260597.86989738385,64809144.67605435,1233.6704683720875,0.019771786695820307,10138.598331078034,0.2858197544846085,0.5480974150534157,62.64930702398699,0.011447640934921609,6.679852752659972,0.05596126632243042,260278.55077041133,55.20216856887178,2.8851249998173163e-05,515.1698891057962,0.022726969632939072,0.020048972024062188,case_00026
3.1.1.dev111+g8ed579383,2.0.2,2.5.5,1.8.0,3.12.13,"{'minimumROIDimensions': 2, 'minimumROISize': 50, 'normalize': False, 'normalizeScale': 1, 'removeOutliers': 3, 'resampledPixelSpacing': [1, 1, 1], 'interpolator': 'sitkBSpline', 'preCrop': False, 'padDistance': 10, 'distances': [1], 'force2D': False, 'force2Ddimension': 0, 'resegmentRange': None, 'label': 1, 'additionalInfo': True, 'binWidth': 25}",{'Original': {}},690c44c3788e729ea556585d4b250bb0a9f7bb5d,3D,"(0.5, 0.89453125, 0.89453125)","(723, 512, 512)",-534.0835658715804,-1024.0,3069.0,24b57d51d6b1105f1997b896a782c93d26a722c7,"(0.5, 0.89453125, 0.89453125)","(723, 512, 512)","(221, 262, 116, 261, 104, 253)",1122310,8,"(np.float64(349.7984193315572), np.float64(316.3963512754943), np.float64(241.63984906131105))","(216.1543962306259, 283.02642360190697, -174.8992096657786)","(1.0, 1.0, 1.0)","(152, 115, 248)",21.89892936848774,-1031.1715990686746,1353.2331252464803,"(1.0, 1.0, 1.0)","(152, 115, 248)","(10, 11, 11, 131, 93, 225)",449007,4,"(np.float64(74.40571750551773), np.float64(59.96262419071417), np.float64(123.0034052921224))","(216.0561396671224, 283.01535856571417, -174.6557175055177)",134.7104168068168,-203.473967244219,898.5296771145793,0.3737965206421247,0.1722885185712541,52.58507936947581,305.21522737296027,225.37524265100637,223.27113561766106,127.26350615946427,225.37524265100637,448932.8333333333,114.08839003900752,0.5218133848479916,54336.27003100055,0.12103429733029972,449007.0,22.503736817933557,227.98311867479873,11047482696.684465,3.6692520257368666,120.42560525591136,2.760596907270959,898.5296771145793,66.42158308322192,134.7104168068168,148.84561111257972,-203.473967244219,1102.0036443587983,48.92026862090146,156.857435072158,-0.4022934865660035,11047482696.684465,0.09087938871686865,6457.358541149963,232.3240329420085,2738.5662050934543,-74.71958962947835,32.5322129897389,6.776669951398889,0.6549258487845496,1.9345312220111173,2.560823523691832,2.997336444493044,0.46916295093974897,0.40032161779425607,0.9967047951454445,0.960034782389237,-0.12128781857841976,0.7561234697441267,0.39323960897985594,15.029469482245988,0.012982674369935122,6.817354504571584,0.6858223974216833,0.03283095509234661,30.05893896449198,4.460904664093764,9.827220735284447,32681.645887125433,0.08780960847986934,10.840402443944269,230.38160246659208,1.7233386053269835,404.5777518125465,0.009150844085648296,0.005592948304954932,4.492582078362658,265999.2042013709,0.7141863156333923,0.828915464912231,0.2660573207762759,0.8704686188615932,199.3237841586613,0.004948644066684951,2874.1852692005,0.06652898637101291,20.559275061638512,200.84158140826813,132840.8852136475,36580997.05944169,501.6655655483789,0.0083801893515673,15994.684644229434,0.370230189440985,0.6313285105730169,126.66189603666223,0.005522618169319484,6.283638211334278,0.09621676276761833,132732.86662010974,48.21436526367332,2.323427358692339e-05,1024.1152339471732,0.017760181767118695,0.024855767022663677,case_00027
3.1.1.dev111+g8ed579383,2.0.2,2.5.5,1.8.0,3.12.13,"{'minimumROIDimensions': 2, 'minimumROISize': 50, 'normalize': False, 'normalizeScale': 1, 'removeOutliers': 3, 'resampledPixelSpacing': [1, 1, 1], 'interpolator': 'sitkBSpline', 'preCrop': False, 'padDistance': 10, 'distances': [1], 'force2D': False, 'force2Ddimension': 0, 'resegmentRange': None, 'label': 1, 'additionalInfo': True, 'binWidth': 25}",{'Original': {}},9f68c5c171f5a374b63bf95d69fbe4f80c251c26,3D,"(5.0, 0.83984375, 0.83984375)","(98, 512, 512)",-539.9386706838802,-1024.0,1406.0,cd3152a74e975fc2bbc087716ab98b143025f9af,"(5.0, 0.83984375, 0.83984375)","(98, 512, 512)","(21, 267, 71, 33, 132, 330)",151648,82,"(np.float64(39.980415171977214), np.float64(318.7136131040304), np.float64(253.04147103819372))","(212.51529794223302, 267.669636005338, -199.90207585988605)","(1.0, 1.0, 1.0)","(187, 133, 299)",11.845321321172756,-1056.4247701514225,1315.909703725421,"(1.0, 1.0, 1.0)","(187, 133, 299)","(13, 11, 11, 165, 111, 277)",534845,72,"(np.float64(109.91151642064523), np.float64(54.58804887397283), np.float64(163.42976002393218))","(212.50983814893218, 267.66812699897287, -199.91151642064523)",105.42223163361433,-124.72287187914928,219.00596854942873,0.3543260313931999,0.1929313390394381,66.88937901912175,346.70043421742145,281.58480072617556,256.12496949731394,159.76545308670458,288.9740472776059,533646.5833333334,122.8449889385581,0.30304266460152907,104990.37911547672,0.1967414060063348,534845.0,11.480864091091464,156.21026743538346,7659038792.423767,2.816477550715449,65.10563247001127,3.763623689698859,219.00596854942873,44.917787023546225,105.42223163361433,127.65611418384107,-124.72287187914928,343.728840428578,29.83574181455509,119.66665858269735,-1.26706799026734,7659038792.423767,0.19334562431536056,3206.2622537364077,102.89156598566016,996.5557901177274,-82.30995514809356,15.263785529768281,1.6007922204517797,0.8072556057449655,0.8082307990771328,1.6712610753511319,0.9237852970067306,0.6868578237570925,0.6661701041217168,0.9922469399577921,0.9491081910157452,-0.2640539741438016,0.8554163836904914,0.4409045333787876,9.973573852399348,0.0840579392787822,4.6476626430351855,0.8279067137924425,0.22218144387108874,19.947147704798695,3.53022276398135,4.216144437555015,44603.4639218864,0.1402430206488044,6.323476151430231,90.80473570657453,5.481863670916223,605.536250964063,0.06354228215307074,0.018687539957939606,4.601816013215662,153498.2154866365,0.4789458923492426,0.5909517998384867,2.3909465147183835,0.7177233329309972,60.36260093653049,0.015291516622484532,1407.0375894988067,0.10494015434806135,8.833979886042103,47.72605906921241,1925961.258129475,230971109.41572195,16483.966635421668,0.058469737463421365,2381.367392601432,0.17760794992552445,0.40605526194217695,16.5960576163263,0.02914996212160352,6.6702412875018595,0.02506894520842487,1924370.046743496,229.4158101107705,2.3196160161567324e-05,49.32338217326118,0.031564452381594284,0.0025032700136531395,case_00028
3.1.1.dev111+g8ed579383,2.0.2,2.5.5,1.8.0,3.12.13,"{'minimumROIDimensions': 2, 'minimumROISize': 50, 'normalize': False, 'normalizeScale': 1, 'removeOutliers': 3, 'resampledPixelSpacing': [1, 1, 1], 'interpolator': 'sitkBSpline', 'preCrop': False, 'padDistance': 10, 'distances': [1], 'force2D': False, 'force2Ddimension': 0, 'resegmentRange': None, 'label': 1, 'additionalInfo': True, 'binWidth': 25}",{'Original': {}},2eb581c807f436e0754c6fb1daf665bbc6c60ce3,3D,"(5.0, 0.75390625, 0.75390625)","(131, 512, 512)",-574.0762344826269,-1024.0,2235.0,131484a5c952e8c8162057c63fba4e49e935d1e5,"(5.0, 0.75390625, 0.75390625)","(131, 512, 512)","(58, 255, 150, 28, 105, 268)",129948,52,"(np.float64(68.23043063379198), np.float64(316.7146320066488), np.float64(274.655862344938))","(207.0647712209884, 238.77314053626256, -341.1521531689599)","(1.0, 1.0, 1.0)","(162, 102, 224)",45.68560943568877,-1037.3147599386793,1568.674330536912,"(1.0, 1.0, 1.0)","(162, 102, 224)","(13, 11, 11, 140, 79, 202)",369690,39,"(np.float64(66.11519110606183), np.float64(57.662987908788445), np.float64(104.91532094457519))","(207.03836781957517, 238.78603478378844, -341.11519110606184)",116.99583071871027,-182.77868675360253,243.8345769712614,0.400756426129317,0.2056851470226397,52.890404880324645,257.1425581571187,199.90497742677644,200.9601950635996,143.6175476743702,213.03990236573054,369535.7083333333,103.05153261279695,0.4545361567345566,54788.14916276202,0.14826212440975073,369690.0,33.066489035875115,181.3526950904771,6291967945.202367,3.098900772742332,83.29887528320934,3.000314292107797,243.8345769712614,47.42886552207162,116.99583071871027,127.00864829355834,-182.77868675360253,426.61326372486394,34.56607529037022,130.4591063038511,-0.7567265759764126,6291967945.202367,0.13551043193962337,3331.5540120384035,181.3187125480942,988.9624145936721,-57.037597799582386,18.15916504116392,1.6903523035045618,0.8287832238841146,0.8462743702284654,1.6970472743747007,0.9472613835984522,0.6730321191191468,0.650792611465354,0.9949612215302258,0.957498728668466,-0.2963016741802927,0.9037139812423283,0.45554720884660416,13.311673073564718,0.04372115398436807,5.179355978481002,0.8361531803387151,0.1089972530951374,26.623346147129435,3.943000143639834,4.962379336167123,27909.44442663717,0.12439458459483325,5.831425498645628,172.79693509300097,4.712321870807753,882.2612346161552,0.028771583489381265,0.00691796236794542,4.737105484171392,106936.17726440223,0.46905648308443504,0.60664506852935,1.7786588542051613,0.7080471806254389,118.46151190600791,0.00513050982462294,797.5119737837157,0.10051827247084896,8.427601191046197,121.12881270481472,1034873.9049659693,208323554.74867657,5422.618710116307,0.01143694972915567,1513.4164355936475,0.1907507481212059,0.42569054041950194,49.2179294315187,0.0050797215689485625,6.6288640344020715,0.02146122426898212,1032702.7490409442,82.39944494999152,4.197411270316817e-05,79.37670366915434,0.02194547285628354,0.006819900661107219,case_00029
3.1.1.dev111+g8ed579383,2.0.2,2.5.5,1.8.0,3.12.13,"{'minimumROIDimensions': 2, 'minimumROISize': 50, 'normalize': False, 'normalizeScale': 1, 'removeOutliers': 3, 'resampledPixelSpacing': [1, 1, 1], 'interpolator': 'sitkBSpline', 'preCrop': False, 'padDistance': 10, 'distances': [1], 'force2D': False, 'force2Ddimension': 0, 'resegmentRange': None, 'label': 1, 'additionalInfo': True, 'binWidth': 25}",{'Original': {}},3561fe3da85f9faf3c622fa9eee3d01b4064c3dc,3D,"(5.0, 0.73046875, 0.73046875)","(38, 512, 512)",-433.45395278930664,-1024.0,1508.0,2f5721be75b686112e4048c32d1f2d6ace0c97ff,"(5.0, 0.73046875, 0.73046875)","(38, 512, 512)","(4, 153, 112, 33, 209, 342)",100690,240,"(np.float64(20.48632436190287), np.float64(277.70369450789553), np.float64(229.83371735028305))","(167.88634822071458, 202.8538705975643, -102.43162180951435)","(1.0, 1.0, 1.0)","(183, 175, 272)",5.953831893174743,-1107.9584967700341,1540.8568530826183,"(1.0, 1.0, 1.0)","(183, 175, 272)","(13, 11, 11, 165, 152, 250)",268405,206,"(np.float64(97.3998248914886), np.float64(101.71867141074124), np.float64(96.72168923827797))","(167.85645486327797, 202.85343703574125, -102.3998248914886)",103.39898986456576,-133.44583909186647,297.1529514307049,0.5206723453146912,0.3219368636082125,95.65629708831757,297.1275051145693,257.75181861628056,250.44959572736389,168.67127793433,260.88119901595053,265698.375,154.7060749455057,0.1701087338380368,117494.29453340152,0.44220930795456137,268405.0,-6.607134135366233,175.83229087628644,4161847571.5036373,3.2808038553882524,103.98676484200789,2.5496408482261566,297.1529514307049,58.169214818862606,103.39898986456576,124.96739388121189,-133.44583909186647,430.59879052257133,43.36530334793699,124.5224864666021,-0.7519549408344214,4161847571.5036373,0.12410673621762185,4814.498530812525,128.41028499798628,1608.8892819915588,-103.44350368330302,22.946671711493845,2.4603577094083757,0.802890999864798,1.0419560106452566,1.9094684075779196,1.3366742634327222,0.6303549648387107,0.599252067477732,0.992741441624599,0.948536049094662,-0.24831737281148955,0.8712751079013964,0.454796581479748,11.102944839596425,0.04286975111888459,5.458601289946011,0.8160995145059515,0.13003277780558933,22.20588967919285,4.00993366497972,6.351757355225555,19445.19697684078,0.10465189304415609,8.378734500714929,111.45042779925049,3.403469823949238,463.2686981524633,0.03426012803294725,0.014263542914701713,4.600680473677014,108659.6403360578,0.5800067657669182,0.6911418307293944,1.21372287067246,0.7886789863707573,82.77776908409751,0.012185698571229954,1576.4350137488543,0.09632966781233451,8.69757468474531,70.32655056523068,247766.13461655972,39459143.538221814,1591.1943074425071,0.02671700478563162,3279.2219370608004,0.2003801978038986,0.44333742393612663,29.606226700559354,0.012687748764082888,6.706258696747428,0.060971293381270844,247497.13653394082,75.103419895577,5.3142027755321953e-05,97.7005432587711,0.035189038984826164,0.006977139124419466,case_00030
3.1.1.dev111+g8ed579383,2.0.2,2.5.5,1.8.0,3.12.13,"{'minimumROIDimensions': 2, 'minimumROISize': 50, 'normalize': False, 'normalizeScale': 1, 'removeOutliers': 3, 'resampledPixelSpacing': [1, 1, 1], 'interpolator': 'sitkBSpline', 'preCrop': False, 'padDistance': 10, 'distances': [1], 'force2D': False, 'force2Ddimension': 0, 'resegmentRange': None, 'label': 1, 'additionalInfo': True, 'binWidth': 25}",{'Original': {}},e4ac45cbbc9b348eb42417a13d4e0e7fe414d675,3D,"(3.0, 0.5180000066757202, 0.5180000066757202)","(117, 512, 512)",-662.6028902428782,-2048.0,1535.0,dae1b18b0fd22cf3d520cd4bce04f1a116c1efd4,"(3.0, 0.5180000066757202, 0.5180000066757202)","(117, 512, 512)","(16, 236, 90, 37, 144, 334)",316311,5,"(np.float64(33.884901252248575), np.float64(311.6432466781111), np.float64(263.1206123087721))","(136.29647893246351, 161.43120385970468, -101.65470375674573)","(1.0, 1.0, 1.0)","(133, 97, 195)",79.69210863520298,-1106.2406575475125,1378.5304111380901,"(1.0, 1.0, 1.0)","(133, 97, 195)","(12, 11, 11, 111, 75, 173)",254799,3,"(np.float64(66.65384479530924), np.float64(50.19471818963183), np.float64(100.07256307913296))","(136.31356307579512, 161.43571818629397, -101.65384479530924)",182.6441227812812,-228.406833904254,294.6057978272014,0.38900201650162375,0.18410737329026172,43.68845338461831,237.29877084140224,169.3576098083579,174.39323381370048,107.28000745712129,180.00833314044104,254622.125,92.30970037066218,0.5310456855852989,36583.310113552834,0.1436768706315401,254799.0,112.35179764645841,231.32477681345634,9201121684.69548,2.811679716392312,52.61719253780518,6.135085698206195,294.6057978272014,38.459053524648105,182.6441227812812,197.15020571052648,-228.406833904254,523.0126317314554,23.202486422566007,190.0297196039874,-1.6371424800797914,9201121684.69548,0.18805542149373689,2752.418746226372,324.64935763873405,1154.6003297182385,-83.42930136199683,13.533687745241235,2.1617786861100137,0.7228836647697157,1.0051258701325905,1.8384124524894934,1.1143224410221684,0.6283209695810754,0.5979410132576222,0.995650345662744,0.9582426068976129,-0.18113464933209242,0.7678618026076287,0.4727270258441506,17.938944288946523,0.058615476066930135,4.968045169841324,0.75013406477447,0.14925506019756207,35.877888577893046,3.561091058784606,3.923866607837812,27532.768173249635,0.1611959695908754,5.261020012543586,313.6703510417248,3.486250409571686,1157.9224707121184,0.011098620953125046,0.0035055181919495314,4.2971837673959605,91617.04556396976,0.5291814882600036,0.6679548615545224,1.0970332030387058,0.7519732091065479,231.08405484716803,0.0027241080835168564,885.0209956709957,0.09578149303798654,11.64358884531774,233.9988095238095,623480.7527056277,217873341.38831168,1799.2250485606382,0.005563829766950054,2301.5060606060606,0.2490807424898334,0.5017692623073555,110.59985904983762,0.003069913231237675,6.324313479318265,0.03626387858665065,622720.3362685178,45.361796560131786,3.816387093988729e-05,182.61189596872018,0.014922150529106702,0.01802586098403911,case_00031
3.1.1.dev111+g8ed579383,2.0.2,2.5.5,1.8.0,3.12.13,"{'minimumROIDimensions': 2, 'minimumROISize': 50, 'normalize': False, 'normalizeScale': 1, 'removeOutliers': 3, 'resampledPixelSpacing': [1, 1, 1], 'interpolator': 'sitkBSpline', 'preCrop': False, 'padDistance': 10, 'distances': [1], 'force2D': False, 'force2Ddimension': 0, 'resegmentRange': None, 'label': 1, 'additionalInfo': True, 'binWidth': 25}",{'Original': {}},d6a0c4c607d5558ce1709b78870f02943be32dcd,3D,"(2.5, 0.7792969942092896, 0.7792969942092896)","(189, 512, 512)",-710.7299848082205,-2048.0,1664.0,0fe121c1523f5e12c94833f8782edbd1dd32e81a,"(2.5, 0.7792969942092896, 0.7792969942092896)","(189, 512, 512)","(36, 257, 145, 51, 82, 223)",180034,12,"(np.float64(61.70511125676261), np.float64(291.08069031405176), np.float64(259.07004787984494))","(201.8925096024199, 226.8383070341056, -154.26277814190652)","(1.0, 1.0, 1.0)","(150, 86, 196)",89.7106439268174,-1000.9914275096477,1617.2972395418726,"(1.0, 1.0, 1.0)","(150, 86, 196)","(12, 11, 11, 127, 64, 174)",273258,6,"(np.float64(76.74529199511085), np.float64(37.73097951386602), np.float64(99.71952879696111))","(201.82988029985648, 226.8413310167614, -153.99529199511085)",159.71793272812064,-139.16507292065467,318.88405809791914,0.40292317709357506,0.19065319597346989,45.61639582458134,239.2637353476573,176.52761823578768,170.23806859806652,105.51303237041384,177.95224078386875,273264.9166666667,96.40490440955439,0.5229821751425298,38939.15200743954,0.1424959796611513,273258.0,74.7470805674809,221.18199891127918,8046337519.843457,3.1385423991108907,67.95903852548415,5.027713854900624,318.88405809791914,47.05764421990802,159.71793272812064,175.62606528494968,-139.16507292065467,458.0491310185738,29.463794220175462,171.59818117255236,-1.3711376431831133,8046337519.843457,0.14604058487092153,3936.1177467836283,174.60178962781762,1677.7342460985076,-106.74501038639428,17.883604356370927,3.645002098654904,0.6589865278980087,1.3471411193102147,2.1408919189478657,1.7732303932441222,0.5597226769873771,0.5133274519715427,0.9904319476821354,0.9375281047576671,-0.1470518318224035,0.7423242138325075,0.4542103249232587,13.078261155573546,0.03491098455604551,5.645683712289816,0.7031736900890789,0.08316925000967347,26.156522311147093,3.839348237600646,5.382151613756461,27037.035721766784,0.132434392065407,7.262496030186079,169.02841353184522,2.4845777132209106,441.1131939950837,0.017565126300206475,0.008428447750196789,4.309672763933081,126549.17543888783,0.614786878548657,0.7454409104498032,0.6162290582510705,0.8102203641815383,134.64144678461136,0.007212323540907831,1376.2720140981185,0.07823728122893062,15.812356688397445,118.86180433176055,268567.96464100963,51933403.73276107,1422.7497896771833,0.019634979504624162,5377.351998180888,0.30568768109720246,0.5652423806585913,61.32057476020447,0.012735248657215948,6.228152826209965,0.06437505946760937,268326.66053408996,87.8082235724851,3.324283410542651e-05,161.3045618408488,0.03568106838726677,0.0065073729098902655,case_00032
3.1.1.dev111+g8ed579383,2.0.2,2.5.5,1.8.0,3.12.13,"{'minimumROIDimensions': 2, 'minimumROISize': 50, 'normalize': False, 'normalizeScale': 1, 'removeOutliers': 3, 'resampledPixelSpacing': [1, 1, 1], 'interpolator': 'sitkBSpline', 'preCrop': False, 'padDistance': 10, 'distances': [1], 'force2D': False, 'force2Ddimension': 0, 'resegmentRange': None, 'label': 1, 'additionalInfo': True, 'binWidth': 25}",{'Original': {}},0ac053559381f418df8456d5096cb7dfe632a7c3,3D,"(1.0, 0.80859375, 0.80859375)","(423, 512, 512)",-515.0737132079213,-1024.0,3071.0,5ffaf56252e4ff674b922b5d84b55eec6acba95f,"(1.0, 0.80859375, 0.80859375)","(423, 512, 512)","(91, 223, 122, 122, 108, 284)",673926,5,"(np.float64(152.19999821938907), np.float64(278.8458050290388), np.float64(263.4801832842181))","(213.04842945247324, 225.47297516019933, -152.19999821938907)","(1.0, 1.0, 1.0)","(144, 110, 251)",33.74402503982956,-1022.0235201590683,1666.5166437480843,"(1.0, 1.0, 1.0)","(144, 110, 251)","(11, 11, 11, 122, 88, 229)",440897,6,"(np.float64(72.18851795317273), np.float64(56.39541661657938), np.float64(124.82343041572068))","(212.91913354072068, 225.49111974157938, -152.18851795317272)",157.6617214555207,-168.08446948728093,314.20203228924544,0.3508987495040064,0.16385888190150052,53.347435964835796,325.56938840156505,229.87170334775874,230.25420734483876,130.20752666416791,231.69807940507405,440878.2916666667,114.24189126689333,0.4564236597539473,61375.51071619612,0.1392119137555543,440897.0,43.917475275019704,228.98516046506157,13313345732.522247,3.325497844637005,85.7310439137165,3.987233554396377,314.20203228924544,56.99687622135324,157.6617214555207,179.86085083135697,-168.08446948728093,482.2865017765264,37.394038112080445,173.77009288656356,-1.1998150828030212,13313345732.522247,0.12774131126925506,5338.826769486736,200.8793637620829,2882.503650454962,-168.50291879775952,26.725656142998453,4.1424888823578945,0.7308574816277851,1.3899585199721345,2.1964104643524545,2.176121339134485,0.5582389863216377,0.5127421926041892,0.9903128650936428,0.9390042580811919,-0.17363544274455908,0.8125079437742558,0.45731859560122157,13.972586883925358,0.029383864575790983,5.953810236257691,0.7606133363045859,0.07863715362996468,27.945173767850715,4.101947185656083,7.717036256339089,38117.32614051851,0.11572960137577602,9.476801473626919,194.69212489249884,2.3500648503385193,483.64484826063375,0.014832681090217395,0.007357337204261001,4.488626156836988,202159.66814460393,0.6114814923377497,0.7466130673115524,0.535457004247378,0.8094507057255295,154.572848258932,0.006257712828324902,2256.1177467034245,0.07493665083546765,16.71957493831395,140.9094894874946,352468.4955326004,82625490.43129505,1551.3657096314853,0.014689214782772107,10988.418407679277,0.3649788556707502,0.6255692972554799,85.59582135903545,0.009712384793752499,6.067120826840312,0.06828579010517195,352254.03897902044,112.90011688595534,2.3580888532121707e-05,179.4448356916454,0.04410808648838521,0.00493235418587035,case_00033
3.1.1.dev111+g8ed579383,2.0.2,2.5.5,1.8.0,3.12.13,"{'minimumROIDimensions': 2, 'minimumROISize': 50, 'normalize': False, 'normalizeScale': 1, 'removeOutliers': 3, 'resampledPixelSpacing': [1, 1, 1], 'interpolator': 'sitkBSpline', 'preCrop': False, 'padDistance': 10, 'distances': [1], 'force2D': False, 'force2Ddimension': 0, 'resegmentRange': None, 'label': 1, 'additionalInfo': True, 'binWidth': 25}",{'Original': {}},8697a9c677d75a295c369562f2313c9f79411b7e,3D,"(5.0, 0.8359375, 0.8359375)","(110, 512, 512)",-399.20296304876155,-1024.0,1376.0,1e68e1505792a51c116eb5c75793db5eccb4d426,"(5.0, 0.8359375, 0.8359375)","(110, 512, 512)","(30, 210, 108, 25, 112, 286)",162478,14,"(np.float64(42.2036706507958), np.float64(263.76702692056773), np.float64(262.7410480188087))","(219.63509482822292, 220.49274906641207, -211.018353253979)","(1.0, 1.0, 1.0)","(147, 115, 261)",12.596649922498647,-1079.40853755898,1267.6822569790886,"(1.0, 1.0, 1.0)","(147, 115, 261)","(13, 11, 11, 125, 93, 239)",567630,13,"(np.float64(76.02773813928087), np.float64(55.37908496732026), np.float64(140.5232281591882))","(219.6052594091882, 220.46111621732027, -211.02773813928087)",96.87386611132905,-139.13802932722095,257.3221188413721,0.3925675177211096,0.19377141305534523,59.243688301935336,305.74008501973447,239.40969069776602,238.20999139414786,138.2244551445221,241.60504961610386,567597.0416666666,120.02362624403816,0.4079483996980133,81265.39291475136,0.14317444762595535,567630.0,14.991204178604205,158.10629565783086,7099671339.885259,3.0929371004517,75.02335203056352,3.210805666972781,257.3221188413721,44.970939749924355,96.87386611132905,109.26129913153626,-139.13802932722095,396.46014816859304,31.492199706330837,111.83724294313856,-0.8111593058840805,7099671339.885259,0.1394189464736909,3123.022973766887,114.44094025821674,800.0749208192317,-51.6237466242287,15.648382277539897,2.3086193632893437,0.7410464144649018,1.0952739464195085,1.8872445296601232,1.0647761330319778,0.5995671673689791,0.5627395201727109,0.9922836757459387,0.9424508462247316,-0.20000850942023735,0.8144424068750181,0.4772513506018559,10.54061103216917,0.03587220551842513,5.429806831794465,0.759891749068012,0.08933400429704078,21.08122206433834,3.876626921050117,4.489250410207311,51675.544185914514,0.12857362633878305,5.558788591220535,109.55121642651328,3.054382883019856,359.53998943402996,0.03253682331535023,0.012594359350668289,4.382996612060176,230838.78902401874,0.5668359135440866,0.706724450786604,0.9060377139870095,0.7782445370381412,83.33357275284335,0.01030319602312295,1475.8643815201192,0.09563042710556076,12.45792508963767,76.57616795179162,1307308.634484546,167383804.97148967,10798.064212999263,0.030414930002295632,2812.1844748266703,0.18221891238428498,0.41207493757963426,27.072377913969415,0.014990444271600284,6.7552929588535156,0.027188485457075914,1305955.845779565,211.15487054735303,2.0260526271228567e-05,94.80786398811132,0.02737943276327354,0.0025296480441615622,case_00034
3.1.1.dev111+g8ed579383,2.0.2,2.5.5,1.8.0,3.12.13,"{'minimumROIDimensions': 2, 'minimumROISize': 50, 'normalize': False, 'normalizeScale': 1, 'removeOutliers': 3, 'resampledPixelSpacing': [1, 1, 1], 'interpolator': 'sitkBSpline', 'preCrop': False, 'padDistance': 10, 'distances': [1], 'force2D': False, 'force2Ddimension': 0, 'resegmentRange': None, 'label': 1, 'additionalInfo': True, 'binWidth': 25}",{'Original': {}},2641978370880dcc1a34873f0951c8d32a160b54,3D,"(5.0, 0.96484375, 0.96484375)","(98, 512, 512)",-586.1450542138547,-1024.0,1375.0,c9dab3b5d6f57b8350fa8bb9ea895210dea47d87,"(5.0, 0.96484375, 0.96484375)","(98, 512, 512)","(28, 275, 140, 28, 84, 274)",102806,4,"(np.float64(40.80053693364201), np.float64(316.617006789487), np.float64(278.60453670019257))","(268.80984595682645, 305.4859401445441, -204.00268466821004)","(1.0, 1.0, 1.0)","(162, 103, 286)",2.698192346070832,-837.7355367215521,1339.8425558061415,"(1.0, 1.0, 1.0)","(162, 103, 286)","(13, 11, 11, 140, 81, 264)",480630,4,"(np.float64(78.84349707675342), np.float64(51.52423901962008), np.float64(145.17781869629445))","(269.1953968212944, 305.5418171446201, -203.8434970767534)",82.17968957845213,-125.32243557481029,1106.9862958189763,0.30193935163577373,0.1424037643055271,55.639649129305866,390.71754458632904,266.6552080871476,261.6906570743404,125.00399993600205,268.13056521030944,480613.7083333333,117.9730020851177,0.3937314421773646,75361.25625792007,0.1568021364169095,480630.0,1.1045111386382005,132.93023836749418,4558772214.561059,2.865005593099909,59.091227355165714,12.11192868689136,1106.9862958189763,40.01089763029224,82.17968957845213,96.49529560253643,-125.32243557481029,1232.3087313937865,26.376157616508518,97.39092904514905,-0.33830913808333085,4558772214.561059,0.1750368282125864,2731.491681066505,102.37558543545475,2869.913925715201,-8.160240054114173,13.253577590988643,2.0033637154235664,0.7348922956343447,0.9877143800789528,1.7935748505154028,0.986764930814841,0.6269585951555887,0.5961702992508174,0.9992345868223041,0.9813610341516312,-0.1984437684452461,0.7886346383250369,0.47680875873500234,9.978029354171628,0.0560730648029624,4.976361098524882,0.8208538651554466,0.1424475473493355,19.956058708343242,3.587011336490378,3.814235326603053,48346.795804627196,0.14852546230109231,5.197984265274936,96.09750995924807,3.7568925611922146,400.7803737229943,0.04285196680319295,0.014483299601157644,4.3118681956703195,177700.88429378992,0.5382609651776227,0.673581629239828,1.3107018294752315,0.758082468332868,70.5541391502939,0.011732499136819561,1147.054236054236,0.10438203986297534,19.205180610586012,77.43170443170443,1727204.7518427519,196146120.0,15761.897061352225,0.035756573574796856,1778.855491855492,0.1618760116348614,0.38103653079940836,29.187424074174125,0.016776943170497972,6.8861088565122595,0.022863741339491917,1725291.7939813093,51.24468031734062,2.1592956135257258e-05,1247.4747869116172,0.0023716490012851543,0.15129980658612585,case_00035
3.1.1.dev111+g8ed579383,2.0.2,2.5.5,1.8.0,3.12.13,"{'minimumROIDimensions': 2, 'minimumROISize': 50, 'normalize': False, 'normalizeScale': 1, 'removeOutliers': 3, 'resampledPixelSpacing': [1, 1, 1], 'interpolator': 'sitkBSpline', 'preCrop': False, 'padDistance': 10, 'distances': [1], 'force2D': False, 'force2Ddimension': 0, 'resegmentRange': None, 'label': 1, 'additionalInfo': True, 'binWidth': 25}",{'Original': {}},57cdbb595b02d6f21514e9111fa1f633144f0019,3D,"(3.0, 0.798828125, 0.798828125)","(163, 512, 512)",-485.2836561846587,-1024.0,1627.0,0e22d627915f4ff49ba5df6f145c7f7599b243f8,"(3.0, 0.798828125, 0.798828125)","(163, 512, 512)","(28, 270, 112, 44, 116, 302)",301381,9,"(np.float64(49.4538607277831), np.float64(327.8196468921399), np.float64(271.00230273308534))","(216.48426136295294, 261.8715538650102, -148.3615821833493)","(1.0, 1.0, 1.0)","(154, 114, 263)",23.342310346852756,-1083.4054743009153,1337.9549981985988,"(1.0, 1.0, 1.0)","(154, 114, 263)","(12, 11, 10, 132, 92, 242)",578685,7,"(np.float64(77.3608128774722), np.float64(56.76386116799295), np.float64(137.43362969491173))","(216.53421563241173, 261.86444710549296, -148.3608128774722)",134.17625816286662,-155.12365128642463,300.09538914632503,0.3623003012323691,0.18356841810898766,61.54697693088849,335.2808591200422,242.24987100099764,240.29981273400944,141.50971698084905,242.69734238347152,578045.0833333334,121.47235625663879,0.3828464182073601,87653.11283942444,0.15163715662793506,578685.0,17.688199983066983,211.84972165527174,13667877266.980707,3.3937470582901734,108.789206671004,2.7784462264541903,300.09538914632503,62.364785704876965,134.17625816286662,158.1079020054975,-155.12365128642463,455.2190404327497,45.81840102716718,153.6842714097486,-0.8238279683651458,13667877266.980707,0.11597876205488619,5615.587024157032,178.37720490862512,2323.9815565057484,-131.00545102522443,28.71331311759974,3.1365912473293887,0.8016197827004496,1.2249478210128772,2.0541525376632985,1.589721963393613,0.5855192860963393,0.5453233390793666,0.9924983681056828,0.9454037610150221,-0.2282094636071697,0.8698621154936947,0.46094928418472175,13.114122958029778,0.03050521546689672,5.864617805196655,0.8253883969799298,0.0892646312943318,26.228245916059556,4.1761977248537,7.96247609123228,42658.75660161442,0.10262921310167514,9.8205843270014,167.69667212268723,2.8324818612157925,525.3718243835415,0.01986868120770877,0.008561938995234279,4.654496882717818,244975.42090066924,0.5847965819360705,0.7166371235579873,0.8025038436689889,0.7915408793239999,128.61710010514182,0.007171038477675034,2053.769798657718,0.07657605513265169,15.75806939377105,114.63150633855332,636162.9048098434,134257579.01573452,3208.0684069395174,0.017649028618220326,6412.083519761372,0.23907843101272827,0.4911799113716668,51.491111847018715,0.009791670282318142,6.672942657562014,0.046346457917519894,635697.3541961949,131.78510605301997,2.236950591193182e-05,145.29223159352028,0.03842925844244886,0.004112446990749545,case_00036
3.1.1.dev111+g8ed579383,2.0.2,2.5.5,1.8.0,3.12.13,"{'minimumROIDimensions': 2, 'minimumROISize': 50, 'normalize': False, 'normalizeScale': 1, 'removeOutliers': 3, 'resampledPixelSpacing': [1, 1, 1], 'interpolator': 'sitkBSpline', 'preCrop': False, 'padDistance': 10, 'distances': [1], 'force2D': False, 'force2Ddimension': 0, 'resegmentRange': None, 'label': 1, 'additionalInfo': True, 'binWidth': 25}",{'Original': {}},dc6a465f2f188e412ea25c86002976fdd1c10b61,3D,"(5.0, 0.9375, 0.9375)","(97, 512, 512)",-587.929282591515,-1024.0,2691.0,911138e5a9b2b5b2648a686e907565f08bca1500,"(5.0, 0.9375, 0.9375)","(97, 512, 512)","(19, 203, 117, 33, 125, 300)",113322,143,"(np.float64(31.871022396357283), np.float64(277.1591570921798), np.float64(230.53257090414922))","(216.1242852226399, 259.8367097739185, -159.35511198178642)","(1.0, 1.0, 1.0)","(187, 140, 303)",-5.889909896415854,-1095.9860050121592,1251.281978534518,"(1.0, 1.0, 1.0)","(187, 140, 303)","(13, 11, 11, 165, 115, 281)",498330,140,"(np.float64(79.38068147613028), np.float64(80.74811871651315), np.float64(117.08875644653142))","(216.12000644653142, 259.77936871651315, -159.38068147613026)",56.151967358959034,-112.6974524640781,176.66134740079056,0.35224003900699025,0.1895875800032335,63.31996020059972,333.9879131297513,281.58480072617556,274.3082208028042,165.4962235218677,286.25338425947035,497944.2916666667,117.64391554868685,0.3422467808886242,88769.803378724,0.1782725595299086,498330.0,5.926916273853539,92.58903325409987,2177843207.921384,2.3917521716981356,43.05031955195956,4.011051190988674,176.66134740079056,27.251676495719575,56.151967358959034,63.99526455937716,-112.6974524640781,289.3587998648687,18.35078485807824,66.1081172141706,-1.0771784873013144,2177843207.921384,0.23210488986700217,1217.239723320919,63.229108686378886,140.33336890867625,-14.722336784088288,5.859825655378622,0.9545206693489074,0.7171291202741993,0.6381540227377958,1.4260800480295655,0.5328355347168052,0.724569148380459,0.7114825363051995,0.994505328329997,0.9558505420478058,-0.23538538180807883,0.7932306382710046,0.4395851894977249,7.874132728906256,0.09819657079666827,4.0353709970413325,0.7305676973454989,0.20569040264459673,15.748265457812511,3.1226284623717224,1.7035865811818829,52908.563387271555,0.19487122941472074,2.5140804552471603,58.301885512493534,6.682582099323355,444.45123707892367,0.11360190522564945,0.022318154241834358,4.322335008036377,115515.82303336196,0.4176865485088598,0.5427422977359767,2.861043999383367,0.6658199744096683,36.86261376089058,0.016338306293854275,1094.628707330722,0.15313775983921682,6.817012612698376,40.74258533855624,4029589.8503077785,277396701.91662,60987.394163787234,0.05527186792081165,956.8752098489088,0.13386614575390443,0.3368836751070582,10.392862870847875,0.024424998270411405,6.587299878776417,0.014343908654907391,4024729.529027573,306.4101652682232,2.238507318640917e-05,35.799601223399456,0.01200512792553527,0.0018721182646039111,case_00037
3.1.1.dev111+g8ed579383,2.0.2,2.5.5,1.8.0,3.12.13,"{'minimumROIDimensions': 2, 'minimumROISize': 50, 'normalize': False, 'normalizeScale': 1, 'removeOutliers': 3, 'resampledPixelSpacing': [1, 1, 1], 'interpolator': 'sitkBSpline', 'preCrop': False, 'padDistance': 10, 'distances': [1], 'force2D': False, 'force2Ddimension': 0, 'resegmentRange': None, 'label': 1, 'additionalInfo': True, 'binWidth': 25}",{'Original': {}},451614bc7a2ba9fa763a87edebca6887fe8e963a,3D,"(5.0, 0.779296875, 0.779296875)","(32, 512, 512)",-454.8881667852402,-1024.0,1380.0,590760bd807b2ccda4c56b60bcc66f36b4c9bd59,"(5.0, 0.779296875, 0.779296875)","(32, 512, 512)","(4, 224, 92, 26, 121, 312)",165094,14,"(np.float64(15.563690988164318), np.float64(290.16930354828156), np.float64(252.6866391268005))","(196.91790822576834, 226.12803147610222, -77.8184549408216)","(1.0, 1.0, 1.0)","(152, 116, 265)",46.8220550010322,-1027.2693937709207,1447.4074114824136,"(1.0, 1.0, 1.0)","(152, 116, 265)","(13, 11, 11, 130, 94, 243)",501010,12,"(np.float64(72.83996327418615), np.float64(62.000608770284025), np.float64(135.75289914372968))","(196.86325070622968, 226.11096033278403, -77.83996327418615)",130.9687715394154,-282.6069004552872,245.73036419469545,0.3451269794876435,0.16001261089817487,55.306926389401696,345.6410471584433,244.1823089414956,243.20567427590993,132.59336333316233,249.897979183506,500989.625,119.29005059273968,0.45185392941894437,67510.58675178871,0.13475446073716338,501010.0,56.69582624330652,182.99403217771587,10098230778.736586,2.887488578750924,66.5818684641877,4.836747627665988,245.73036419469545,42.57282342210296,130.9687715394154,148.6688078333683,-282.6069004552872,528.3372646499827,28.208285645626322,141.9709369858385,-1.374034666644597,10098230778.736586,0.17373092366473356,3002.927830093351,323.8547833569143,1012.5356525303765,-73.50471313992922,14.594458847627331,1.881808804604829,0.7691293470958525,0.8726257440591435,1.7198358627854493,1.09229109449984,0.6684814151037853,0.6462387435942899,0.9962409460194575,0.9637197510813057,-0.2511218833412631,0.8531689779709212,0.46162859143899193,17.90740391522661,0.06325056763091794,4.878463548747377,0.8015451140229662,0.1649342935427384,35.81480783045321,3.6407585547417662,4.11906691305804,44327.05342651839,0.1437968096887568,5.916686811134206,308.29226282003776,4.78157907326866,1598.624371471536,0.015072529243522571,0.0035945656880115354,4.580998640479812,148851.8849927531,0.47736351343164174,0.6120574900239977,1.859270955901068,0.7150788897935816,213.8638697401539,0.0026900585169132925,1345.0665308893415,0.09131476788115013,10.766645332205083,217.56978954514597,1364086.2161575018,482171949.63923967,3906.063493647284,0.005764828777490831,3359.25471826205,0.22805531013320096,0.4760836530292296,95.59089008757071,0.002898903632777469,6.442702969694772,0.02940061076625217,1362929.338869601,73.99066081620262,2.388343858455561e-05,159.20801488163002,0.014210737551495172,0.010821048499788146,case_00038
3.1.1.dev111+g8ed579383,2.0.2,2.5.5,1.8.0,3.12.13,"{'minimumROIDimensions': 2, 'minimumROISize': 50, 'normalize': False, 'normalizeScale': 1, 'removeOutliers': 3, 'resampledPixelSpacing': [1, 1, 1], 'interpolator': 'sitkBSpline', 'preCrop': False, 'padDistance': 10, 'distances': [1], 'force2D': False, 'force2Ddimension': 0, 'resegmentRange': None, 'label': 1, 'additionalInfo': True, 'binWidth': 25}",{'Original': {}},affbfa10862b0e564ffb38042528d2e9d3ca5a1b,3D,"(5.0, 0.703125, 0.703125)","(90, 512, 512)",-456.26193211873374,-1024.0,1734.0,41c8f0f7ddf0ad4bd24d28e90968aea169377daa,"(5.0, 0.703125, 0.703125)","(90, 512, 512)","(18, 217, 97, 27, 140, 285)",138231,5,"(np.float64(30.371602607229928), np.float64(287.25126057107303), np.float64(241.79132756038805))","(170.00952719089784, 201.97354258903573, -151.85801303614963)","(1.0, 1.0, 1.0)","(157, 120, 223)",51.67733958093303,-1098.3995498729098,1526.507189784142,"(1.0, 1.0, 1.0)","(157, 120, 223)","(13, 11, 11, 135, 98, 201)",341275,5,"(np.float64(76.85356384147681), np.float64(59.82005713867116), np.float64(112.83801919273313))","(169.98645669273313, 201.96849463867116, -151.8535638414768)",105.46697917533304,-125.24086636207662,218.95308838519622,0.3328082214350226,0.17258484102245472,51.03208424545633,295.6927383837647,202.3857702507763,193.5071058126807,116.51609330903607,217.55229256433958,341227.4166666667,98.40897435275218,0.46568370660323966,50709.46480086097,0.1486089989374954,341275.0,35.78062527230647,160.68080156066588,4684788205.726964,2.9382319419203604,70.82378642002017,3.543562897576576,218.95308838519622,41.14554876114915,105.46697917533304,116.49962942350247,-125.24086636207662,344.19395474727287,29.160150591900422,117.16360963430114,-0.9115296883883739,4684788205.726964,0.15462043718951973,2604.0277261687615,120.48984491660416,624.9799778021672,-42.848261954275955,13.597588535942949,1.6796365796568178,0.7788704554447208,0.8743437373897358,1.7033494008826258,0.8895307148512513,0.6585880427475439,0.6346594933455925,0.9928549477969436,0.948064139223413,-0.24897312777384795,0.8583855152881623,0.472689119268369,10.840183356575794,0.04820323491807473,5.027542645815468,0.7930326735813504,0.11117260381732616,21.68036671315159,3.7518091842227568,3.8193062788999415,30422.150383484757,0.1409974119952079,4.760145149339797,114.83286749473359,4.067652983441765,508.1827951789432,0.0384462956274149,0.011256711978551196,4.509817025481677,106511.61686344222,0.48687920242905974,0.6313336301088115,1.3851830314905003,0.7215752812794357,80.26314847669025,0.00864710508517613,798.4226855922623,0.10029175801937724,9.722511961299336,75.65217937445044,1034505.4547167441,138635389.5853536,8144.4812926315535,0.025711754143565028,1742.6806933802286,0.21890223506848747,0.46900035569908055,30.70681390929738,0.013727502167981815,6.434853492626433,0.023327228774448757,1032667.758577998,126.0103502709149,3.780097363444414e-05,63.92298598282529,0.02389657390275434,0.004515579924668727,case_00039
3.1.1.dev111+g8ed579383,2.0.2,2.5.5,1.8.0,3.12.13,"{'minimumROIDimensions': 2, 'minimumROISize': 50, 'normalize': False, 'normalizeScale': 1, 'removeOutliers': 3, 'resampledPixelSpacing': [1, 1, 1], 'interpolator': 'sitkBSpline', 'preCrop': False, 'padDistance': 10, 'distances': [1], 'force2D': False, 'force2Ddimension': 0, 'resegmentRange': None, 'label': 1, 'additionalInfo': True, 'binWidth': 25}",{'Original': {}},588108ceffc76ace2fb6f4d97aafd80c3c35cacb,3D,"(2.0, 0.7409999966621399, 0.7409999966621399)","(207, 512, 512)",-762.1147181561604,-2048.0,4348.0,4ef4addeac5bd5a57d580c98c70cff6056bdb7fc,"(2.0, 0.7409999966621399, 0.7409999966621399)","(207, 512, 512)","(44, 194, 196, 107, 142, 188)",306466,7,"(np.float64(96.38978222706596), np.float64(262.83541077966237), np.float64(294.15931946773867))","(217.9720547437317, 194.76103851042197, -192.77956445413193)","(1.0, 1.0, 1.0)","(235, 127, 162)",57.85054157973382,-1050.4562791842793,1793.6320345631334,"(1.0, 1.0, 1.0)","(235, 127, 162)","(11, 11, 11, 214, 105, 140)",336764,5,"(np.float64(116.28463256167524), np.float64(61.61294556425271), np.float64(83.80806143174449))","(217.9375614334134, 194.74244556592163, -192.78463256167524)",154.06812066676125,-129.60437614742892,277.23242748401395,0.3317861238744079,0.16078262261149712,45.22468538416284,281.27844072702015,191.4627901186024,135.1628647225265,131.84839779079607,237.20244518132608,336699.5,93.32428357825542,0.47308007274424607,49474.086480299295,0.14693840198841784,336764.0,70.21245927244311,215.31800683225367,9355152185.214792,3.0824427280922935,85.7297344994659,4.242478998798109,277.23242748401395,51.03235134448125,154.06812066676125,176.72646395851558,-129.60437614742892,406.8368036314429,35.338913358029295,166.67198154723297,-1.2276200579911192,9355152185.214792,0.1522773739397876,4042.5636270934797,169.6516799043767,1487.8762677759348,-95.14167162044986,19.306865914140726,2.842133973206155,0.7414308173631986,1.091516473344957,1.964348193137264,1.619396800708363,0.6244159467587055,0.593072748456386,0.9917441364220726,0.9466089121888334,-0.21528152523665287,0.8382863008528374,0.4581130614266123,12.866006645143964,0.048042496338123866,5.321296676666563,0.7813773938371699,0.11227723569586937,25.732013290287934,3.8404429940184723,5.53724997183672,28766.59073206648,0.12812085533314208,7.581191347732325,159.37264432857242,3.345985334074011,590.5629348283743,0.02327844125966879,0.008950434367346471,4.56188775277379,119767.47715916506,0.5299453381707377,0.6655222145981253,1.030616180153144,0.7546975134493105,115.46204046513611,0.007364098078580684,1619.6592077087794,0.08670552503794322,12.009257914773327,95.03667023554604,408837.5866167024,81092648.13816917,2125.087818330911,0.021381785849141983,5436.306852248394,0.29102285076276196,0.5535486102177024,47.80634881820612,0.013514827407124336,6.1950628883722185,0.05546911190032189,408512.5759797147,89.02339006988404,3.53700705391771e-05,109.87227768791637,0.0313688564325196,0.006344031975631683,case_00040
3.1.1.dev111+g8ed579383,2.0.2,2.5.5,1.8.0,3.12.13,"{'minimumROIDimensions': 2, 'minimumROISize': 50, 'normalize': False, 'normalizeScale': 1, 'removeOutliers': 3, 'resampledPixelSpacing': [1, 1, 1], 'interpolator': 'sitkBSpline', 'preCrop': False, 'padDistance': 10, 'distances': [1], 'force2D': False, 'force2Ddimension': 0, 'resegmentRange': None, 'label': 1, 'additionalInfo': True, 'binWidth': 25}",{'Original': {}},b5f4119f0ce90741f476e07dd0ad1cd28fc9950c,3D,"(3.0, 0.677734375, 0.677734375)","(52, 512, 512)",-458.2375726699829,-1024.0,3071.0,cbc98e0ed867d3261ac7fdd38fa943a4102502e1,"(3.0, 0.677734375, 0.677734375)","(52, 512, 512)","(6, 240, 129, 44, 117, 281)",226329,55,"(np.float64(27.286777213702177), np.float64(294.77312231309287), np.float64(274.12263563219915))","(185.78233313354121, 199.77787781766256, -81.86033164110653)","(1.0, 1.0, 1.0)","(150, 101, 212)",36.904700235496485,-1149.1447630225678,2009.8901732801817,"(1.0, 1.0, 1.0)","(150, 101, 212)","(12, 11, 10, 132, 79, 191)",311766,42,"(np.float64(76.88292180673967), np.float64(47.60326013741075), np.float64(108.70054463924866))","(185.86167745174868, 199.76439294991079, -81.88292180673967)",124.52679227802936,-190.8335094040536,1184.5787556075832,0.380718458568107,0.2005980577946977,52.306035321334114,260.75045738910785,191.44189719076647,178.3732042656632,130.080744155313,197.81051539288805,311089.5833333333,99.27251220811,0.47188187475572385,47051.60846995595,0.15124777874526266,311766.0,34.87479805516539,193.8144253724742,6063970185.436867,3.239002569414689,97.13474197103767,4.16283657406797,1184.5787556075832,52.395061091381365,124.52679227802936,140.08970054762278,-190.8335094040536,1375.4122650116367,39.33731330295091,139.46465383261705,-0.47599851420850425,6063970185.436867,0.12438359706361563,3943.4676735962275,188.96949031111438,1642.5015540562042,-43.96940831961858,21.043634201240064,3.1023816161903506,0.7424555927207863,1.2129381603189706,2.046635340825851,1.5873466130698364,0.58794760052629,0.5482993688902783,0.9990188681563509,0.9792660999223183,-0.1982529739055174,0.8316490031993568,0.46148672579713035,13.582484115956259,0.029438526224442763,5.754605736103624,0.7641729835006902,0.07484083461151805,27.164968231912514,4.072340017418425,6.036503954357603,25912.507432322152,0.11639441526785435,6.634874438045892,184.65940118123578,2.774054347139592,535.964246621502,0.016843213628580878,0.006527056631437655,4.482206853979975,129589.13752248624,0.5776463847419699,0.7138445550138935,0.7545282971882702,0.7872759319273738,143.14511719900034,0.005266482973058336,1298.030034400635,0.08587126451446382,12.612586309692826,142.44079121460703,312244.95514686423,67601056.2688542,1525.3216204692897,0.010591376054218832,4431.010187880392,0.29313377797568085,0.5534865640823944,74.8301292832178,0.006343041630850435,6.242185557933466,0.048485081760037976,311819.5686151992,24.986178171633703,3.9793100167909384e-05,997.1716808362796,0.0052198843692072075,0.13164519378990958,case_00041
3.1.1.dev111+g8ed579383,2.0.2,2.5.5,1.8.0,3.12.13,"{'minimumROIDimensions': 2, 'minimumROISize': 50, 'normalize': False, 'normalizeScale': 1, 'removeOutliers': 3, 'resampledPixelSpacing': [1, 1, 1], 'interpolator': 'sitkBSpline', 'preCrop': False, 'padDistance': 10, 'distances': [1], 'force2D': False, 'force2Ddimension': 0, 'resegmentRange': None, 'label': 1, 'additionalInfo': True, 'binWidth': 25}",{'Original': {}},a52ba1fdd465dfa376916255ebea8837990b9900,3D,"(1.0, 0.859375, 0.859375)","(301, 512, 512)",-435.20686729405804,-1024.0,3071.0,9d77ff4fd1ac8101a39d5e2ee8f841d8eb51c337,"(1.0, 0.859375, 0.859375)","(301, 512, 512)","(119, 171, 129, 162, 207, 318)",511912,792,"(np.float64(165.98514197752738), np.float64(317.17055275125415), np.float64(244.5901209582897))","(210.19463519853022, 272.568443770609, -165.98514197752738)","(1.0, 1.0, 1.0)","(184, 200, 295)",2.2570205754131156,-1030.2015572872542,2387.110457117106,"(1.0, 1.0, 1.0)","(184, 200, 295)","(11, 11, 11, 162, 178, 273)",378217,764,"(np.float64(58.00547569252572), np.float64(136.4630463464096), np.float64(110.03754987216334))","(210.10786237216334, 272.5333588464096, -166.00547569252572)",93.99467928899057,-166.30597167466772,291.45899986134845,0.43026494675897503,0.26706467557940705,69.28999757228691,259.45025272234,245.29370150902776,286.29530209208815,197.3854097951518,290.5942188000305,378804.375,111.63234917418023,0.3270037645495602,77423.83803492392,0.20439003122633922,378217.0,5.014829607099846,170.57989539512974,4891433955.795022,3.3566222134507333,96.80212662830172,2.5553445947492057,291.45899986134845,53.23270790801624,93.99467928899057,103.15229298376187,-166.30597167466772,457.76497153601616,39.49037242825772,113.72280791883749,-0.3939925827680098,4891433955.795022,0.11049976179806151,4097.877306304612,134.08939395771162,1046.0295426659022,-38.670222148688396,20.702696539948064,4.158423059266685,0.665206486052343,1.5068746155595578,2.251533978589587,1.8498888091760965,0.5242830583894289,0.4689020691803788,0.9890273349020144,0.9303555119420602,-0.14033440575839162,0.7643126116235351,0.44167409477617553,11.399689861119677,0.019730919096225555,6.158160851471676,0.6959381150522771,0.046898062153003774,22.799379722239355,4.147984461980892,6.215279899803688,31837.366270706345,0.10657642884370686,6.972787047851666,132.24320354360015,1.9906863791949383,268.91306209740446,0.018845951969158507,0.01015256485057723,4.324212929526078,198493.3778402706,0.6624927489340509,0.7898257837737025,0.37613079827688867,0.8406776467285374,110.2897097220372,0.008738580888071149,2511.1978383942355,0.08616221782104086,12.716693487855592,107.28155772859839,198699.2748327329,29899858.554297477,1452.6048838809002,0.017157866013994726,10883.67908732201,0.373432118281764,0.6337334220238099,65.78958086850156,0.011590252352449636,5.873758684780973,0.07705893706522975,198530.87022437868,140.81087550823932,2.707992001207772e-05,162.8775052988419,0.04006520009687722,0.0037220501869591636,case_00042
3.1.1.dev111+g8ed579383,2.0.2,2.5.5,1.8.0,3.12.13,"{'minimumROIDimensions': 2, 'minimumROISize': 50, 'normalize': False, 'normalizeScale': 1, 'removeOutliers': 3, 'resampledPixelSpacing': [1, 1, 1], 'interpolator': 'sitkBSpline', 'preCrop': False, 'padDistance': 10, 'distances': [1], 'force2D': False, 'force2Ddimension': 0, 'resegmentRange': None, 'label': 1, 'additionalInfo': True, 'binWidth': 25}",{'Original': {}},bd65e96cb79fbd115dc14a59dc760eda3bdff89e,3D,"(3.0, 0.7379999756813049, 0.7379999756813049)","(172, 512, 512)",-746.7473626913027,-2048.0,1774.0,b04d6721362c1e53556ad3fcbadbdb410fa8775d,"(3.0, 0.7379999756813049, 0.7379999756813049)","(172, 512, 512)","(43, 239, 123, 44, 105, 281)",218090,29,"(np.float64(60.58715209317254), np.float64(296.0293090008712), np.float64(254.29294786556008))","(187.66818934071068, 218.46962284359645, -181.76145627951763)","(1.0, 1.0, 1.0)","(154, 99, 229)",85.64710311695406,-1098.5406703446051,1447.8992982233071,"(1.0, 1.0, 1.0)","(154, 99, 229)","(12, 10, 12, 132, 78, 206)",356631,28,"(np.float64(65.78712450684321), np.float64(52.33123312331233), np.float64(107.46453056520605))","(187.5955305773654, 218.46223313547165, -181.7871245068432)",126.83454833888219,-127.18166272506137,237.38310865580104,0.3336590012350793,0.1839337440790787,52.579850480305375,285.8629923702293,207.4825293850063,203.55343278854326,127.81236246936366,209.19130001030157,356638.5833333333,95.38076052432179,0.5103131626290397,47657.68087436247,0.13363018781907587,356631.0,43.840608626449075,181.48513478433372,6900163803.570846,2.9431311753507776,70.89010249674455,4.13240925693399,237.38310865580104,45.07143054983118,126.83454833888219,146.05430158054486,-127.18166272506137,364.5647713808624,30.234773237290426,139.09776588327688,-1.2462273029897935,6900163803.570846,0.16747349892512867,3261.185821390657,141.61455020489078,1025.944876500053,-74.96597014133354,15.783373359600963,2.1220303861717693,0.7608424575715502,0.9361042634074734,1.8113442782658558,1.2195048964243684,0.6570660181983421,0.6316183520013101,0.9921609590990097,0.9483943582911103,-0.23504525528877365,0.845795631107956,0.4526264544831976,11.75575990144816,0.05890034778083237,5.023361950507403,0.7837937028306858,0.16609494214826198,23.51151980289632,3.7154926296972164,4.476350936443182,30430.298629131597,0.13664689994337645,6.298540093451544,131.52299488355033,4.174452924495916,620.3304941083715,0.0334925772539613,0.0105191641085477,4.58816838969559,109506.7185468545,0.48734067453819413,0.6224798612140151,1.46981564242332,0.7232973760395047,90.3471302239387,0.00835880793117628,1263.200215450908,0.09719915477461588,9.739348233057196,75.94329024315174,764815.7592336104,124407081.22891659,4849.804988112356,0.024886776072485923,3104.275469375192,0.23886391731111054,0.49252995620314355,34.323412070497426,0.013744038690698481,6.32352585662913,0.036441027280298126,764062.717964946,109.84662467016122,3.5580664616338657e-05,75.33666817047612,0.027423572915494177,0.005201401559553491,case_00043
3.1.1.dev111+g8ed579383,2.0.2,2.5.5,1.8.0,3.12.13,"{'minimumROIDimensions': 2, 'minimumROISize': 50, 'normalize': False, 'normalizeScale': 1, 'removeOutliers': 3, 'resampledPixelSpacing': [1, 1, 1], 'interpolator': 'sitkBSpline', 'preCrop': False, 'padDistance': 10, 'distances': [1], 'force2D': False, 'force2Ddimension': 0, 'resegmentRange': None, 'label': 1, 'additionalInfo': True, 'binWidth': 25}",{'Original': {}},7101367f5742f5e0425a7f1f52a765a0c2c92c2d,3D,"(5.0, 0.966796875, 0.966796875)","(101, 512, 512)",-623.6381801945148,-1024.0,3071.0,8c08b1da162872eed97aa0268edce878844b799d,"(5.0, 0.966796875, 0.966796875)","(101, 512, 512)","(25, 260, 134, 27, 91, 281)",118560,36,"(np.float64(37.13845310391363), np.float64(306.3528930499325), np.float64(252.20475708502025))","(243.83077100993168, 296.18101964788394, -185.69226551956817)","(1.0, 1.0, 1.0)","(157, 110, 293)",32.45509623341177,-417.50706367527727,1346.5168733062635,"(1.0, 1.0, 1.0)","(157, 110, 293)","(13, 11, 11, 135, 88, 271)",555210,32,"(np.float64(75.66407305343924), np.float64(56.21071306352551), np.float64(124.86682516525279))","(243.8834267277528, 296.22731462602553, -185.66407305343924)",158.00246677539002,-131.70633645506337,302.2837536649085,0.37921135551448615,0.1875176340095016,59.913861559375945,319.51054563935077,271.55294143131647,271.89152248645047,138.92443989449805,273.972626369862,554793.875,121.16202711307132,0.39927350382344384,81777.6711645983,0.14740189978593096,555210.0,22.4036401046356,240.53788140630303,17617102690.13247,3.4379935872072345,110.50369075967471,2.98352540165637,302.2837536649085,67.12752977640643,158.00246677539002,182.52161403274619,-131.70633645506337,433.99009011997185,48.51639119692396,178.1306296694684,-0.9542716934874993,17617102690.13247,0.11469111856629775,6765.741719333033,179.38645478348604,4053.083089160715,-212.46375990162616,35.67228513076491,2.64365584927658,0.8608078005107747,1.0490328655999317,1.9365743948133054,1.5034968124870147,0.6359691846777683,0.6050683000785023,0.9930401230844038,0.9509377940234194,-0.29494813940374887,0.9192559829597651,0.4417787361753982,13.081494420995806,0.03735461444962828,5.7174457801723015,0.8658897274273087,0.11942889697356611,26.162988841991613,4.274274602606389,9.578985245010374,34512.5935666007,0.09599098995395483,11.7295533663905,162.20110309683807,3.9670241323773614,772.9966843290465,0.029054306396706402,0.010247142943645541,4.938699837895324,190525.07910900435,0.5263410343157235,0.6463102665242396,1.4825443768623023,0.7527554010475804,114.89934693777172,0.008434991838808456,1350.4712439226846,0.08007062990173631,12.723111898309522,95.3049330013044,925034.6341752638,203102429.29153326,4476.165342302757,0.022414286566162202,3735.3659433179178,0.22147313787014808,0.47456140235594774,42.81464470576547,0.010810575694416097,6.836391529008295,0.030377694926244123,923950.9808515133,99.55867866987055,3.184151134499482e-05,96.8031067070616,0.038386118068861094,0.005559900459683442,case_00044
3.1.1.dev111+g8ed579383,2.0.2,2.5.5,1.8.0,3.12.13,"{'minimumROIDimensions': 2, 'minimumROISize': 50, 'normalize': False, 'normalizeScale': 1, 'removeOutliers': 3, 'resampledPixelSpacing': [1, 1, 1], 'interpolator': 'sitkBSpline', 'preCrop': False, 'padDistance': 10, 'distances': [1], 'force2D': False, 'force2Ddimension': 0, 'resegmentRange': None, 'label': 1, 'additionalInfo': True, 'binWidth': 25}",{'Original': {}},2c3fdbd24d17b1333d69467a137f548708de3e28,3D,"(3.0, 0.7409999966621399, 0.7409999966621399)","(62, 512, 512)",-691.3777617792929,-2048.0,1851.0,54589f2daf7635ca6318e04bef05377519647a7d,"(3.0, 0.7409999966621399, 0.7409999966621399)","(62, 512, 512)","(22, 241, 111, 34, 120, 258)",110724,62,"(np.float64(37.89303132112279), np.float64(315.19326433293594), np.float64(241.92501174090532))","(179.26643289249898, 233.55820781863451, -113.67909396336837)","(1.0, 1.0, 1.0)","(124, 111, 214)",26.292167037617258,-896.0966167386501,1869.7137284068829,"(1.0, 1.0, 1.0)","(124, 111, 214)","(12, 11, 11, 102, 89, 191)",182385,42,"(np.float64(60.66967678263015), np.float64(65.42528168434905), np.float64(108.25451106176494))","(179.3840110634339, 233.55478168601798, -113.66967678263015)",73.12463862372329,-125.69217715446476,306.98708840631184,0.344313458922615,0.18897234895735127,49.47225692432688,261.79627441415863,190.31815467789718,190.85072700935672,103.23274674249446,192.59802698885574,182316.45833333334,90.13998077659306,0.3427619373461532,45363.73304673612,0.24881863909289292,182385.0,2.4279164251944096,126.4952356042009,1398807973.9355412,2.934156459126847,65.40939205153805,3.0425060358562845,306.98708840631184,38.83591568654441,73.12463862372329,81.89820360623648,-125.69217715446476,432.67926556077657,27.461032263026112,87.57587615398532,-0.5393017975316503,1398807973.9355412,0.15537777252409554,2322.3213102880513,94.83228640341524,398.4445738899362,-22.30110737172707,11.132798690681385,2.2186166688750464,0.665564820994181,1.0612572332076489,1.8739289722121675,1.061617531223036,0.6087122094780805,0.5740679074665928,0.9940306520162441,0.9495090035510345,-0.16659498729238786,0.7593658007444944,0.4778369832297396,9.622991776484982,0.042376130475878966,5.216285139005928,0.6878939518851995,0.10092408142523908,19.245983552969967,3.6858442526506536,3.337853839889109,18229.95090208626,0.14140865440876677,4.231964802519727,90.00768832039142,2.9382924178563354,283.65844894166537,0.036292249084943225,0.014307802942691246,4.228002829723794,74293.28425130164,0.570733882355096,0.7060950946961309,0.8417667182194442,0.7819264333704793,68.77290542942602,0.011691531529356945,646.0888888888888,0.10714575271789202,10.332290014823615,69.98805970149253,374186.7912106136,38064206.13449419,3871.868953368838,0.0276607745385165,1358.117744610282,0.22522682331845473,0.4719867664922155,31.694553253634446,0.014481298147321435,6.327659640878383,0.03306192943498643,373271.95444295934,64.09171096363448,6.056644051145735e-05,118.03814659429948,0.015740376416864977,0.010041636972529064,case_00045
3.1.1.dev111+g8ed579383,2.0.2,2.5.5,1.8.0,3.12.13,"{'minimumROIDimensions': 2, 'minimumROISize': 50, 'normalize': False, 'normalizeScale': 1, 'removeOutliers': 3, 'resampledPixelSpacing': [1, 1, 1], 'interpolator': 'sitkBSpline', 'preCrop': False, 'padDistance': 10, 'distances': [1], 'force2D': False, 'force2Ddimension': 0, 'resegmentRange': None, 'label': 1, 'additionalInfo': True, 'binWidth': 25}",{'Original': {}},1c15e54acf51c7e690172e56c0bb538cd7d438ff,3D,"(3.0, 0.9765625, 0.9765625)","(159, 512, 512)",-608.3867511389391,-1024.0,1293.0,a7dff45770cf62145296ba6bd50ad564dda3ce18,"(3.0, 0.9765625, 0.9765625)","(159, 512, 512)","(27, 249, 127, 51, 94, 246)",145404,21,"(np.float64(52.00221451954554), np.float64(299.2346015240296), np.float64(250.5410924046106))","(244.66903555137753, 292.2212905508101, -156.00664355863663)","(1.0, 1.0, 1.0)","(175, 114, 262)",-15.570589664681725,-1052.455670164465,1169.330104876215,"(1.0, 1.0, 1.0)","(175, 114, 262)","(12, 11, 11, 153, 92, 240)",414072,21,"(np.float64(88.06455399061034), np.float64(60.118080913464325), np.float64(131.43298991479742))","(244.44470866479742, 292.1297996634643, -156.06455399061034)",79.18691940641482,-112.08256713328365,178.37777085871568,0.36569692613368004,0.1358825692458281,46.840291790792506,344.71155535816166,239.25300416086733,240.16869071550522,139.98928530426892,244.24782496472716,414536.0,126.05995619723961,0.36506322166912186,73647.42112906222,0.1776623046709145,414072.0,6.453935288714506,125.1286515760492,3495985439.999624,2.699786802666871,60.880093383012714,3.469940308925237,178.37777085871568,37.62639086933426,79.18691940641482,94.99780047345725,-112.08256713328365,290.4603379919993,26.16013292430526,91.88547729541926,-1.0665139572871594,3495985439.999624,0.19636607491491134,2172.372732728971,80.50009406100266,400.7023374676982,-36.83939265595669,10.595954928468538,1.442629722820231,0.7585691381964756,0.7899154315863588,1.6371028625631396,0.7987255602848768,0.6857858447505405,0.6654079755731294,0.9918448571639782,0.9464434107894996,-0.2403107829142166,0.829698172325555,0.44950388921816387,8.843671859405614,0.07933952080502812,4.56584426373097,0.7797589815600984,0.21760712828337445,17.687343718811228,3.445373007207477,3.0096461628221935,37703.72952154033,0.15303724426103343,4.230622831622847,73.20972300745127,4.954312307567171,423.9311659390514,0.07069448562170479,0.020050213599684744,4.435234045578567,116510.33686887895,0.4677582174609886,0.5932231035256595,1.942290613984024,0.7084832808683933,48.78039791507855,0.015839122979409235,1288.9106734308166,0.12821154614849464,6.768233247900323,39.297821545807224,1552406.2174475281,143388212.64209688,17541.849183359263,0.05813344740288876,2253.2238137869294,0.22413446869461148,0.4742414717668989,16.087357700492507,0.03344167554343783,6.098653386894125,0.024278386367588247,1550709.6920601916,218.9940422413546,2.9960364347870638e-05,41.180684738328516,0.024733164389391805,0.002354948509685505,case_00046
3.1.1.dev111+g8ed579383,2.0.2,2.5.5,1.8.0,3.12.13,"{'minimumROIDimensions': 2, 'minimumROISize': 50, 'normalize': False, 'normalizeScale': 1, 'removeOutliers': 3, 'resampledPixelSpacing': [1, 1, 1], 'interpolator': 'sitkBSpline', 'preCrop': False, 'padDistance': 10, 'distances': [1], 'force2D': False, 'force2Ddimension': 0, 'resegmentRange': None, 'label': 1, 'additionalInfo': True, 'binWidth': 25}",{'Original': {}},b553ea1353f4ed7e8af45b51463d321bd56307a6,3D,"(5.0, 0.85546875, 0.85546875)","(142, 512, 512)",-611.8868100878218,-1024.0,3021.0,37aa580c3e6407a5c7940227600c1b4d37f5d896,"(5.0, 0.85546875, 0.85546875)","(142, 512, 512)","(63, 227, 119, 28, 131, 275)",111092,44,"(np.float64(76.30219097684802), np.float64(305.5412901018975), np.float64(271.4155654772621))","(232.18753452937653, 261.3810255168576, -381.5109548842401)","(1.0, 1.0, 1.0)","(162, 134, 257)",40.94552781788784,-1104.8951844153999,1412.4625591841739,"(1.0, 1.0, 1.0)","(162, 134, 257)","(13, 11, 11, 140, 112, 235)",407135,37,"(np.float64(81.51159934665405), np.float64(78.30815331523942), np.float64(141.03538138455303))","(232.10764700955303, 261.38041894023945, -381.51159934665407)",95.62945082332001,-115.81840196790074,209.765884871281,0.3651790922017932,0.19012835674286263,60.19278423512976,316.59025127186544,238.21418933388497,231.10603626906848,130.36103712382777,239.02091958655,406361.625,115.61214055939743,0.36222671119483874,73245.13390514022,0.1802461881215782,407135.0,10.927473356510314,145.34155329284383,4828277728.611066,2.8000433862008274,60.52583929532747,3.6717535801171035,209.765884871281,41.09061571487516,95.62945082332001,113.06443453124308,-115.81840196790074,325.58428683918174,27.45698549548959,108.89975489136998,-1.1807065562757584,4828277728.611066,0.1858225441325297,2714.164750630676,93.69645925097441,722.0613219096923,-61.75471628992909,13.427203932604815,1.5199368342109203,0.7944481426495257,0.8219997055408081,1.6600760338211062,0.8189317914885827,0.6752208389790664,0.6533197019583828,0.9925568125349866,0.9478903971023994,-0.25136799192193576,0.84447020674935,0.4575623484950462,9.524573352874576,0.07229868306318393,4.703731392944518,0.8110375644392073,0.17934822449173152,19.049146705749152,3.5515313194824523,3.7367851917039347,36597.532079286764,0.1467396752093048,5.189073722284647,84.53134633343214,4.886666077734841,492.37611611005417,0.06106465454636511,0.01825363182550153,4.488895667066675,122130.25510847563,0.48433589011602146,0.6095438009127571,1.967285069041632,0.7207991430423918,57.292074074865646,0.014626210475727678,938.2067868504772,0.11054633991404232,8.991931421560619,48.35583834099211,1716630.9450924944,184748243.27842584,16566.808746245566,0.05525239675344144,1393.8641451631909,0.1642352003255792,0.3905618234624457,15.038790770705154,0.027382887960454075,6.7276302236926835,0.020845665442666438,1714329.6703377487,185.4316486021859,3.0158786993160007e-05,48.78949513721653,0.026765942680390117,0.0029981258278481337,case_00047
3.1.1.dev111+g8ed579383,2.0.2,2.5.5,1.8.0,3.12.13,"{'minimumROIDimensions': 2, 'minimumROISize': 50, 'normalize': False, 'normalizeScale': 1, 'removeOutliers': 3, 'resampledPixelSpacing': [1, 1, 1], 'interpolator': 'sitkBSpline', 'preCrop': False, 'padDistance': 10, 'distances': [1], 'force2D': False, 'force2Ddimension': 0, 'resegmentRange': None, 'label': 1, 'additionalInfo': True, 'binWidth': 25}",{'Original': {}},5e9ef0b3ac95cc5b1bccec70f11602b160fd8404,3D,"(5.0, 1.0410000085830688, 1.0410000085830688)","(85, 512, 512)",-842.8903972401339,-2048.0,3332.0,fa1f37b4528b6732778d345e668f58e234a93c0c,"(5.0, 1.0410000085830688, 1.0410000085830688)","(85, 512, 512)","(14, 211, 167, 27, 105, 202)",88717,10,"(np.float64(27.47387761082994), np.float64(265.29295399979713), np.float64(262.204650743375))","(272.95504367437394, 276.1699673908165, -137.3693880541497)","(1.0, 1.0, 1.0)","(157, 131, 232)",37.2068445592211,-663.3078189730397,2029.5987099346626,"(1.0, 1.0, 1.0)","(157, 131, 232)","(13, 11, 11, 135, 109, 210)",481480,10,"(np.float64(82.2870628063471), np.float64(67.28052047852455), np.float64(109.9277332391792))","(272.90723323488766, 276.260020474233, -137.28706280634708)",183.72047696607075,-135.529463067053,383.89391398691856,0.47099996992863297,0.17808731314988388,49.557040220537836,278.2738385121745,208.38665984174708,209.74508337503408,143.96180048887967,216.62871462481607,481378.7083333333,131.06696957115943,0.49173384782310464,60405.79520855806,0.12548497505778702,481480.0,51.10321914174171,288.57646277349977,20487007923.392876,3.735071067866764,157.15301862643753,2.2806004543375114,383.89391398691856,80.93854350375474,183.72047696607075,205.86837011906232,-135.529463067053,519.4233770539715,63.42802561148086,206.27668422896053,-0.5456046809553751,20487007923.392876,0.08729920434155526,8796.856799853764,208.90029038049263,5542.265414913023,-191.36752153474134,49.850276224512186,3.2487277760871858,0.8772111429647005,1.2392789142633875,2.0721451767738666,1.6522881651748802,0.5858720613998352,0.545367358201396,0.9935391569503321,0.9494222686819627,-0.2891796804759718,0.9299965557707833,0.4548965636364733,14.04449625142908,0.021053860198235942,6.300767604460396,0.8831156623232618,0.061977375648697146,28.088992502858154,4.614194734459281,13.274751000149848,27671.847735022897,0.08076969512544203,14.158403709844274,198.77498382548464,2.8983691754765,627.0173825086711,0.02004393436669322,0.008010358346382487,4.966993704891081,201950.09042017514,0.5852056041107242,0.7111404898997322,0.8622770725825545,0.7924683083471854,152.98313534915027,0.006637693211488751,1397.8168746035103,0.07389600732731605,15.376793208500425,123.48028124339184,432789.0602664411,110457197.81222245,1984.1577934958343,0.017084597146050543,4430.224466060478,0.23420514199939088,0.48903466667741957,56.217431044213484,0.00879950267557817,6.856342013026381,0.03928719780676248,432141.17531438917,67.21287452633156,4.086478026640757e-05,140.48032485002383,0.04110472561070993,0.008166657695014862,case_00048
3.1.1.dev111+g8ed579383,2.0.2,2.5.5,1.8.0,3.12.13,"{'minimumROIDimensions': 2, 'minimumROISize': 50, 'normalize': False, 'normalizeScale': 1, 'removeOutliers': 3, 'resampledPixelSpacing': [1, 1, 1], 'interpolator': 'sitkBSpline', 'preCrop': False, 'padDistance': 10, 'distances': [1], 'force2D': False, 'force2Ddimension': 0, 'resegmentRange': None, 'label': 1, 'additionalInfo': True, 'binWidth': 25}",{'Original': {}},375fcc4a8823aa0f5dd6ec23afa25c36bf809892,3D,"(0.5, 0.861328125, 0.861328125)","(670, 512, 512)",-512.6922710020151,-1024.0,1643.0,0265523d7acac6a232964742e23eae5faab21393,"(0.5, 0.861328125, 0.861328125)","(670, 512, 512)","(262, 228, 115, 218, 116, 294)",1111936,21,"(np.float64(357.61143357171636), np.float64(281.3797098034419), np.float64(271.6184888338897))","(233.95264370262768, 242.36025785804276, -178.80571678585818)","(1.0, 1.0, 1.0)","(131, 122, 275)",-5.08801651835167,-1037.2605362196618,1429.9944474156503,"(1.0, 1.0, 1.0)","(131, 122, 275)","(11, 11, 11, 109, 100, 253)",412898,14,"(np.float64(58.31012744067542), np.float64(57.283593042349445), np.float64(145.7907110230614))","(233.8600469605614, 242.35292897984945, -178.56012744067542)",97.77357194962211,-165.1257448715926,363.2811087562125,0.29720002707241644,0.14767495765443384,53.20598316277689,360.29116925349877,250.12796724876648,252.9584946191766,116.49892703368559,254.22234362856463,412394.8333333333,107.07854525609241,0.4091542744703535,65484.59947596759,0.1587910278765235,412898.0,9.108201705228165,177.38294097285126,5731995653.913526,3.402918368345781,98.84987848316817,2.626482177746858,363.2811087562125,54.581276402533256,97.77357194962211,103.89078473493888,-165.1257448715926,528.406853627805,40.409683988140145,117.82339611829153,-0.34245761901230237,5731995653.913526,0.10694930077439815,4322.681301059902,138.38926366922385,1110.3356830373632,-29.021972469500003,21.01502509437235,4.639311242409438,0.6376797577346104,1.5896581754454062,2.3242063178242307,2.0847596742138443,0.5130182389567229,0.45504609317482897,0.9908025930387857,0.9358884254805724,-0.12718988676799592,0.7465284053209574,0.4336046059103247,11.58856348036539,0.018354835809137916,6.260803826506746,0.6646750242469389,0.039009026910888915,23.17712696073078,4.173872757466412,6.413584084195448,33863.23870855821,0.10302666710929663,7.385499724119767,135.61463787634287,1.9311377801056246,269.33009578783066,0.01775042352511571,0.009983504107953154,4.348330266289553,220347.02792076225,0.6695603894180802,0.7960528154280607,0.349390265596854,0.8452490992475341,113.48475306084634,0.008670469961133916,2385.4162335886213,0.08155826838035495,14.63683450605873,110.41606263676148,212814.29978118162,34528340.938115425,1396.9357366276543,0.017796225377444876,9904.605648249453,0.33864215154025756,0.6032639171052413,67.37691899874014,0.011431148192487906,6.182820079226469,0.0708358965168153,212615.0062462845,118.5101443190141,2.5806664686397628e-05,225.6702222426877,0.03169427852864588,0.004814921533800254,case_00049
3.1.1.dev111+g8ed579383,2.0.2,2.5.5,1.8.0,3.12.13,"{'minimumROIDimensions': 2, 'minimumROISize': 50, 'normalize': False, 'normalizeScale': 1, 'removeOutliers': 3, 'resampledPixelSpacing': [1, 1, 1], 'interpolator': 'sitkBSpline', 'preCrop': False, 'padDistance': 10, 'distances': [1], 'force2D': False, 'force2Ddimension': 0, 'resegmentRange': None, 'label': 1, 'additionalInfo': True, 'binWidth': 25}",{'Original': {}},6623cebcc0d9b490c02c31377b226215a2f23a95,3D,"(2.5, 0.6894530057907104, 0.6894530057907104)","(96, 512, 512)",-618.4777261018753,-2048.0,3071.0,bdcc7a40d702b91742ddb932e42951af39f8413b,"(2.5, 0.6894530057907104, 0.6894530057907104)","(96, 512, 512)","(19, 269, 119, 47, 98, 295)",356312,5,"(np.float64(40.756426951660345), np.float64(320.06653999865284), np.float64(262.01046274051953))","(180.64390108506615, 220.67083805510384, -101.89106737915085)","(1.0, 1.0, 1.0)","(139, 89, 226)",49.1373887574531,-1001.9400444635847,1388.291388513308,"(1.0, 1.0, 1.0)","(139, 89, 226)","(11, 10, 11, 118, 68, 203)",423046,3,"(np.float64(66.38578783394713), np.float64(45.525113108267185), np.float64(109.48143464304118))","(180.63670814014583, 220.68038660537184, -101.63578783394713)",132.97188347890085,-136.25897560897886,296.6322411264794,0.40607085602979764,0.20488845032295808,55.21843257219395,269.5048573267804,202.63267258761604,203.98284241572867,118.29623831720095,204.27677303110113,423289.0416666667,109.4380681188742,0.4226161493901066,64510.348201060886,0.15240259456530356,423046.0,30.357237945638463,199.6787139384298,9316741138.240978,3.218593879414602,80.2674103308789,3.6369550658603846,296.6322411264794,51.93433103401348,132.97188347890085,151.09187902187278,-136.25897560897886,432.8912167354583,35.01641677019738,148.4014751472007,-1.0773578934170915,9316741138.240978,0.13306804015323073,4341.476029938835,149.30345753961976,1622.0218133728013,-103.12872994596886,20.68711261249297,3.3339887752549355,0.7203183710332375,1.2777507842954938,2.0944478786843033,1.6528709565875357,0.5740621835593375,0.5312643258351092,0.9902447327794538,0.937595348274842,-0.17814504661263772,0.7994097114514089,0.4590436174576975,12.040071518693177,0.03336845331017734,5.695756970649532,0.7390756784123667,0.08844585600240006,24.080143037386357,3.9740787531333552,6.005275346936977,36806.83077407422,0.11892138900235025,7.8323190555801,141.51971013279285,2.632526107596922,406.8104813774811,0.02226336704187931,0.010454190296814804,4.436373930634129,186584.86142605948,0.5984338213996362,0.7301537312363559,0.6922882148155138,0.8003117551571888,109.99937233667555,0.008909835950307686,1925.5088461206524,0.08308918814708952,13.155258509049057,90.77444549926642,438286.8322257703,75882425.17506689,2627.1816606469406,0.02396358838837381,6496.962026408906,0.28035565834162884,0.539490452381814,45.390692722110174,0.014579810940189904,6.297866298746477,0.05477891293145426,437953.5799062925,139.08291841852537,2.533332701440152e-05,127.0177650586657,0.04012886140501526,0.0038305579679905164,case_00050
3.1.1.dev111+g8ed579383,2.0.2,2.5.5,1.8.0,3.12.13,"{'minimumROIDimensions': 2, 'minimumROISize': 50, 'normalize': False, 'normalizeScale': 1, 'removeOutliers': 3, 'resampledPixelSpacing': [1, 1, 1], 'interpolator': 'sitkBSpline', 'preCrop': False, 'padDistance': 10, 'distances': [1], 'force2D': False, 'force2Ddimension': 0, 'resegmentRange': None, 'label': 1, 'additionalInfo': True, 'binWidth': 25}",{'Original': {}},d1899605944ed17d2bf7c3eff42511ee77afcdfd,3D,"(2.5, 0.9609375, 0.9609375)","(68, 512, 512)",-627.5509120155783,-1024.0,1206.0,6cc85b629d717973b7c70d31827e540f0692a7f1,"(2.5, 0.9609375, 0.9609375)","(68, 512, 512)","(7, 294, 132, 47, 88, 258)",187029,4,"(np.float64(29.934464708681542), np.float64(340.63645210101106), np.float64(261.9106823006058))","(251.6797962732384, 327.3303406908153, -74.83616177170386)","(1.0, 1.0, 1.0)","(139, 106, 270)",-1.1740399519153444,-872.0116374316435,1192.870937422478,"(1.0, 1.0, 1.0)","(139, 106, 270)","(11, 11, 11, 118, 84, 248)",431581,4,"(np.float64(69.33470657883457), np.float64(55.25901047543798), np.float64(135.37836002975106))","(251.39789127975106, 327.278541725438, -74.58470657883457)",96.9965776265588,-122.49165632113376,212.0119343500463,0.3068154634461755,0.15709653428146947,55.8930228843386,355.7877526705663,247.07286374670934,248.34049206683954,115.87061750072795,252.54504548693882,431703.2916666667,109.16118422409306,0.4242254514906038,65114.49009670902,0.15083158121246434,431581.0,18.09930558011392,154.7204827323982,5333412746.282284,2.9909865296967353,78.24127999596715,3.0706125139258416,212.0119343500463,44.742055846929915,96.9965776265588,111.96728453364634,-122.49165632113376,334.50359067118006,32.378955006494444,111.16586170094946,-0.8450016083212724,5333412746.282284,0.1506886172969985,2949.512736449565,94.47310580525497,677.9907250217201,-47.04700256794855,14.966592906248101,1.8462208439122314,0.7791024066766211,0.9359095628890947,1.7686919034196218,0.9421095927898472,0.642526387762893,0.6149679702928684,0.9910060144789072,0.9410942214473602,-0.24080695724404294,0.8537306680608658,0.47257678442277834,9.54944232080739,0.047775253042007484,5.114532338253197,0.7978445759942425,0.13443525010625412,19.098884641614784,3.778810823778585,4.2032034375400835,37120.91446318559,0.13173250088266655,5.33551293766243,87.78811405630368,3.786321091962805,378.78322886556055,0.04907408576702244,0.017211118702558346,4.480764858668403,147161.14718494716,0.5170319360398488,0.6515787302962828,1.301272116334459,0.7451498343655184,62.55090796110606,0.013975337089510228,1046.4885396857171,0.10474312277907288,10.195724806113912,51.95596036432789,1244056.361625463,136058335.47402662,12149.997765460965,0.05351869581412455,2150.362226003403,0.21522992953692355,0.4613388883939885,19.84960153980036,0.03100628755412522,6.434562485320517,0.02314976794622562,1242190.3827793729,200.19449910592914,3.033979117733245e-05,53.02223380576689,0.03218118814536025,0.0026131644233080304,case_00051
3.1.1.dev111+g8ed579383,2.0.2,2.5.5,1.8.0,3.12.13,"{'minimumROIDimensions': 2, 'minimumROISize': 50, 'normalize': False, 'normalizeScale': 1, 'removeOutliers': 3, 'resampledPixelSpacing': [1, 1, 1], 'interpolator': 'sitkBSpline', 'preCrop': False, 'padDistance': 10, 'distances': [1], 'force2D': False, 'force2Ddimension': 0, 'resegmentRange': None, 'label': 1, 'additionalInfo': True, 'binWidth': 25}",{'Original': {}},2b780f2acc4126f24fc7b0b5ba9c507a2fcc2cbf,3D,"(0.5, 0.95703125, 0.95703125)","(673, 512, 512)",-483.82799862185703,-1024.0,1269.0,d0821ff10efa59aa861546d58889bebebf34db7c,"(0.5, 0.95703125, 0.95703125)","(673, 512, 512)","(94, 228, 128, 255, 81, 251)",1010449,43,"(np.float64(218.6382291436777), np.float64(269.6203390769846), np.float64(246.65244361664963))","(236.05409642999672, 258.0350901322704, -109.31911457183885)","(1.0, 1.0, 1.0)","(150, 100, 262)",2.5633101349946816,-1005.1788721686631,1224.3803287578755,"(1.0, 1.0, 1.0)","(150, 100, 262)","(11, 11, 10, 127, 78, 241)",462471,23,"(np.float64(72.82927361931883), np.float64(51.01578477353175), np.float64(123.97955331253203))","(236.00103768753203, 258.0372691485318, -109.07927361931883)",98.72612768894054,-167.43864856152248,331.4395855337196,0.36123847811910703,0.15131626628830316,50.24408876612509,332.0468446557816,241.51397475094478,241.67126432408136,135.50645741070792,242.26225459200202,462039.1666666667,119.94809682770612,0.445141254191969,64929.01392663576,0.1405270778126005,462471.0,30.936164423604684,154.14682710724966,5700540559.903084,2.9886035844579997,66.23978348023418,3.8629991629588636,331.4395855337196,39.99423569632763,98.72612768894054,108.51893311923212,-167.43864856152248,498.8782340952421,27.41948192583579,111.02371815375815,-0.8307417347977628,5700540559.903084,0.15297498327549758,2579.4177042321376,135.60858383342241,527.7247905610456,-32.55120858299788,12.020990231342857,3.203957037470236,0.5785563900980853,1.3003873640477268,2.095191660601117,1.4983263227046608,0.5589204134021991,0.5130301606978067,0.992979807017663,0.9443485929698665,-0.11311920610386596,0.6867364431202392,0.4685896516119627,11.550075392831562,0.03369630995753153,5.529176459758864,0.6150111194665165,0.07538211879958749,23.10015078566312,3.7253487506421594,3.8062368172032746,49590.00874904761,0.1424212797652367,4.65951402605353,133.74719475163738,2.2534458772502033,309.6430756883543,0.019034686978734637,0.009197714029544,4.117115858061074,214498.7358276068,0.615116555070756,0.7528969384026242,0.48408239299030204,0.8123574934826991,107.57254136046836,0.007697471556822302,2664.8033858470126,0.09785918202956236,11.681123728622605,110.31824024090191,491653.48099592375,74375238.73126216,3332.5591511500866,0.015947539964080163,9966.278910065734,0.3659901916957047,0.6278163178854875,69.43200216036662,0.01046125308325266,5.789117000428418,0.058881529868899884,491365.05006661516,142.21327157728408,1.9836066117168985e-05,182.32409576081946,0.018043320538768993,0.004147377319979809,case_00052
3.1.1.dev111+g8ed579383,2.0.2,2.5.5,1.8.0,3.12.13,"{'minimumROIDimensions': 2, 'minimumROISize': 50, 'normalize': False, 'normalizeScale': 1, 'removeOutliers': 3, 'resampledPixelSpacing': [1, 1, 1], 'interpolator': 'sitkBSpline', 'preCrop': False, 'padDistance': 10, 'distances': [1], 'force2D': False, 'force2Ddimension': 0, 'resegmentRange': None, 'label': 1, 'additionalInfo': True, 'binWidth': 25}",{'Original': {}},efa3b25548453d2ead4d24e03239e57843455143,3D,"(0.5, 0.7734375, 0.7734375)","(553, 512, 512)",-487.99452001147415,-1024.0,3071.0,3c3f63fd4b216aa93cefc04bb1839a7e721aa06d,"(0.5, 0.7734375, 0.7734375)","(553, 512, 512)","(50, 253, 139, 200, 106, 290)",974874,99,"(np.float64(136.36064147777046), np.float64(312.9293241998453), np.float64(273.1992124110398))","(211.3025158491636, 242.03127418581786, -68.18032073888523)","(1.0, 1.0, 1.0)","(122, 104, 246)",3.515927315318635,-1034.6476545364892,1411.5399354667757,"(1.0, 1.0, 1.0)","(122, 104, 246)","(11, 11, 11, 100, 82, 224)",291080,56,"(np.float64(53.660564106087676), np.float64(56.91500961934863), np.float64(114.09638587329944))","(211.20966712329943, 242.02829086934864, -67.91056410608768)",96.75251755235406,-145.3396712363265,541.6067266771848,0.3185371537858347,0.1693414368176406,47.389676286707115,279.8469008960862,219.1118435867856,225.28426487440262,106.53168542738823,226.27637967759694,290718.8333333333,89.14163530722585,0.4543834850948041,46706.46846798772,0.16065855772898918,291080.0,13.946416545963798,169.19637260028227,3879501489.487083,3.3296284686809168,91.45084515011347,3.955073314179794,541.6067266771848,51.029262725791966,96.75251755235406,103.71327228178814,-145.3396712363265,686.9463979135113,37.131748279572875,115.44676780164436,-0.01649585102371548,3879501489.487083,0.1153074151555001,3966.9065431282033,114.70788222203085,1541.5601539882066,2.6109711775122957,19.76874842532623,4.144760998006715,0.6529007048630108,1.4569039249690348,2.233497968399509,1.9957760148142076,0.5370615403910822,0.4855798970502735,0.9948792470111165,0.9525811376662876,-0.1421718034527548,0.7681339221736443,0.4504013206413236,10.526230526666863,0.02170199487609975,6.085184260959483,0.6814641865288527,0.05078460341160905,21.052461053333737,4.122945885502059,5.978377355833235,24855.051132160377,0.11042159156338469,6.908337717185477,112.81696958633444,2.100246995359328,242.6960785277893,0.023767277021401908,0.012446940032397881,4.3667521782612795,144677.07802098664,0.6416120972830972,0.7732886016004058,0.4218656522957159,0.8285805532966865,92.63361187913415,0.01065347212899398,1506.9727540500737,0.07926429381706677,17.076712011845068,100.2977067115506,175059.47790868924,23037486.211129814,1429.4696843963086,0.02351994944490616,6249.437933936461,0.32871017956745535,0.5934709058209244,59.3104947945166,0.015277321542351958,6.313093043783643,0.06531537721588566,174825.0716942523,61.392052019693885,3.790912989018712e-05,384.1134879227054,0.016220969165424287,0.017920776322543165,case_00053
3.1.1.dev111+g8ed579383,2.0.2,2.5.5,1.8.0,3.12.13,"{'minimumROIDimensions': 2, 'minimumROISize': 50, 'normalize': False, 'normalizeScale': 1, 'removeOutliers': 3, 'resampledPixelSpacing': [1, 1, 1], 'interpolator': 'sitkBSpline', 'preCrop': False, 'padDistance': 10, 'distances': [1], 'force2D': False, 'force2Ddimension': 0, 'resegmentRange': None, 'label': 1, 'additionalInfo': True, 'binWidth': 25}",{'Original': {}},e70c94548079c8bc374600cb9bb6be4c8a2e2f9c,3D,"(5.0, 0.9765625, 0.9765625)","(104, 512, 512)",-567.5540512525118,-1024.0,2889.0,ae2e61c83c7b6f5092bcb0a8f672a078a35d4518,"(5.0, 0.9765625, 0.9765625)","(104, 512, 512)","(22, 218, 122, 32, 99, 270)",114367,4,"(np.float64(37.05278620581112), np.float64(268.19356107968207), np.float64(256.8547395664833))","(250.83470660789388, 261.90777449187703, -185.26393102905558)","(1.0, 1.0, 1.0)","(182, 119, 286)",-14.734731967238993,-941.2881987343438,1260.2785119476155,"(1.0, 1.0, 1.0)","(182, 119, 286)","(13, 11, 11, 160, 97, 264)",543785,4,"(np.float64(90.23575493991191), np.float64(59.93787986060667), np.float64(142.51855972489128))","(250.53027847489128, 261.9495986106067, -185.2357549399119)",80.79851497753448,-131.82331057327912,255.94224952406427,0.32162382495548086,0.1708749071754193,64.81894528663418,379.3356576345722,257.25668115716644,263.3704615176121,143.75673897247393,271.4148116813082,543572.4583333334,122.00338515043387,0.40743286771787507,79055.67047874632,0.14543722601608935,543785.0,14.466177539359206,130.3635261891617,4709575371.178124,2.8172630395095952,58.5546008417233,3.6273398394193377,255.94224952406427,36.41017188071131,80.79851497753448,90.96081086336513,-131.82331057327912,387.7655600973434,24.713235998480474,93.06304619254594,-0.9296824400441029,4709575371.178124,0.17196241250666033,2132.3305440610743,99.58605033298396,403.56903424309536,-32.15006050998963,10.431003406657599,1.7857665006579433,0.7056080345721021,0.9561317735240592,1.7441594044265092,0.8356384291323129,0.6298300598618117,0.6000564221543614,0.9939774620641302,0.9491780850902944,-0.19217714281807277,0.7794231296756892,0.4834298742056019,9.870345893709203,0.051170708532745454,4.946438457464496,0.7308818216311279,0.12314899519668555,19.740691787418395,3.5696904546456425,3.054192476828886,56501.31066294713,0.15409200203410928,3.9809843677572445,95.19555441956042,3.774612761977686,388.43144793169785,0.042847575950308206,0.013519752764780766,4.253638748853997,198153.92586546374,0.5311400064680977,0.6716922199879618,1.2788422442938354,0.7520823021696132,69.92592212380585,0.010698818843745926,1276.1118115461181,0.1058486904069441,10.209454357600826,68.86985733244857,1906964.6158759124,207744877.55150962,18213.82000579394,0.03002208186132076,2076.2941274054415,0.17222081348751173,0.39253597090030873,22.065140902421575,0.014483662880733696,6.635396837825796,0.022170526954586833,1904930.161435579,243.22036959304322,1.885618750674027e-05,80.48651144000998,0.019633339299130186,0.002364586728310785,case_00054
3.1.1.dev111+g8ed579383,2.0.2,2.5.5,1.8.0,3.12.13,"{'minimumROIDimensions': 2, 'minimumROISize': 50, 'normalize': False, 'normalizeScale': 1, 'removeOutliers': 3, 'resampledPixelSpacing': [1, 1, 1], 'interpolator': 'sitkBSpline', 'preCrop': False, 'padDistance': 10, 'distances': [1], 'force2D': False, 'force2Ddimension': 0, 'resegmentRange': None, 'label': 1, 'additionalInfo': True, 'binWidth': 25}",{'Original': {}},7300ea21ae6fe6c03217d83f86063e9733d29149,3D,"(5.0, 0.87890625, 0.87890625)","(101, 512, 512)",-594.3244647035505,-1024.0,1641.0,00b78ee2a4a4f1e24f6927003c466a09725627ef,"(5.0, 0.87890625, 0.87890625)","(101, 512, 512)","(16, 255, 102, 31, 125, 290)",96137,157,"(np.float64(31.682369951215453), np.float64(315.9030446134163), np.float64(269.15469590272215))","(236.56174444575188, 277.6491603047604, -158.41184975607726)","(1.0, 1.0, 1.0)","(177, 132, 277)",41.60437545469507,-1017.491242090214,1468.7264357058891,"(1.0, 1.0, 1.0)","(177, 132, 277)","(13, 11, 11, 155, 110, 255)",371255,132,"(np.float64(93.42096402742051), np.float64(64.59750037036538), np.float64(157.58607964875893))","(236.64662652375893, 277.65804724536537, -158.4209640274205)",109.96288606561647,-148.6421255024123,350.11493650265544,0.36794864496844687,0.15562313061248698,52.285468611808106,335.9749184200822,256.9766526359934,254.95097567963924,168.60901518009052,257.85267111278876,369723.2916666667,123.62151597605371,0.28428249457863375,87629.81215242403,0.23701458395385294,371255.0,16.598545686078868,178.80527948960346,5970541671.917271,3.2325434943576092,89.43659566867086,3.0219460229996757,350.11493650265544,51.69613823413217,109.96288606561647,124.09759482890746,-148.6421255024123,498.7570620050677,37.34012807084614,126.81502488455487,-0.7967949126549233,5970541671.917271,0.12529536528797913,3990.214224590521,128.50610722555263,1257.6271865023793,-72.02139490142909,20.31214395119711,2.265311345982208,0.7976460650345394,1.0039815979679618,1.854599269975026,1.2182732669622516,0.6341773947145685,0.6046415826962316,0.9950337144228725,0.9566450056706908,-0.25513117674204133,0.8788273683271695,0.46494801561967,11.135149379300593,0.03687497363865875,5.478288429177984,0.8099804911460888,0.10500113206062608,22.270298758601193,4.044044919483967,5.644363824294829,28144.99998501981,0.11341604445972964,7.02765610118538,118.83097240582687,3.550437973157645,479.1356524341363,0.034354259974088905,0.012427979830078432,4.649966844900634,134019.490563794,0.5338838627589031,0.6677487897080898,1.189474313576605,0.7568857943025229,86.18177275249538,0.010139741740567297,1216.9009931480484,0.09368704235491943,9.531470883815352,71.72622988682731,572773.5503118023,84559570.10963123,4140.0366717409925,0.028419785735534227,2810.0542766956655,0.21634107912046083,0.4647695465917779,30.40512187879961,0.014196737908593665,6.603394688464523,0.034986734185398174,571956.6046156859,83.57810558604787,3.981310072407001e-05,117.54782626247102,0.021957220822981276,0.006822446127868696,case_00055
3.1.1.dev111+g8ed579383,2.0.2,2.5.5,1.8.0,3.12.13,"{'minimumROIDimensions': 2, 'minimumROISize': 50, 'normalize': False, 'normalizeScale': 1, 'removeOutliers': 3, 'resampledPixelSpacing': [1, 1, 1], 'interpolator': 'sitkBSpline', 'preCrop': False, 'padDistance': 10, 'distances': [1], 'force2D': False, 'force2Ddimension': 0, 'resegmentRange': None, 'label': 1, 'additionalInfo': True, 'binWidth': 25}",{'Original': {}},2f4768a7cd944a178c4f91894281ab42a7061bf3,3D,"(5.0, 0.78125, 0.78125)","(90, 512, 512)",-286.1137866973877,-1024.0,1294.0,12e50644dea5738094bd2d3478304366733ec0d3,"(5.0, 0.78125, 0.78125)","(90, 512, 512)","(16, 196, 81, 35, 158, 323)",186876,129,"(np.float64(34.4422451251097), np.float64(278.48001348487765), np.float64(285.63404075429696))","(223.1515943392945, 217.56251053506065, -172.2112256255485)","(1.0, 1.0, 1.0)","(197, 146, 275)",17.448420073277173,-1034.8515775031742,1125.4203141637825,"(1.0, 1.0, 1.0)","(197, 146, 275)","(13, 11, 11, 175, 124, 253)",569720,111,"(np.float64(107.19616653794847), np.float64(75.50283472583023), np.float64(171.0635224320719))","(223.1728974320719, 217.6122097258302, -172.19616653794847)",75.31673252255614,-136.30982526988643,235.20647523642782,0.4673423484426728,0.2592074503977752,70.98072638543229,273.8375238694201,251.7180962902747,252.57276179350774,146.24978632463024,254.1554642339999,568347.625,127.97587149686127,0.3365199954510167,98601.29445135509,0.17348765106805028,569720.0,21.69163258117323,123.2390168006539,4180515215.77812,2.7345354011023613,51.232324385784445,3.6763351692046355,235.20647523642782,31.769074213021483,75.31673252255614,79.56167873664621,-136.30982526988643,371.5163005063142,21.452950965648345,85.66120343841497,-0.6165801291568278,4180515215.77812,0.18039600356198926,1665.231576643252,93.81249313162809,216.38967947993163,-13.975348788960414,7.553265034254064,2.3392070148395185,0.5243153283399187,1.1346252318645336,1.8880271610720436,0.9942490242522143,0.5875796896102615,0.5466558218786566,0.9911437338168336,0.9369706307358705,-0.11227889390801118,0.6043002153092483,0.4686385896516715,9.61812636811322,0.04559333721360857,5.037495653182637,0.5663816785207034,0.09660712344157417,19.23625273622644,3.4404439148542334,2.473118012273396,68950.89223253044,0.1671109898506529,3.094154965529464,92.17070318168274,3.255231057843451,309.49419800216947,0.03865614077198529,0.013055264061234341,3.987391821449662,248311.56354471104,0.5871758506899681,0.7223715833418846,0.9885565742561868,0.7856876677115067,71.8491820912162,0.010531255453316417,2038.617993006252,0.1080119737737762,8.80782231652191,79.53205467839356,1395032.6002967046,136325057.26528558,14775.127939301257,0.022457228200035567,3228.2899226449085,0.1710442896389164,0.38291810426432815,27.4426258526012,0.01017742012723693,6.616656208476031,0.03312855437758899,1394121.4394913104,339.94504935831213,1.3806398873261907e-05,98.7174640447088,0.01917713150691597,0.001677417642735811,case_00056
3.1.1.dev111+g8ed579383,2.0.2,2.5.5,1.8.0,3.12.13,"{'minimumROIDimensions': 2, 'minimumROISize': 50, 'normalize': False, 'normalizeScale': 1, 'removeOutliers': 3, 'resampledPixelSpacing': [1, 1, 1], 'interpolator': 'sitkBSpline', 'preCrop': False, 'padDistance': 10, 'distances': [1], 'force2D': False, 'force2Ddimension': 0, 'resegmentRange': None, 'label': 1, 'additionalInfo': True, 'binWidth': 25}",{'Original': {}},18344dae47c5f769ceea34efbad18e268bd79fe9,3D,"(3.0, 0.822265625, 0.822265625)","(80, 512, 512)",-490.76185941696167,-1024.0,1385.0,c52cfc50ab6601fec1bf635c1b9e005bc1479075,"(3.0, 0.822265625, 0.822265625)","(80, 512, 512)","(29, 194, 111, 41, 104, 298)",165022,43,"(np.float64(47.704045521203234), np.float64(253.59084849292822), np.float64(273.6338488201573))","(224.99970772126215, 208.51903753031792, -143.1121365636097)","(1.0, 1.0, 1.0)","(145, 107, 267)",-4.329385956773905,-974.0991855125461,1410.8787122057024,"(1.0, 1.0, 1.0)","(145, 107, 267)","(12, 11, 11, 123, 85, 245)",334302,42,"(np.float64(69.09265574241255), np.float64(59.44709873108746), np.float64(144.89411669687888))","(224.98298388437888, 208.53596591858746, -143.09265574241255)",54.176885950665465,-109.32956591912316,247.63678215361367,0.26936343333755874,0.16497913851857662,58.43638406152519,354.20468664251916,245.58908770545975,241.16799124261908,125.64234954823155,247.88303693476084,333791.375,95.40979049828309,0.3325648840352951,69972.03025774597,0.20962803564875207,334302.0,-1.9350067426599329,101.13604723052953,1518776468.9070807,2.7002134409599803,55.513454276268675,3.002557479301438,247.63678215361367,32.42263240096091,54.176885950665465,58.95426868383636,-109.32956591912316,356.9663480727368,23.0877188572754,67.40272308615152,-0.5164167271748693,1518776468.9070807,0.1783729811927348,1607.9921081170103,62.68354763307305,179.91392488312178,-9.93765762615229,7.786743317945881,1.4703260250475556,0.6802512465158527,0.8532784964228048,1.650568335089169,0.7196711982936077,0.6562098118219836,0.6323245171776428,0.9936415213210724,0.9488239992109955,-0.19151779112406178,0.77306916668166,0.48308160217309026,7.816871447987515,0.055132641032141036,4.719444251337761,0.6920989752981145,0.11806372328183416,15.633742895975034,3.4668573004482375,2.3142673357483585,35270.53702874136,0.1631430248537327,3.0287557261077778,59.32781653836719,3.735195027243769,238.81391507382415,0.06995225976759564,0.022429374532445052,4.209682143094385,110292.71175311565,0.5031956268361939,0.6461773624309296,1.2047742278414428,0.7335684946955137,42.15240496273023,0.017558171746633044,1064.6363636363637,0.1427509203052244,7.644000880662468,40.29377849289354,1262635.2654867256,83750149.2869402,20516.122826174236,0.056434124327647904,1558.2963260927863,0.2089429238526128,0.45268984276033114,16.03205337184216,0.030569076497192357,6.110138727856366,0.022309169553278173,1260626.0191204292,181.50677387549987,3.463350654513552e-05,59.34969472040705,0.014609571333306598,0.0033291563984084583,case_00057
3.1.1.dev111+g8ed579383,2.0.2,2.5.5,1.8.0,3.12.13,"{'minimumROIDimensions': 2, 'minimumROISize': 50, 'normalize': False, 'normalizeScale': 1, 'removeOutliers': 3, 'resampledPixelSpacing': [1, 1, 1], 'interpolator': 'sitkBSpline', 'preCrop': False, 'padDistance': 10, 'distances': [1], 'force2D': False, 'force2Ddimension': 0, 'resegmentRange': None, 'label': 1, 'additionalInfo': True, 'binWidth': 25}",{'Original': {}},44f122a2e16833a16722ccdf1807db41ae22debb,3D,"(5.0, 0.951171875, 0.951171875)","(103, 512, 512)",-528.0114583506167,-1024.0,1295.0,de3bc274fc2819cdfc7dee5104576b6df18f5119,"(5.0, 0.951171875, 0.951171875)","(103, 512, 512)","(16, 206, 131, 32, 145, 271)",141187,35,"(np.float64(31.21324909517165), np.float64(271.403153264819), np.float64(266.35373653381686))","(253.34818299212657, 258.15104617181026, -156.06624547585827)","(1.0, 1.0, 1.0)","(182, 160, 279)",3.4585539368034386,-999.0152452518529,1316.8261140838702,"(1.0, 1.0, 1.0)","(182, 160, 279)","(13, 11, 11, 160, 138, 257)",639400,35,"(np.float64(91.06197216140131), np.float64(73.11145605254926), np.float64(139.3018611197998))","(253.3262751822998, 258.1358701150493, -156.06197216140131)",75.34333527992385,-119.01203950295557,273.63467325383414,0.3608322928760755,0.1563473208784921,56.018057032627695,358.29240128881423,256.1581542719263,256.95524902208166,155.32224567009067,269.21552704106796,639497.9583333334,129.2834686771178,0.382973466355261,93729.19354494006,0.14656683781949534,639400.0,4.088716820259216,128.04136274500038,5067570649.492022,2.8796126940890248,62.14964517639401,3.119474768883453,273.63467325383414,37.96209810088146,75.34333527992385,84.75629105953938,-119.01203950295557,392.6467127567897,26.476892069939687,89.02532956863759,-0.7579260530388995,5067570649.492022,0.16079322059046403,2248.8911337015206,77.24569195880926,428.12368495855713,-31.37418803628416,11.576248690289775,1.6449132932672206,0.7497895466459975,0.9181584882534458,1.7002337779579784,0.7698039933675324,0.6379137909084348,0.610157363328301,0.9937376215550114,0.9482479551442454,-0.21908488036276907,0.8206558220166505,0.48622905051032245,8.646494737596202,0.047046434556831614,5.005635276358024,0.7712013088770848,0.10740440954725773,17.2929894751924,3.673520975258302,3.3052904958892486,62420.1961898329,0.1469589876019785,4.087422567660739,73.74928602170884,3.8003540638250852,303.264849109781,0.06043609896239602,0.019363412964613063,4.337093310078083,224640.13306652042,0.5191470882663628,0.6628725247226968,1.2630798128157141,0.7430452902045054,53.465968464461945,0.015266587194224693,1162.2172972972974,0.10470426101777452,10.8444677785894,55.5836936936937,2742102.7596396394,233817961.16144145,34325.61681428912,0.054481599389428544,1682.8814414414414,0.15161094067040012,0.360590573113447,16.33577372524118,0.026071357804360946,6.83796040641964,0.017360025023459492,2738784.584491519,304.2040545155321,1.7543449299865868e-05,73.33461007297113,0.019510313974550737,0.001962043060603895,case_00058
3.1.1.dev111+g8ed579383,2.0.2,2.5.5,1.8.0,3.12.13,"{'minimumROIDimensions': 2, 'minimumROISize': 50, 'normalize': False, 'normalizeScale': 1, 'removeOutliers': 3, 'resampledPixelSpacing': [1, 1, 1], 'interpolator': 'sitkBSpline', 'preCrop': False, 'padDistance': 10, 'distances': [1], 'force2D': False, 'force2Ddimension': 0, 'resegmentRange': None, 'label': 1, 'additionalInfo': True, 'binWidth': 25}",{'Original': {}},e211561fe6b5f532f2b4c374be70b4e503beca37,3D,"(0.5, 0.7890625, 0.7890625)","(738, 512, 512)",-493.51417629376334,-1024.0,3071.0,e90576f9b49e912a7482888a835fb0ed0a761a2c,"(0.5, 0.7890625, 0.7890625)","(738, 512, 512)","(157, 234, 141, 283, 123, 232)",1036366,23,"(np.float64(297.6121225512994), np.float64(296.16221682301426), np.float64(253.22040283066022))","(199.80672410856783, 233.6904992119097, -148.8060612756497)","(1.0, 1.0, 1.0)","(163, 119, 205)",42.195311637461266,-1026.7137944329304,1323.3836687847984,"(1.0, 1.0, 1.0)","(163, 119, 205)","(10, 11, 11, 142, 97, 183)",322150,16,"(np.float64(80.36856122924104), np.float64(59.55268353251591), np.float64(99.66262610585132))","(199.7680948558513, 233.6581522825159, -148.61856122924104)",138.749820320053,-147.85871422233703,421.98783402192925,0.3729689429112425,0.17756918591367238,45.7366493620054,257.5708680910487,183.1829686406463,172.8380745090618,111.01801655587259,199.5745474753732,321986.4166666667,96.06593439664951,0.5333150948494604,42598.2687395105,0.13229834096886747,322150.0,45.20531589043228,206.61676884377076,7526837874.684726,3.2560069806642993,91.87945379227378,3.148865793034025,421.98783402192925,52.38058319837988,138.749820320053,156.22152673845144,-147.85871422233703,569.8465482442663,37.75186140650931,152.85414247139326,-0.7429957911900923,7526837874.684726,0.12800298834206741,4112.87623181799,151.88736739249433,1346.191983687735,-71.51810317879341,21.267168301194587,3.7978983022853043,0.696670432639209,1.3821850568693002,2.1875119886322834,1.864027224973886,0.5528144072610832,0.505418655186197,0.9930877056656672,0.9460622163134734,-0.1554935058604197,0.7865306887564761,0.4562918602423436,12.145780146947272,0.027313641213077392,5.927944036914983,0.7263590104662471,0.07514262355790109,24.29156029389454,4.059044013890309,6.266266650869972,28779.71213525299,0.11856950542334846,7.05010588964024,149.55343873795636,2.2608134173853918,351.18352377349066,0.018523221135012376,0.009048839592917617,4.375900906270898,150158.88621182,0.6175394091629582,0.7534041714920188,0.49214227711601877,0.8138397552769591,120.17792873417092,0.00761236359036862,1642.310369390455,0.0835611259484306,14.222910366331533,121.37290119059733,269160.1697364404,48620497.81912079,1550.0394598947753,0.01709701680758642,6986.102065737255,0.35545446554071713,0.6179119514610426,74.01796229189215,0.011441612665565072,6.046958697195512,0.061008846810492005,268891.5027104452,75.7208703880931,3.301832936495316e-05,218.08475301289317,0.023857637508245398,0.007987936660589657,case_00059
3.1.1.dev111+g8ed579383,2.0.2,2.5.5,1.8.0,3.12.13,"{'minimumROIDimensions': 2, 'minimumROISize': 50, 'normalize': False, 'normalizeScale': 1, 'removeOutliers': 3, 'resampledPixelSpacing': [1, 1, 1], 'interpolator': 'sitkBSpline', 'preCrop': False, 'padDistance': 10, 'distances': [1], 'force2D': False, 'force2Ddimension': 0, 'resegmentRange': None, 'label': 1, 'additionalInfo': True, 'binWidth': 25}",{'Original': {}},7e2365e3b50446c1cc0bd064760585381b903af7,3D,"(3.0, 0.833984375, 0.833984375)","(145, 512, 512)",-587.7793225255506,-1024.0,1853.0,b9d304e7d66b8f6dcbe5171dd6bbe4a8e47f40a2,"(3.0, 0.833984375, 0.833984375)","(145, 512, 512)","(30, 216, 147, 34, 122, 242)",140099,43,"(np.float64(46.51490731554115), np.float64(281.55310173520155), np.float64(261.09684580189725))","(217.75068976056664, 234.81088757994348, -139.54472194662344)","(1.0, 1.0, 1.0)","(124, 124, 224)",45.655847135635234,-1047.9465212064342,1565.5249458166907,"(1.0, 1.0, 1.0)","(124, 124, 224)","(12, 11, 11, 102, 102, 201)",291957,38,"(np.float64(62.537962782190526), np.float64(65.73812924506007), np.float64(105.63550796863922))","(217.71851578113922, 234.82113705756007, -139.53796278219053)",112.29370119661453,-133.1532797812229,275.4405890415904,0.3439517882733709,0.21034530222400125,56.913106748655636,270.56989695946544,201.6829194552677,202.54382241875462,108.07404868885037,207.35476845252438,291506.0,93.06299991214983,0.3649331215265183,58259.824849639546,0.1998580641552474,291957.0,15.774096762262817,175.66229061815218,4758740944.15901,3.104269543913033,80.07722108322054,3.1677414342728842,275.4405890415904,49.13863950049087,112.29370119661453,126.91171532524424,-133.1532797812229,408.5938688228133,35.10888716350936,127.66933183280666,-0.9249372607180445,4758740944.15901,0.14075433955385747,3689.582962200742,129.6937985886598,1132.8968799353058,-75.06093134707939,18.56251333794045,2.2486444341660534,0.7823962615928342,1.0015741631321537,1.8712970899327934,1.218559588411701,0.6364473113160775,0.6066756845530679,0.9933384388041584,0.9502752658337171,-0.23943136753690036,0.8623993085749379,0.457931395903055,11.207731261039111,0.044718865565720675,5.301615071772914,0.7970810413818742,0.13484786673795215,22.415462522078222,3.886402365124715,5.202789443026625,23300.56704970626,0.12099977559421736,6.683844808306096,120.08154307561564,3.5651853767978525,484.70479626672073,0.03295208290172285,0.011850355062922884,4.566959122141667,102603.56245554806,0.5290091727564843,0.6587036921401228,1.184059063767936,0.7544277231206499,86.57248867833916,0.009647978541205861,1105.2665722630322,0.09781985770980017,9.276798546247528,71.65589875210196,458745.5096026197,68609837.30825737,3254.1287894730426,0.026372468148310582,2846.1266483759623,0.2518919062196621,0.508147562821637,33.867092568706376,0.014725685606792473,6.269804975612071,0.03870090458526427,458077.8458984843,80.30021142129347,4.591089966692062e-05,97.11118446686774,0.026060360723252646,0.00650800874046511,case_00060
3.1.1.dev111+g8ed579383,2.0.2,2.5.5,1.8.0,3.12.13,"{'minimumROIDimensions': 2, 'minimumROISize': 50, 'normalize': False, 'normalizeScale': 1, 'removeOutliers': 3, 'resampledPixelSpacing': [1, 1, 1], 'interpolator': 'sitkBSpline', 'preCrop': False, 'padDistance': 10, 'distances': [1], 'force2D': False, 'force2Ddimension': 0, 'resegmentRange': None, 'label': 1, 'additionalInfo': True, 'binWidth': 25}",{'Original': {}},bda03f5ec121671222b5c746cd6a61e3702cab4d,3D,"(5.0, 0.9765620231628418, 0.9765620231628418)","(29, 512, 512)",-649.2951539138268,-2048.0,1753.0,350fcb4ccf23d184ac6efd7496211d9dca0fa3b6,"(5.0, 0.9765620231628418, 0.9765620231628418)","(29, 512, 512)","(2, 207, 112, 26, 120, 276)",123831,35,"(np.float64(14.58488585249251), np.float64(267.20171039561984), np.float64(257.33694309179447))","(251.3054857802639, 260.93904289651823, -72.92442926246255)","(1.0, 1.0, 1.0)","(145, 139, 292)",-1.6209225516936312,-771.3908693679202,1186.213466715798,"(1.0, 1.0, 1.0)","(145, 139, 292)","(10, 11, 11, 130, 117, 270)",589215,35,"(np.float64(74.91179790059655), np.float64(69.97223424386684), np.float64(153.48418658723895))","(251.49590557565753, 260.98395323228544, -72.91179790059655)",55.05412938721441,-101.82432962516191,165.30481123666428,0.35159226396142335,0.16848558336249495,56.71619368368366,336.62342232367365,271.42586464815764,261.0689564080724,132.01893803541975,272.4573361097109,588662.625,118.35419115722276,0.44643693328162887,76085.45641066546,0.1292513796177657,589215.0,4.187009830739518,90.85898412103829,2470306011.307437,2.383783639625359,40.82501638448143,3.7288033850903797,165.30481123666428,26.583536816980228,55.05412938721441,62.97929566584707,-101.82432962516191,267.12914086182616,17.707050219328508,64.74980731968671,-0.9946960742471587,2470306011.307437,0.23404490711328976,1161.5803853524114,62.13701443941143,138.2036621461262,-14.393435799603518,6.068974447014574,0.7572340902244167,0.7765316260625824,0.5677680976869448,1.306213917860222,0.42070053829250653,0.7441296576655714,0.7347905845426813,0.9948572906136209,0.957332709225957,-0.2856515784139455,0.8403226488525297,0.43374164305278684,7.797982296133807,0.10161990335683836,3.953617417127795,0.7945418338332831,0.1960473010784341,15.595964592267613,3.165174888336331,1.7065521343097472,59219.11485994818,0.1967301698040481,2.3995559517334195,57.87361180985518,7.850263121448524,509.45179051492676,0.13606366974773107,0.021916754217986337,4.474846616868937,114626.53164876012,0.3713462580192341,0.5083791406950187,3.3737814592944626,0.6208269847270885,34.06404339597092,0.014934909591685783,670.602658788774,0.1650917426855672,7.631772094330104,41.29862136878385,9973504.827424914,665475856.9537174,156101.11382182865,0.0565590590574225,470.8168389955687,0.11590764130860874,0.3066126862106467,9.543911671572557,0.023461617829841155,6.727743193708114,0.006893918179272422,9952463.760841196,377.59318660402,2.0532701218443794e-05,27.117598852746514,0.011926601645149278,0.0015390499532009425,case_00061
3.1.1.dev111+g8ed579383,2.0.2,2.5.5,1.8.0,3.12.13,"{'minimumROIDimensions': 2, 'minimumROISize': 50, 'normalize': False, 'normalizeScale': 1, 'removeOutliers': 3, 'resampledPixelSpacing': [1, 1, 1], 'interpolator': 'sitkBSpline', 'preCrop': False, 'padDistance': 10, 'distances': [1], 'force2D': False, 'force2Ddimension': 0, 'resegmentRange': None, 'label': 1, 'additionalInfo': True, 'binWidth': 25}",{'Original': {}},4480f4611fd19f99a94c3b70089daab2de150471,3D,"(5.0, 0.9765625, 0.9765625)","(86, 512, 512)",-592.6244360458019,-1024.0,1338.0,ee9eb82096094c8cf63a3c3622db7020a3d0afb3,"(5.0, 0.9765625, 0.9765625)","(86, 512, 512)","(21, 294, 155, 25, 94, 228)",99277,5,"(np.float64(32.71434471226971), np.float64(338.17011996736403), np.float64(268.8708059268511))","(262.56914641294054, 330.2442577806289, -163.57172356134853)","(1.0, 1.0, 1.0)","(147, 114, 245)",2.920525586756198,-993.180654218743,1189.6687489212918,"(1.0, 1.0, 1.0)","(147, 114, 245)","(13, 11, 11, 125, 92, 223)",473285,5,"(np.float64(73.58108750541429), np.float64(54.20690493043304), np.float64(122.33907687756849))","(262.35079562756846, 330.21862368043304, -163.5810875054143)",70.5485151440705,-129.3108828707835,175.4374686527685,0.37570978357093554,0.1707062578205861,50.75242162768997,297.30850102186207,223.29352879114074,223.32263655975405,128.06248474865697,223.709633230221,473198.1666666667,111.70171257272307,0.5034831005672421,58325.87490192547,0.12325887759199997,473285.0,20.2220307580942,114.33763152779787,3073840473.338005,2.624607942849739,51.62211570373004,3.859213576417579,175.4374686527685,30.77610597673084,70.5485151440705,77.02024696508248,-129.3108828707835,304.748351523552,21.259929637016583,80.58965417124546,-0.8504079138812963,3073840473.338005,0.1927326260564405,1517.5993704077941,90.13790358580735,218.2160494922399,-16.141730409421385,7.795909835615921,1.1623121951643343,0.7390763723161785,0.7299762026144118,1.5151626472217024,0.6109678824019131,0.69249585572789,0.6757552276660619,0.9942450224640846,0.9530318447690449,-0.24055308120372207,0.8249844715131436,0.47200790064197506,9.406331413305681,0.0664314265774666,4.500028201153856,0.7513386876830442,0.14139778652846516,18.812662826611362,3.4306691018837108,2.239555507695063,48347.415412253715,0.17396909658607534,2.9819238764745557,86.77047542520617,5.196157355961015,480.1525727609555,0.06283107555205951,0.014067662018799406,4.386625842245324,125093.32370883154,0.44231319217614645,0.5856570402774065,1.9663881515531105,0.6857731390908286,57.86805172820687,0.010247820425098055,797.4526760563381,0.11231727831779409,8.044292223765126,61.53394366197183,2885534.218169014,276158116.5707042,31436.918686334186,0.03115616961559077,1223.127605633803,0.17227149375123985,0.39965367683438674,20.146462130848242,0.014916854106991657,6.61376301203458,0.015001531846561797,2881090.681346459,227.07546040600155,2.45523459751925e-05,48.28373848762912,0.014326848583122886,0.002518239556286764,case_00062
3.1.1.dev111+g8ed579383,2.0.2,2.5.5,1.8.0,3.12.13,"{'minimumROIDimensions': 2, 'minimumROISize': 50, 'normalize': False, 'normalizeScale': 1, 'removeOutliers': 3, 'resampledPixelSpacing': [1, 1, 1], 'interpolator': 'sitkBSpline', 'preCrop': False, 'padDistance': 10, 'distances': [1], 'force2D': False, 'force2Ddimension': 0, 'resegmentRange': None, 'label': 1, 'additionalInfo': True, 'binWidth': 25}",{'Original': {}},03a0c2932ff672c731b365b8c71524d4fc34ef0d,3D,"(0.5, 0.859375, 0.859375)","(527, 512, 512)",-445.93005859693494,-1024.0,3004.0,e33d1c1b7ae096cceb35f1793a211a12a1182759,"(0.5, 0.859375, 0.859375)","(527, 512, 512)","(112, 234, 125, 240, 106, 272)",1254561,21,"(np.float64(231.8214849656573), np.float64(290.23458484681095), np.float64(261.8387180854498))","(225.01764835468342, 249.42034635272816, -115.91074248282865)","(1.0, 1.0, 1.0)","(142, 113, 256)",3.431714229268908,-1028.4410471235099,2994.3382163102197,"(1.0, 1.0, 1.0)","(142, 113, 256)","(11, 11, 11, 120, 91, 233)",462440,11,"(np.float64(70.40499091774068), np.float64(59.336975607646394), np.float64(128.90931147824583))","(224.9796239782458, 249.4072881076464, -115.65499091774068)",86.64660345332035,-164.30243229677967,1256.5770933722201,0.3506682411476447,0.1694284300329723,56.2252112280734,331.85228250731865,233.6193485137736,233.54871012274933,125.00399993600205,233.9807684404853,462890.9166666667,116.37005622767275,0.37144526350805424,77906.7472505602,0.1683047656488403,462440.0,13.133823577572038,151.25498977590314,4927791225.059008,3.173309105699601,74.95208885974313,7.48866355846421,1256.5770933722201,44.30237994922482,86.64660345332035,92.6992093854154,-164.30243229677967,1420.8795256689998,30.950539958887596,103.2282235555637,-0.13107331832660876,4927791225.059008,0.13097496702017697,3148.4322484404834,125.6469363346859,1628.0744841141595,-3.337554851031382,14.553047799432658,4.30746280146474,0.5427518394594857,1.5274552532926151,2.270605532774105,1.9556757569262935,0.5200036311075515,0.4636022301689738,0.9987316084784208,0.9748600092503072,-0.09317927034632495,0.6526899630765691,0.44092348857520824,11.094385161351104,0.023799661427496642,5.9439742732003555,0.60769350243695,0.05189353901115694,22.188770322702204,3.9151011899148247,4.715127650224349,45666.17397518263,0.1246854271999369,5.563710999797282,124.26231096913496,1.9585214753198734,248.71018459493826,0.018660413673349377,0.010315350435830957,4.147841709014215,243608.11115967282,0.6644270947815687,0.7920021225206763,0.36106847894153266,0.8422996560413121,103.87583163906184,0.008917413540600914,2886.7363030014294,0.08595570220942798,14.590294760497297,109.67427941877084,335747.78900666983,45185363.88756551,2624.6373070217387,0.017657116712697544,12024.681395902811,0.35804792150734904,0.6207644609477229,68.98935801042312,0.01154418572303283,6.018175970066317,0.07262347547789984,335558.1856845384,52.747461045992296,1.9413890607438026e-05,1883.798898620504,0.004211734237728794,0.1023130833099907,case_00063
3.1.1.dev111+g8ed579383,2.0.2,2.5.5,1.8.0,3.12.13,"{'minimumROIDimensions': 2, 'minimumROISize': 50, 'normalize': False, 'normalizeScale': 1, 'removeOutliers': 3, 'resampledPixelSpacing': [1, 1, 1], 'interpolator': 'sitkBSpline', 'preCrop': False, 'padDistance': 10, 'distances': [1], 'force2D': False, 'force2Ddimension': 0, 'resegmentRange': None, 'label': 1, 'additionalInfo': True, 'binWidth': 25}",{'Original': {}},26278d1bd880024cb2d61de6924a64d5cb37a040,3D,"(5.0, 0.703125, 0.703125)","(53, 512, 512)",-681.9123014773962,-2048.0,1248.0,ff301d6e8879d5b721d76244446fe10fe55c8b11,"(5.0, 0.703125, 0.703125)","(53, 512, 512)","(16, 266, 132, 21, 80, 271)",113698,2,"(np.float64(26.122957307956163), np.float64(308.13005505813646), np.float64(268.9037098277894))","(189.0729209726644, 216.6539449627522, -130.61478653978082)","(1.0, 1.0, 1.0)","(127, 78, 213)",51.595702024078854,-491.1770564097986,1264.9621942733063,"(1.0, 1.0, 1.0)","(127, 78, 213)","(13, 11, 11, 105, 56, 190)",281115,2,"(np.float64(65.62670081639187), np.float64(40.48517510627323), np.float64(106.92149120466713))","(189.06992870466712, 216.63361260627323, -130.62670081639186)",118.81689765362658,-121.19887572910822,246.75457936762302,0.3830003014783948,0.16423939568445883,43.11384931586026,262.50613707013235,191.7602670002313,190.26297590440447,108.93117092916977,192.34864179400904,281176.0,100.53992963778951,0.4135815624805308,50185.13773913984,0.1784830061567838,281115.0,16.22355945807881,189.1950522809042,5177983679.826175,3.2316622606108307,90.9402577483168,2.94154091823358,246.75457936762302,53.55435754281472,118.81689765362658,133.21023120441515,-121.19887572910822,367.95345509673126,38.86969413552029,135.71827428673757,-0.8343696468989659,5177983679.826175,0.12584655925779084,4301.994807337761,114.51639769392607,1520.6858701579938,-89.79019379521509,22.389366206296838,2.3173055898357933,0.8110655986233385,1.0247966350384123,1.8777350304856466,1.2254109287620045,0.6299150914121743,0.598926182568426,0.9902804645841543,0.9402161567245307,-0.2592504990807488,0.8830138953462038,0.46024820738934913,10.464033510710093,0.037946724552552706,5.485151786644991,0.8208726047115928,0.1022173585936382,20.92806702142019,4.040217600226777,6.176667949033158,20919.582055392417,0.11166351285471601,7.548646895908705,105.39676062351238,3.7196693553001534,455.5148173077512,0.04315415741989074,0.015900071239205758,4.6608432468995336,101468.83977841942,0.5350842383660406,0.664943583176335,1.3035207771294028,0.7576634283233454,76.13246658849319,0.013138374318989201,861.3515205724508,0.09630495534128475,9.794239089736658,60.6012969588551,488746.54080948123,66451561.77448569,3933.8417514815756,0.04235897754004297,1909.7696779964222,0.2135252323341259,0.4596079228611098,23.631468883573074,0.02222564205231634,6.513708822410145,0.031816160645998966,487758.6602060281,109.95471135980902,4.935076678174837e-05,66.26476333164693,0.04509777317650404,0.004817923744213524,case_00064
3.1.1.dev111+g8ed579383,2.0.2,2.5.5,1.8.0,3.12.13,"{'minimumROIDimensions': 2, 'minimumROISize': 50, 'normalize': False, 'normalizeScale': 1, 'removeOutliers': 3, 'resampledPixelSpacing': [1, 1, 1], 'interpolator': 'sitkBSpline', 'preCrop': False, 'padDistance': 10, 'distances': [1], 'force2D': False, 'force2Ddimension': 0, 'resegmentRange': None, 'label': 1, 'additionalInfo': True, 'binWidth': 25}",{'Original': {}},4f6659d4fa1bd286006f9425b6d4a74019353588,3D,"(2.5, 0.8203120231628418, 0.8203120231628418)","(103, 512, 512)",-827.8442534289313,-3059.0,3052.0,6f39aa74aa4befa3cca4974b6ecd3b4ebce0b8ab,"(2.5, 0.8203120231628418, 0.8203120231628418)","(103, 512, 512)","(39, 241, 93, 52, 115, 323)",292194,10,"(np.float64(65.04808449181023), np.float64(305.6123842378694), np.float64(252.40621641785935))","(207.0518540486123, 250.69751321778642, -162.62021122952558)","(1.0, 1.0, 1.0)","(152, 116, 287)",-21.71804847084434,-957.6055307071331,3215.2279097758646,"(1.0, 1.0, 1.0)","(152, 116, 287)","(11, 11, 11, 130, 94, 265)",491417,8,"(np.float64(77.11100552076952), np.float64(63.607551224316616), np.float64(141.98857996365612))","(207.0784239520747, 250.6973952127352, -162.36100552076954)",68.13496851936931,-142.75970412708455,245.90549913052752,0.32136939205254894,0.14505844629254366,54.63873748549587,376.6670530532521,265.228203628498,264.030301291348,136.97079980784227,265.2583646183471,491484.7916666667,121.04926184594883,0.3605161987926584,83540.94757273555,0.1699766686359533,491417.0,3.86095530836529,122.80558148765168,3370417677.6861567,2.9246991916420164,62.29390651931281,3.284730786097333,245.90549913052752,37.404652343441235,68.13496851936931,74.36278782763662,-142.75970412708455,388.66520325761206,25.91577933458906,82.81648121266048,-0.6177048535524705,3370417677.6861567,0.15529902441711824,2216.195625311499,89.61966642836477,319.47477511792306,-19.004626769477305,9.88478850307185,2.9327040028224522,0.5401412811528747,1.267685330236033,2.031897585583119,1.2685430418709271,0.5631403693012158,0.5170616486500501,0.9890205570741823,0.9304510713639703,-0.10903765688052716,0.6311856701523286,0.46299804797258104,9.374475019871989,0.035088451936719174,5.380471714230685,0.5621312000758425,0.07336130674073477,18.748950039743978,3.632027817735034,3.204373126473575,53413.42844491464,0.1450390781332554,4.024758746653774,87.23240007608335,2.4290116729557933,220.82024727182196,0.03241064413679218,0.015105293474807891,4.059803450648247,229346.00861923076,0.6166002143232604,0.7489024283152285,0.5823343755903447,0.8111416879867667,69.76447967508327,0.012744037828054848,2354.1757059417682,0.10338481867031611,10.470159922431765,67.66044530323657,705281.9923147863,67334623.77155153,7750.385130604814,0.032624697809318495,5886.524219401871,0.25850969300434196,0.5143828382923656,32.51260719161443,0.01959977893125904,6.1779398915546775,0.04633742829409646,704816.2602428021,290.1916050195843,1.7540082847005872e-05,102.65277707165941,0.02735684791624245,0.0018293550082549921,case_00065
3.1.1.dev111+g8ed579383,2.0.2,2.5.5,1.8.0,3.12.13,"{'minimumROIDimensions': 2, 'minimumROISize': 50, 'normalize': False, 'normalizeScale': 1, 'removeOutliers': 3, 'resampledPixelSpacing': [1, 1, 1], 'interpolator': 'sitkBSpline', 'preCrop': False, 'padDistance': 10, 'distances': [1], 'force2D': False, 'force2Ddimension': 0, 'resegmentRange': None, 'label': 1, 'additionalInfo': True, 'binWidth': 25}",{'Original': {}},00e246512774eb8e9ef011f83d36ef75e881cae9,3D,"(1.25, 0.8632810115814209, 0.8632810115814209)","(445, 512, 512)",-689.6835084379389,-2048.0,1646.0,ac2feec3ce9644549d6922a985ffd3387b9e37c3,"(1.25, 0.8632810115814209, 0.8632810115814209)","(445, 512, 512)","(130, 252, 115, 91, 106, 273)",395084,30,"(np.float64(172.2732330339877), np.float64(305.31523422867036), np.float64(254.56488493586173))","(219.76103138053872, 263.572844256145, -215.34154129248464)","(1.0, 1.0, 1.0)","(136, 113, 258)",37.515868760952834,-1002.6007947613734,1290.3438388565478,"(1.0, 1.0, 1.0)","(136, 113, 258)","(11, 11, 11, 114, 91, 235)",367238,32,"(np.float64(64.35697013925574), np.float64(56.47163692210501), np.float64(131.56991923493757))","(219.63827872914686, 263.5399964163143, -215.23197013925574)",117.09197443944016,-170.48734216881147,344.7126678798729,0.3250213005378564,0.1353605470482629,46.662871445921596,344.73022208815337,234.62523308459387,235.68835355188853,125.36347155371855,237.20666095200616,367015.5,112.04466511779566,0.4297393978815705,57685.75186242838,0.1571752469920981,367238.0,35.53574687882855,182.77972310231584,6329946526.888215,3.209069120680334,72.25083354625306,3.8383240587304126,344.7126678798729,46.0030072175886,117.09197443944016,127.12302040909165,-170.48734216881147,515.2000100486844,30.59746996590027,131.28835713865,-0.8644736835744304,6329946526.888215,0.13181618153686772,3526.102242039197,154.71909323038773,1083.7468771609276,-63.176891390291,16.454929445780483,4.407138804839565,0.576656843119159,1.5886591574467501,2.3001343993873506,1.8559339822257255,0.5074499879905356,0.44731076279622034,0.9903630974532139,0.9328974473040367,-0.0934837228437803,0.6526396693510634,0.430535405314191,12.316931448016152,0.02372390137538657,6.010003646415564,0.6107650018932296,0.0531213824034861,24.633862896032305,3.9439757756873757,5.215517062655011,36670.58057912112,0.12437647750781962,6.186378281606668,152.6065919975736,1.8871995239327686,295.55682333908015,0.014765346971189034,0.00851498260179208,4.148011527352564,200311.28478195265,0.6784268197486778,0.8028685652188666,0.3316474369537905,0.850270759967805,128.66963400313284,0.007435290012906743,2424.956966187719,0.08667370670482948,14.748378530784077,130.55114733004504,265195.82786475087,44957127.31321038,1617.1305132343443,0.014980255017150296,9882.546786761026,0.35322563395385753,0.6158910026218816,80.8323055284966,0.009876993698692514,6.0117557322236905,0.07618492639650581,265023.537140992,118.43620649099276,2.3620485845128537e-05,215.3779288581713,0.029525883156843416,0.0046246369012435595,case_00066
3.1.1.dev111+g8ed579383,2.0.2,2.5.5,1.8.0,3.12.13,"{'minimumROIDimensions': 2, 'minimumROISize': 50, 'normalize': False, 'normalizeScale': 1, 'removeOutliers': 3, 'resampledPixelSpacing': [1, 1, 1], 'interpolator': 'sitkBSpline', 'preCrop': False, 'padDistance': 10, 'distances': [1], 'force2D': False, 'force2Ddimension': 0, 'resegmentRange': None, 'label': 1, 'additionalInfo': True, 'binWidth': 25}",{'Original': {}},c66995147f2c12f82462e005d63db6b8f0fa841d,3D,"(1.0, 0.76171875, 0.76171875)","(285, 512, 512)",-417.6891341226143,-1024.0,1378.0,79d5a27d74156f6821ead8423d32278ec2b7cddc,"(1.0, 0.76171875, 0.76171875)","(285, 512, 512)","(99, 154, 121, 170, 213, 307)",485178,411,"(np.float64(147.04900263408481), np.float64(291.8630749951564), np.float64(248.05549097444649))","(188.94851851569166, 222.3175766564668, -147.04900263408481)","(1.0, 1.0, 1.0)","(192, 185, 256)",-12.860367362914065,-1035.6266317824889,1360.871297614713,"(1.0, 1.0, 1.0)","(192, 185, 256)","(11, 11, 11, 170, 163, 234)",281727,398,"(np.float64(59.06558831776862), np.float64(116.19252325833165), np.float64(107.8302008682164))","(188.9493414932164, 222.31166388333162, -147.06558831776863)",106.34917741192274,-149.98060737155652,292.97296761799026,0.37048678895149917,0.24902318014367664,74.08643798794364,297.50819961900197,227.2003521124032,233.2402195162747,175.4821928287882,257.2353008434107,280277.7083333333,110.22285756358566,0.2583171539675299,80178.25177720403,0.286067173354537,281727.0,5.3775712088554775,173.8460487390199,4324554988.869025,3.2235406934827813,80.74362744265707,3.0668127127445888,292.97296761799026,50.915286200766324,106.34917741192274,122.73195990823501,-149.98060737155652,442.9535749895468,35.317109972613466,123.89576926527478,-0.8592577226525905,4324554988.869025,0.12985545310634053,4040.014105641585,126.42585911525362,1173.551158288895,-79.5079354374869,18.074502879939867,3.656194163178699,0.6618186166582322,1.4050553600828775,2.1777486190720987,1.652373878117132,0.5414103858126844,0.49056647890655447,0.9892290289717459,0.9314288474595954,-0.13160561018545477,0.7311248649081831,0.45338782174083503,11.08238285970789,0.029354963631002224,5.788994984398444,0.6951329806928187,0.06881168035604092,22.164765719415776,3.9131819026831045,5.4326742607796445,26041.15523439972,0.11854000026439152,7.107408127972567,118.8695817792619,2.082308013919536,265.0298907653918,0.022123505051802626,0.01250456742479821,4.251222155671837,144117.47451804148,0.6543535815318993,0.7795724775566962,0.4255270295189388,0.8359068967285718,97.14415911720532,0.010971960335740402,2178.3613993477616,0.09226044637447638,11.579617110138512,82.47914107831096,182390.78611664055,26420866.112320527,1301.3577987922329,0.02525071935092307,8063.332726271653,0.3415074637360405,0.6046832269075308,49.54925668778508,0.016668018097939045,5.935846038295453,0.08380808371224625,182248.41293876802,113.21427036073918,3.460066194608756e-05,137.20244337264978,0.04128612391239686,0.004638731042465528,case_00067
3.1.1.dev111+g8ed579383,2.0.2,2.5.5,1.8.0,3.12.13,"{'minimumROIDimensions': 2, 'minimumROISize': 50, 'normalize': False, 'normalizeScale': 1, 'removeOutliers': 3, 'resampledPixelSpacing': [1, 1, 1], 'interpolator': 'sitkBSpline', 'preCrop': False, 'padDistance': 10, 'distances': [1], 'force2D': False, 'force2Ddimension': 0, 'resegmentRange': None, 'label': 1, 'additionalInfo': True, 'binWidth': 25}",{'Original': {}},bbdcd184c1cc8c4f981bba0625ab1278daffde9e,3D,"(0.5, 0.703125, 0.703125)","(626, 512, 512)",-304.3011732253785,-1024.0,1395.0,1f3b97406bf2f49c6724996cbb63cf02c299f1b4,"(0.5, 0.703125, 0.703125)","(626, 512, 512)","(132, 225, 103, 221, 136, 312)",1312343,78,"(np.float64(235.78204935752314), np.float64(297.20537923393505), np.float64(259.46278069071883))","(182.43476767316167, 208.9725322738606, -117.89102467876157)","(1.0, 1.0, 1.0)","(133, 118, 241)",0.5495269724588119,-978.5021017652659,1269.2965026758905,"(1.0, 1.0, 1.0)","(133, 118, 241)","(11, 11, 10, 110, 95, 219)",324707,44,"(np.float64(62.39963721139365), np.float64(61.821244999337864), np.float64(120.41776432291266))","(182.56620182291266, 208.96968249933786, -117.64963721139365)",88.73118144870891,-163.70331666895683,326.8096949895285,0.3312764683544187,0.18476024416167144,59.24203310379519,320.64275175971517,219.3855054464629,219.5449840010015,116.46887996370532,223.81018743569294,324554.0833333333,106.22139840640102,0.29220718232656473,78160.01300974486,0.24082276891112353,324707.0,18.41955978994658,145.23775277813118,3406298168.6782794,3.0131151434863956,64.80711455564547,3.660739912041875,326.8096949895285,40.0887466426325,88.73118144870891,97.4044712315934,-163.70331666895683,490.5130116584853,27.18817976058049,102.42253130318566,-0.7333155520022511,3406298168.6782794,0.15022318866528553,2617.1523572683477,127.4177798569847,501.62858898662216,-29.355778126208865,11.789774894237658,3.439258474152978,0.5476252453941015,1.3448339422797184,2.136371586610061,1.6175451669289982,0.5519301092151835,0.5042612595929786,0.9924905652533652,0.9426503978371783,-0.1003007390303853,0.6581627682092202,0.46378706135792575,11.195085475987783,0.03250196451773803,5.587516823386405,0.5818762980854614,0.07652419253378404,22.390170951975566,3.7337507337164575,3.8072583420976587,34864.72278175509,0.13987839389967652,4.720669618767541,124.60478522754441,2.1414176133491014,275.8944126849096,0.019464935632336058,0.009976100727158578,4.088645312118586,158412.554083067,0.6347455380237689,0.7676032664714769,0.4399260845240629,0.8245444346465524,101.54879923163963,0.008483306847009982,2157.8104512232485,0.09443785072533802,11.201064672475267,101.97194625585365,285451.0365005033,39691545.010372445,2111.8179165282277,0.016972044499082607,8376.523480239835,0.3666035047590632,0.6283217438932404,63.80276588212035,0.011200424680918211,5.8304983568934965,0.07036805489256469,285249.0841524062,106.81263129537997,2.7541281248939844e-05,191.2946259027271,0.019243909153537287,0.005594467389996407,case_00068
3.1.1.dev111+g8ed579383,2.0.2,2.5.5,1.8.0,3.12.13,"{'minimumROIDimensions': 2, 'minimumROISize': 50, 'normalize': False, 'normalizeScale': 1, 'removeOutliers': 3, 'resampledPixelSpacing': [1, 1, 1], 'interpolator': 'sitkBSpline', 'preCrop': False, 'padDistance': 10, 'distances': [1], 'force2D': False, 'force2Ddimension': 0, 'resegmentRange': None, 'label': 1, 'additionalInfo': True, 'binWidth': 25}",{'Original': {}},a604ef0e3385c6ab0293d8a5e3b9f2d4ea0ee78b,3D,"(5.0, 0.68359375, 0.68359375)","(90, 512, 512)",-390.73965805901423,-1024.0,3071.0,0ab0c64498b9f7e5d218eeb6a4dc745454a1512f,"(5.0, 0.68359375, 0.68359375)","(90, 512, 512)","(20, 228, 119, 24, 148, 308)",188325,28,"(np.float64(31.173896190096908), np.float64(307.9157148546396), np.float64(269.48734899774325))","(184.21986747892606, 210.48925820141378, -155.86948095048453)","(1.0, 1.0, 1.0)","(142, 123, 232)",45.233039293260376,-1087.9759704062767,1554.0499932313498,"(1.0, 1.0, 1.0)","(142, 123, 232)","(13, 11, 10, 120, 101, 211)",439750,32,"(np.float64(70.87657760090961), np.float64(65.34220579874929), np.float64(113.06966458214895))","(184.22786770714893, 210.50040892374932, -155.87657760090963)",146.33498415687768,-151.5586988625994,315.79009534043445,0.3873587524562701,0.21029089959024322,61.49241367420212,292.41595234991877,211.85372312045877,209.2390976849212,138.40520221436765,214.75800334329801,439651.9583333333,113.26987850057665,0.337720155796578,82794.18170954823,0.18831755469351444,439750.0,42.56395683955846,230.65938366198367,11788371730.293919,3.4803579560234694,111.66349791904041,2.6842416012958057,315.79009534043445,61.29603365278381,146.33498415687768,159.05154092506143,-151.5586988625994,467.3487942030339,45.71151599947668,163.72838841832638,-0.6048979439188541,11788371730.293919,0.10225832631530979,5393.057585868705,189.7989895151585,2338.0770234265947,-96.84156795154121,29.77275264321929,2.4253799558995883,0.8486262907344696,1.0822627888636889,1.9081048287118207,1.2157672375529742,0.609078705429768,0.5745200005021986,0.9941463247268215,0.9511316759000195,-0.279136882268138,0.9139281529049097,0.4735804983077135,13.526279231133998,0.02537917366174623,5.892230865426746,0.8564014074240868,0.06876876247506156,27.05255846226799,4.346182642548743,8.04953314977972,29840.86102529737,0.09733026948811996,9.025288903306327,181.56803927570655,3.0151123370669,589.8701356003572,0.019514598023787483,0.007345738779817457,4.773010579888964,172552.54930663918,0.5573480955251354,0.6972451130449993,0.8806685812841047,0.7732872684657595,137.0963388662074,0.00590895588662994,1002.1236127057023,0.07670291716078854,13.96696964996912,127.37765021048604,666641.4544202066,142989810.04653654,3411.972267674113,0.013886505016654222,3146.8247225411405,0.2408591444731068,0.4978779988820306,58.401086843771225,0.007276363092089409,6.746260723489148,0.029710062535531552,665508.5510516247,81.4582140638184,3.732871183005609e-05,123.23507616017955,0.03069670992343461,0.006803944698337319,case_00069
3.1.1.dev111+g8ed579383,2.0.2,2.5.5,1.8.0,3.12.13,"{'minimumROIDimensions': 2, 'minimumROISize': 50, 'normalize': False, 'normalizeScale': 1, 'removeOutliers': 3, 'resampledPixelSpacing': [1, 1, 1], 'interpolator': 'sitkBSpline', 'preCrop': False, 'padDistance': 10, 'distances': [1], 'force2D': False, 'force2Ddimension': 0, 'resegmentRange': None, 'label': 1, 'additionalInfo': True, 'binWidth': 25}",{'Original': {}},acb2a2b17815bbb05092ef0057b403205eb3cb72,3D,"(5.0, 0.732421875, 0.732421875)","(57, 512, 512)",-451.9465885496976,-1024.0,3071.0,3f199e4191bddd9351a31bfeaa3e16bf2bd8298a,"(5.0, 0.732421875, 0.732421875)","(57, 512, 512)","(20, 221, 75, 27, 142, 362)",168142,110,"(np.float64(32.54376657824934), np.float64(288.9236657111251), np.float64(312.7783837470709))","(229.0857302834992, 211.61401297201547, -162.7188328912467)","(1.0, 1.0, 1.0)","(157, 126, 287)",33.29752908773184,-1090.6332182867873,3504.25169386263,"(1.0, 1.0, 1.0)","(157, 126, 287)","(13, 11, 11, 135, 104, 265)",451140,84,"(np.float64(77.70099082324778), np.float64(60.500343574056835), np.float64(184.99748415126126))","(229.13127321376126, 211.63413263655684, -162.70099082324776)",72.06038909737427,-106.59631672876742,297.51890041670214,0.40258599735269,0.2100076632111075,60.87424546975009,289.86678171147037,265.5880268385606,260.9291091465266,130.64838307457157,267.4060582709375,451023.7083333333,116.69630741472679,0.4211178508448262,67537.77064500184,0.14974328266372955,451140.0,15.503824884365189,122.21545739779826,3175152904.3086276,2.803462763027043,59.35720861056135,3.3043507112730066,297.51890041670214,34.492688560020376,72.06038909737427,76.36101926709549,-106.59631672876742,404.11521714546956,24.41555752781001,83.89317956055915,-0.4444493646184343,3175152904.3086276,0.1675355712133666,1845.3658999152383,74.19428229247272,305.8684657259626,-11.640879771179357,9.670186300308202,1.3980838341912853,0.7460998688027056,0.8216436588102501,1.6138177291414,0.697435324116233,0.6658118307280538,0.6438226397480752,0.9952683654560809,0.9559563000782147,-0.23543365054195403,0.8328937330405343,0.47999519608426355,8.492678564508232,0.05160385029389325,4.837361240966077,0.7524078972802278,0.10058276783837448,16.985357129016464,3.625361458085019,2.7670675336248727,44130.73229109539,0.15616866153397152,3.4135179525145096,71.21166967209841,4.350697680889021,331.89123632937924,0.06817945763648378,0.018422978485276756,4.396737230558168,138196.49401225612,0.47915180159299253,0.6257308834712745,1.5124600974748619,0.712621058638751,49.547097271285914,0.013875360269470827,748.0601275432737,0.11358337800535585,9.175987788099963,53.11843303978135,2571458.650167021,202244749.18144548,34943.05310274593,0.04384093811823024,922.2028545399332,0.140024727382316,0.3445390448483991,15.72262198617015,0.01882254696601865,6.972544172616762,0.014598572505209026,2566766.4209686983,179.98411137870363,2.7676453975421593e-05,73.24259557934798,0.012253926420561929,0.003766541737080155,case_00070
3.1.1.dev111+g8ed579383,2.0.2,2.5.5,1.8.0,3.12.13,"{'minimumROIDimensions': 2, 'minimumROISize': 50, 'normalize': False, 'normalizeScale': 1, 'removeOutliers': 3, 'resampledPixelSpacing': [1, 1, 1], 'interpolator': 'sitkBSpline', 'preCrop': False, 'padDistance': 10, 'distances': [1], 'force2D': False, 'force2Ddimension': 0, 'resegmentRange': None, 'label': 1, 'additionalInfo': True, 'binWidth': 25}",{'Original': {}},84e9de858b231ba7a066b49144621b759ce73c6e,3D,"(0.5, 0.703125, 0.703125)","(612, 512, 512)",-503.8156976762161,-1024.0,1622.0,9feedd1a0623aada6496bf452896c768de9daf15,"(0.5, 0.703125, 0.703125)","(612, 512, 512)","(51, 309, 146, 211, 84, 261)",1119977,12,"(np.float64(147.77213014195829), np.float64(347.259767834518), np.float64(275.01007967127896))","(193.36646226886802, 244.16702425864548, -73.88606507097914)","(1.0, 1.0, 1.0)","(127, 81, 205)",85.13468207954574,-1008.0908830722108,1386.8336230353682,"(1.0, 1.0, 1.0)","(127, 81, 205)","(10, 12, 11, 105, 58, 183)",276869,5,"(np.float64(58.40164120938061), np.float64(38.03557639172316), np.float64(101.0161989966374))","(193.1646364966374, 244.18401389172317, -73.65164120938061)",165.28816924061803,-155.4892857981375,516.9144499178923,0.3739776007588515,0.17945574935478625,42.561371098137066,237.16916984360697,183.96738841436002,183.5755975068582,98.38699100999075,185.7121428447801,276632.5,88.69595711208069,0.5476417718466051,37490.654762569815,0.13552512724488197,276869.0,49.22882809688121,252.38633570573415,9269548013.41533,3.511717850718659,129.88256244644253,2.342191211275638,516.9144499178923,66.83143406553212,165.28816924061803,186.6609607726414,-155.4892857981375,672.4037357160298,51.74205128765628,182.97515051997868,-0.4563052315866382,9269548013.41533,0.1022094427019563,6159.72681689366,206.74731861127586,2600.669994852268,-92.06687499038586,34.112017170442705,5.132006863867,0.7383983814223414,1.6280511765758336,2.378954998928995,2.43892518196842,0.5168318786807444,0.46023153809824735,0.9936639338851818,0.9475234706863799,-0.16353640160314578,0.8164707295169884,0.4273208661766901,14.124522318585836,0.018058544368432704,6.421344422934717,0.7585079027105203,0.04638877550372438,28.24904463717167,4.371246380712984,9.811006008577426,21185.737060175124,0.09744505059454399,9.944010381123267,207.5830807069227,2.0147388187245148,425.66658015797344,0.01220749857550374,0.006220000066479722,4.490884159403971,143026.24974132658,0.6565950228072478,0.7852336164534353,0.3863614712389695,0.8374987826065092,172.79101628592827,0.005257618663189227,1600.0001567152483,0.083581473996513,14.943261834979113,187.73739748210835,143137.29431123647,36069896.34816904,618.1879895908316,0.008363457235068117,6902.146946664577,0.36055722439871374,0.6230729540991967,114.83377622801636,0.005415471212988619,6.179177456141112,0.06914100170116554,142928.11021381267,43.04200176057353,4.116635625560407e-05,360.4653598671886,0.026134107146984553,0.015325560930883022,case_00071
3.1.1.dev111+g8ed579383,2.0.2,2.5.5,1.8.0,3.12.13,"{'minimumROIDimensions': 2, 'minimumROISize': 50, 'normalize': False, 'normalizeScale': 1, 'removeOutliers': 3, 'resampledPixelSpacing': [1, 1, 1], 'interpolator': 'sitkBSpline', 'preCrop': False, 'padDistance': 10, 'distances': [1], 'force2D': False, 'force2Ddimension': 0, 'resegmentRange': None, 'label': 1, 'additionalInfo': True, 'binWidth': 25}",{'Original': {}},f01928ca6533741fd54d44b1bb7952078e9caace,3D,"(2.5, 0.6640625, 0.6640625)","(164, 512, 512)",-399.62014956590605,-1024.0,2087.0,0546d4b6c3ca91e972f4524d061cd67cdf6b8be4,"(2.5, 0.6640625, 0.6640625)","(164, 512, 512)","(23, 269, 108, 53, 143, 290)",369778,3,"(np.float64(49.25118314231782), np.float64(344.61286501630707), np.float64(251.1446354299066))","(166.77573446517235, 228.8444806748914, -123.12795785579455)","(1.0, 1.0, 1.0)","(154, 117, 214)",46.63089495759282,-1027.9116535903502,1232.3997880938275,"(1.0, 1.0, 1.0)","(154, 117, 214)","(11, 11, 11, 133, 95, 192)",407141,3,"(np.float64(77.6226344190342), np.float64(60.70495479453064), np.float64(105.7248324290602))","(166.8928011790602, 228.87292354453064, -122.8726344190342)",175.98243160594896,-126.92693507709075,335.99232178305505,0.395095762804865,0.2004948959404519,52.337279243415146,261.0404569049958,195.7268504830137,188.53381659532593,118.20744477400736,199.81491435826305,407219.6666666667,103.1359784438098,0.5033996474708816,52778.50044649983,0.12960695360939467,407141.0,43.698153939276736,267.3029138722636,15660417901.900204,3.5702123024822843,124.91442206446416,2.9160081191993523,335.99232178305505,71.84574712646554,175.98243160594896,196.72592873030223,-126.92693507709075,462.91925686014577,53.13087117959094,196.12332796463113,-0.8297481978573975,15660417901.900204,0.10226519562631124,7494.543537979772,198.5071033640706,4352.199172738892,-192.2320153870226,38.691679379254296,4.322563542232792,0.7979006172650139,1.3524610915457964,2.2006343722477233,2.4378328571856196,0.5819139871509038,0.5409811160677368,0.9899545063830352,0.9411397160634849,-0.23568525283014125,0.8878062478626897,0.44097874976923696,13.78088292696241,0.0262327614978088,6.166016412838084,0.811457420610656,0.08614974999634455,27.56176585392482,4.397979598628892,10.75356073037177,26175.10083003641,0.09067873015501007,12.782661521468988,186.7967315669963,2.872377173557863,598.0683423301421,0.019970674156995303,0.008783334551012352,4.838686014872994,169092.82645427322,0.582973398155496,0.7083127315749429,0.836620134356244,0.7913796473428548,142.51834645921417,0.007453006379403693,1859.812157028282,0.0713692834348318,15.43496196978415,113.87236655282244,256548.12483211176,63237623.91047239,1124.2411094684103,0.019423657159916775,7919.641390690356,0.3039119456115107,0.5660568906962824,60.19252808459888,0.012037434916109976,6.385653708463221,0.06400485335547144,256304.02123106387,81.59768891736553,3.642670869272004e-05,143.17233956196102,0.0522715137167348,0.006521549777442559,case_00072
3.1.1.dev111+g8ed579383,2.0.2,2.5.5,1.8.0,3.12.13,"{'minimumROIDimensions': 2, 'minimumROISize': 50, 'normalize': False, 'normalizeScale': 1, 'removeOutliers': 3, 'resampledPixelSpacing': [1, 1, 1], 'interpolator': 'sitkBSpline', 'preCrop': False, 'padDistance': 10, 'distances': [1], 'force2D': False, 'force2Ddimension': 0, 'resegmentRange': None, 'label': 1, 'additionalInfo': True, 'binWidth': 25}",{'Original': {}},29b24a13445910dfd7eb6ef05ee424c94b67680e,3D,"(5.0, 0.859375, 0.859375)","(145, 512, 512)",-576.1556364651384,-1024.0,3071.0,f39ac2b5707befd2d1db6db0f08b0a35cdfd82e0,"(5.0, 0.859375, 0.859375)","(145, 512, 512)","(61, 175, 138, 34, 159, 273)",136524,166,"(np.float64(73.26650259295069), np.float64(256.86549617649644), np.float64(268.8823430312619))","(231.07076354249068, 220.74378577667662, -366.33251296475345)","(1.0, 1.0, 1.0)","(192, 159, 256)",18.847075049682875,-1042.4479104650738,1313.7320570446109,"(1.0, 1.0, 1.0)","(192, 159, 256)","(13, 11, 11, 170, 137, 234)",503765,152,"(np.float64(76.33450120591942), np.float64(81.66694788244519), np.float64(122.88493642869194))","(230.95524892869196, 220.73726038244519, -366.3345012059194)",95.06491867054184,-120.48680038396145,238.74034730776958,0.3517559274267858,0.2262672237540496,68.69454318975129,303.59917821956225,236.29853998702575,224.95555116511352,193.60010330575756,247.89513912136317,503090.375,106.79281050063216,0.361672278982265,84579.7195519724,0.16812032937814086,503765.0,15.66372700776934,144.07808257989132,5819432297.075654,2.797878996936171,59.14614788045131,3.690846212824782,238.74034730776958,39.531030357508705,95.06491867054184,110.84765851889179,-120.48680038396145,359.22714769173103,26.444141638978238,107.47966759201603,-1.1360690207944883,5819432297.075654,0.18369233514006506,2514.5401838535286,92.44031306251668,617.3072756695169,-54.04065474073387,12.564800669299586,1.6047100334708195,0.7715540193862183,0.8859647947598235,1.688911641106498,0.7921689732237253,0.6496947803897071,0.6242777040462018,0.9930957913396531,0.9471074358551655,-0.22565580864190174,0.8212285718051333,0.4810670272177068,9.470944524813474,0.06342378975126399,4.795403145733646,0.8054331192397215,0.13582724444469016,18.941889049626948,3.525923052936961,3.542377675692602,50955.18399700824,0.15513817796547616,4.705627775140787,86.40984931486997,4.174799806509976,405.6949800472237,0.05398554942854961,0.017039537681092294,4.3386367657610245,170961.29595426045,0.5139327652232772,0.6483767996219238,1.5324944751216796,0.741470967458655,61.81746451447411,0.013650422388831109,1255.4232422210762,0.10790985406748119,10.322398538496753,58.53378029912326,1865837.5208011002,194978944.1631425,18649.653285297667,0.04667201501748323,1867.9197180677324,0.16055696390473892,0.3756233758609825,17.666519982196093,0.022449932451120744,6.748323769649696,0.023094101416334997,1863962.5355205361,247.86935989052495,2.069282438867886e-05,64.00793118140626,0.024544695996283856,0.0023238636202383314,case_00073
3.1.1.dev111+g8ed579383,2.0.2,2.5.5,1.8.0,3.12.13,"{'minimumROIDimensions': 2, 'minimumROISize': 50, 'normalize': False, 'normalizeScale': 1, 'removeOutliers': 3, 'resampledPixelSpacing': [1, 1, 1], 'interpolator': 'sitkBSpline', 'preCrop': False, 'padDistance': 10, 'distances': [1], 'force2D': False, 'force2Ddimension': 0, 'resegmentRange': None, 'label': 1, 'additionalInfo': True, 'binWidth': 25}",{'Original': {}},74c00e15e3f464e8f9649fee71332b65e989bdde,3D,"(5.0, 0.6484375, 0.6484375)","(80, 512, 512)",-514.8072056770325,-1024.0,1530.0,4949d69414ec7a1817720cf0a151341d69969026,"(5.0, 0.6484375, 0.6484375)","(80, 512, 512)","(11, 286, 83, 26, 98, 351)",138760,4,"(np.float64(23.70692562698184), np.float64(338.5042087056789), np.float64(253.59526520611126))","(164.44067978208778, 219.49882283258864, -118.5346281349092)","(1.0, 1.0, 1.0)","(152, 85, 250)",45.35252693575117,-1139.733477086492,1483.927220536322,"(1.0, 1.0, 1.0)","(152, 85, 250)","(13, 10, 11, 130, 64, 227)",292100,3,"(np.float64(78.56504621704896), np.float64(44.29779185210544), np.float64(121.18644299897295))","(164.36222424897295, 219.47357310210543, -118.56504621704896)",118.94222972951879,-132.77660422170118,231.56334988983255,0.31276282154436985,0.16264324292532467,50.08201750236001,307.92559593363774,231.0411218809327,222.72853431924702,79.71198153351854,233.82044393080773,291924.7083333333,96.30767820993607,0.4550914529432026,46762.6752387212,0.1601874521197616,292100.0,50.876125221448824,172.59128239654285,4864997391.037618,2.8855407088351734,70.94817944691795,3.4945413037137563,231.56334988983255,40.67567248687562,118.94222972951879,129.92079425965852,-132.77660422170118,364.33995411153376,29.155069561137864,129.05520569855628,-0.9160540963877349,4864997391.037618,0.16258568179215752,2507.9921048670503,132.1387675033134,652.1390028521647,-45.195713724855075,13.808714751184276,1.3684071193228955,0.8188532167643493,0.7459366164748525,1.5872744209940097,0.7931325014375983,0.6998956135852943,0.6820935584452302,0.994855455989729,0.9579843111610031,-0.2996966546755927,0.8947185420752446,0.443198559749674,11.359056665936293,0.06034433572665436,4.816340794838549,0.8299244369698007,0.16669294700419016,22.718113331872587,3.7238916324146754,3.794280467626794,23634.049257159433,0.14165113173554128,4.58519530468663,124.66244393541912,5.469754152293207,761.197971104426,0.044965666578146476,0.00990257593129313,4.678161752259508,74313.85541111621,0.43767400692915626,0.5711853158823375,2.1745430859176347,0.6821888158154342,81.77608218831584,0.007182359478383586,544.5646833013436,0.10452297184286825,7.889882552746268,88.24510556621881,1210244.178119002,177122932.82015356,8688.973821121303,0.017927829595354668,1005.2786948176583,0.1929517648402415,0.4335918958113346,35.978342324746556,0.008170304302584306,6.630268186828315,0.01783635741184526,1207100.8648391364,80.75025045553598,5.020442393823877e-05,63.176742945593,0.017247126892079707,0.007141468422083865,case_00074
3.1.1.dev111+g8ed579383,2.0.2,2.5.5,1.8.0,3.12.13,"{'minimumROIDimensions': 2, 'minimumROISize': 50, 'normalize': False, 'normalizeScale': 1, 'removeOutliers': 3, 'resampledPixelSpacing': [1, 1, 1], 'interpolator': 'sitkBSpline', 'preCrop': False, 'padDistance': 10, 'distances': [1], 'force2D': False, 'force2Ddimension': 0, 'resegmentRange': None, 'label': 1, 'additionalInfo': True, 'binWidth': 25}",{'Original': {}},3e633eb820c8f3ffbc81d414890d12b5e05451c6,3D,"(5.0, 0.70703125, 0.70703125)","(90, 512, 512)",-497.39787182278104,-1024.0,3071.0,7a859e718ad206e1de5325b70202ccc00e2bf795,"(5.0, 0.70703125, 0.70703125)","(90, 512, 512)","(15, 257, 120, 24, 103, 262)",131753,3,"(np.float64(25.42027126517043), np.float64(311.0782600775694), np.float64(251.50072484118007))","(177.8188718603656, 219.94205107046898, -127.10135632585215)","(1.0, 1.0, 1.0)","(142, 95, 207)",18.886337996936927,-1112.5475305365376,1317.4821640408313,"(1.0, 1.0, 1.0)","(142, 95, 207)","(13, 11, 11, 120, 73, 185)",329085,4,"(np.float64(67.07537566282268), np.float64(48.782275096099795), np.float64(103.69898354528465))","(177.84546792028465, 219.9287594710998, -127.07537566282268)",99.55808447087982,-270.40547869467275,205.01565843736293,0.43137506422122623,0.20163426170730359,48.00563445648991,238.0827248802382,185.9731163367437,184.04347312523745,109.41663493271945,186.14510468986285,329067.0833333333,102.70295073517728,0.4587218375809981,50248.642912992655,0.15270030172568963,329085.0,35.0269073106923,142.90103150686693,3917192443.269931,2.642730497897316,50.86009055089917,4.7255364262564346,205.01565843736293,34.138572646646175,99.55808447087982,112.17654836011569,-270.40547869467275,475.4211371320357,22.050863651051976,109.10217547429998,-1.343965461422347,3917192443.269931,0.20329668697147216,1991.4725097141013,246.227921275135,446.7064443344831,-39.80854863178282,9.59212849174531,1.5022309408540335,0.726660754324183,0.810040250204109,1.6410452961297428,0.8218056148826948,0.6783564087959983,0.657652159933645,0.9963284672286891,0.9628310621799029,-0.21778596996792976,0.7976189154868799,0.4610616229684913,15.627043188338444,0.07602000411158492,4.536919459680144,0.8503969795695719,0.16904617195339572,31.254086376676888,3.3784636399128876,2.773589858149836,33818.23642446934,0.16951349494293932,3.991103274601443,234.28649783964863,5.175367839994937,1317.0149192999475,0.02125660140378228,0.004659721955705231,4.365497173945159,95496.62030687448,0.47152109712377466,0.6028115251963194,2.063747692503722,0.7096651057068116,161.43240991233233,0.0034497846137223104,970.9753623188406,0.11726755583560877,8.390022389670703,172.19601449275362,1241161.4948067633,328959174.5049517,4734.108776163437,0.007205704883313244,1506.4695652173914,0.18194076874606174,0.4162938595583259,62.88449082798254,0.00330974035414847,6.451026922841658,0.025160672774511145,1239581.8643424436,68.68527814916129,3.2078106524229806e-05,117.37995536374105,0.011116347794915273,0.0108978091203907,case_00075
3.1.1.dev111+g8ed579383,2.0.2,2.5.5,1.8.0,3.12.13,"{'minimumROIDimensions': 2, 'minimumROISize': 50, 'normalize': False, 'normalizeScale': 1, 'removeOutliers': 3, 'resampledPixelSpacing': [1, 1, 1], 'interpolator': 'sitkBSpline', 'preCrop': False, 'padDistance': 10, 'distances': [1], 'force2D': False, 'force2Ddimension': 0, 'resegmentRange': None, 'label': 1, 'additionalInfo': True, 'binWidth': 25}",{'Original': {}},2ec659e3f1dcbee7099231f132350e828497d752,3D,"(5.0, 0.677734375, 0.677734375)","(66, 512, 512)",-530.5956892533736,-1024.0,1429.0,0f93ec74e6406ef006c6d8e8495b3801ca829fb9,"(5.0, 0.677734375, 0.677734375)","(66, 512, 512)","(19, 212, 100, 22, 119, 306)",132777,2,"(np.float64(29.316357501675743), np.float64(275.2230883360823), np.float64(252.28679665905992))","(170.98343445448006, 186.52814775902453, -146.5817875083787)","(1.0, 1.0, 1.0)","(132, 102, 229)",38.84401798250795,-1126.9922936285882,1432.7789924704218,"(1.0, 1.0, 1.0)","(132, 102, 229)","(13, 11, 11, 110, 80, 207)",304770,2,"(np.float64(66.56322800800604), np.float64(53.366309019916656), np.float64(113.74264199232208))","(170.9037748048221, 186.52744183241666, -146.56322800800604)",122.81200780464047,-113.44499920504035,325.983290364322,0.35454076487742225,0.17084174331709198,48.34634924620324,282.9890886589097,206.196508214858,207.4728897952694,113.64858116140297,207.66800427605597,304877.5,100.3311679450945,0.4311337957876967,50810.754019998865,0.16665957317282798,304770.0,32.29945015795876,202.45816288390134,5990459115.238844,3.3706100087377147,107.5752880655528,2.5525243771138486,325.983290364322,56.89372430300122,122.81200780464047,133.1744573786603,-113.44499920504035,439.42828956936233,43.07526970802349,140.1986871125884,-0.5203464932508548,5990459115.238844,0.10885674703668184,4572.882607086396,117.75424055408303,1490.0947177450312,-58.24611365044804,24.616810750579653,2.3897977257576266,0.822062609594216,1.0452523173209962,1.9021191122807681,1.2595743530360664,0.6249996788571668,0.5929160140440961,0.9936278431836528,0.9506621735890257,-0.26936622484827016,0.9007048773698737,0.4601166983940602,10.592248712730525,0.028528143790737308,5.719734315258052,0.829859650427376,0.07768947933529186,21.184497425461043,4.226958824685406,6.75165211908432,21225.164319677227,0.1040069712133827,7.613320392911316,111.03846748023322,3.4320335479797017,420.8291996019794,0.04002965200047624,0.014387777709025678,4.735547442466359,111669.65938882536,0.5423718572723195,0.669832484016951,1.135325955335059,0.7636878187999265,81.81398800467022,0.011764407829289041,842.5472504004272,0.08996767222642041,10.17653779550296,67.78569140416444,449634.91510945006,60830223.875066735,3796.1222343651475,0.03666849095976392,2117.6605445808864,0.2261249914128015,0.47739536879006017,30.071171059275578,0.019038435372216188,6.600590758332691,0.030728090035108444,448575.8348658217,70.16979352198197,5.747765666249249e-05,95.56006101304483,0.026273942397166117,0.00771554666674853,case_00076
3.1.1.dev111+g8ed579383,2.0.2,2.5.5,1.8.0,3.12.13,"{'minimumROIDimensions': 2, 'minimumROISize': 50, 'normalize': False, 'normalizeScale': 1, 'removeOutliers': 3, 'resampledPixelSpacing': [1, 1, 1], 'interpolator': 'sitkBSpline', 'preCrop': False, 'padDistance': 10, 'distances': [1], 'force2D': False, 'force2Ddimension': 0, 'resegmentRange': None, 'label': 1, 'additionalInfo': True, 'binWidth': 25}",{'Original': {}},ded7e8a9fccd179637f46a1291aa31988dbaecca,3D,"(5.0, 0.705078125, 0.705078125)","(88, 512, 512)",-427.4299657561562,-1024.0,2452.0,2a33da200ec51471d687d4889ea84a0eee2893d8,"(5.0, 0.705078125, 0.705078125)","(88, 512, 512)","(17, 212, 124, 30, 137, 281)",152167,6,"(np.float64(31.670053296706907), np.float64(277.5163405994729), np.float64(269.4717120006309))","(189.99860943794482, 195.67070108673775, -158.35026648353454)","(1.0, 1.0, 1.0)","(172, 118, 220)",28.521300923754676,-1029.1095644075635,1300.3989431129432,"(1.0, 1.0, 1.0)","(172, 118, 220)","(13, 10, 10, 150, 97, 199)",378250,7,"(np.float64(88.35492399206873), np.float64(56.521969596827496), np.float64(112.87294117647059))","(190.0204021139706, 195.6694305343275, -158.35492399206873)",119.17604656687917,-134.22548561418515,292.55248972049617,0.3815905733327475,0.18710398478080809,53.33870026862623,285.0751699976482,205.29490982486632,194.25756098540927,124.82387592123551,211.11845016483045,378259.7916666667,108.78199756233302,0.4115095087592437,61465.445763805714,0.16249531966635994,378250.0,18.9598542073625,194.40909865859115,6984000733.633523,3.3237901844258513,78.9604131422772,3.2414034326556798,292.55248972049617,51.04214014247038,119.17604656687917,127.80221859683681,-134.22548561418515,426.7779753346813,34.70922910537075,135.8822313237224,-0.7638312226099364,6984000733.633523,0.11810597976121466,4261.050714202671,136.47601798223647,1543.6009003589206,-71.81452118945754,21.717793472570683,2.344248122409191,0.8035416321852279,0.9792898817406456,1.8526015629804047,1.3531519239947174,0.6477748599144477,0.6204720212207823,0.9931594185181806,0.9516416265971033,-0.27724362452923407,0.9031278624512706,0.45359070051670464,11.473032079394944,0.03425002951291766,5.581083836721041,0.813150576361048,0.0776274721093262,22.946064158789884,4.154789112435462,6.015510398744967,26016.671454128173,0.10765171324268324,7.838210656871826,128.17044889671757,4.025893899477375,564.8064979104843,0.03690710969724741,0.01176856073884939,4.853109842061433,123864.92667562465,0.5076446792181678,0.6379878997407087,1.442403567242528,0.7389067137451415,90.94822307404911,0.009465132110315973,1153.907619689818,0.08645445565968517,10.665548909243729,76.52618565969881,588368.401588372,88443122.14572564,4191.671881291582,0.028535344276050836,3474.6793286880948,0.26033410719173555,0.5187173302230892,36.878744087352054,0.016173379898503162,6.420982064250641,0.03528618638466623,587565.2628899388,93.94472699648588,4.255813487661918e-05,89.4903303582477,0.029003315822158843,0.005465919814775086,case_00077
3.1.1.dev111+g8ed579383,2.0.2,2.5.5,1.8.0,3.12.13,"{'minimumROIDimensions': 2, 'minimumROISize': 50, 'normalize': False, 'normalizeScale': 1, 'removeOutliers': 3, 'resampledPixelSpacing': [1, 1, 1], 'interpolator': 'sitkBSpline', 'preCrop': False, 'padDistance': 10, 'distances': [1], 'force2D': False, 'force2Ddimension': 0, 'resegmentRange': None, 'label': 1, 'additionalInfo': True, 'binWidth': 25}",{'Original': {}},a74f388d5e7cfed62a40b546982e10d1a9897401,3D,"(1.0, 0.962890625, 0.962890625)","(326, 512, 512)",-530.0158535541932,-1024.0,1273.0,22e4d6c476f8a5088b78fdbf3794e60af1f492e1,"(1.0, 0.962890625, 0.962890625)","(326, 512, 512)","(119, 221, 124, 157, 163, 299)",703424,295,"(np.float64(198.7282236602675), np.float64(305.68742891911563), np.float64(264.13809878536983))","(254.3360990257565, 294.3435594865703, -198.7282236602675)","(1.0, 1.0, 1.0)","(179, 179, 310)",-8.236324791308448,-1032.2046967207034,1212.873483356001,"(1.0, 1.0, 1.0)","(179, 179, 310)","(11, 11, 11, 157, 157, 288)",651820,305,"(np.float64(90.80318646252033), np.float64(92.31432757509742), np.float64(146.37495320794085))","(254.39350789544085, 294.3328822625974, -198.80318646252033)",81.56761711374652,-175.9618378424192,289.21855267541383,0.29050532781656224,0.14228671014374908,60.96376083581683,428.4571677441028,285.72714256787015,295.05423230314796,169.4018890095385,303.0659994126692,648397.75,124.46908997085637,0.3704575045687418,97792.76531000252,0.15082218485490198,651820.0,3.347791693134311,153.67614830838454,6534257485.125002,3.2520451985718757,85.23353331181359,2.627124748581586,289.21855267541383,47.72319885564236,81.56761711374652,85.94567954324438,-175.9618378424192,465.180390517833,34.85802207228474,100.12309846234919,-0.25466651749096414,6534257485.125002,0.11864174821961089,3371.3586840865196,143.89780177461577,717.9882089800553,-15.226885811074336,17.070618203667014,3.714432267570016,0.6422323337876801,1.4553542907783767,2.1860625134696647,1.555854663669201,0.5272692844085227,0.4722217780956449,0.9910177744504904,0.9352229398920262,-0.13133306214820728,0.7364404799744523,0.44648825992417623,11.855742867005574,0.02096821828432603,6.008764743084829,0.6598097000242176,0.043123127850064544,23.711485734011145,4.05666201137066,5.196262617809258,58911.81892355784,0.1151487859346799,5.773795701253415,142.83535155995412,2.025158733379947,294.2096058092839,0.016488966550536093,0.00855363747735492,4.236695938962834,336459.5690404718,0.6552267255704304,0.7849374414361683,0.38806692042588914,0.8361473024596009,118.71963237830701,0.007271038689476445,3222.092101891241,0.08257116759497823,12.738214232138045,127.0290092768182,509192.6806416893,77260583.42007072,3599.0815441888117,0.012739082880096769,13126.451745169392,0.33638592960815417,0.59970459454665,75.98470305146269,0.007926904987014418,6.110083770824589,0.05986622073578595,508913.66001187125,221.46949561961182,1.4915213673054407e-05,179.57844602409756,0.028611902261296736,0.0024932670829807746,case_00078
3.1.1.dev111+g8ed579383,2.0.2,2.5.5,1.8.0,3.12.13,"{'minimumROIDimensions': 2, 'minimumROISize': 50, 'normalize': False, 'normalizeScale': 1, 'removeOutliers': 3, 'resampledPixelSpacing': [1, 1, 1], 'interpolator': 'sitkBSpline', 'preCrop': False, 'padDistance': 10, 'distances': [1], 'force2D': False, 'force2Ddimension': 0, 'resegmentRange': None, 'label': 1, 'additionalInfo': True, 'binWidth': 25}",{'Original': {}},06f234433a26f2785da0749eefdd960ce13c8aa2,3D,"(5.0, 0.64453125, 0.64453125)","(124, 512, 512)",-545.6424476869645,-1024.0,1481.0,853458174e9c653ae86cf483820713ce735da30b,"(5.0, 0.64453125, 0.64453125)","(124, 512, 512)","(55, 207, 129, 26, 150, 336)",141132,82,"(np.float64(68.67197375506618), np.float64(284.8217059206984), np.float64(271.7845846441629))","(175.17365807143312, 183.57649014420014, -343.3598687753309)","(1.0, 1.0, 1.0)","(152, 118, 239)",38.41328022469676,-1103.0491206585004,1344.7579770200155,"(1.0, 1.0, 1.0)","(152, 118, 239)","(13, 10, 11, 130, 97, 217)",293090,67,"(np.float64(83.3606571360333), np.float64(60.4039373571258), np.float64(103.00354839810298))","(175.18128277310296, 183.5816717321258, -343.3606571360333)",111.23849589589535,-100.0515111037526,224.47800572459658,0.3758836104730072,0.22667017648733007,63.173901028943355,278.7040712983894,225.48835890129672,209.69024774652732,140.4314779527724,226.4619173282784,291542.4166666667,104.76029257316503,0.2697693260223475,78818.1173676787,0.2703487138126969,293090.0,23.662222783826635,168.958883942222,4541388533.787561,2.9834726846047404,72.5835362791893,3.33037578001162,224.47800572459658,44.71816049867898,111.23849589589535,126.23948919389845,-100.0515111037526,324.5295168283492,31.13046931353734,124.47835175609077,-1.0011612912735435,4541388533.787561,0.15438259936877816,3120.8570867319404,107.36174756672206,931.2818662975367,-68.45640881713733,16.044917083652738,1.5436661827850104,0.822775898437195,0.8008221547699601,1.6644217112028317,0.8816802596331202,0.6873750391399737,0.6665470556124675,0.9924885798406046,0.9494390691399024,-0.28899461250465214,0.8896441508896852,0.4401939398115204,10.1849537923616,0.05965033070553338,4.919351311374218,0.8299968268224569,0.15666076885666907,20.369907584723208,3.774900053947319,4.397145816609438,22518.38324382502,0.12769245818218644,5.744900936922234,95.51242842228369,4.91111154331583,568.5982890528894,0.05328425766864306,0.01548342273450032,4.6578272114793355,86175.48063260649,0.48347294767433985,0.6006506271373717,1.9923065670957085,0.7209412944811671,64.39579905826366,0.012312347016608596,760.548729101536,0.10337756274317465,7.625091368757053,58.68628517058583,818191.1012641023,102708987.2297132,6810.359423479243,0.03414787114476324,1258.9562321598478,0.17112358735352015,0.40297315694194064,21.78276439269337,0.015201650165052975,6.822745951229738,0.02510150465727251,816604.0151578974,110.61096796395597,5.103495145443421e-05,47.34381884668791,0.029594688871040838,0.004918055760419646,case_00079
3.1.1.dev111+g8ed579383,2.0.2,2.5.5,1.8.0,3.12.13,"{'minimumROIDimensions': 2, 'minimumROISize': 50, 'normalize': False, 'normalizeScale': 1, 'removeOutliers': 3, 'resampledPixelSpacing': [1, 1, 1], 'interpolator': 'sitkBSpline', 'preCrop': False, 'padDistance': 10, 'distances': [1], 'force2D': False, 'force2Ddimension': 0, 'resegmentRange': None, 'label': 1, 'additionalInfo': True, 'binWidth': 25}",{'Original': {}},405d319479f82b4a9c117d8084c913bf20544461,3D,"(5.0, 0.72265625, 0.72265625)","(88, 512, 512)",-441.26494030518967,-1024.0,1286.0,cc5989664984700fc2d041e1e698a298d4b1f3ce,"(5.0, 0.72265625, 0.72265625)","(88, 512, 512)","(18, 303, 116, 26, 128, 270)",152872,15,"(np.float64(30.79098853943168), np.float64(359.01753754775234), np.float64(246.6401630121932))","(178.23605530178025, 259.4462673684929, -153.9549426971584)","(1.0, 1.0, 1.0)","(152, 115, 217)",19.42880960326521,-908.4395461783218,1195.3459179153172,"(1.0, 1.0, 1.0)","(152, 115, 217)","(13, 11, 11, 130, 92, 195)",399120,13,"(np.float64(78.93985518139908), np.float64(51.31856333934656), np.float64(105.02128432551613))","(178.15995620051615, 259.45723521434655, -153.93985518139908)",78.9300499179845,-118.95018312816256,177.2005197181465,0.43714014643432436,0.2050077509529169,55.05778500064846,268.56440668574186,195.5019181491578,195.20758181996928,129.61867149450345,205.94659501919423,399003.0,117.40028406565266,0.396775843874459,66057.6330030292,0.16555673266373735,399120.0,13.637679947742962,122.06382604258815,3246727423.351366,2.633641597861926,51.895887008834386,4.109150571830604,177.2005197181465,34.0089628980745,78.9300499179845,91.37413799098853,-118.95018312816256,296.15070284630906,22.52524737950354,90.1926545303281,-1.1983719954881868,3246727423.351366,0.20369292553609922,1904.7621511715902,79.73709091845316,342.0778195930629,-31.868740870112937,8.952588916008793,1.4208328330857327,0.7229706098716834,0.7970441011819083,1.6221784581749412,0.7620406293737477,0.679927147761849,0.6593750061375354,0.9919507062246375,0.9458177189661732,-0.2185955423062242,0.795575446018099,0.4610446804600371,8.823417897681354,0.07861275800797904,4.492881558095478,0.7403330842676219,0.19605185338295292,17.64683579536271,3.360565252038513,2.5933554372736314,39907.60326113605,0.16495364726402653,3.80226645808447,73.19285733975943,5.2790490914662325,447.061440572115,0.07394146395132649,0.01960303914799105,4.337210661839071,117403.43882059696,0.4786331759639776,0.603012011039672,2.195611388754234,0.7159780389319675,49.79743592645725,0.015520185298091434,1017.650824442289,0.12338152575682457,7.655451787506785,41.34553831231814,1842117.0060620757,163558399.90967506,21537.52129295217,0.06051808316538784,1363.5242483026188,0.16531574300468221,0.38564333222802605,12.479646130085738,0.031125649062752163,6.493422440422037,0.02066546402084586,1839775.4224103705,231.9326217352017,2.773658447375048e-05,43.341842693894606,0.022616727391240408,0.00229492261022904,case_00080
3.1.1.dev111+g8ed579383,2.0.2,2.5.5,1.8.0,3.12.13,"{'minimumROIDimensions': 2, 'minimumROISize': 50, 'normalize': False, 'normalizeScale': 1, 'removeOutliers': 3, 'resampledPixelSpacing': [1, 1, 1], 'interpolator': 'sitkBSpline', 'preCrop': False, 'padDistance': 10, 'distances': [1], 'force2D': False, 'force2Ddimension': 0, 'resegmentRange': None, 'label': 1, 'additionalInfo': True, 'binWidth': 25}",{'Original': {}},35b8609a1db916c2f6c2b7a4255470c0bf32d9a2,3D,"(3.0, 0.984000027179718, 0.984000027179718)","(151, 512, 512)",-755.6897696185586,-2048.0,1585.0,58b41bc80574393a17d492290b7b49aa6f046bb2,"(3.0, 0.984000027179718, 0.984000027179718)","(151, 512, 512)","(23, 210, 144, 50, 115, 254)",190858,9,"(np.float64(46.81106896226514), np.float64(272.60492617548124), np.float64(261.8242986932693))","(257.6351170304876, 268.2432547659986, -140.4332068867954)","(1.0, 1.0, 1.0)","(172, 135, 272)",-6.9429465306487925,-1087.8039146290778,1362.6667952515704,"(1.0, 1.0, 1.0)","(172, 135, 272)","(12, 11, 11, 150, 113, 250)",554871,9,"(np.float64(84.43536605805674), np.float64(72.17230491411517), np.float64(126.54695956357423))","(257.5549595499844, 268.18030490052536, -140.43536605805673)",91.9211113613203,-111.82755191859869,182.33712926599432,0.3288694738909028,0.1709612959917649,62.49677477907735,365.5609558673899,250.05999280172747,246.6576574931336,144.61673485458036,259.52456531126296,554913.3333333334,120.22183923116407,0.4351757677782367,75041.73391839754,0.13523144860770608,554871.0,15.942300953535927,136.46104338487072,5953187035.474461,2.6675996471598316,56.813467845561604,3.914378391850163,182.33712926599432,37.72842684318948,91.9211113613203,109.13056948326806,-111.82755191859869,294.164681184593,25.385121826809012,103.58067814282326,-1.2467888988207199,5953187035.474461,0.19839633485812816,2279.4661706269003,90.00515643490228,501.7706375279626,-45.39543903674136,11.185783043674736,1.17877431808738,0.8073087204443848,0.6696122479533678,1.530502436822355,0.7167457766105035,0.7287084722969364,0.7126988847763436,0.9933142787271584,0.9544141745729735,-0.3017672267709344,0.8779310518615216,0.40193814071798517,9.354253370714464,0.09002933278865469,4.344186856250902,0.827139834286467,0.18150612922850062,18.708506741428927,3.4225390086728504,3.0911393404405296,43780.18274133933,0.15189073202562045,4.698509482734292,78.60120566079608,6.814561167493371,661.0815601178939,0.08348391589947636,0.018890588476797046,4.700313294353127,117278.1354628985,0.40319724950066604,0.5175866934005312,2.9068748105796867,0.6572721791257385,46.160605503973,0.014588781837781091,1220.8022185508614,0.14406445817215735,7.885490327101979,39.53906065612462,3532322.0027141846,362744692.56537646,35975.95355383971,0.05940074130236018,1711.4061836204862,0.20195966292429623,0.4444463222686565,14.79083574236731,0.0314507997994475,6.132462147033956,0.015272018180802385,3528034.4730758304,239.07477449833397,2.5593709500051965e-05,34.22727465114055,0.020967748228491245,0.002408357309607324,case_00081
3.1.1.dev111+g8ed579383,2.0.2,2.5.5,1.8.0,3.12.13,"{'minimumROIDimensions': 2, 'minimumROISize': 50, 'normalize': False, 'normalizeScale': 1, 'removeOutliers': 3, 'resampledPixelSpacing': [1, 1, 1], 'interpolator': 'sitkBSpline', 'preCrop': False, 'padDistance': 10, 'distances': [1], 'force2D': False, 'force2Ddimension': 0, 'resegmentRange': None, 'label': 1, 'additionalInfo': True, 'binWidth': 25}",{'Original': {}},182ac3fe6f001fce052b7713e1b772ef395e9062,3D,"(3.0, 0.779296875, 0.779296875)","(129, 512, 512)",-594.1936751373055,-1024.0,3070.0,bf1fddca9e6e51d88c1d3a731dea24d98b405eaa,"(3.0, 0.779296875, 0.779296875)","(129, 512, 512)","(25, 235, 115, 42, 107, 251)",160875,6,"(np.float64(46.19144055944056), np.float64(290.29481895881895), np.float64(239.16428282828284))","(186.37997821969697, 226.22584524329835, -138.57432167832167)","(1.0, 1.0, 1.0)","(148, 106, 217)",60.01036023786716,-996.8062834861993,1262.2157867395345,"(1.0, 1.0, 1.0)","(148, 106, 217)","(12, 11, 11, 126, 84, 195)",292998,6,"(np.float64(76.54808223946921), np.float64(54.11536256220179), np.float64(107.29097126942845))","(186.40132283192844, 226.2257141247018, -138.5480822394692)",172.9590151246974,-138.98708982508612,321.95525233008686,0.334722849231164,0.164809104173393,46.50812713359327,282.19391984961476,197.6866206904251,189.2643653728826,108.72442227944924,204.3355084169171,292826.3333333333,94.45675288777377,0.49204475613413495,43339.736814386764,0.14800491581831815,292998.0,43.363406294647966,260.4542146488143,10884498865.76128,3.514646916326301,125.76447911992814,2.924894625104282,321.95525233008686,70.87132632579379,172.9590151246974,197.56380878197118,-138.98708982508612,460.942342155173,52.5419314382684,192.74001625905115,-0.8669636023671795,10884498865.76128,0.10827702247244847,7233.892954634006,195.01767022769383,4152.576402734254,-196.43094451402885,37.695036657494974,3.8449908885775943,0.8138673302387068,1.255178004649971,2.1366456657731048,2.224442362533676,0.6030490462552837,0.5655063647785987,0.9901155062468541,0.9425621138720307,-0.24888479471896147,0.8957071016072493,0.4333085631090711,13.658433554733508,0.03049478738735931,6.016830196672818,0.8242835562909572,0.09318909642747054,27.316867109467015,4.347493766290371,10.385006886518141,18778.643067116427,0.09389247009719875,12.324883414706344,181.6778585071761,3.2684850754231465,676.1513518918075,0.022619298567912744,0.009047896219282705,4.878303505818497,112950.10848645642,0.5624391498223683,0.6819051534612733,1.0722437116087227,0.7779958606492622,135.6012647435249,0.007590476058971506,1302.8584767690404,0.0732848732573428,14.544929823544265,109.8758015524806,220831.80796490045,53635379.45325683,989.2607149232241,0.0202101767637102,5357.9223759703,0.3013793664062493,0.5628265822480968,58.048953631543476,0.012395717260059119,6.358434145531015,0.06067618208998014,220560.18686217652,63.26328636830985,4.975608196719645e-05,125.75259949935102,0.05353220170969066,0.008812508916976916,case_00082
3.1.1.dev111+g8ed579383,2.0.2,2.5.5,1.8.0,3.12.13,"{'minimumROIDimensions': 2, 'minimumROISize': 50, 'normalize': False, 'normalizeScale': 1, 'removeOutliers': 3, 'resampledPixelSpacing': [1, 1, 1], 'interpolator': 'sitkBSpline', 'preCrop': False, 'padDistance': 10, 'distances': [1], 'force2D': False, 'force2Ddimension': 0, 'resegmentRange': None, 'label': 1, 'additionalInfo': True, 'binWidth': 25}",{'Original': {}},110abefab22f7a4a0208416f9279b4db1227b505,3D,"(3.0, 0.9765625, 0.9765625)","(94, 512, 512)",-504.4479871303477,-1024.0,1186.0,ac7fcac3cf5e301c2a28b96e932bd1c46f23e744,"(3.0, 0.9765625, 0.9765625)","(94, 512, 512)","(49, 209, 123, 45, 125, 274)",228706,10,"(np.float64(71.46524358783766), np.float64(273.14056911493356), np.float64(272.60803826747))","(266.2187873705762, 266.7388370263023, -214.39573076351297)","(1.0, 1.0, 1.0)","(147, 144, 290)",-27.159205727874877,-979.6933650383419,1174.8561865788474,"(1.0, 1.0, 1.0)","(147, 144, 290)","(12, 11, 11, 135, 122, 268)",652335,10,"(np.float64(80.43579755800317), np.float64(73.7528248522615), np.float64(157.16396330106463))","(266.17568205106465, 266.7645436022615, -214.43579755800317)",53.62088005842825,-132.72807874754656,351.7830983152123,0.3842306960507016,0.16521582681964425,59.07538439769371,357.56492301541186,255.38402455909414,264.2820463065927,151.2679741386127,272.17825041689133,652522.4583333334,137.3874192535272,0.3898876363390318,93312.88925089256,0.14300333737053503,652335.0,-2.3953371307834614,101.0350971358744,2934874307.546435,2.718173977516886,52.102821733788346,3.22471547079012,351.7830983152123,31.842143903134307,53.62088005842825,58.336950575543334,-132.72807874754656,484.51117706275886,21.8789383939198,67.07480409704081,-0.5451255855459312,2934874307.546435,0.1797261114332461,1623.8305664160528,78.10630847642283,188.0368209899953,-11.36458047449615,7.624836791205761,2.007915070548848,0.5814899355287869,1.040738849479511,1.816136041105603,0.8906953485038276,0.6065962641385609,0.5715737114146022,0.9955225453550347,0.9545246188928006,-0.12850170530087993,0.6646021849692565,0.4844897970796543,8.757941732830735,0.047068026055202036,4.957107905633439,0.597594759410166,0.09776661765998258,17.51588346566147,3.4629017467084173,2.4081879654386515,76066.2492663188,0.16603428999493983,3.0222182894835665,76.04343977905859,3.032638153106388,240.52371609047654,0.04417910947159576,0.016288973426928807,4.036818614411025,260421.10292686202,0.5606583142649311,0.7014211079606927,0.8632049187490183,0.7736041260559171,57.96910513228283,0.01307256228452958,2221.3456905503635,0.11533466721445293,9.105576256592576,63.042627206645896,1939822.126012461,157150082.5345275,25172.256516654412,0.0318105537212662,4383.326687435098,0.2275870554223831,0.4713586240607482,27.17051785034682,0.017438002904743358,6.144324031242752,0.029524707397272875,1938674.953333018,296.7072027528052,1.365350245631358e-05,136.63112571036453,0.011645429838250678,0.00311639052963929,case_00083
3.1.1.dev111+g8ed579383,2.0.2,2.5.5,1.8.0,3.12.13,"{'minimumROIDimensions': 2, 'minimumROISize': 50, 'normalize': False, 'normalizeScale': 1, 'removeOutliers': 3, 'resampledPixelSpacing': [1, 1, 1], 'interpolator': 'sitkBSpline', 'preCrop': False, 'padDistance': 10, 'distances': [1], 'force2D': False, 'force2Ddimension': 0, 'resegmentRange': None, 'label': 1, 'additionalInfo': True, 'binWidth': 25}",{'Original': {}},084715776d3a76ba9f5abaa4ab676706c7d69118,3D,"(2.0, 0.9765625, 0.9765625)","(274, 512, 512)",-536.8228080777357,-1024.0,1480.0,7c6ecab7b03691cc71da2f63204c3b44bb4925e9,"(2.0, 0.9765625, 0.9765625)","(274, 512, 512)","(46, 245, 130, 83, 132, 267)",323388,106,"(np.float64(84.86866550397664), np.float64(306.6389136269744), np.float64(263.22618031590537))","(257.05681671475133, 299.4520640888422, -169.7373310079533)","(1.0, 1.0, 1.0)","(187, 151, 283)",7.872187432569703,-1002.8625502295773,1324.1511226173238,"(1.0, 1.0, 1.0)","(187, 151, 283)","(11, 11, 11, 166, 129, 261)",614228,107,"(np.float64(89.30467188079996), np.float64(71.35961564760969), np.float64(141.1759639742897))","(257.1876827242897, 299.3713343976097, -169.80467188079996)",81.22704030876632,-179.9290812117082,260.0265557486628,0.3705909209968913,0.15719356771020926,57.32306949808467,364.6654906628327,258.90925051067603,257.3285837212804,169.28378540191025,272.0533036005996,614110.2083333334,135.14172004052244,0.3362572303086093,103906.6566169383,0.1691987125550903,614228.0,17.274749428590226,136.6506071424757,5470652471.430252,2.9522927338991276,59.09881730757767,3.7420835232768126,260.0265557486628,37.216279031667106,81.22704030876632,86.88221920712989,-179.9290812117082,439.955636960371,24.880676562370923,94.37452053938037,-0.6791955534459643,5470652471.430252,0.1563133963443706,2308.718049715971,142.4070779264182,398.027289956408,-23.984167603976218,10.069316697219746,3.5818023537518875,0.47375287943271355,1.4344724983942452,2.1614673109389027,1.4788625278496577,0.5299790198404953,0.47538796785401105,0.9904091180911596,0.9330181908125692,-0.07495972622243689,0.5504915992587626,0.44737046810044784,11.865276798015438,0.03159054805135287,5.561189149709876,0.5140310731246237,0.06563783730006464,23.73055359603088,3.6415989517963103,3.4127797627429084,70481.79213025398,0.14640431538027515,4.156959241981527,140.65333404704197,2.0603212282003125,295.8468152797901,0.01613007914031755,0.008326421531155448,3.964995340627507,317000.16791354277,0.6551132533624462,0.7836906966643807,0.40877862123234776,0.8356127683246802,116.743852754364,0.007094186262708478,3797.7340605803856,0.10055428035851476,11.670759877549377,124.37635034950222,669549.947256937,100415488.16283627,4582.354501195152,0.012794021189278752,11323.359510696886,0.2998135858583162,0.559935237862798,67.87915678420599,0.0077099428829180295,6.0124333886141725,0.06148856776311077,669285.4560456866,243.64622050177323,1.2972018342792985e-05,169.2862268140983,0.02216989972727178,0.002270811212549824,case_00084
3.1.1.dev111+g8ed579383,2.0.2,2.5.5,1.8.0,3.12.13,"{'minimumROIDimensions': 2, 'minimumROISize': 50, 'normalize': False, 'normalizeScale': 1, 'removeOutliers': 3, 'resampledPixelSpacing': [1, 1, 1], 'interpolator': 'sitkBSpline', 'preCrop': False, 'padDistance': 10, 'distances': [1], 'force2D': False, 'force2Ddimension': 0, 'resegmentRange': None, 'label': 1, 'additionalInfo': True, 'binWidth': 25}",{'Original': {}},08e451402de6bf1933e8924d94c46f4317c93ef9,3D,"(5.0, 0.8119999766349792, 0.8119999766349792)","(87, 512, 512)",-750.5090182074185,-2048.0,3253.0,fa43b2893af585ea72e20a9fea37af56e2aa3a7b,"(5.0, 0.8119999766349792, 0.8119999766349792)","(87, 512, 512)","(23, 235, 122, 26, 113, 274)",123451,4,"(np.float64(35.48356837935699), np.float64(293.8859142493783), np.float64(260.3475062980454))","(211.40216903098798, 238.6353555038447, -177.41784189678495)","(1.0, 1.0, 1.0)","(152, 114, 245)",36.9429161029871,-896.6063406701683,3177.553497621255,"(1.0, 1.0, 1.0)","(152, 114, 245)","(13, 11, 11, 130, 92, 223)",407150,3,"(np.float64(77.39936141471202), np.float64(58.549772811003315), np.float64(123.26369888247575))","(211.35769889415826, 238.64377282268583, -177.39936141471202)",106.32540726818986,-118.47332444898896,206.6926298820754,0.3333401274779897,0.1709508247349085,55.55209654736273,324.9595117982422,222.46348014898985,221.41589825484527,122.10241602851272,228.6875597840862,407177.2083333333,108.32204508801135,0.42563157460814954,62417.43634932594,0.15329305047503605,407150.0,22.113117351099635,155.08196592615343,5751042480.749285,2.7871996710755647,60.245301029577945,4.0796217191278625,206.6926298820754,41.51638661997465,106.32540726818986,125.30205311927638,-118.47332444898896,325.16595433106437,27.146677782817417,118.84914676790855,-1.3036278389579325,5751042480.749285,0.19296061026551836,2820.0274567134215,102.07899470129163,810.772747025648,-67.51467216641558,13.670095545303953,1.5563395713642998,0.7930827481094554,0.8175379502228115,1.6732920892445866,0.864696462108554,0.680675781351851,0.6589858772844503,0.9923961007175925,0.9483329782452423,-0.2552172851420837,0.8479354028397648,0.4466652081071977,9.952307461905527,0.07853305141580906,4.661991177233233,0.8095054974230206,0.21031223719002545,19.904614923811053,3.537410570513259,3.806608779167062,35352.19387971795,0.1451229333704339,5.5959090550067305,91.6453609258551,5.149165041691601,563.4041862617528,0.05835468336860523,0.017238503897430354,4.549374437214543,116039.77829636114,0.4722866489603638,0.5951157671997657,2.112707814760658,0.7123731832459902,60.65389236603154,0.013947352445702508,957.0110057370331,0.11204905815911874,8.761425227140158,45.38227373843812,1789605.0956562464,209025440.42266715,15841.137009344773,0.059063991160332306,1475.0580728251962,0.17270320487357407,0.4015094588908504,15.462961519340563,0.029979881197270013,6.607207699886335,0.020977526710057717,1787332.6608400499,170.36567478567886,3.1132610388160087e-05,48.280978351563654,0.027064124163437224,0.0033251670673071438,case_00085
3.1.1.dev111+g8ed579383,2.0.2,2.5.5,1.8.0,3.12.13,"{'minimumROIDimensions': 2, 'minimumROISize': 50, 'normalize': False, 'normalizeScale': 1, 'removeOutliers': 3, 'resampledPixelSpacing': [1, 1, 1], 'interpolator': 'sitkBSpline', 'preCrop': False, 'padDistance': 10, 'distances': [1], 'force2D': False, 'force2Ddimension': 0, 'resegmentRange': None, 'label': 1, 'additionalInfo': True, 'binWidth': 25}",{'Original': {}},9f67117aeec35fbd9707fbef64338bf1452d5520,3D,"(2.5, 0.7890620231628418, 0.7890620231628418)","(199, 512, 512)",-761.2623193060333,-2048.0,2808.0,d248d084cf26e26c49abdc916d0cd5f7b7ee9c13,"(2.5, 0.7890620231628418, 0.7890620231628418)","(199, 512, 512)","(24, 298, 93, 49, 96, 326)",319970,20,"(np.float64(47.741791417945436), np.float64(349.1670844141638), np.float64(241.4691783604713))","(190.53415840858258, 275.51448604971085, -119.35447854486358)","(1.0, 1.0, 1.0)","(145, 98, 280)",56.475563970016246,-1090.0314694587644,1359.9560889048869,"(1.0, 1.0, 1.0)","(145, 98, 280)","(12, 11, 11, 122, 76, 258)",497828,16,"(np.float64(71.85875442924062), np.float64(51.41498067605679), np.float64(128.52006717179427))","(190.62553616021285, 275.52044966447534, -119.10875442924062)",102.79511446985597,-153.4553787767921,314.03019344908245,0.3369605095994437,0.17228856996657488,55.854510216067645,324.1916177428589,256.8598839834668,258.2789190003706,121.24768039018313,258.4492213182311,497509.9166666667,109.23977272250177,0.5078058263550921,59793.54094066049,0.12018562633138902,497828.0,40.10164833827887,158.54365118527977,6362318349.077891,2.9445139087158694,62.21281482668971,3.44639220124283,314.03019344908245,37.24455613240899,102.79511446985597,107.6620741516202,-153.4553787767921,467.48557222587453,25.846071086792154,113.04934181925499,-0.5239024544891091,6362318349.077891,0.1534617153165389,2213.3181268959656,137.66236275716605,349.9967482919496,-19.50120652220713,10.16975168712378,3.70989393976893,0.46466240982584694,1.4515894307966388,2.1627887440217686,1.516632748621915,0.5297640794971754,0.4749191273410941,0.9910214874663947,0.9354074870781197,-0.08692876969129044,0.5661143457390234,0.44246427253159626,11.663931966913568,0.030021875302584846,5.5823450871588145,0.5066167625342826,0.06064501105386407,23.327863933827135,3.655540282861849,3.4699114067231775,56590.449145279046,0.14613835398742972,3.9227507280939857,137.9157470662278,2.1539326664443275,300.1191269814741,0.017334058314607007,0.00839930268346137,3.964593384464599,254464.47443561614,0.650620372915425,0.7780068927111681,0.4537190434370817,0.8317063954332112,114.34997222576551,0.0070791459212964335,2839.064063990607,0.10417054612132556,11.054213403734462,129.65106039480443,598348.5042929478,86995611.32534674,4262.418198123229,0.011996255567548932,7759.028472884715,0.2846932000031083,0.5414685561132577,69.2722537489738,0.006830147979470863,6.011217544556173,0.05474581582393919,598014.8489099032,200.92984707082587,1.4891109902591715e-05,198.10676167119632,0.020287227826282454,0.0028786018492143765,case_00086
3.1.1.dev111+g8ed579383,2.0.2,2.5.5,1.8.0,3.12.13,"{'minimumROIDimensions': 2, 'minimumROISize': 50, 'normalize': False, 'normalizeScale': 1, 'removeOutliers': 3, 'resampledPixelSpacing': [1, 1, 1], 'interpolator': 'sitkBSpline', 'preCrop': False, 'padDistance': 10, 'distances': [1], 'force2D': False, 'force2Ddimension': 0, 'resegmentRange': None, 'label': 1, 'additionalInfo': True, 'binWidth': 25}",{'Original': {}},ce8563765db85b5e4dc6563916e414b82ae5eb62,3D,"(5.0, 0.69140625, 0.69140625)","(49, 512, 512)",-425.8597095255949,-1024.0,1340.0,fa973c69ed33bd118c0b48f9b4a512aaed320661,"(5.0, 0.69140625, 0.69140625)","(49, 512, 512)","(19, 261, 104, 22, 125, 318)",169623,19,"(np.float64(29.413151518367204), np.float64(325.779045294565), np.float64(259.201912476492))","(179.21382229819955, 225.24566803569533, -147.06575759183602)","(1.0, 1.0, 1.0)","(132, 108, 242)",34.95004459264324,-1069.337344905849,1345.2010828900386,"(1.0, 1.0, 1.0)","(132, 108, 242)","(13, 10, 11, 110, 87, 220)",405460,19,"(np.float64(67.07338578404774), np.float64(55.088368766339464), np.float64(118.04494894687515))","(179.19924582187514, 225.24266564133947, -147.07338578404773)",82.30299496529389,-124.00385656179418,213.01100657994525,0.343332136449457,0.1690980363092134,51.292056974877056,303.32733658174584,220.03636063160107,220.27482833950864,116.2497311824849,221.32781117609238,405387.0833333333,104.14202251213433,0.4288129872877359,61772.63571309671,0.15237938812742977,405460.0,22.79994454884629,134.7273437346563,3586174967.246991,2.8419455824624125,65.39536528165058,3.2280412435079,213.01100657994525,37.04390476720492,82.30299496529389,89.45619432041474,-124.00385656179418,337.0148631417394,26.690667061332515,94.04630330486671,-0.6903414414503265,3586174967.246991,0.16147167080659605,2070.924185053793,81.70587103444142,334.4056858862613,-20.8460936973055,10.517186982765967,1.6079869643543059,0.7331268964942511,0.8822995577401382,1.6849049613620157,0.8019236997509116,0.6509192305349065,0.626088099458816,0.9921101180694216,0.9439935019141749,-0.221965343747089,0.8222284404770553,0.48305378331167453,8.91503076993757,0.0483825009737399,4.924638241498177,0.7516895383233364,0.10802410138483613,17.83006153987514,3.6339928263568755,3.031293486780068,39162.15827388089,0.14949844780860783,3.8098198916740293,78.14821296887047,3.9573204497784142,332.7188236968016,0.05722707711249071,0.01742154045547646,4.357289365124571,133309.27005413035,0.5000957652401362,0.6454482847591909,1.3298054764492298,0.7302056704303506,55.48627494990784,0.013586953954289216,961.3434928728706,0.11140844742993053,8.73437466613625,52.85235832657318,1375809.8117974272,122410976.79082164,16574.291354434525,0.04559936104468681,1486.059218912968,0.17221685234824058,0.39825900662289343,17.671266381777702,0.022364887748876478,6.607142529555257,0.02128200069057367,1373601.9336853097,217.38772596740634,2.9256771764312897e-05,53.260177522544225,0.022721323599772438,0.002417943761008717,case_00087
3.1.1.dev111+g8ed579383,2.0.2,2.5.5,1.8.0,3.12.13,"{'minimumROIDimensions': 2, 'minimumROISize': 50, 'normalize': False, 'normalizeScale': 1, 'removeOutliers': 3, 'resampledPixelSpacing': [1, 1, 1], 'interpolator': 'sitkBSpline', 'preCrop': False, 'padDistance': 10, 'distances': [1], 'force2D': False, 'force2Ddimension': 0, 'resegmentRange': None, 'label': 1, 'additionalInfo': True, 'binWidth': 25}",{'Original': {}},e38b240283c181f18291248e8cb8eb22342123e0,3D,"(3.0, 0.4375, 0.4375)","(99, 512, 512)",-597.5440474616157,-1024.0,1612.0,6ec49c1136cc30813ad91f0f893159c57879a3a7,"(3.0, 0.4375, 0.4375)","(99, 512, 512)","(38, 216, 129, 33, 196, 316)",182225,67,"(np.float64(58.346138016188775), np.float64(333.42728494992457), np.float64(280.674457401564))","(122.79507511318424, 145.87443716559198, -175.03841404856632)","(1.0, 1.0, 1.0)","(121, 108, 160)",-63.215361038385694,-1028.9437117559419,1519.6843534439774,"(1.0, 1.0, 1.0)","(121, 108, 160)","(12, 10, 10, 99, 86, 139)",104589,61,"(np.float64(74.03123655451338), np.float64(61.575050913576), np.float64(76.50801709548806))","(122.78926709548806, 145.856300913576, -175.03123655451338)",101.2099500499792,-75.57902939035972,257.6024343638132,0.43874387192212877,0.31676801404496485,52.457525041161674,165.60234214088103,140.9432509913121,141.7391971192161,98.95453501482385,144.53027364535086,102856.75,72.65701279026327,0.2624915277008116,40444.30396924635,0.39321001265591565,104589.0,52.7956723696726,141.93396773073505,1211981481.3896866,2.5042911196634674,51.41044344164631,3.8512767124620244,257.6024343638132,29.433454115469893,101.2099500499792,107.60418459439447,-75.57902939035972,333.1814637541729,21.019272929029775,107.64775740018742,-0.9049610636048452,1211981481.3896866,0.2077127873582894,1344.585684170321,78.01265421973925,177.10235005919412,-16.27981348974998,6.55387225182999,1.0635266659454887,0.7184860501134764,0.6674938279640634,1.4791558490556773,0.6041143545768523,0.7179857095210728,0.703589912993606,0.9953966108554705,0.9596539334014327,-0.23386379048459846,0.8033870398525083,0.43998435716420076,8.754327139341335,0.08535652940443873,4.203795369871989,0.7283429141987182,0.18652806877493824,17.50865427868267,3.2333280856451414,1.9043497294438692,11181.97907234451,0.18354927879896082,2.5812969190256685,71.19723328288117,5.0236455543559995,404.4350245117888,0.07064225298080613,0.017450640077264115,4.248687849025294,27791.885939917476,0.44878184461158016,0.5819908991753068,1.8889756145327925,0.6915146914553515,46.94870454603493,0.013037667670046093,431.36798336798336,0.14946915570616195,4.729128937029144,49.016632016632016,352210.49237699236,29677509.703742202,4352.004690074728,0.034783054268534064,550.5959805959806,0.19078169805820533,0.42835096017733115,19.964395291955068,0.01729345273575634,6.166765741144315,0.027593724005392537,350897.14573581255,56.62932439534864,0.00011432310512771754,39.559238925608014,0.013653947323100955,0.010594217390732135,case_00088
3.1.1.dev111+g8ed579383,2.0.2,2.5.5,1.8.0,3.12.13,"{'minimumROIDimensions': 2, 'minimumROISize': 50, 'normalize': False, 'normalizeScale': 1, 'removeOutliers': 3, 'resampledPixelSpacing': [1, 1, 1], 'interpolator': 'sitkBSpline', 'preCrop': False, 'padDistance': 10, 'distances': [1], 'force2D': False, 'force2Ddimension': 0, 'resegmentRange': None, 'label': 1, 'additionalInfo': True, 'binWidth': 25}",{'Original': {}},40ae403ad8595023a7d9b725e88d14709869c13e,3D,"(5.0, 0.908203125, 0.908203125)","(55, 512, 512)",-429.7393529718573,-1024.0,1577.0,00c03102a84a6ddb003d137ea9c8d2d76c052250,"(5.0, 0.908203125, 0.908203125)","(55, 512, 512)","(11, 266, 138, 25, 110, 247)",111117,37,"(np.float64(23.175499698515978), np.float64(319.41318610113666), np.float64(251.95163656326216))","(228.82326367561896, 290.0920537832589, -115.87749849257989)","(1.0, 1.0, 1.0)","(147, 122, 247)",12.13239130210841,-958.8555232318561,1591.2314893475043,"(1.0, 1.0, 1.0)","(147, 122, 247)","(13, 11, 11, 125, 99, 225)",459070,31,"(np.float64(75.87769839022371), np.float64(59.04563574182586), np.float64(114.79985623107586))","(228.84575466857586, 290.0915341793259, -115.87769839022371)",110.20331148316777,-255.73791366351733,1591.2314893475043,0.36446795149169936,0.19827175137470565,57.67247508504534,290.8759048385692,234.38643305447522,213.974297521922,118.1905241548577,234.5591609807641,458969.9583333333,106.01494517480782,0.42403856529328465,67858.08634336069,0.1478486447997056,459070.0,23.00037524953062,168.149034874077,10251775381.426691,3.3163261830575186,70.09190092767028,61.17369510638709,1591.2314893475043,52.10522068150445,110.20331148316777,110.93800090005541,-255.73791366351733,1846.9694030110215,29.708267313342674,149.43766902717164,5.813746237479553,10251775381.426691,0.13174058731603797,10186.847062418392,272.1598089969858,233141.24284009615,2876.021319925812,58.34941362460058,5.950001792642532,0.8147923842941859,1.3744570187479879,2.1363699599674293,3.983111437522078,0.5764855686608839,0.535043467297971,0.9989852664829202,0.9825959470530139,-0.19160607856284761,0.8175468089580133,0.45762068570218584,16.095282406198326,0.03151488949787755,5.855834363545468,0.8656489201864367,0.06861165422820818,32.19056481239662,4.112723256941512,16.074853854310778,40128.776995848406,0.12015498996563237,20.901671092842758,272.1995086178299,2.865503082095039,764.0229309073818,0.012202860781052396,0.0046374411408826735,4.58577347910608,199861.37839031278,0.5919054181507595,0.7250255114437046,0.8320483441575737,0.7951247768785236,218.58124223932353,0.003780355629316794,1078.5453833033698,0.049718590480955595,138.425764561599,477.4164477020237,555601.1203614069,146760095.958051,2147.2834937312136,0.005987270702507076,5607.266906375328,0.25848277814849624,0.5182935953078601,301.44200021055525,0.0029329505962823513,7.612663983001871,0.04725423138083517,555153.2847832363,19.083298165190794,2.491478141366098e-05,3128.312136693481,0.005028649634099628,0.3733398162747927,case_00089
3.1.1.dev111+g8ed579383,2.0.2,2.5.5,1.8.0,3.12.13,"{'minimumROIDimensions': 2, 'minimumROISize': 50, 'normalize': False, 'normalizeScale': 1, 'removeOutliers': 3, 'resampledPixelSpacing': [1, 1, 1], 'interpolator': 'sitkBSpline', 'preCrop': False, 'padDistance': 10, 'distances': [1], 'force2D': False, 'force2Ddimension': 0, 'resegmentRange': None, 'label': 1, 'additionalInfo': True, 'binWidth': 25}",{'Original': {}},6c8c32c78d96ed05c976a8d8e7a9b776c941ceb2,3D,"(3.0, 0.767578125, 0.767578125)","(76, 512, 512)",-567.8671326888235,-1024.0,1946.0,3020cda36827eccafdf9b4d19c36457a837b9d67,"(3.0, 0.767578125, 0.767578125)","(76, 512, 512)","(25, 249, 126, 36, 126, 284)",123133,74,"(np.float64(41.993169986924705), np.float64(325.53655803074724), np.float64(307.0097780448783))","(235.65398978835387, 249.87474083219468, -125.97950996077412)","(1.0, 1.0, 1.0)","(130, 119, 240)",22.503305013560087,-1063.2186224090126,1763.5824693583058,"(1.0, 1.0, 1.0)","(130, 119, 240)","(12, 11, 11, 108, 97, 218)",217677,54,"(np.float64(64.00516820794113), np.float64(69.72286001736518), np.float64(149.42142256646315))","(235.53763350396315, 249.83907095486518, -126.00516820794113)",95.83621964764555,-152.04751624558327,234.99741037502966,0.3497222569959529,0.18168902218214042,53.79855457054472,296.1023947644591,217.45114393812693,220.4835594777987,107.5174404457249,224.8132558369279,217360.70833333334,103.55359779893327,0.3552820230494693,49207.53217783838,0.2263865100327894,217677.0,3.3699061114227877,164.0504026763271,2772400496.350299,3.187383035353752,74.58938800179699,3.043628700086225,234.99741037502966,47.07171756353119,95.83621964764555,105.63733979775716,-152.04751624558327,387.04492662061296,32.50333327264549,112.85523573228419,-0.7424222331007111,2772400496.350299,0.12925718940316377,3551.723235837677,137.44174158590707,932.0598970073833,-51.31945563034172,17.211461357353272,2.6610830181858445,0.7300756154819428,1.0757965436985306,1.9422245597075443,1.471454551154307,0.6232227265951984,0.5912758221273138,0.9913294693780794,0.9443389063831809,-0.21522751409899998,0.8433887039274853,0.4596587568640291,11.567280353145993,0.03523103991280689,5.519442047553337,0.7452126563574993,0.0766584518443553,23.134560706291985,3.9783380677881826,4.9681360938847785,17442.427359637404,0.11817049413660788,6.422322355091806,129.1326024317883,3.269155911616564,459.4928520438091,0.028225227422450365,0.010340180388091307,4.573270410366716,80846.03059470213,0.5432599330465729,0.6774289075450888,1.0129237308849568,0.7640854248599495,95.30024336876974,0.008395136468802362,1111.7616394031998,0.09992464851727482,8.516464738436905,81.0601294265684,235156.91542333274,35808971.3078375,1634.387348963922,0.020211792682322764,3064.1004853496315,0.27540000767118744,0.533735933734159,40.25136828490299,0.01178965143833593,6.0950783414317735,0.05111242804706055,234774.1374174398,68.3364596277898,6.058086761543625e-05,94.18233349009526,0.03091804843088866,0.007536694459121922,case_00090
3.1.1.dev111+g8ed579383,2.0.2,2.5.5,1.8.0,3.12.13,"{'minimumROIDimensions': 2, 'minimumROISize': 50, 'normalize': False, 'normalizeScale': 1, 'removeOutliers': 3, 'resampledPixelSpacing': [1, 1, 1], 'interpolator': 'sitkBSpline', 'preCrop': False, 'padDistance': 10, 'distances': [1], 'force2D': False, 'force2Ddimension': 0, 'resegmentRange': None, 'label': 1, 'additionalInfo': True, 'binWidth': 25}",{'Original': {}},4de6e6c7ebfe434aee0126e8b4eb3bd866c1c2b2,3D,"(0.5, 0.7890625, 0.7890625)","(735, 512, 512)",-464.0000801813035,-1024.0,1430.0,8cb96e42094e3c99d8eb70297c37e3acbba8dc5f,"(0.5, 0.7890625, 0.7890625)","(735, 512, 512)","(137, 190, 123, 335, 148, 289)",1383928,50,"(np.float64(309.6490561647716), np.float64(275.27174462833324), np.float64(271.9405113560821))","(214.57805974190853, 217.2066109957942, -154.8245280823858)","(1.0, 1.0, 1.0)","(189, 139, 250)",22.578391130434973,-1031.478002328521,1380.1761833651847,"(1.0, 1.0, 1.0)","(189, 139, 250)","(10, 11, 11, 168, 117, 228)",430617,26,"(np.float64(96.32146896197781), np.float64(78.10772449763944), np.float64(128.50301544063518))","(214.60848419063518, 217.21319324763942, -154.5714689619778)",109.13242749091326,-153.32357709316773,325.5334711835636,0.33289440033044726,0.1793362968638853,60.38585290769937,336.71852248366497,224.26992665089986,215.3903433304288,126.21014222319853,245.09181952892675,430877.9166666667,112.09171062235387,0.4128575544966866,66822.088651004,0.15508357719501908,430617.0,33.997062136635996,169.30953365088246,6515722338.436417,3.074916129263921,83.03238733621484,3.4765241028082836,325.5334711835636,46.40195374245754,109.13242749091326,124.68348149573008,-153.32357709316773,478.85704827673135,33.430805566363965,123.00866324629392,-0.8571799973149508,6515722338.436417,0.1445886196233556,3221.2445035807027,146.79927562098155,750.7696298154256,-45.32887051076196,15.571764828775132,3.2192394901820314,0.6566909155077408,1.2106741781462786,2.0625041882948283,1.7375600190319997,0.5921477977717376,0.5545877192770603,0.9930313496926991,0.948521127026916,-0.16371703764100085,0.7843930853131487,0.4672560370308487,11.987952391833202,0.036848226094451667,5.520363668768716,0.7132320900739993,0.08733474458686194,23.97590478366641,3.837943036593061,4.69775107973929,39935.18336332161,0.13059254850953253,5.831849676900816,142.88077561336428,2.6746178067854895,401.43750855089235,0.021157676987519827,0.008998670241176492,4.365177881115303,174526.94661607424,0.5694365488337069,0.7100396729487082,0.6804285093103755,0.7827046574693486,109.68036747739114,0.007380456700191842,2398.968856300552,0.09067083136671523,11.337019612895274,104.40139088366467,393847.230667473,68067596.44375992,2336.2400672398726,0.016991408626028805,9397.698011943457,0.35519306115138927,0.6174762342888623,63.82552277166703,0.011105771735673666,5.890486419015059,0.06144207033164041,393582.3389874447,112.84993417997569,2.449553862436845e-05,169.19047102484873,0.02101477252331074,0.004941356422059999,case_00091
3.1.1.dev111+g8ed579383,2.0.2,2.5.5,1.8.0,3.12.13,"{'minimumROIDimensions': 2, 'minimumROISize': 50, 'normalize': False, 'normalizeScale': 1, 'removeOutliers': 3, 'resampledPixelSpacing': [1, 1, 1], 'interpolator': 'sitkBSpline', 'preCrop': False, 'padDistance': 10, 'distances': [1], 'force2D': False, 'force2Ddimension': 0, 'resegmentRange': None, 'label': 1, 'additionalInfo': True, 'binWidth': 25}",{'Original': {}},a498fde667e6088d32e1d473787c7665fdaa9cb0,3D,"(5.0, 0.703125, 0.703125)","(98, 512, 512)",-242.14616861148755,-1024.0,2293.0,d1f38d0665877be830c77bf59f31b2301b47ff74,"(5.0, 0.703125, 0.703125)","(98, 512, 512)","(23, 140, 78, 26, 200, 344)",177578,148,"(np.float64(36.253871538140984), np.float64(229.25651826239738), np.float64(278.75029001340255))","(195.99629766567367, 161.19598940324815, -181.2693576907049)","(1.0, 1.0, 1.0)","(152, 162, 264)",16.001156290083546,-1056.2909029535406,2336.8626932169805,"(1.0, 1.0, 1.0)","(152, 162, 264)","(13, 10, 11, 130, 141, 242)",439130,110,"(np.float64(81.28976612848132), np.float64(73.02780497802473), np.float64(151.86319540910438))","(196.01163290910438, 161.17624247802473, -181.28976612848132)",84.68569767882522,-108.18823178807878,1341.5851547181123,0.34103123701538335,0.17434575548044065,58.640232311301105,336.34447910537045,244.13520843991347,238.47222060441337,167.83622970026465,244.91018761987016,437934.4166666667,114.70397377259924,0.3766092157557115,74051.27936289889,0.16909216664572618,439130.0,19.995987608667335,131.80896326919893,4092672300.9650536,2.762889568921471,54.97717970572421,29.65892880048271,1341.5851547181123,34.93392103036546,84.68569767882522,93.79368112490467,-108.18823178807878,1449.7733865061912,23.410942516839896,96.539919471994,0.5935685943727903,4092672300.9650536,0.1797070819817919,2148.2886603096986,83.67559972780417,4178.863958427932,27.72481105889293,10.861042348020622,1.6014588842396584,0.7412309087600637,0.8861647094274709,1.660891973798944,0.7805894788640912,0.6467863354187214,0.6209044199550626,0.9995427261226134,0.9854195867837314,-0.2134888475713537,0.8005187603013764,0.4852423686664047,9.019964921242812,0.05660744754044184,4.796014595794267,0.8513581454468665,0.13315404551490093,18.039929842485634,3.5242451126494845,3.11562530806507,46253.93145569565,0.1604004690483505,4.15087801135619,80.08244272192428,4.154728632491741,358.0398472751503,0.05794530167486325,0.01699002971260871,4.274760659283903,150775.64419626578,0.51161243429053,0.653910967314743,1.4538472371050593,0.7366685646808203,57.65689019665346,0.013285926402664029,928.1193598577462,0.10314729493862482,20.47199548085591,75.42098244054235,1830946.5181151368,169161258.20560125,20751.32646853554,0.04037599659133999,1469.403645254501,0.16330336133079584,0.38232990920805937,31.59321131499525,0.019699229800907277,6.839108271276518,0.020490515337143897,1828564.778732534,46.421676152571486,2.3602116687322e-05,1479.587370027271,0.0014412936155334063,0.26472520945521305,case_00092
3.1.1.dev111+g8ed579383,2.0.2,2.5.5,1.8.0,3.12.13,"{'minimumROIDimensions': 2, 'minimumROISize': 50, 'normalize': False, 'normalizeScale': 1, 'removeOutliers': 3, 'resampledPixelSpacing': [1, 1, 1], 'interpolator': 'sitkBSpline', 'preCrop': False, 'padDistance': 10, 'distances': [1], 'force2D': False, 'force2Ddimension': 0, 'resegmentRange': None, 'label': 1, 'additionalInfo': True, 'binWidth': 25}",{'Original': {}},2e02ff0e0faef3fb06d677b36fe9254948744a78,3D,"(0.5, 0.91015625, 0.91015625)","(787, 512, 512)",-407.9797148407642,-1024.0,1217.0,c9e0a8594dc3498c1d5d81257a949e1dc7007a38,"(0.5, 0.91015625, 0.91015625)","(787, 512, 512)","(216, 201, 116, 258, 95, 275)",1243801,19,"(np.float64(335.419942579239), np.float64(243.4847576099392), np.float64(253.21097345958074))","(230.46155006282154, 221.60917391842122, -167.7099712896195)","(1.0, 1.0, 1.0)","(151, 108, 272)",13.280481978783605,-1014.6543836643274,1212.2812698419182,"(1.0, 1.0, 1.0)","(151, 108, 272)","(11, 11, 11, 129, 85, 250)",514437,10,"(np.float64(70.21891504693481), np.float64(49.60016095265309), np.float64(135.2967768648056))","(230.3416987398056, 221.6450828276531, -167.4689150469348)",100.89877214151619,-143.04034554844023,287.6670195831445,0.32624182961782483,0.14844687554474945,53.18950190160292,358.30664476039374,253.02371430362015,250.56935167733502,131.4838393111488,253.22914524201198,514665.0416666667,116.89461535085485,0.49826093773180397,62331.90453093346,0.12111159586258433,514437.0,29.270308537296387,159.6240755745913,6635037332.25082,3.0435294921573575,68.8189457872237,3.5013863213557106,287.6670195831445,41.34272438764146,100.89877214151619,109.90430474840616,-143.04034554844023,430.70736513158477,28.597509999415518,113.56789782128217,-0.7431360750841783,6635037332.25082,0.14481416919208373,2717.105195879583,115.3478622173959,572.4643291356033,-35.061522570478715,13.04783269091212,3.304993736672558,0.5953255722400024,1.3525968576937626,2.123427009950047,1.4620459687641334,0.5454305730605615,0.49564604257215905,0.9902050410295473,0.9335290346731302,-0.11141143717859384,0.6893751483147181,0.462071518509695,10.626009019166048,0.02954047520490764,5.657623390867173,0.6261880160293717,0.06683342278021663,21.2520180383321,3.799025780971722,4.08820660689617,53830.739542948504,0.1365296435040707,4.816282376945202,114.27878750759457,2.1420208836987458,250.8743661598423,0.022325300223246684,0.011422316817982189,4.1154256605575235,249148.92948446298,0.6311714569344377,0.7664420596616376,0.4359637161213649,0.8223768176161398,93.17082926393086,0.009688208338697142,2842.9135681117173,0.09636015212391003,12.254631016395772,98.993898925533,554850.3917228756,70818153.65481476,4558.83256406349,0.021505842976802275,10650.593329491916,0.36100035011666326,0.6235292424493318,62.31354941447667,0.014379136863595836,5.848564374308151,0.057350073964353265,554546.3508047599,219.65430350516394,1.7587122220699865e-05,135.33914575496348,0.026954063114820858,0.0024353081626280614,case_00093
3.1.1.dev111+g8ed579383,2.0.2,2.5.5,1.8.0,3.12.13,"{'minimumROIDimensions': 2, 'minimumROISize': 50, 'normalize': False, 'normalizeScale': 1, 'removeOutliers': 3, 'resampledPixelSpacing': [1, 1, 1], 'interpolator': 'sitkBSpline', 'preCrop': False, 'padDistance': 10, 'distances': [1], 'force2D': False, 'force2Ddimension': 0, 'resegmentRange': None, 'label': 1, 'additionalInfo': True, 'binWidth': 25}",{'Original': {}},b14a704d8b1147fd19a7d50d0bfac1d9df7e578d,3D,"(5.0, 0.703125, 0.703125)","(43, 512, 512)",-610.1108682321948,-2048.0,1278.0,5b4bf0467b913fdc75677a37d0ac446d63ad424d,"(5.0, 0.703125, 0.703125)","(43, 512, 512)","(6, 250, 91, 33, 142, 349)",233084,22,"(np.float64(20.78179540423195), np.float64(325.68285253385045), np.float64(255.4228389765063))","(179.594183655356, 228.9957556878636, -103.90897702115976)","(1.0, 1.0, 1.0)","(187, 122, 268)",22.592182643912768,-960.3140834458196,1171.150668491574,"(1.0, 1.0, 1.0)","(187, 122, 268)","(13, 11, 11, 165, 100, 245)",576395,15,"(np.float64(88.89732735363769), np.float64(63.84239106862481), np.float64(126.43967244684634))","(179.58810994684634, 228.9908285686248, -103.89732735363769)",89.55246214761316,-111.82915616752749,199.30511637986464,0.3609559690310324,0.19431704421116536,64.86145167354307,333.7918808761716,241.40629652103112,245.8373446000424,136.4734406395618,253.46597404779996,576076.2916666666,120.48417181634947,0.34769524828436493,96295.36207821721,0.16715730793159653,576395.0,7.485139818270728,146.15807052363013,6249811602.21146,2.951646149960578,71.63749267815567,3.114311818710604,199.30511637986464,43.02890640856612,89.55246214761316,102.01837443075556,-111.82915616752749,311.13427254739213,30.63058181311174,104.12939870160953,-0.8846574494469785,6249811602.21146,0.1542048378357127,2823.288197259071,89.25665853805332,637.1125409455506,-46.42385443986445,14.05802825605787,1.651175224713167,0.787497705720739,0.8588971092822472,1.6936338505865114,0.883613160075616,0.6655858353131237,0.6422991219114883,0.990732367436193,0.9420913045994084,-0.26134928390028794,0.8643418406095786,0.4632959442525133,9.281846277136484,0.053340223963934126,4.961410554281538,0.8014286669324924,0.14412451577326393,18.56369255427297,3.7315874330768173,3.92730087019276,47542.64447481239,0.13247562837008517,5.23240012678301,81.57815203041659,4.566113380564975,432.90729049547076,0.06200325553178517,0.018690838930833988,4.550683950239028,178706.4903445309,0.48983078163319116,0.6214222751892233,1.7416677387739685,0.723703206151755,55.992695426893846,0.014875573550724866,1155.922842019544,0.11766315574303175,9.087812509532595,45.96895358306189,2394883.3121946254,241942551.59568405,25379.994932503945,0.05562236898620177,1409.6335504885994,0.14348875717514245,0.3526317746454485,13.513411392110433,0.02419233331403812,6.838117991186364,0.017043867486706166,2391440.893417045,291.8245703003737,2.3688601266244788e-05,43.184081465325995,0.03375495064695948,0.0018071691439821911,case_00094
3.1.1.dev111+g8ed579383,2.0.2,2.5.5,1.8.0,3.12.13,"{'minimumROIDimensions': 2, 'minimumROISize': 50, 'normalize': False, 'normalizeScale': 1, 'removeOutliers': 3, 'resampledPixelSpacing': [1, 1, 1], 'interpolator': 'sitkBSpline', 'preCrop': False, 'padDistance': 10, 'distances': [1], 'force2D': False, 'force2Ddimension': 0, 'resegmentRange': None, 'label': 1, 'additionalInfo': True, 'binWidth': 25}",{'Original': {}},9ebe9f3bf5cb3afa604f3e9f3e8750d1b87533cd,3D,"(1.5, 0.93359375, 0.93359375)","(314, 512, 512)",-571.0483638617643,-1024.0,1377.0,7c8324c7abdc57d2d2527af99bc20a40b6f0f4db,"(1.5, 0.93359375, 0.93359375)","(314, 512, 512)","(76, 204, 130, 82, 88, 258)",267500,49,"(np.float64(113.59143925233644), np.float64(244.0310429906542), np.float64(257.6933607476636))","(240.58091101051403, 227.82585654205607, -170.38715887850466)","(1.0, 1.0, 1.0)","(145, 105, 263)",-31.828481639216427,-938.5721254877282,1052.1144017533966,"(1.0, 1.0, 1.0)","(145, 105, 263)","(11, 11, 11, 123, 83, 241)",348800,43,"(np.float64(67.3946760321101), np.float64(48.78515194954129), np.float64(130.6588618119266))","(240.6920649369266, 227.81835507454127, -170.1446760321101)",76.57185401920522,-115.65422417836376,221.99012275359934,0.3056376625857298,0.14098599442475251,49.830036983992656,353.4396248883296,242.09502266672067,239.0522955338434,114.23659658795863,244.76110802167898,348851.25,108.02446081604617,0.40128227888839063,59721.08174421821,0.17119354379328786,348800.0,14.661893290562677,119.01874004372198,2657852483.633061,2.616780189247553,46.42858709559613,4.281669934954484,221.99012275359934,31.930143012744278,76.57185401920522,86.72957064360067,-115.65422417836376,337.6443469319631,20.38670888219597,87.29255362671415,-1.1839129043261274,2657852483.633061,0.2054493096580149,1756.7410907342894,77.40288404142689,291.85810146753414,-27.770719740183367,8.005572279085548,1.767558707672771,0.6363675243729572,0.9469234897149549,1.7571038798947312,0.8534626574492138,0.6321535821126029,0.6035988198635407,0.9913141390477745,0.9400718599076292,-0.14566150500866096,0.7016717822007839,0.4883132092772904,8.708776169235026,0.06513279547180445,4.667875234025113,0.6650601094731178,0.12946638476347497,17.417552338470053,3.3262173474610317,2.4432827466895795,41674.54866794203,0.17725807927434442,3.423520048240471,73.45167323366367,3.2008133901861573,255.3427449887344,0.048401232862081825,0.018813881513409233,4.070935366356921,125746.87595372155,0.531320545758081,0.672977902258292,0.933755447140014,0.7552428614870769,53.724080387600644,0.015311959406857346,1412.4856528570247,0.11680192283610558,8.801613346231798,54.28628131977177,955867.8313073679,81047264.86636898,11626.714501413746,0.046305567570798865,3358.9108575208797,0.27775662428850406,0.537803813389466,27.838205026175064,0.02880813794091676,5.920034359469034,0.034670298165137614,955035.9050212639,230.4031627229248,2.5611005244352457e-05,59.66057947682847,0.021386998418620937,0.002416657961289482,case_00095
3.1.1.dev111+g8ed579383,2.0.2,2.5.5,1.8.0,3.12.13,"{'minimumROIDimensions': 2, 'minimumROISize': 50, 'normalize': False, 'normalizeScale': 1, 'removeOutliers': 3, 'resampledPixelSpacing': [1, 1, 1], 'interpolator': 'sitkBSpline', 'preCrop': False, 'padDistance': 10, 'distances': [1], 'force2D': False, 'force2Ddimension': 0, 'resegmentRange': None, 'label': 1, 'additionalInfo': True, 'binWidth': 25}",{'Original': {}},7c57d8eb78f15d14c7f707ebdc197dd1b0a6b3f0,3D,"(0.5, 0.73828125, 0.73828125)","(683, 512, 512)",-547.2576109465882,-1024.0,3071.0,8c2b7f486ddb9d004226cc4908970ae161b1b044,"(0.5, 0.73828125, 0.73828125)","(683, 512, 512)","(204, 251, 122, 244, 126, 282)",1208026,5,"(np.float64(326.6349747439211), np.float64(317.4764491823851), np.float64(262.8071771634054))","(194.0256112651704, 234.38690974793278, -163.31748737196054)","(1.0, 1.0, 1.0)","(144, 115, 230)",25.54914664833431,-1045.683863078636,1421.176061563186,"(1.0, 1.0, 1.0)","(144, 115, 230)","(11, 11, 11, 122, 93, 208)",329511,2,"(np.float64(71.85216578505725), np.float64(60.23410751082665), np.float64(114.8219422113374))","(193.9528015863374, 234.36496688582665, -163.10216578505725)",127.6967294292496,-146.2171355690765,488.07676219624454,0.32739503512017837,0.17488088519604228,51.06751142997702,292.0131115114731,205.87860500790265,204.9780476051033,101.91172650877817,216.1689154342039,329894.9583333333,95.6036428988513,0.45391640332369637,50865.739898442545,0.15418768493893337,329511.0,26.307680804765923,208.8942212915193,7291767133.279516,3.478017839848118,117.90944414573136,3.1199762752659383,488.07676219624454,63.959490656587406,127.6967294292496,147.42783555496882,-146.2171355690765,634.293897765321,47.95219012933353,148.75837884534917,-0.4472408014103771,7291767133.279516,0.10871611822487595,5822.600569769448,144.87621562682853,2496.1499602683934,-58.516901087347506,28.82643958425732,5.404856198167215,0.6836341034297446,1.5294031050362658,2.3349916651353713,3.0330897909126486,0.5504650285988129,0.5037602579517346,0.9924496881991351,0.9478195871275628,-0.17134726514077528,0.8228370421102523,0.44200413549349094,11.790693550262974,0.023547177686439456,6.236267563763025,0.735178990470282,0.07190202825137698,23.581387100525944,4.268250985651765,8.557823945606128,24524.399866425727,0.09941756296872079,10.054141757725533,141.14917595725927,2.3246655060582264,344.6372255881495,0.022703685010821647,0.011551283014939028,4.616580447709449,152469.3775113356,0.6169589421910273,0.7485103217051469,0.531991969145849,0.8134929061116616,112.73257768327777,0.009930908970673863,1943.13487388612,0.07337014325200573,16.958546975360743,108.60931128228364,162075.0250339828,29140758.666138045,979.8563669724407,0.023496829575560905,9727.590318682978,0.36730064637830306,0.6279393028112789,67.77939760033539,0.015464216848679359,6.1246023184873835,0.08037364458242668,161920.22442107883,66.42957574323262,3.487392469232051e-05,327.2200338281056,0.029692399569781116,0.01064353795668912,case_00096
3.1.1.dev111+g8ed579383,2.0.2,2.5.5,1.8.0,3.12.13,"{'minimumROIDimensions': 2, 'minimumROISize': 50, 'normalize': False, 'normalizeScale': 1, 'removeOutliers': 3, 'resampledPixelSpacing': [1, 1, 1], 'interpolator': 'sitkBSpline', 'preCrop': False, 'padDistance': 10, 'distances': [1], 'force2D': False, 'force2Ddimension': 0, 'resegmentRange': None, 'label': 1, 'additionalInfo': True, 'binWidth': 25}",{'Original': {}},ad71d02d0b43e4145fdefb439616bcce0fbdab2e,3D,"(5.0, 0.7409999966621399, 0.7409999966621399)","(85, 512, 512)",-612.3834975747501,-6573.0,18558.0,64062a717aac6083bd8be989c4e731d281cad75b,"(5.0, 0.7409999966621399, 0.7409999966621399)","(85, 512, 512)","(16, 214, 121, 27, 132, 274)",152804,8,"(np.float64(28.882274024240203), np.float64(283.06014240464907), np.float64(265.08482107798227))","(196.4278515339688, 209.7475645770298, -144.411370121201)","(1.0, 1.0, 1.0)","(157, 120, 225)",29.246081346021477,-1105.0851126047264,1515.6225404668285,"(1.0, 1.0, 1.0)","(157, 120, 225)","(13, 11, 11, 135, 97, 203)",419080,9,"(np.float64(79.397191467023), np.float64(61.63032117972702), np.float64(117.38640593681397))","(196.5159059384829, 209.75982118139595, -144.397191467023)",157.6390093761622,-157.11069673241195,355.35719283105846,0.3878073112303782,0.19726288202753373,55.30170546103653,280.3452169644241,206.18438350175796,200.6315030098713,124.35433245367851,209.62347196819348,419275.875,108.7199248072703,0.42686050458561114,63464.57855037034,0.1513671125255426,419080.0,17.16464331946408,263.5356907672132,14010451177.06406,3.7610869739642205,142.425878819397,2.389020873226981,355.35719283105846,77.97182728767739,157.6390093761622,173.2676655755675,-157.11069673241195,512.4678895634704,59.3770837425207,182.84268615079878,-0.5677310756402044,14010451177.06406,0.08357548761073048,8581.390601741765,208.411406503742,5152.52650658979,-178.2369501735328,46.458066045060534,3.88271145019748,0.8448051488313268,1.3205927729512237,2.1537763742455907,2.0740922269716555,0.5783241041352719,0.5364645559797814,0.9923801201155502,0.9466965899005545,-0.26685875789111735,0.9177528252152614,0.44814385221294917,14.062861227415333,0.0189829805659012,6.408349812868948,0.8538819830603495,0.05452811950678936,28.125722454830665,4.623230781389064,12.585194373814499,23666.302355997886,0.07853748797975985,14.193518885771503,196.25548758811954,2.7936050922369344,605.1401265667803,0.01877089648022316,0.00802824705699632,4.964467424143341,180133.59648354532,0.5935969237241758,0.7189591119007938,0.8072367285128615,0.797980830206951,151.519064389725,0.006752574272028744,1498.3934260551518,0.07211094980774589,15.271458726956755,121.99619808460464,273966.7830020694,69192932.40290678,1240.216006785459,0.016074450292252462,5207.188940757495,0.25059863038440233,0.5069247008251694,58.79862243828533,0.008340142382951133,6.7210555574993105,0.04958241863128758,273560.0170586884,61.77837951778988,4.508262998433521e-05,153.6056663964002,0.04445142557092045,0.008384533268956388,case_00097
3.1.1.dev111+g8ed579383,2.0.2,2.5.5,1.8.0,3.12.13,"{'minimumROIDimensions': 2, 'minimumROISize': 50, 'normalize': False, 'normalizeScale': 1, 'removeOutliers': 3, 'resampledPixelSpacing': [1, 1, 1], 'interpolator': 'sitkBSpline', 'preCrop': False, 'padDistance': 10, 'distances': [1], 'force2D': False, 'force2Ddimension': 0, 'resegmentRange': None, 'label': 1, 'additionalInfo': True, 'binWidth': 25}",{'Original': {}},b789984e0de13a1541cd02ca9cf7ee451d5cfedb,3D,"(1.0, 0.69921875, 0.69921875)","(234, 512, 512)",-487.8815099928114,-1024.0,3071.0,213d2859f957a330cd5f86cd92efaf323c57ce0c,"(1.0, 0.69921875, 0.69921875)","(234, 512, 512)","(96, 237, 110, 138, 124, 285)",678551,47,"(np.float64(165.71234291895524), np.float64(297.505366582615), np.float64(256.93470350791614))","(179.65356221842575, 208.02133054018785, -165.71234291895524)","(1.0, 1.0, 1.0)","(149, 109, 221)",34.711986647681336,-1028.3024159627255,1568.6617543900038,"(1.0, 1.0, 1.0)","(149, 109, 221)","(11, 11, 11, 138, 86, 199)",332024,35,"(np.float64(80.6796225574055), np.float64(52.8787557525962), np.float64(113.488320121437))","(179.638710746437, 208.0291463775962, -165.67962255740548)",171.93676902885497,-193.6901138049316,836.0458933729833,0.39146039577712344,0.17356575643757582,47.12745273224358,271.525061737586,198.22462006521792,194.32961688841976,119.95415791042844,202.538885155419,332270.5,106.29130813120328,0.47771948193655367,48563.02096948654,0.14615507837586106,332024.0,24.770731464631467,292.85285160256507,13399756479.908634,3.8869022884493845,179.37578769658265,1.9844248755223208,836.0458933729833,91.4596352910338,171.93676902885497,194.33871595227578,-193.6901138049316,1029.7360071779149,73.55768455772989,200.8924957730573,-0.3633066250223459,13399756479.908634,0.07656247186047002,10795.542313846028,252.8421387039998,7046.154428135967,-172.0496454839937,60.769137593216364,6.600959219556793,0.8038884496244998,1.755322235963307,2.482527641133456,3.462699373627373,0.5113917567855893,0.4546825082284167,0.9963531916786567,0.961504790217841,-0.2071867315160675,0.8866870690754843,0.41995375852022715,15.46932333511458,0.012965384673519573,6.916722529900517,0.8226119073815622,0.03706996596972108,30.93864667022916,4.7529658710072225,16.84252420319329,19210.255720636385,0.07348473830302037,17.297210761761647,252.3796163539992,2.0257931859338925,517.1430792830096,0.011494719903690935,0.005846465651823992,4.849971814592976,173834.58024611624,0.6631099317419503,0.7872878512952723,0.40051682578379183,0.841126954642087,211.03939619941184,0.004980406124240156,1873.2656180238348,0.06433580444495775,20.39770530984472,210.7499398976543,87129.94463715356,28520360.787134662,330.0705247174994,0.008500878530957707,11734.220043273688,0.40300237123583094,0.659419554134817,133.83487789733172,0.00586721852187243,6.199917654733235,0.08769546779750861,86999.913996654,34.89620367839689,3.911221886468931e-05,679.9669092821513,0.03550866099329783,0.026009160372230382,case_00098
3.1.1.dev111+g8ed579383,2.0.2,2.5.5,1.8.0,3.12.13,"{'minimumROIDimensions': 2, 'minimumROISize': 50, 'normalize': False, 'normalizeScale': 1, 'removeOutliers': 3, 'resampledPixelSpacing': [1, 1, 1], 'interpolator': 'sitkBSpline', 'preCrop': False, 'padDistance': 10, 'distances': [1], 'force2D': False, 'force2Ddimension': 0, 'resegmentRange': None, 'label': 1, 'additionalInfo': True, 'binWidth': 25}",{'Original': {}},5e44e00b71e47fccbc59b4e41c2a69b83abb40e3,3D,"(5.0, 0.7070310115814209, 0.7070310115814209)","(105, 512, 512)",-690.5681817917597,-2048.0,3071.0,a39531ec1653371a827dcf6130ffd451ad63d600,"(5.0, 0.7070310115814209, 0.7070310115814209)","(105, 512, 512)","(23, 258, 98, 27, 117, 313)",165504,26,"(np.float64(35.74699100928074), np.float64(313.3792657579273), np.float64(259.6893609822119))","(183.60843159218604, 221.5688592774703, -178.7349550464037)","(1.0, 1.0, 1.0)","(157, 104, 244)",72.71773767289329,-1027.0572625735538,1378.7513973790153,"(1.0, 1.0, 1.0)","(157, 104, 244)","(13, 10, 11, 135, 83, 222)",413315,25,"(np.float64(78.72597171648742), np.float64(49.41243361600716), np.float64(125.47558157821516))","(183.62206607242445, 221.55891811021644, -178.72597171648744)",92.10180314663329,-130.4119077721123,332.2932073648564,0.346180871035508,0.17948964697000036,55.25047405688222,307.8198380217256,223.8972978845435,223.8861317723811,139.21566003866087,224.69089879209616,413025.6666666667,106.56133964836994,0.43635177787160995,61465.59196621773,0.1488178506248225,413315.0,19.7188133596137,146.27048591654335,4515319429.846588,2.921454243404896,62.76497874643675,3.471172909469834,332.2932073648564,38.99123243240608,92.10180314663329,101.32505214656364,-130.4119077721123,462.70511513696874,26.657838882890623,104.52102406579583,-0.8648980094006893,4515319429.846588,0.15769804904777152,2441.902328901477,109.21861379396675,522.7216071116944,-36.82932802906727,12.180348288770078,1.8990364016025962,0.7278220304405981,0.9642528488151102,1.763148583272198,0.9177068610248923,0.6332866675313451,0.6036642133767011,0.995358626536922,0.9559901542826561,-0.21274979465767646,0.8058371504640284,0.47436274019693225,10.327011085207419,0.04601555389627982,5.08393911799007,0.7437222837119134,0.09795437473987487,20.65402217041484,3.700407167503474,3.5198461725931676,39542.04627060932,0.14373247628332533,4.486519834070723,104.29898128132146,4.024429310876979,454.9609751559459,0.0420740987261137,0.012365414888634909,4.383131627182176,147544.68277920858,0.5224711127463316,0.6637515249590785,1.379934577939821,0.74296156122642,75.5862884413073,0.009663572690784607,791.7892942810251,0.09996077443265057,10.253729987107091,73.07751546521904,1516383.2118419393,180720696.72074234,13255.912008154555,0.02673697838191735,1092.0806716323696,0.13787156566498796,0.3353488194931314,21.160098527859834,0.010685515106582265,7.087955002185433,0.019164559718374604,1513660.4960686057,124.49561139959269,2.6645549240493814e-05,125.59519358176614,0.01410732223456941,0.005381620507726924,case_00099
3.1.1.dev111+g8ed579383,2.0.2,2.5.5,1.8.0,3.12.13,"{'minimumROIDimensions': 2, 'minimumROISize': 50, 'normalize': False, 'normalizeScale': 1, 'removeOutliers': 3, 'resampledPixelSpacing': [1, 1, 1], 'interpolator': 'sitkBSpline', 'preCrop': False, 'padDistance': 10, 'distances': [1], 'force2D': False, 'force2Ddimension': 0, 'resegmentRange': None, 'label': 1, 'additionalInfo': True, 'binWidth': 25}",{'Original': {}},ec50a7291c0be939b41cefc0e0aa3763b1002871,3D,"(1.0, 0.82421875, 0.82421875)","(470, 512, 512)",-458.57808646344125,-1024.0,3071.0,70459ddd63ea02476a298914e8a6d3588b4853a3,"(1.0, 0.82421875, 0.82421875)","(470, 512, 512)","(121, 222, 150, 115, 108, 231)",437395,7,"(np.float64(183.4922027000766), np.float64(282.49678437110623), np.float64(269.5923593090913))","(222.2030773992901, 232.8391464933727, -183.4922027000766)","(1.0, 1.0, 1.0)","(137, 111, 212)",34.22648586311859,-1022.8452576750102,2830.3124089493467,"(1.0, 1.0, 1.0)","(137, 111, 212)","(11, 11, 11, 115, 89, 190)",297243,5,"(np.float64(73.4708134422005), np.float64(60.77132850899769), np.float64(109.09471038847003))","(222.18260101347002, 232.8592191339977, -183.4708134422005)",178.40471981320007,-178.55798276518587,381.7053396931518,0.32727586912694207,0.19727518017572793,53.69937123123666,272.20540963846827,195.2255106280939,190.7590102721232,106.10372283760829,196.94161571389628,297149.125,89.08626202048501,0.49180850656872876,43786.2472826706,0.14735445471249697,297243.0,50.76734023176994,259.2598084212734,11527585704.417648,3.5042161906853826,92.73585346322574,4.088122756363473,381.7053396931518,64.32338229507089,178.40471981320007,203.22914917543164,-178.55798276518587,560.2633224583377,41.27317429666724,196.93067157515836,-1.2320791827089963,11527585704.417648,0.11456482843695313,6953.445355416469,259.0165735168363,4476.8780189876,-235.67835139902394,32.313850748097586,6.248796933406289,0.6746329590488803,1.762713182431594,2.4652937970946187,3.0879780127174454,0.5010015207243221,0.44122185672263314,0.9897881754014198,0.9355145528513684,-0.1290872218617715,0.7500714909389802,0.41946885063738387,15.890222707051198,0.021967938887653107,6.391998286426473,0.7105950382215906,0.05451794528077606,31.780445414102402,4.232905831235555,9.640661920375972,24988.99978288917,0.10485673572658002,12.195227057028657,250.70124702770096,1.918958775557924,505.4962202365478,0.009602975654512779,0.005735886015801639,4.462244909193416,162502.6435131199,0.680232058096182,0.8014672791673427,0.3515919292518169,0.8509509304584701,209.90890930509372,0.005086628234724708,1904.4771451483562,0.06640204822524863,21.787723077152705,180.78187650360866,147186.45315714236,44177044.359471425,498.798863005915,0.011210229506279975,10308.547365851959,0.3594207791169052,0.6204161766281251,109.09221765445724,0.007448298546362313,6.252226337384894,0.0964900771422708,147079.04563620948,60.54234151749765,3.1491016893602315e-05,319.89481091757534,0.049642749242408316,0.00911092129377888,case_00100
