diagnostics_Versions_PyRadiomics,diagnostics_Versions_Numpy,diagnostics_Versions_SimpleITK,diagnostics_Versions_PyWavelet,diagnostics_Versions_Python,diagnostics_Configuration_Settings,diagnostics_Configuration_EnabledImageTypes,diagnostics_Image-original_Hash,diagnostics_Image-original_Dimensionality,diagnostics_Image-original_Spacing,diagnostics_Image-original_Size,diagnostics_Image-original_Mean,diagnostics_Image-original_Minimum,diagnostics_Image-original_Maximum,diagnostics_Mask-original_Hash,diagnostics_Mask-original_Spacing,diagnostics_Mask-original_Size,diagnostics_Mask-original_BoundingBox,diagnostics_Mask-original_VoxelNum,diagnostics_Mask-original_VolumeNum,diagnostics_Mask-original_CenterOfMassIndex,diagnostics_Mask-original_CenterOfMass,diagnostics_Image-interpolated_Spacing,diagnostics_Image-interpolated_Size,diagnostics_Image-interpolated_Mean,diagnostics_Image-interpolated_Minimum,diagnostics_Image-interpolated_Maximum,diagnostics_Mask-interpolated_Spacing,diagnostics_Mask-interpolated_Size,diagnostics_Mask-interpolated_BoundingBox,diagnostics_Mask-interpolated_VoxelNum,diagnostics_Mask-interpolated_VolumeNum,diagnostics_Mask-interpolated_CenterOfMassIndex,diagnostics_Mask-interpolated_CenterOfMass,diagnostics_Mask-interpolated_Mean,diagnostics_Mask-interpolated_Minimum,diagnostics_Mask-interpolated_Maximum,original_shape_Elongation,original_shape_Flatness,original_shape_LeastAxisLength,original_shape_MajorAxisLength,original_shape_Maximum2DDiameterColumn,original_shape_Maximum2DDiameterRow,original_shape_Maximum2DDiameterSlice,original_shape_Maximum3DDiameter,original_shape_MeshVolume,original_shape_MinorAxisLength,original_shape_Sphericity,original_shape_SurfaceArea,original_shape_SurfaceVolumeRatio,original_shape_VoxelVolume,original_firstorder_10Percentile,original_firstorder_90Percentile,original_firstorder_Energy,original_firstorder_Entropy,original_firstorder_InterquartileRange,original_firstorder_Kurtosis,original_firstorder_Maximum,original_firstorder_MeanAbsoluteDeviation,original_firstorder_Mean,original_firstorder_Median,original_firstorder_Minimum,original_firstorder_Range,original_firstorder_RobustMeanAbsoluteDeviation,original_firstorder_RootMeanSquared,original_firstorder_Skewness,original_firstorder_TotalEnergy,original_firstorder_Uniformity,original_firstorder_Variance,original_glcm_Autocorrelation,original_glcm_ClusterProminence,original_glcm_ClusterShade,original_glcm_ClusterTendency,original_glcm_Contrast,original_glcm_Correlation,original_glcm_DifferenceAverage,original_glcm_DifferenceEntropy,original_glcm_DifferenceVariance,original_glcm_Id,original_glcm_Idm,original_glcm_Idmn,original_glcm_Idn,original_glcm_Imc1,original_glcm_Imc2,original_glcm_InverseVariance,original_glcm_JointAverage,original_glcm_JointEnergy,original_glcm_JointEntropy,original_glcm_MCC,original_glcm_MaximumProbability,original_glcm_SumAverage,original_glcm_SumEntropy,original_glcm_SumSquares,original_glrlm_GrayLevelNonUniformity,original_glrlm_GrayLevelNonUniformityNormalized,original_glrlm_GrayLevelVariance,original_glrlm_HighGrayLevelRunEmphasis,original_glrlm_LongRunEmphasis,original_glrlm_LongRunHighGrayLevelEmphasis,original_glrlm_LongRunLowGrayLevelEmphasis,original_glrlm_LowGrayLevelRunEmphasis,original_glrlm_RunEntropy,original_glrlm_RunLengthNonUniformity,original_glrlm_RunLengthNonUniformityNormalized,original_glrlm_RunPercentage,original_glrlm_RunVariance,original_glrlm_ShortRunEmphasis,original_glrlm_ShortRunHighGrayLevelEmphasis,original_glrlm_ShortRunLowGrayLevelEmphasis,original_glszm_GrayLevelNonUniformity,original_glszm_GrayLevelNonUniformityNormalized,original_glszm_GrayLevelVariance,original_glszm_HighGrayLevelZoneEmphasis,original_glszm_LargeAreaEmphasis,original_glszm_LargeAreaHighGrayLevelEmphasis,original_glszm_LargeAreaLowGrayLevelEmphasis,original_glszm_LowGrayLevelZoneEmphasis,original_glszm_SizeZoneNonUniformity,original_glszm_SizeZoneNonUniformityNormalized,original_glszm_SmallAreaEmphasis,original_glszm_SmallAreaHighGrayLevelEmphasis,original_glszm_SmallAreaLowGrayLevelEmphasis,original_glszm_ZoneEntropy,original_glszm_ZonePercentage,original_glszm_ZoneVariance,original_ngtdm_Busyness,original_ngtdm_Coarseness,original_ngtdm_Complexity,original_ngtdm_Contrast,original_ngtdm_Strength,case_id
3.1.1.dev111+g8ed579383,2.0.2,2.5.5,1.8.0,3.12.13,"{'minimumROIDimensions': 2, 'minimumROISize': 50, 'normalize': False, 'normalizeScale': 1, 'removeOutliers': 3, 'resampledPixelSpacing': [1, 1, 1], 'interpolator': 'sitkBSpline', 'preCrop': False, 'padDistance': 10, 'distances': [1], 'force2D': False, 'force2Ddimension': 0, 'resegmentRange': None, 'label': 1, 'additionalInfo': True, 'binWidth': 25}",{'Original': {}},f10f046abf9e55437ef048161c47c38e8df4ec51,3D,"(0.5, 0.771484375, 0.771484375)","(512, 512, 512)",-566.4730550944805,-1024.0,1424.0,cab0f7d3df12cc88a64edc517782c5001cca23e1,"(0.5, 0.771484375, 0.771484375)","(512, 512, 512)","(44, 297, 129, 215, 105, 263)",1250903,38,"(np.float64(149.3118411259706), np.float64(351.7049691303003), np.float64(257.98951237625937))","(199.03487771215322, 271.33488829388403, -74.6559205629853)","(1.0, 1.0, 1.0)","(130, 103, 225)",39.37203274788314,-1041.5820685101446,1417.838461517599,"(1.0, 1.0, 1.0)","(130, 103, 225)","(12, 11, 11, 106, 81, 202)",372300,16,"(np.float64(63.14121944668278), np.float64(53.22352941176471), np.float64(109.91923448831588))","(199.03349230081588, 271.33778722426473, -74.39121944668278)",115.40706291020159,-145.17857793052212,355.958563559002,0.34691512581350314,0.20508958369464914,55.435696708788825,270.2999133848023,202.35612172603032,202.2992832414391,100.20977996183805,202.68448386593386,372237.875,93.7711284592677,0.5683250172107951,44031.93024758249,0.11828976362919139,372300.0,29.856758359208417,184.17202344160413,6367334322.725553,3.264541107576733,88.43257950399767,3.1021089097019736,355.958563559002,50.06162573530807,115.40706291020159,128.0225050663838,-145.17857793052212,501.13714148952414,36.021864739935445,130.77728249499447,-0.6215815687095665,6367334322.725553,0.12328575885150052,3783.907447216372,129.9151186374713,982.612845309531,-43.69839128782371,18.644922650966222,3.9297916291189328,0.6513874851517293,1.4194077704231949,2.210267228568721,1.8959112785981536,0.5441571725401328,0.49466045083975946,0.9914787920030903,0.9399517985289442,-0.13962348534788563,0.761433650831627,0.45457255318844214,11.235487685875494,0.024452136627157776,5.973340626448233,0.6851183182910222,0.05934051294636633,22.470975371751,4.050590167167967,5.643678570021288,33064.07472197553,0.11644175683493231,6.57282531408505,127.78765711261028,2.1783064285568607,288.64746664765164,0.02119716152969741,0.01091359486454374,4.345659555982076,178622.8760499392,0.6282385932444409,0.7626847662141779,0.45457593178946876,0.8205814517292929,103.5340312590161,0.009311250507357378,1967.773183163433,0.08088511933424174,13.89841574708027,99.21395100295955,276478.91055573826,41194737.73216047,1971.009088613837,0.0228435378839871,8868.688178230845,0.364546538072626,0.6260544001641737,62.19141623968001,0.015350814824889336,5.98287593605174,0.06534515175933386,276244.71790719754,111.58298784696143,2.7972472564795786e-05,188.13875387609153,0.027947065966403797,0.005050215080260195,case_00101
3.1.1.dev111+g8ed579383,2.0.2,2.5.5,1.8.0,3.12.13,"{'minimumROIDimensions': 2, 'minimumROISize': 50, 'normalize': False, 'normalizeScale': 1, 'removeOutliers': 3, 'resampledPixelSpacing': [1, 1, 1], 'interpolator': 'sitkBSpline', 'preCrop': False, 'padDistance': 10, 'distances': [1], 'force2D': False, 'force2Ddimension': 0, 'resegmentRange': None, 'label': 1, 'additionalInfo': True, 'binWidth': 25}",{'Original': {}},b09d52e391793db85d5bb524b9d202fe064ae304,3D,"(1.0, 0.83984375, 0.83984375)","(316, 512, 512)",-559.1977567914166,-1024.0,3070.0,de52517d96d324f63c1d772c8db3b776391e72d3,"(1.0, 0.83984375, 0.83984375)","(316, 512, 512)","(92, 224, 126, 162, 143, 300)",511217,312,"(np.float64(188.7154711208743), np.float64(300.82058499619535), np.float64(248.83194416461112))","(208.9799531069976, 252.64228818039845, -188.7154711208743)","(1.0, 1.0, 1.0)","(184, 142, 274)",35.735306515340326,-1049.8887280343038,1733.312627587459,"(1.0, 1.0, 1.0)","(184, 142, 274)","(11, 11, 11, 162, 120, 252)",360554,303,"(np.float64(107.71238982232897), np.float64(75.58235936919296), np.float64(113.88546791881383))","(208.96554604381384, 252.66243749419294, -188.712389822329)",139.49985991575403,-174.47336377865213,1464.6211327716671,0.39529177492944545,0.19193210690481288,58.0501783177321,302.45162861949717,247.63077353188558,254.01181074902797,179.47144619688115,254.21644321325874,354769.0833333333,119.5566411073025,0.2890693201863149,83838.97638920553,0.23631984952429538,360554.0,18.460684647762243,243.5251284381169,9828221131.798765,3.74050467828362,142.0081429720056,3.060547559166271,1464.6211327716671,75.61686624924896,139.49985991575403,151.99780936372167,-174.47336377865213,1639.0944965503193,58.502865545822615,165.10198725775805,-0.31516787680462305,9828221131.798765,0.08480501967388168,7798.455279945884,187.19937114648607,3936.749920272753,-101.90909045013639,40.4055922881648,5.6284696985351195,0.754844904214014,1.6492606887334729,2.3938960158297453,2.8531104081467644,0.5189376562293423,0.46360065891000424,0.9987190261529653,0.9762100031421869,-0.1872159545754101,0.8549207714828302,0.4304495515068004,13.360519038100309,0.015207673002976145,6.666382406912712,0.8945106518491356,0.040213908561151736,26.72103807620062,4.551924196277651,11.508515496674981,23067.451083452215,0.08095699027444483,12.987284041736554,180.6534616089226,1.9993936276305997,376.22194925491243,0.015452515980404091,0.00860425561990326,4.705394719144988,190256.57469168367,0.6657772671425497,0.7901948753222071,0.386027984221965,0.8426140967209947,150.1663957776313,0.007496044234963858,2051.5791342803536,0.06873422454705018,19.004306353836657,140.35245242562317,108811.9567140177,26164861.52194452,496.8095189935803,0.015459155162882831,10359.511927097294,0.3470755805111663,0.609583320862287,84.61326238589402,0.009968960576616729,6.359670400401496,0.08278371617011598,108666.03827874416,31.798225044487648,3.5639917146986194e-05,1507.9842159475286,0.014832465172189065,0.11396043864366612,case_00102
3.1.1.dev111+g8ed579383,2.0.2,2.5.5,1.8.0,3.12.13,"{'minimumROIDimensions': 2, 'minimumROISize': 50, 'normalize': False, 'normalizeScale': 1, 'removeOutliers': 3, 'resampledPixelSpacing': [1, 1, 1], 'interpolator': 'sitkBSpline', 'preCrop': False, 'padDistance': 10, 'distances': [1], 'force2D': False, 'force2Ddimension': 0, 'resegmentRange': None, 'label': 1, 'additionalInfo': True, 'binWidth': 25}",{'Original': {}},c7c265f997af02966e7d11099bbaf884419c3d9d,3D,"(0.5, 0.828125, 0.828125)","(665, 512, 512)",-622.3623518176545,-1024.0,3071.0,1cfc8870002c71dbb27e80cc85101f71e8ed230f,"(0.5, 0.828125, 0.828125)","(665, 512, 512)","(142, 227, 130, 262, 88, 254)",830790,20,"(np.float64(272.47170404073233), np.float64(275.3284909543928), np.float64(251.2433960447285))","(208.0609373495408, 228.00640657160653, -136.23585202036617)","(1.0, 1.0, 1.0)","(153, 95, 232)",51.45079072562292,-1042.6891308208108,1641.9122789722696,"(1.0, 1.0, 1.0)","(153, 95, 232)","(11, 11, 11, 131, 73, 210)",284901,16,"(np.float64(75.73803531753136), np.float64(50.90215899558092), np.float64(110.90980375639258))","(207.9957412563926, 227.98809649558092, -135.98803531753134)",115.57984835655685,-157.8376480890179,548.2599501926435,0.3271174178569553,0.15552165873210383,47.31596112250383,304.24033223570905,210.23796041628637,210.28789789238942,102.90286682109493,210.77476129745705,285075.125,99.52231188888736,0.4699466502198823,44573.33353234808,0.15635644650633085,284901.0,16.812510469884838,200.94116105441654,5312341178.223412,3.5211397731598564,111.4799052629734,2.725948936041255,548.2599501926435,60.73352127196818,115.57984835655685,126.12991823216359,-157.8376480890179,706.0975982816614,45.3825169313279,136.5513483398265,-0.34982373124367916,5312341178.223412,0.09945747863017979,5287.569387299963,155.97379904018914,1833.6363908530932,-49.536767392649885,26.931760575538565,5.125743435714535,0.6799062538055592,1.5974424502253013,2.3637882979377975,2.538194702779075,0.523935929475307,0.46937451908969624,0.9941176995536984,0.9501793620577634,-0.15049617825320338,0.7956738489590188,0.4322512635606782,12.268745059619881,0.017284734688673288,6.428963445533991,0.7090227724376637,0.040856951974866274,24.53749011923977,4.334729638870206,8.014376002813274,21302.08272485785,0.09587851719344412,8.933781709027446,153.89098124576518,2.056573027128227,324.55133842312256,0.017245226417717138,0.009085053928390962,4.525730052828047,144769.5110591698,0.6502648458587192,0.7798139326670289,0.40467831324299464,0.8337301754584364,127.1151566752526,0.00778269278980405,1499.9228973099187,0.07296409482463,17.336324180068814,129.64868414651943,132417.29352531984,24912765.43975288,755.7350632981364,0.015718923329755167,7130.974023447001,0.3468878738846622,0.6095751138362763,79.3179383082322,0.010104289161028353,6.280976973674069,0.07215488889122888,132225.21957190262,48.0363753910119,4.11741039552125e-05,422.00138267659935,0.021677372929505372,0.017159759051160156,case_00103
3.1.1.dev111+g8ed579383,2.0.2,2.5.5,1.8.0,3.12.13,"{'minimumROIDimensions': 2, 'minimumROISize': 50, 'normalize': False, 'normalizeScale': 1, 'removeOutliers': 3, 'resampledPixelSpacing': [1, 1, 1], 'interpolator': 'sitkBSpline', 'preCrop': False, 'padDistance': 10, 'distances': [1], 'force2D': False, 'force2Ddimension': 0, 'resegmentRange': None, 'label': 1, 'additionalInfo': True, 'binWidth': 25}",{'Original': {}},7ef3a0647a4a288f2c14c88babbe613bc78a4144,3D,"(5.0, 0.78125, 0.78125)","(114, 512, 512)",-410.6574022058855,-1024.0,3071.0,1f3ba022ff5392c9fb5e0199b2bbc11449bec103,"(5.0, 0.78125, 0.78125)","(114, 512, 512)","(28, 235, 107, 21, 162, 291)",119206,31,"(np.float64(38.2953374830126), np.float64(323.39336107242923), np.float64(256.2626377866886))","(200.20518577085045, 252.65106333783532, -191.476687415063)","(1.0, 1.0, 1.0)","(127, 148, 249)",-11.79443071865531,-221.06832889316757,1485.4283437737101,"(1.0, 1.0, 1.0)","(127, 148, 249)","(13, 11, 11, 105, 126, 227)",364060,25,"(np.float64(66.48752952809977), np.float64(79.54092731967258), np.float64(127.09964016920289))","(200.20901516920287, 252.65030231967256, -191.48752952809977)",90.30748944455863,-142.99382652654285,235.80178023930245,0.33099957887163184,0.17893251072987382,56.37274115562711,315.0502998347262,220.44500447957535,226.36695871968595,117.61802582937702,246.61305723744638,364119.0416666667,104.28151656867573,0.4195382188793375,58777.10457022053,0.1614227706993366,364060.0,9.073046742089558,151.42328118964085,4070370332.6851735,3.086674231723384,70.56133694124888,3.2842497991432853,235.80178023930245,43.636092195605656,90.30748944455863,100.72013766027027,-142.99382652654285,378.79560676584526,29.99053483356392,105.73785102968421,-0.8003524854075004,4070370332.6851735,0.14004002042147626,3025.050490596624,109.13937472216958,722.9620183814561,-45.767885990157,14.563610067065168,2.4782988233004155,0.7067726504285441,1.1460359909687436,1.9277385557650901,1.116763682007666,0.5879386406061242,0.5481719786003377,0.990696415936416,0.9366178363704379,-0.1786134113754899,0.782345845302623,0.47377000216182924,10.301263007278369,0.03467000918269069,5.459395230194324,0.7241023961801732,0.07349210555440534,20.602526014556737,3.853493173277462,4.260477222591396,34070.502206516896,0.1293749263427294,5.42632382172441,104.0623107860014,2.893675960149962,324.30629004264614,0.03246732706680508,0.013419532850395072,4.320124169075497,156051.0219692017,0.5855579124764895,0.7217973368717749,0.8403423084027395,0.7910443482399946,80.44725649892376,0.011175720570420745,1066.6077070587162,0.09739820172209991,12.118608105451367,69.61574285453383,761620.4291845494,90779882.9205552,6735.588973187831,0.03429948652433651,2053.5962925760205,0.1875259147635851,0.42108731409905187,24.670736389022338,0.017612230206547605,6.690042769085197,0.030080206559358346,760515.2355584416,162.13980147312924,2.9851117076175722e-05,87.88089736670825,0.03170398843016051,0.0032723532941255646,case_00104
3.1.1.dev111+g8ed579383,2.0.2,2.5.5,1.8.0,3.12.13,"{'minimumROIDimensions': 2, 'minimumROISize': 50, 'normalize': False, 'normalizeScale': 1, 'removeOutliers': 3, 'resampledPixelSpacing': [1, 1, 1], 'interpolator': 'sitkBSpline', 'preCrop': False, 'padDistance': 10, 'distances': [1], 'force2D': False, 'force2Ddimension': 0, 'resegmentRange': None, 'label': 1, 'additionalInfo': True, 'binWidth': 25}",{'Original': {}},a8bb0a9c71c049dbc03e16a66d038c9c47407e8d,3D,"(3.0, 0.892578125, 0.892578125)","(153, 512, 512)",-646.5913301605025,-1024.0,1405.0,c6a9c6cc1747b377c050f9ecd81a390e2d07bc5b,"(3.0, 0.892578125, 0.892578125)","(153, 512, 512)","(31, 263, 143, 42, 98, 203)",128552,41,"(np.float64(54.37216846101189), np.float64(308.0847128010455), np.float64(240.5825035783185))","(214.73867995174132, 274.9896752931207, -163.11650538303567)","(1.0, 1.0, 1.0)","(148, 109, 203)",51.26702958832309,-939.8589432790734,1232.605388002373,"(1.0, 1.0, 1.0)","(148, 109, 203)","(12, 11, 11, 126, 87, 181)",307848,35,"(np.float64(83.12628634910735), np.float64(50.911319872144695), np.float64(97.61816870663445))","(214.67187964413444, 274.96503080964465, -163.12628634910735)",129.55861415796096,-123.37743563753536,269.3970305857431,0.40894536450514046,0.20430063322428818,51.02122824983513,249.73602599568204,182.10161998181127,181.62048342629197,132.00378782444085,185.57208841849035,307241.7083333333,102.12839018086942,0.4165938073806807,52855.651304407285,0.17203279981461053,307848.0,24.019148362121452,202.0154303732059,6605891458.876978,3.2970800403023115,86.12383844939232,3.381690929936647,269.3970305857431,54.12799678790642,129.55861415796096,142.8251153309715,-123.37743563753536,392.77446622327847,37.61334779123691,146.4864817890737,-0.9568852907624312,6605891458.876978,0.12220679686011315,4672.854844409219,124.1377305459646,1838.6510598858292,-101.95568452499187,22.936957356676974,3.1109091897640977,0.7591603974493045,1.1273108232018452,2.02044700449144,1.7989306365992768,0.6256463406771258,0.5925235557944273,0.9887741645735487,0.9393046102009078,-0.23296372979138993,0.8669098225182365,0.4350556503735354,10.916914874916035,0.03497411208360937,5.663250338128213,0.7706425248169583,0.10164768791531104,21.833829749832073,4.108260028868484,6.511966636610268,22024.356656014606,0.10856765718752938,8.53162505981948,114.353449717706,3.627035973212006,476.9279727344657,0.040450145792047164,0.01630274585254806,4.751345347038545,109062.4104635579,0.533850254995277,0.6582839083423786,1.2421408880784173,0.7580763073271333,82.22849278322363,0.013817940672598204,1351.1122508983992,0.08827914086235865,10.161071545246653,64.92107154524665,325786.6978111728,47489649.592094086,2379.2036713529747,0.04271993665875525,4042.519372754002,0.2641306352665143,0.5225203104251513,32.26315902620018,0.02419874447112409,6.3551938374177555,0.049716093656609756,325382.116325325,105.45480478042384,4.594063426019822e-05,78.1190727537865,0.04583970297934982,0.00479710874561811,case_00105
3.1.1.dev111+g8ed579383,2.0.2,2.5.5,1.8.0,3.12.13,"{'minimumROIDimensions': 2, 'minimumROISize': 50, 'normalize': False, 'normalizeScale': 1, 'removeOutliers': 3, 'resampledPixelSpacing': [1, 1, 1], 'interpolator': 'sitkBSpline', 'preCrop': False, 'padDistance': 10, 'distances': [1], 'force2D': False, 'force2Ddimension': 0, 'resegmentRange': None, 'label': 1, 'additionalInfo': True, 'binWidth': 25}",{'Original': {}},caeb92c2702961866d25d39c5f5849c734821749,3D,"(5.0, 0.806640625, 0.806640625)","(102, 512, 512)",-547.8072179532519,-1024.0,1335.0,4179cf3ad79581c20ae677622d4015c588fb9370,"(5.0, 0.806640625, 0.806640625)","(102, 512, 512)","(23, 265, 123, 24, 97, 284)",163882,10,"(np.float64(34.08096069122905), np.float64(316.89029911765783), np.float64(266.4963022174491))","(214.96674378087204, 255.61658893670446, -170.40480345614526)","(1.0, 1.0, 1.0)","(142, 100, 251)",70.71573521254794,-929.2005861945055,1347.701234132476,"(1.0, 1.0, 1.0)","(142, 100, 251)","(13, 11, 11, 120, 78, 229)",532885,8,"(np.float64(70.39619242425664), np.float64(52.52231719789448), np.float64(126.87745010649577))","(214.97412979399576, 255.6189968853945, -170.39619242425664)",94.7574225821223,-118.92580234265321,191.25023257043097,0.3592802840057947,0.19709783953328877,60.866810984724545,308.8152114140473,230.25420734483876,230.52114870440846,121.75795661885921,231.6484405300411,532956.0,110.95121686214846,0.43704448124829576,72736.55387654454,0.13647759641798674,532885.0,26.518658850282243,136.0290581162636,5851907796.852734,2.5770404200527746,45.66483871262031,4.83813222664317,191.25023257043097,33.59185531963382,94.7574225821223,108.3842606029411,-118.92580234265321,310.1760349130842,20.740885151604964,104.79293149686178,-1.4606572640617763,5851907796.852734,0.21629604143139622,2002.5893572990658,91.20021361251875,481.5599903128532,-44.834793485415716,9.627991459846154,1.3550292780152802,0.7502461467843631,0.7697417923992481,1.582381803254326,0.7390399215294239,0.6871698771342937,0.6687051545769336,0.99233976298065,0.9475792583123639,-0.22998297549687502,0.8035934043768839,0.4641280291946292,9.440906964673687,0.08474770837810477,4.377550531266371,0.7741320902626291,0.1746971999240883,18.881813929347373,3.3020520754107805,2.745755184465357,56454.27502868312,0.17792959575377512,4.074860906607771,84.34946016364104,5.60097494865188,538.5153999628291,0.06862907339198526,0.0168384569007874,4.372866754807458,147123.8164221164,0.45664154475406493,0.5907445754279499,2.2874947157239216,0.6973730459141187,55.891070980749184,0.013001670286982708,988.1528536557015,0.11486142667159148,10.183986704031796,57.36394281064745,3399372.7101011276,345290268.9924445,34391.865116323555,0.047067287242931743,1212.5761943508078,0.1409480639719642,0.3392177472947014,16.117598250082956,0.02058166451030255,6.758665315479959,0.016144196214943188,3395535.927911661,320.47768187341785,1.8402156938389047e-05,45.72102656414075,0.023511580273065224,0.001970639477181211,case_00106
3.1.1.dev111+g8ed579383,2.0.2,2.5.5,1.8.0,3.12.13,"{'minimumROIDimensions': 2, 'minimumROISize': 50, 'normalize': False, 'normalizeScale': 1, 'removeOutliers': 3, 'resampledPixelSpacing': [1, 1, 1], 'interpolator': 'sitkBSpline', 'preCrop': False, 'padDistance': 10, 'distances': [1], 'force2D': False, 'force2Ddimension': 0, 'resegmentRange': None, 'label': 1, 'additionalInfo': True, 'binWidth': 25}",{'Original': {}},9a2a61deffb868afa7be97e0770ccff44597e4c0,3D,"(5.0, 0.7167969942092896, 0.7167969942092896)","(84, 512, 512)",-692.200635001773,-2048.0,1336.0,07845ec008c357ea5de92774b2f2d5cf77dc4fb1,"(5.0, 0.7167969942092896, 0.7167969942092896)","(84, 512, 512)","(18, 216, 107, 27, 162, 314)",149765,67,"(np.float64(31.012245851834543), np.float64(300.43880746502856), np.float64(235.61484993155943))","(168.88801622201464, 215.35363413475594, -155.0612292591727)","(1.0, 1.0, 1.0)","(157, 138, 247)",45.93893998241268,-1021.562589163414,1159.882888566642,"(1.0, 1.0, 1.0)","(157, 138, 247)","(13, 11, 11, 135, 116, 225)",385315,66,"(np.float64(80.05501991876775), np.float64(71.20113413700479), np.float64(102.85362625384425))","(168.9952277567396, 215.34273563990013, -155.05501991876775)",108.83300063655062,-100.71431672768874,202.93041460827834,0.4242663551629178,0.24368315828534967,69.47740755762163,285.1137027543961,224.8777445635739,225.57482128996577,151.81897114655993,228.58477639597962,383832.5,120.96415147461117,0.30088883146923673,84886.61582717535,0.22115536289182222,385315.0,36.46762642292814,155.31511248793848,5452872501.822276,2.730682044101906,57.625097536057126,4.07003231595181,202.93041460827834,37.67545645620976,108.83300063655062,124.06494424783268,-100.71431672768874,303.6447313359671,25.108325974592216,118.96102939285862,-1.2270589728311339,5452872501.822276,0.19202589295257294,2307.1044866531383,103.34212643050452,579.1961391882845,-50.4666498311071,11.432614528048957,1.3567606165297084,0.7853850962593438,0.7728393224566985,1.5754397867238636,0.7302925453725637,0.6854926836384063,0.6667669103669517,0.9933517901860137,0.9507208661100462,-0.25829177935597813,0.841558620425253,0.46576067274231214,10.040977322585576,0.07562350444189186,4.560909789763733,0.8074183059331136,0.19109800990518824,20.081954645171155,3.454598858775825,3.197343786144666,37105.78085867704,0.15824795487003382,4.449662244231205,95.68109129419312,5.592972026966502,606.5867241112047,0.06084038382021949,0.014245380665326653,4.4519120402925,113105.79383234943,0.4710931708688,0.6045882539660359,2.2979929052316357,0.7063872681469012,64.8575221976038,0.010885722503043758,856.289661207651,0.10704958884956256,7.515066993075346,60.75634454306788,1796952.9432429054,212666464.29816228,15508.434426409662,0.03166744471918018,1143.563070383798,0.14296325420475034,0.3426423613013467,18.559272175155854,0.01262855914959427,6.89595978805855,0.02075963821808131,1794632.556163251,180.64062068891758,2.9017045471305076e-05,53.70015167952803,0.023469498734523506,0.003283038319256537,case_00107
3.1.1.dev111+g8ed579383,2.0.2,2.5.5,1.8.0,3.12.13,"{'minimumROIDimensions': 2, 'minimumROISize': 50, 'normalize': False, 'normalizeScale': 1, 'removeOutliers': 3, 'resampledPixelSpacing': [1, 1, 1], 'interpolator': 'sitkBSpline', 'preCrop': False, 'padDistance': 10, 'distances': [1], 'force2D': False, 'force2Ddimension': 0, 'resegmentRange': None, 'label': 1, 'additionalInfo': True, 'binWidth': 25}",{'Original': {}},d4c15c1b3d7a6d3e355d725a53e70281c1ba16b6,3D,"(5.0, 0.865234375, 0.865234375)","(51, 512, 512)",-518.6743089264514,-1024.0,3071.0,18d777e6fb36534c6a3cb56477ed2138429e37b7,"(5.0, 0.865234375, 0.865234375)","(51, 512, 512)","(19, 247, 123, 26, 141, 282)",121494,45,"(np.float64(30.289347622104795), np.float64(340.9501950713616), np.float64(253.76487727789026))","(219.5660949884871, 295.0018289386976, -151.44673811052397)","(1.0, 1.0, 1.0)","(152, 144, 266)",-1.2852282925727039,-1086.5761108247452,1233.7278959661924,"(1.0, 1.0, 1.0)","(152, 144, 266)","(13, 11, 11, 130, 122, 235)",454955,39,"(np.float64(71.45113252959084), np.float64(91.95109406424811), np.float64(124.54347133232957))","(219.61085414482957, 295.0184768767481, -151.45113252959084)",69.86897889181637,-127.49810811132787,177.10579907580438,0.3502468672213666,0.17508874335328248,55.90246622323158,319.28075530495573,232.24340679554285,235.32530675641326,136.88316185711082,245.03265088555034,454750.4166666667,111.82708430963247,0.4009399129132089,71326.93624721067,0.15684853412568397,454955.0,8.23539134655289,111.44584010495974,2985950598.890751,2.5893265474590645,45.79196451700861,4.141074280802947,177.10579907580438,31.39827086730169,69.86897889181637,80.03684633156642,-127.49810811132787,304.6039071871322,20.208282547789963,81.01344267636642,-1.155599397807744,2985950598.890751,0.20913326612125493,1681.5036828918253,90.80067811194658,273.72987561987634,-26.664957328876028,7.817233441057791,1.4779599701368367,0.6786457605473346,0.8547457383643258,1.6432478946238513,0.71935743527047,0.6559495007282403,0.6319835638637427,0.9926950778276005,0.9454717243291066,-0.18026985187423433,0.7383557520099923,0.4828375632607949,9.445348725661308,0.07259069186856221,4.519437405537538,0.7155599697659754,0.16724977631012355,18.890697451322616,3.2922848054371032,2.3237983527986565,51967.870542639124,0.17743327136540607,3.3103863002854763,85.66547601843331,4.412125801016033,415.2178774733886,0.05303648730297848,0.014752422188900853,4.170297030736053,149207.59542751245,0.5013348240481669,0.6400583996895719,1.6358454998483116,0.7309791834463628,60.65073412200688,0.01147931469347874,1119.893321380547,0.12549230405429704,9.33816196725534,60.5158000896459,2298325.369677275,226141277.60802332,24026.43444338171,0.03442241447790343,1352.0201703272076,0.15150382903711423,0.36005842411777994,17.13118045150168,0.01618105774129175,6.577011257915718,0.019615126770779527,2295726.300963641,258.7597920159715,2.0930511956773522e-05,56.928238061491975,0.018715790185250523,0.0022309563403791416,case_00108
3.1.1.dev111+g8ed579383,2.0.2,2.5.5,1.8.0,3.12.13,"{'minimumROIDimensions': 2, 'minimumROISize': 50, 'normalize': False, 'normalizeScale': 1, 'removeOutliers': 3, 'resampledPixelSpacing': [1, 1, 1], 'interpolator': 'sitkBSpline', 'preCrop': False, 'padDistance': 10, 'distances': [1], 'force2D': False, 'force2Ddimension': 0, 'resegmentRange': None, 'label': 1, 'additionalInfo': True, 'binWidth': 25}",{'Original': {}},7afee83dc008eab6af4752f0024647a6c90e98ac,3D,"(2.5, 0.5859379768371582, 0.5859379768371582)","(76, 512, 512)",-607.5082523446334,-2048.0,1587.0,7d0f2f0605be364836c09bce3e7966959a46c0bb,"(2.5, 0.5859379768371582, 0.5859379768371582)","(76, 512, 512)","(9, 196, 57, 58, 151, 360)",249632,110,"(np.float64(37.51761793359826), np.float64(287.2206047301628), np.float64(255.97143795667222))","(149.9833864844307, 168.2934600415367, -93.79404483399566)","(1.0, 1.0, 1.0)","(167, 111, 233)",15.352734089153525,-1059.3161639965797,1521.9506363571181,"(1.0, 1.0, 1.0)","(167, 111, 233)","(11, 11, 10, 143, 88, 211)",214888,69,"(np.float64(83.35638099847363), np.float64(64.0690080413983), np.float64(126.49030657831057))","(149.697337589892, 168.2760390529797, -93.60638099847363)",86.98244056904566,-153.62445798052974,1383.5666214367095,0.3085779876865657,0.17266029840178657,51.06620664511221,295.76113975130147,197.99494943053472,206.42189806316577,99.56907150315303,220.11133546457802,214857.45833333334,91.26537734034173,0.37052438647375563,46820.3098646122,0.21791335626792352,214888.0,3.5648701651543138,157.31728825174778,2788992464.868253,3.3496067439688573,85.96319235508756,39.92734862063528,1383.5666214367095,51.37829482811204,86.98244056904566,88.68034942572407,-153.62445798052974,1537.1910794172393,35.42038728842903,113.92461997017952,3.225620326517739,2788992464.868253,0.1161099028759304,5412.874068002264,130.9304769503425,40087.25141132578,601.8383668571701,28.6559310386602,4.731315692716465,0.7162332919014346,1.4304578372761383,2.204005876335839,2.622196739775639,0.5505382506707993,0.5020117432594949,0.9988403508778286,0.9783695217244804,-0.16084793868887456,0.7843410257588688,0.44847794371958927,11.178013979733262,0.023211663957938986,6.035556023332881,0.8000150476858099,0.04843467064550841,22.35602795946651,4.14065622508852,8.346811682844182,18154.45904916695,0.1110947761588757,9.953921087378209,128.64252824190183,2.3021489956913963,300.2046027663864,0.022272562090821287,0.01065892052352003,4.433075908740817,104179.67562355845,0.6331339927604821,0.7603238037417703,0.5337993249839974,0.8224046954982389,105.3803270165923,0.009038248926610613,1081.771651205937,0.08027989990396564,42.89261487603304,148.66716141001856,159089.43361781075,21480236.265009277,1267.8769374072153,0.01802421750941267,3830.9792207792207,0.28430272510420934,0.5468655628911859,90.02243780575503,0.010639878744574486,6.646558907762448,0.06270708462082573,158835.12166077356,16.50040385106911,5.116283878339354e-05,2580.0496422489705,0.0043636427681276735,0.4596045609070638,case_00109
3.1.1.dev111+g8ed579383,2.0.2,2.5.5,1.8.0,3.12.13,"{'minimumROIDimensions': 2, 'minimumROISize': 50, 'normalize': False, 'normalizeScale': 1, 'removeOutliers': 3, 'resampledPixelSpacing': [1, 1, 1], 'interpolator': 'sitkBSpline', 'preCrop': False, 'padDistance': 10, 'distances': [1], 'force2D': False, 'force2Ddimension': 0, 'resegmentRange': None, 'label': 1, 'additionalInfo': True, 'binWidth': 25}",{'Original': {}},055e43898e33239905b61142287a32de9fef6109,3D,"(5.0, 0.830078125, 0.830078125)","(34, 512, 512)",-414.52025200338926,-1024.0,1424.0,406474015c3a195edf69777086cdc62f734e6f79,"(5.0, 0.830078125, 0.830078125)","(34, 512, 512)","(3, 215, 118, 25, 107, 292)",106052,13,"(np.float64(14.78004186625429), np.float64(274.6455512390148), np.float64(260.3448214083657))","(216.10654120811606, 227.97726421207284, -73.90020933127145)","(1.0, 1.0, 1.0)","(147, 110, 264)",-2.806639189814355,-950.7362562612242,1459.2507327086125,"(1.0, 1.0, 1.0)","(147, 110, 264)","(13, 10, 11, 125, 89, 242)",364780,11,"(np.float64(73.87925598991173), np.float64(59.9019134820988), np.float64(129.05027687921486))","(216.1352378167149, 227.98687441959876, -73.87925598991173)",78.64368198631153,-136.6095552146218,215.55699624706853,0.32961015443547326,0.17689769001545302,57.9228523198886,327.4370191879199,224.28776159211185,238.549785160247,119.23086848631104,255.068618218706,364550.7916666667,107.92656646242129,0.35778842135213373,68975.76719186245,0.18920756385280776,364780.0,7.475989707552618,141.43498448504926,3243823132.3554487,3.0596825442933087,74.13754102219909,2.8647216620620846,215.55699624706853,42.34212121261879,78.64368198631153,83.80723411982451,-136.6095552146218,352.16655146169035,30.476934895505348,94.3002998672953,-0.5223502067656154,3243823132.3554487,0.1364805972772514,2707.7178386977084,99.40932883142591,526.0493673566259,-23.938741804537624,13.666933488035921,1.9878675884618209,0.7442231922981388,0.9976815097651651,1.8022325600366733,0.9555795640078546,0.6229069836353086,0.5917813757751029,0.991513117741263,0.941017661621474,-0.21786455375193148,0.8320636249558585,0.4817964606953795,9.822820068796522,0.03594507450895338,5.310058416708466,0.7542239827644992,0.06797492408773073,19.64564013759304,3.864815576780847,3.913700269124435,32188.558921637912,0.12902109773547335,4.823813412192553,94.56325668290302,3.2608924694616657,330.44417735060574,0.039551160459170474,0.014178793485072293,4.414308073443635,136933.4169091028,0.5411904757883077,0.6838446355442902,0.9929892475653335,0.7608883571861061,70.04487092471965,0.011378692957321239,949.3873689010488,0.1082292942203658,9.493409210045062,60.352485180118556,901225.213634291,95833743.88007297,9079.18011364174,0.03406822741212403,1589.0661194710442,0.18115208840299182,0.4140417874782837,21.53045089813794,0.016684868294685053,6.6783632469955245,0.024047371018147926,899495.9357314417,159.8438084683275,3.599033241104277e-05,64.531842273459,0.027278934613596123,0.0032701521582859257,case_00110
3.1.1.dev111+g8ed579383,2.0.2,2.5.5,1.8.0,3.12.13,"{'minimumROIDimensions': 2, 'minimumROISize': 50, 'normalize': False, 'normalizeScale': 1, 'removeOutliers': 3, 'resampledPixelSpacing': [1, 1, 1], 'interpolator': 'sitkBSpline', 'preCrop': False, 'padDistance': 10, 'distances': [1], 'force2D': False, 'force2Ddimension': 0, 'resegmentRange': None, 'label': 1, 'additionalInfo': True, 'binWidth': 25}",{'Original': {}},86443070d8a9ba789e434220f6c87ca99569def0,3D,"(2.5, 0.7421879768371582, 0.7421879768371582)","(186, 512, 512)",-586.3314566458425,-2048.0,1497.0,69383d0800ad827248e199a8df9edf613e63cbd5,"(2.5, 0.7421879768371582, 0.7421879768371582)","(186, 512, 512)","(36, 235, 126, 55, 120, 277)",313538,5,"(np.float64(62.234446861305486), np.float64(293.8733678214443), np.float64(271.40650575049915))","(201.4346454034055, 218.10928030971976, -155.58611715326373)","(1.0, 1.0, 1.0)","(160, 111, 227)",28.29711507583134,-1042.2569119051595,1379.3303869611777,"(1.0, 1.0, 1.0)","(160, 111, 227)","(12, 10, 11, 137, 89, 205)",431903,7,"(np.float64(78.06395185956106), np.float64(53.999275300241024), np.float64(118.2489679395605))","(201.3778739511419, 218.12818131182246, -155.31395185956106)",133.97477362361155,-147.50092560969196,708.2575447218491,0.3983964183880515,0.1892290872299768,53.460007805197996,282.5147475357536,208.08652046684813,205.6647757881743,127.47548783981962,215.52494055213194,431754.875,112.55286356004883,0.396198955111445,69726.14134278969,0.16149474014112683,431903.0,21.874544803229973,230.94460987272188,10689345409.199997,3.605898075104507,136.73648682135098,2.265412349552643,708.2575447218491,71.20093297400169,133.97477362361155,145.76634318145727,-147.50092560969196,855.758470331541,55.74029935649916,157.3194592972821,-0.4102764138261865,10689345409.199997,0.09303277474730284,6800.172306091243,153.7090179632507,2757.0960834890666,-82.56923070886849,35.9191051796269,4.425387791048146,0.7797881919456805,1.4740888372657959,2.259844064467366,2.1886459008058283,0.5433590989590897,0.49326900202397383,0.996463240769027,0.9611009603054282,-0.2061632821424566,0.8632214329256868,0.441890651771378,12.076168584857953,0.019042458225312163,6.354599712674861,0.8031983368364755,0.056350539862526056,24.152337169715906,4.417504440771678,10.086123242668757,28745.90861025066,0.08744940272957748,11.28049390654834,147.88695999164685,2.296556327374755,361.1780873609839,0.02190898604931872,0.01105449865551483,4.672316175734706,209833.42656116266,0.6348466732096335,0.7608832752510847,0.5362842765223644,0.8237900895458181,119.3906268718497,0.00952336009136253,2069.437825332562,0.07480616777517937,15.63054969453319,104.41266628108734,234070.9511639676,43572643.242264315,1475.7917714408927,0.023512626715549986,7850.934933487565,0.28379608637534576,0.5450048332241105,53.95390209589135,0.014332632411895502,6.494236220949029,0.06405141895286673,233827.2023621836,52.921420659987724,3.096281096501136e-05,592.1554676191796,0.018278815166917272,0.024046591379165868,case_00111
3.1.1.dev111+g8ed579383,2.0.2,2.5.5,1.8.0,3.12.13,"{'minimumROIDimensions': 2, 'minimumROISize': 50, 'normalize': False, 'normalizeScale': 1, 'removeOutliers': 3, 'resampledPixelSpacing': [1, 1, 1], 'interpolator': 'sitkBSpline', 'preCrop': False, 'padDistance': 10, 'distances': [1], 'force2D': False, 'force2Ddimension': 0, 'resegmentRange': None, 'label': 1, 'additionalInfo': True, 'binWidth': 25}",{'Original': {}},df72501e8c16be48b087c8fa24b76f68a4026f4f,3D,"(2.0, 0.7421875, 0.7421875)","(113, 512, 512)",-490.1807901163017,-1024.0,1509.0,68d45231ffe05e90d715462a5b2bf885704527e7,"(2.0, 0.7421875, 0.7421875)","(113, 512, 512)","(43, 259, 85, 63, 127, 331)",377154,88,"(np.float64(71.97022701601998), np.float64(322.57750680093545), np.float64(268.16710680517775))","(199.03027458196786, 239.41299332881928, -143.94045403203995)","(1.0, 1.0, 1.0)","(147, 117, 268)",25.28484107968262,-1054.0004550346582,1571.016713233275,"(1.0, 1.0, 1.0)","(147, 117, 268)","(11, 11, 11, 126, 94, 246)",415520,67,"(np.float64(69.44742010011552), np.float64(58.284058529072006), np.float64(146.9078167115903))","(199.0367229615903, 239.412964779072, -143.94742010011552)",95.44297581654418,-132.9851155459224,543.6720786487355,0.3754098336337707,0.15644918959527396,49.05167117079716,313.5310019674203,244.59149617270018,246.22144504490262,142.80056022299073,247.56615277537438,414919.5833333333,117.70262128761868,0.3612228971417467,74476.30841266748,0.1794957659369757,415520.0,16.278969806566923,145.4862302831026,4849164982.303895,2.845363607124963,54.16446622075249,4.188379756774663,543.6720786487355,38.62895487146158,95.44297581654418,108.80602299323314,-132.9851155459224,676.6571941946579,24.626905157258896,108.0282930812349,-1.1239618492549657,4849164982.303895,0.17886471694091355,2560.7504733277483,112.32390146202604,645.3154996608703,-50.622167941066294,11.888669684438401,2.5250620762849536,0.6478795390921568,1.1435290516287917,1.954157685539665,1.1908404981609002,0.590346025849197,0.551732692246076,0.9968278137536404,0.9620730457337803,-0.1371587885617491,0.7080801229489578,0.4767155451417446,10.48723563530673,0.0500535163240056,5.1243802775022935,0.6947489636861877,0.11267043499909393,20.97447127061347,3.5395310195739427,3.6034329401808387,46774.35691002339,0.15594706149129914,4.7577842929306735,107.48458905619563,2.648406005590755,305.0223986411439,0.027833948656926625,0.012419006246663429,4.117430458357832,176495.60179380752,0.5852318663105451,0.7209557625662746,0.6849410407156348,0.7921015040785556,83.13242437174353,0.010368377512842551,2146.6508519250683,0.10103788251553555,10.9894294747235,79.78273557375506,658080.6122564247,81751888.3595971,5443.189491321611,0.02563005893329543,6239.689353290031,0.29368772254965786,0.5548704950467176,42.20367993734799,0.015995791850612815,6.022894042002856,0.05113111282248749,657698.1139555447,101.8107735428349,2.1382696380419756e-05,311.6557698239739,0.009579035080878269,0.012872776858227212,case_00112
3.1.1.dev111+g8ed579383,2.0.2,2.5.5,1.8.0,3.12.13,"{'minimumROIDimensions': 2, 'minimumROISize': 50, 'normalize': False, 'normalizeScale': 1, 'removeOutliers': 3, 'resampledPixelSpacing': [1, 1, 1], 'interpolator': 'sitkBSpline', 'preCrop': False, 'padDistance': 10, 'distances': [1], 'force2D': False, 'force2Ddimension': 0, 'resegmentRange': None, 'label': 1, 'additionalInfo': True, 'binWidth': 25}",{'Original': {}},ad451e30d9c555d806b936bbab150ca6b8138d74,3D,"(5.0, 0.701171875, 0.701171875)","(43, 512, 512)",-498.4664160262707,-1024.0,1529.0,26523dccf9cb0075e5ff21f1b77dee9fd989fd88,"(5.0, 0.701171875, 0.701171875)","(43, 512, 512)","(16, 298, 106, 27, 123, 339)",169672,57,"(np.float64(28.18709627988118), np.float64(369.73412820029233), np.float64(261.6479030128719))","(183.46015074535353, 259.24717192168936, -140.93548139940592)","(1.0, 1.0, 1.0)","(148, 108, 260)",40.602700636660074,-1093.499798510099,1238.7703782785889,"(1.0, 1.0, 1.0)","(148, 108, 260)","(13, 11, 11, 135, 86, 238)",417110,41,"(np.float64(75.95382513006162), np.float64(61.07209129486227), np.float64(120.40136894344417))","(183.55078300594417, 259.2215053573623, -140.9538251300616)",47.464486686716825,-118.25297625465855,416.9562453995029,0.34833839610441975,0.1843927329235069,55.168360730659366,299.1894520785984,233.77339455121918,238.05251521460553,130.38404810405297,240.51195396487051,416584.375,104.21917386841912,0.4082343018784116,66075.92964633805,0.15861355732878374,417110.0,5.046106115715802,83.24097250772498,1355862129.9497578,2.3577421097317224,39.47736331712085,4.861464363481988,416.9562453995029,24.49177524198172,47.464486686716825,51.13179145304251,-118.25297625465855,535.2092216541614,16.550484158757286,57.014125112532255,-0.45132822148898305,1355862129.9497578,0.2341640695436446,997.7329659139632,57.08604565359924,127.38585333427801,-4.540771146245257,5.042916190023501,0.9868544576689801,0.6707913640576293,0.6740092383598223,1.427175252622706,0.5132972489197531,0.7071210422153571,0.6929897681664754,0.9979820629873335,0.9712440618881193,-0.2067754847623115,0.7551297603042458,0.46702808170115795,7.488098235852042,0.08773003897684567,4.101653002665256,0.6932762167910892,0.17665196978531658,14.976196471704087,3.125759856658301,1.5074426619231196,49354.093903007844,0.2067399692836571,2.04493479032224,54.857670710454535,6.094530363707334,355.1364421540445,0.11622607115329726,0.022129956920910774,4.201907245604276,105204.38737278648,0.4281859600875731,0.5707714069153499,2.360773005063373,0.6674082966598621,35.75109511868173,0.01559102240534911,660.003795866723,0.13918258031773997,7.7146841998626385,46.399831294812316,4078821.510754956,241193762.42197385,71899.31083817457,0.04461425264960558,612.0982707718263,0.12908019206491486,0.30838043223880857,12.594708257255862,0.01710519646646644,6.709698221378922,0.011368703699263983,4071084.4126327164,151.30969407965856,2.4398462044776807e-05,133.37501947360664,0.003583380704197139,0.012568386818685606,case_00113
3.1.1.dev111+g8ed579383,2.0.2,2.5.5,1.8.0,3.12.13,"{'minimumROIDimensions': 2, 'minimumROISize': 50, 'normalize': False, 'normalizeScale': 1, 'removeOutliers': 3, 'resampledPixelSpacing': [1, 1, 1], 'interpolator': 'sitkBSpline', 'preCrop': False, 'padDistance': 10, 'distances': [1], 'force2D': False, 'force2Ddimension': 0, 'resegmentRange': None, 'label': 1, 'additionalInfo': True, 'binWidth': 25}",{'Original': {}},3288cb278424cae6ddcfb7787d9b77f32f764c38,3D,"(1.0, 0.80859375, 0.80859375)","(304, 512, 512)",-368.0661699771881,-1024.0,1576.0,3986e5feb296391ba1e07189f7ffbdca3232eae2,"(1.0, 0.80859375, 0.80859375)","(304, 512, 512)","(135, 207, 77, 151, 130, 336)",837338,3,"(np.float64(202.6723079568824), np.float64(282.9385564730133), np.float64(245.74328646257544))","(198.70648553809812, 228.7823483981006, -202.6723079568824)","(1.0, 1.0, 1.0)","(173, 128, 294)",17.874006059810633,-1029.565700401138,1570.8377061506008,"(1.0, 1.0, 1.0)","(173, 128, 294)","(11, 11, 11, 151, 105, 272)",547266,3,"(np.float64(78.68886976351537), np.float64(72.68879484565093), np.float64(147.60332818044608))","(198.69903130544608, 228.78449797065093, -202.68886976351536)",148.56989489152173,-169.48873521989466,452.2233600189614,0.3713690255109544,0.13864078364845545,51.88163796787629,374.21627750914894,271.26555254952666,271.53268679847736,159.7779709471866,272.6792988108925,547318.875,138.97233430890952,0.3561067112618227,90865.1991985568,0.1660187567961306,547266.0,22.479742905739684,245.49306111572545,16032495789.380072,3.7008645491004786,125.2769681932323,2.584480808251337,452.2233600189614,70.72457583127125,148.56989489152173,164.93726410835126,-169.48873521989466,621.712095238856,52.27789544821172,171.1596278307399,-0.5728359218353793,16032495789.380072,0.08811004622786439,7222.604531079593,194.2550432009537,3781.510937748906,-142.25011899183212,38.03004434176545,5.208639346596309,0.7584624060632644,1.655554598701968,2.3782816851082313,2.410379368960851,0.5089503722115485,0.4502539695255168,0.9925754182782967,0.9429334575950056,-0.17800443571832839,0.841585323709254,0.4260887629035881,13.63997136553459,0.014902981425056307,6.653660623955317,0.7734785295420065,0.03915458530816913,27.27994273106918,4.525387528002467,10.809670922090445,36940.464274129314,0.08466135284944055,12.06986585942458,189.52861776189155,1.939911465676501,381.6567713915587,0.013895483943395955,0.007845297739273933,4.639574700070389,294223.11650249764,0.6723336971236613,0.7972648092096404,0.35573397441133714,0.8464091827481819,158.46641653627375,0.00682956384825298,2737.9117403626697,0.06866925184627097,18.42641697070806,151.81961826891725,229967.0526447794,54668017.811216176,1050.2183960537466,0.01334538215480437,12769.099270146222,0.3202603212898152,0.5839084806110982,87.41048019642824,0.00820297916820306,6.477483067550411,0.07285488226931693,229778.6518725619,94.36121993318535,2.292572919431751e-05,317.24333216502873,0.037685531840811796,0.006132972275945753,case_00114
3.1.1.dev111+g8ed579383,2.0.2,2.5.5,1.8.0,3.12.13,"{'minimumROIDimensions': 2, 'minimumROISize': 50, 'normalize': False, 'normalizeScale': 1, 'removeOutliers': 3, 'resampledPixelSpacing': [1, 1, 1], 'interpolator': 'sitkBSpline', 'preCrop': False, 'padDistance': 10, 'distances': [1], 'force2D': False, 'force2Ddimension': 0, 'resegmentRange': None, 'label': 1, 'additionalInfo': True, 'binWidth': 25}",{'Original': {}},ab319d3d4b7d4119089926a48e0c475da3b29f26,3D,"(0.5, 0.703125, 0.703125)","(325, 512, 512)",-550.0955445744441,-1024.0,3071.0,f8cfcc7c940ae276621f7e03f74386d23975ee8e,"(0.5, 0.703125, 0.703125)","(325, 512, 512)","(63, 235, 126, 217, 110, 248)",1110062,10,"(np.float64(178.50154495875006), np.float64(295.63748151004177), np.float64(245.81856148575486))","(172.84117604467139, 207.8701041867481, -89.25077247937503)","(1.0, 1.0, 1.0)","(130, 100, 196)",52.433026440392545,-1122.8083814263143,3538.0112157931,"(1.0, 1.0, 1.0)","(130, 100, 196)","(10, 11, 11, 109, 78, 174)",273972,6,"(np.float64(67.78482837662243), np.float64(53.715781174718586), np.float64(94.62383017242638))","(172.77226767242638, 207.8642186747186, -89.03482837662243)",107.60261735057973,-183.12465555992773,1250.2413445397935,0.3915451071879749,0.215186959681254,51.650389614214696,240.02564881590368,173.5655495770978,176.08236708995025,99.29753269845128,177.02542190318317,273937.25,93.98086839348623,0.5126709472993181,39787.453611314966,0.14524294746813354,273972.0,24.307154055199977,182.93347780090895,4457828379.17099,3.4168571092861475,98.30559497878764,6.582411171278791,1250.2413445397935,54.61914736427782,107.60261735057973,113.28821171992826,-183.12465555992773,1433.3660000997213,39.72530370343184,127.55825876992344,0.44088892236541305,4457828379.17099,0.11100006201619064,4692.786119719465,171.2660979723425,3348.9516216934376,55.72294993839138,23.503348637300466,5.400689452959634,0.6261202924735024,1.5954273222968516,2.364009799135846,2.825983394390733,0.5268091008061229,0.4734479636004868,0.998471259137506,0.9743794359251601,-0.1363907840324942,0.7666402424720977,0.43658185496244417,12.912798963713188,0.02010046960788357,6.289063970110136,0.6733372004366978,0.04431933633638353,25.82559792742639,4.212863003503098,7.226009522565027,22554.467231361432,0.10595772212343499,8.20226192064817,171.44971877109901,2.078622937780305,356.1568043194439,0.014580554794697246,0.00734148799119672,4.44614248230239,138124.76663095254,0.6479565715803042,0.7769221784595619,0.41682691804288796,0.8324860976170627,142.59618691532705,0.006216300768023613,1530.7678669347467,0.06994918053988058,22.17082733902001,167.3158471942972,123268.39892158654,23567627.24625297,683.3165262288129,0.010938658583633866,8171.298939864741,0.3733914704745358,0.6334085087912273,105.20081387700274,0.007322999179391398,6.235514523103932,0.0798767757289066,123111.66646236359,30.64854691794506,3.8693696622849165e-05,1242.698184119322,0.009828880214801954,0.11162590752631187,case_00115
3.1.1.dev111+g8ed579383,2.0.2,2.5.5,1.8.0,3.12.13,"{'minimumROIDimensions': 2, 'minimumROISize': 50, 'normalize': False, 'normalizeScale': 1, 'removeOutliers': 3, 'resampledPixelSpacing': [1, 1, 1], 'interpolator': 'sitkBSpline', 'preCrop': False, 'padDistance': 10, 'distances': [1], 'force2D': False, 'force2Ddimension': 0, 'resegmentRange': None, 'label': 1, 'additionalInfo': True, 'binWidth': 25}",{'Original': {}},b8eb543d1779897a3b300aca5e2914ba10b9d6d7,3D,"(0.5, 0.671875, 0.671875)","(433, 512, 512)",-534.8765096950751,-1024.0,2488.0,2d6c52366e8f4aae10b743f83ef01997204463cf,"(0.5, 0.671875, 0.671875)","(433, 512, 512)","(85, 273, 127, 190, 105, 292)",963722,77,"(np.float64(180.4707394871135), np.float64(330.10775410336174), np.float64(285.7654313173301))","(191.99864916633118, 221.79114728819616, -90.23536974355675)","(1.0, 1.0, 1.0)","(117, 92, 219)",65.88515651051296,-1033.7632621046034,1552.8454438154818,"(1.0, 1.0, 1.0)","(117, 92, 219)","(10, 10, 11, 95, 71, 197)",218115,66,"(np.float64(57.63898860692754), np.float64(48.67787634963207), np.float64(117.95472113334709))","(192.1187836333471, 221.84193884963207, -89.88898860692754)",220.64854116322775,-176.01175350694103,1270.9140168691358,0.3915669443689182,0.18361714715322017,44.080402231879525,240.06691594601693,197.1623696347759,193.1657319505714,102.41581909060729,197.7119116290164,217927.41666666666,94.00226872105176,0.47974276561181184,36504.8249768036,0.1675090979151098,218115.0,77.23337312214767,325.617067300618,14439787781.87737,4.033096579412022,167.74707462936618,12.613730789195628,1270.9140168691358,94.5044571606291,220.64854116322775,235.1445920290124,-176.01175350694103,1446.9257703760768,66.50512183105305,257.2987275988268,1.8376561826952686,14439787781.87737,0.07700236789658592,17516.85650651467,327.86760685565775,134826.28394040634,2009.7167566224175,97.38044524302047,12.600473152576939,0.7708529190913309,2.2776810711457793,2.8101631977143304,7.313544098096885,0.4682856780333599,0.40322989243378937,0.996542065729592,0.9645017973187403,-0.16629069307140643,0.8486461172378519,0.37888137334638294,17.512060122535793,0.011777129242452973,7.322220259789843,0.8407847706278905,0.036078921742226884,35.02412024507163,4.887417102915435,27.49522959889935,12976.873746744623,0.07264854322178317,29.44740092761744,326.75266685862704,1.8105029761601794,598.1483220974698,0.007837323003564255,0.00462151828598003,4.899171980991794,126694.01728257809,0.7084969491005195,0.8188795959788326,0.3156168312687498,0.8670408399096833,282.1115690697732,0.004087842260143306,1638.2658955581412,0.056062757359460036,52.05074079642781,320.0151598111012,32961.24902470741,13047624.440592704,86.33488326845642,0.006411589739234604,10806.414687564164,0.369804075270829,0.631014188791746,208.41538929008738,0.0041346925759672805,6.798513718767184,0.1339751965706164,32905.53671109356,11.467481918150966,5.4267399785187154e-05,2683.469795193695,0.02238243381120312,0.19013092945206134,case_00116
3.1.1.dev111+g8ed579383,2.0.2,2.5.5,1.8.0,3.12.13,"{'minimumROIDimensions': 2, 'minimumROISize': 50, 'normalize': False, 'normalizeScale': 1, 'removeOutliers': 3, 'resampledPixelSpacing': [1, 1, 1], 'interpolator': 'sitkBSpline', 'preCrop': False, 'padDistance': 10, 'distances': [1], 'force2D': False, 'force2Ddimension': 0, 'resegmentRange': None, 'label': 1, 'additionalInfo': True, 'binWidth': 25}",{'Original': {}},4c7541e612c44af25cb68047bdea1ed92a48ebe0,3D,"(2.5, 0.8457030057907104, 0.8457030057907104)","(69, 512, 512)",-845.1372778519341,-3056.0,1345.0,413b383c7ced65584ac4a9119d634c4d58daedc4,"(2.5, 0.8457030057907104, 0.8457030057907104)","(69, 512, 512)","(7, 224, 120, 54, 144, 293)",302723,61,"(np.float64(35.24011059615556), np.float64(294.0059129963696), np.float64(258.6458445509591))","(218.73756817202297, 248.64168434127188, -88.1002764903889)","(1.0, 1.0, 1.0)","(157, 143, 269)",21.0297633745066,-1024.8322428961192,1333.5170364788423,"(1.0, 1.0, 1.0)","(157, 143, 269)","(11, 10, 10, 135, 122, 248)",542089,58,"(np.float64(82.61792436297361), np.float64(69.54364504721549), np.float64(127.6665768905106))","(218.74372538761523, 248.62079354432012, -87.86792436297361)",102.93980022052983,-146.98083247585117,816.0262185539278,0.3434261443174383,0.20205722691708386,63.80424262508634,315.77312822999903,248.03225596683993,247.45504642257754,136.56500283747664,248.276056034407,541535.9166666666,108.4447479070846,0.3951478814499729,81309.75340153449,0.15014655704098634,542089.0,23.95128164329187,160.55969766144426,7373358594.081337,3.031735877904495,66.52111134954588,4.051319765917333,816.0262185539278,42.659533288122795,102.93980022052983,115.22502948331493,-146.98083247585117,963.007051029779,28.396945834908585,116.62653706748154,-1.001139240724762,7373358594.081337,0.15006654147093573,3005.1466789100496,119.27932681005178,786.5261601932053,-51.93925564158971,13.810596174221448,2.8962589250586457,0.6508953598251787,1.2221845089352195,2.0215357506716787,1.3544103697994634,0.577139601345799,0.5348670345331227,0.9981142469023294,0.970419957303924,-0.14850918941792218,0.7340685821828281,0.46629153694008035,10.795810456300755,0.037033239471105,5.4435570683258065,0.67554652832889,0.09250244790583174,21.591620912601517,3.7608658919323337,4.176713774820025,54106.675122286804,0.13645983931237324,5.508431358354171,114.49389510415827,2.6109094423232166,318.9056680212524,0.026647269550933307,0.012180490876824908,4.2482442061420835,238377.35561897766,0.5959793682258805,0.7303265699912745,0.6705586009267931,0.7984043761234481,89.37730642126397,0.010282663879254942,2409.1455691217016,0.09488560729112648,12.568224450056086,79.61910200866483,760539.801142182,101805717.68893266,5881.69574919869,0.029083890341983006,6393.2640409610085,0.25180244351953557,0.5075850387369473,36.887694961544845,0.017356068583062923,6.351156655445245,0.046837327449920585,760083.9576198837,106.83324122976207,1.7940638928465485e-05,433.4124009673657,0.009496000127295515,0.01580503644515223,case_00117
3.1.1.dev111+g8ed579383,2.0.2,2.5.5,1.8.0,3.12.13,"{'minimumROIDimensions': 2, 'minimumROISize': 50, 'normalize': False, 'normalizeScale': 1, 'removeOutliers': 3, 'resampledPixelSpacing': [1, 1, 1], 'interpolator': 'sitkBSpline', 'preCrop': False, 'padDistance': 10, 'distances': [1], 'force2D': False, 'force2Ddimension': 0, 'resegmentRange': None, 'label': 1, 'additionalInfo': True, 'binWidth': 25}",{'Original': {}},7b11341904a6adf7df18f2fb127256236077e7c6,3D,"(0.5, 0.85546875, 0.85546875)","(673, 512, 512)",-384.42135175730465,-1024.0,1357.0,f52a3020ec4f40eb98b04e1f75abc0797568db75,"(0.5, 0.85546875, 0.85546875)","(673, 512, 512)","(232, 217, 130, 228, 119, 268)",1146968,37,"(np.float64(344.3236960403429), np.float64(271.21212797567154), np.float64(268.0539457072909))","(229.311773866784, 232.01350010418776, -172.16184802017145)","(1.0, 1.0, 1.0)","(136, 124, 252)",22.755341418533536,-1017.8117062085278,1280.155738939441,"(1.0, 1.0, 1.0)","(136, 124, 252)","(11, 11, 11, 114, 101, 229)",421191,26,"(np.float64(66.70958781170538), np.float64(56.90358293505797), np.float64(129.09163538632117))","(229.16390101132117, 231.97584856005795, -171.95958781170538)",120.96831263722147,-190.59298735214412,399.447960307439,0.35806716641277586,0.18899032568370397,59.808720960044305,316.46445786934487,230.58620947489467,228.11619846034608,123.06502346320826,232.18957771614126,420978.0833333333,113.31553169963159,0.37385173894732904,72659.2722577118,0.1725963301518946,421191.0,22.275879037960276,197.70091409094186,8189025056.6231575,3.439315006021022,89.33784773259572,3.3893697446434996,399.447960307439,54.84900984823286,120.96831263722147,133.98134766490867,-190.59298735214412,590.0409476595831,37.58578465736061,139.43652750647027,-0.7258861072903444,8189025056.6231575,0.11148847783417265,4809.212540766094,186.5208540293612,1636.907336275661,-78.45666595312292,21.872739894354385,6.275846730293628,0.5534147796327116,1.872561973120744,2.5164595997830124,2.7412325196360134,0.47453619133129893,0.4067076156301099,0.9895823445884824,0.9311694625764596,-0.08564709071392916,0.6517230049376963,0.3991641384694586,13.5137446485635,0.01768356675679949,6.463800230600987,0.5918600991644886,0.04382226965011415,27.02748929712701,4.158008937876504,7.037146656162004,36951.36721332322,0.10587695778911878,8.293482179315582,184.01739924643744,1.7260818197880259,325.2109479316113,0.011511250855307928,0.007218644028879272,4.275521138744546,249422.9717828874,0.7141737159751325,0.8286233378863562,0.26788222144839086,0.8704443191395048,158.9846419530548,0.00643767665614077,3307.436507936508,0.07542958647912124,17.561036247242594,156.0891260718847,163108.40724776502,34545354.27244116,788.9721701986282,0.012296688772298907,16633.947318007664,0.3793547554736285,0.6394435581558212,99.85170855105162,0.008444285823424031,6.062553404629873,0.1041047885638582,163016.13765855544,107.78511018951649,2.0949033229797415e-05,330.1253679328069,0.036229529353962925,0.0049993599766906755,case_00118
3.1.1.dev111+g8ed579383,2.0.2,2.5.5,1.8.0,3.12.13,"{'minimumROIDimensions': 2, 'minimumROISize': 50, 'normalize': False, 'normalizeScale': 1, 'removeOutliers': 3, 'resampledPixelSpacing': [1, 1, 1], 'interpolator': 'sitkBSpline', 'preCrop': False, 'padDistance': 10, 'distances': [1], 'force2D': False, 'force2Ddimension': 0, 'resegmentRange': None, 'label': 1, 'additionalInfo': True, 'binWidth': 25}",{'Original': {}},1f58da7e368247e6065b45e1bafc828730cb279b,3D,"(5.0, 0.76171875, 0.76171875)","(91, 512, 512)",-481.5012549515609,-1024.0,1400.0,9fde72c49b41f94698357e4b779f242fc8ac921b,"(5.0, 0.76171875, 0.76171875)","(91, 512, 512)","(10, 280, 63, 30, 121, 337)",204781,62,"(np.float64(24.883265537330125), np.float64(340.0282985237888), np.float64(245.9854039193089))","(187.3716943916611, 259.00593051616727, -124.41632768665062)","(1.0, 1.0, 1.0)","(172, 115, 279)",41.10964040506003,-1066.4551688467316,1297.5092910972844,"(1.0, 1.0, 1.0)","(172, 115, 279)","(13, 11, 11, 150, 92, 257)",593050,46,"(np.float64(89.40709046454768), np.float64(56.89069218447011), np.float64(150.24811567321473))","(187.36725629821473, 259.00983280947014, -124.40709046454768)",78.69500336034278,-96.64488184764313,756.4077579006081,0.41043345221230243,0.22145929934021105,68.03086607432986,307.19353974754176,263.73471519691907,249.3290997858052,145.34441853748632,263.78210705049725,592779.2083333334,126.08250501590072,0.39453685616442524,86495.16931419141,0.14591464764323042,593050.0,26.92305512391038,121.4214004246984,4512390905.167611,2.570373506309163,45.943836103501646,8.85907574084674,756.4077579006081,28.904918249960012,78.69500336034278,83.49379319606076,-96.64488184764313,853.0526397482512,19.42920361035357,87.22835903705744,-0.32447355445403225,4512390905.167611,0.20149767373774177,1415.883066413439,61.365721999203664,542.1217110294185,-5.704460464062775,7.611847931044975,1.0816116178161383,0.7501384969804009,0.704812312224155,1.4653978101166412,0.5659049631346202,0.6976368615642323,0.6821926842980257,0.9991238502522056,0.9806944841398338,-0.2477560332905706,0.8275010156068073,0.47429638459128637,7.728699791537433,0.07042499119786459,4.413312707885373,0.7735906856757312,0.14501578954575425,15.457399583074862,3.392977568751304,2.1733648872152775,63481.34813220353,0.18316459693563944,2.747106843069641,59.09151788386986,5.613531689034791,353.79998376717316,0.10545184376544169,0.02239611183987293,4.344263631487359,156675.1062678896,0.4405423345484501,0.5833612420797312,2.1485824472796713,0.68029318417785,39.233422354435525,0.01622680106395808,821.6139374668786,0.1088518730083305,11.183612637466794,54.50993640699523,4813360.366189719,313069789.32935876,78335.9344599063,0.05220841527085686,1075.3441971383147,0.14246743470300938,0.3392653021652025,20.136031248961842,0.0216824691254443,6.949725031322146,0.012727426018042323,4807187.045509201,115.89591731721684,1.8313348809550138e-05,426.4910978891398,0.0020438103560441795,0.04821960028300356,case_00119
3.1.1.dev111+g8ed579383,2.0.2,2.5.5,1.8.0,3.12.13,"{'minimumROIDimensions': 2, 'minimumROISize': 50, 'normalize': False, 'normalizeScale': 1, 'removeOutliers': 3, 'resampledPixelSpacing': [1, 1, 1], 'interpolator': 'sitkBSpline', 'preCrop': False, 'padDistance': 10, 'distances': [1], 'force2D': False, 'force2Ddimension': 0, 'resegmentRange': None, 'label': 1, 'additionalInfo': True, 'binWidth': 25}",{'Original': {}},d4ff28326e3c49cc144b4fbc61767f00417b5c59,3D,"(1.0, 0.83203125, 0.83203125)","(285, 512, 512)",-393.60106784753634,-1024.0,1550.0,22ae93c0c641d491d0179737866baa7f10811fa5,"(1.0, 0.83203125, 0.83203125)","(285, 512, 512)","(131, 218, 136, 98, 100, 250)",349212,7,"(np.float64(178.79041957321056), np.float64(272.0654043961834), np.float64(261.3876384545777))","(217.48268355791035, 226.36691850151198, -178.79041957321056)","(1.0, 1.0, 1.0)","(120, 106, 230)",27.788668570496586,-964.7382375243316,1457.2809671495495,"(1.0, 1.0, 1.0)","(120, 106, 230)","(11, 11, 11, 98, 84, 208)",241480,6,"(np.float64(58.75885787642869), np.float64(56.29859615703164), np.float64(115.30266688752691))","(217.3866512625269, 226.38258053203162, -178.7588578764287)",118.74587943954566,-186.17964057043824,474.1811953896741,0.2768695108444783,0.17440506102727477,53.55242897450334,307.0577691901293,208.153789300123,207.6174366473105,96.1041102138717,208.40825319550086,241337.41666666666,85.01493435666784,0.41050389359243955,45664.9812351097,0.18921633398513507,241480.0,3.866808682263207,207.3489015360021,4855586302.970796,3.6039360062153953,107.60711923326346,2.8079407040878586,474.1811953896741,63.0131706132276,118.74587943954566,132.67019109768006,-186.17964057043824,660.3608359601124,44.985048383691264,141.80131399613438,-0.5828984069203014,4855586302.970796,0.09562777173418108,6007.028767159186,187.9050077927462,2215.2006131828703,-89.10413158807813,27.562014188801182,6.926175177341899,0.5972932127268904,1.936974103667906,2.5662336779239867,3.1055807537090123,0.4731059197475677,0.40571625315329063,0.9908814573557762,0.9363271278098917,-0.10304042320865169,0.6964403536739034,0.39425358599273286,13.518314233506816,0.014572623447603593,6.6934147147351615,0.6170911368909291,0.03546795205412809,27.03662846701363,4.350309668551007,8.622047341535765,18260.646886935378,0.09138661095576527,10.249234530457716,182.54311804372853,1.746533540854897,331.0474471387725,0.012173480060356161,0.007673536433679796,4.4356848436647045,142995.52630774645,0.7141942078521548,0.827418738293345,0.2790004945441461,0.8700644649039737,156.9154344803095,0.00686978749514618,1782.5071379740218,0.0716816318001376,17.597126812361633,142.1501588450557,77761.8055253951,17017969.259299472,368.60960314256647,0.013276616660154462,8071.049945711184,0.3245687033301638,0.5887106135944752,83.44875472889736,0.008345377784455542,6.370520529777881,0.102977472254431,77667.50468879365,54.62109500924042,4.150167431746422e-05,361.0137104933639,0.04146518704367252,0.010298400310025796,case_00120
3.1.1.dev111+g8ed579383,2.0.2,2.5.5,1.8.0,3.12.13,"{'minimumROIDimensions': 2, 'minimumROISize': 50, 'normalize': False, 'normalizeScale': 1, 'removeOutliers': 3, 'resampledPixelSpacing': [1, 1, 1], 'interpolator': 'sitkBSpline', 'preCrop': False, 'padDistance': 10, 'distances': [1], 'force2D': False, 'force2Ddimension': 0, 'resegmentRange': None, 'label': 1, 'additionalInfo': True, 'binWidth': 25}",{'Original': {}},24cdbdc564022fe03b159cf7d20c73d0a494056d,3D,"(5.0, 0.6859999895095825, 0.6859999895095825)","(79, 512, 512)",-687.3097731674774,-2058.0,5795.0,972706c047cc16da8ea3491e5c97e2eb078cdcf5,"(5.0, 0.6859999895095825, 0.6859999895095825)","(79, 512, 512)","(8, 284, 102, 26, 97, 285)",104780,3,"(np.float64(19.866797098682955), np.float64(333.6394350066807), np.float64(245.08418591334225))","(168.12774896551736, 228.87664891456598, -99.33398549341477)","(1.0, 1.0, 1.0)","(152, 89, 218)",34.2209529812502,-960.0701796624032,1333.51814979707,"(1.0, 1.0, 1.0)","(152, 89, 218)","(13, 11, 11, 130, 66, 195)",246755,3,"(np.float64(74.29150371826306), np.float64(44.73267005734433), np.float64(109.071791858321))","(168.22879186356622, 228.88967006258952, -99.29150371826306)",151.6151355040691,-121.52801152233016,313.713533932942,0.33611259134946986,0.16403409285413087,46.684212470415424,284.60066842281304,205.91260281974002,190.16308790088576,104.4030650891055,207.0700364610969,246760.04166666666,95.65786816338293,0.3918544661413822,48552.23353605174,0.19675889665166307,246755.0,24.60484911576139,238.5706203018655,7298206559.6471,3.511511104968701,119.05713430374037,2.688361617133503,313.713533932942,67.44065124048399,151.6151355040691,172.29416230769513,-121.52801152233016,435.2415454552722,49.98039815954426,171.9788714430958,-0.7749404259149942,7298206559.6471,0.10369516324321251,6589.582908923633,148.46120566582078,3418.4569383973544,-166.49985267107039,34.82282671239315,2.8454089266392595,0.8477672017234396,1.1492692326994625,2.0019920714476838,1.4766169339111204,0.605087690616225,0.5686156205562228,0.9916241991399909,0.9435419202672174,-0.27251477217286174,0.9087141047178768,0.45528383295096564,11.851682795376611,0.028905659805288923,5.920152208440088,0.8533947233565217,0.08398858658830756,23.703365590753222,4.352694152455992,9.4170589097581,15827.050697703397,0.09220437448380538,11.116115510223494,134.3739814988078,3.137661926838554,502.84118242691096,0.03105276130475696,0.013829995024321983,4.813086701194324,98974.2054056763,0.5725245141770864,0.694929414570354,1.0039707195636542,0.7841625876396651,99.68607577138074,0.011819905120602077,814.2875402681077,0.08461888603014732,11.751485605692716,74.37067442585472,275416.43323287956,50344839.82167723,1682.4030665183614,0.03674811951702209,2044.704873739998,0.2124810218996153,0.46031210440584447,31.533151926231188,0.019245934502941715,6.720654066519919,0.038998196591761056,274758.91022900783,55.89997045733252,7.124702295803885e-05,89.55435485732308,0.045647598535145606,0.009272378630301725,case_00121
3.1.1.dev111+g8ed579383,2.0.2,2.5.5,1.8.0,3.12.13,"{'minimumROIDimensions': 2, 'minimumROISize': 50, 'normalize': False, 'normalizeScale': 1, 'removeOutliers': 3, 'resampledPixelSpacing': [1, 1, 1], 'interpolator': 'sitkBSpline', 'preCrop': False, 'padDistance': 10, 'distances': [1], 'force2D': False, 'force2Ddimension': 0, 'resegmentRange': None, 'label': 1, 'additionalInfo': True, 'binWidth': 25}",{'Original': {}},547c012b86ef7b451f544e457b962d03e0c02b0b,3D,"(5.0, 0.72265625, 0.72265625)","(50, 512, 512)",-362.05468437194827,-1024.0,1624.0,59941534d427b474abfd5027d5a3dcfd4e903050,"(5.0, 0.72265625, 0.72265625)","(50, 512, 512)","(17, 210, 106, 28, 161, 310)",200944,18,"(np.float64(31.16829066804682), np.float64(302.155774743212), np.float64(255.17049526236164))","(184.40055321694103, 218.3547590917743, -155.8414533402341)","(1.0, 1.0, 1.0)","(162, 138, 246)",9.274862126545907,-674.8822316874987,1523.1731481133215,"(1.0, 1.0, 1.0)","(162, 138, 246)","(13, 11, 11, 140, 116, 224)",524865,13,"(np.float64(85.85726805940575), np.float64(77.20717708363102), np.float64(118.18663846893963))","(184.32531034393963, 218.34584895863102, -155.85726805940575)",70.51929318917975,-145.97027243474759,327.1027532318785,0.38116318248051295,0.21321076449100393,67.65142588221752,317.29835988216234,226.56566377101365,222.19360926903366,131.2288078129189,236.37681781426875,524628.4166666666,120.94245264853213,0.3870733457936815,81269.09030000269,0.1549079076127107,524865.0,18.10539321382117,114.549912148929,3471070521.1178684,2.659512586199209,47.92746563349646,4.51563314035505,327.1027532318785,30.851321243829172,70.51929318917975,76.8320673363803,-145.97027243474759,473.0730256666261,20.186348359991932,81.32197397275937,-0.9407514567720082,3471070521.1178684,0.1947629051401348,1640.2927389246559,90.75047914770774,247.01283403046577,-17.20842876900941,7.490110803697818,1.686215351233657,0.6290833670427455,0.8869003428204335,1.6976272654402167,0.8695670395711528,0.6525880359909441,0.6278473241276347,0.9958914574561899,0.9593806883640711,-0.16969843161656953,0.7289997043793294,0.4789132576248279,9.44979477106358,0.061673121180117536,4.691856802825332,0.649515288908509,0.1317535818560663,18.899589542127163,3.393769717429591,2.29408153873287,58440.689097271104,0.17267642807306177,3.2703717539743766,87.04266544120749,4.275079410274751,396.2970851476214,0.05204008350393189,0.01453997291331222,4.228396423503678,172590.42722405292,0.5016456933147768,0.6419704993738317,1.539598462411493,0.731624673676624,62.12733806272219,0.01131469561217058,1543.4457978075518,0.11058578475371153,8.68892483509918,59.635809987819734,1774641.142150892,170458317.4506699,19063.215650100705,0.034549523892322576,2747.663609658236,0.19686634732809602,0.4365007465760636,21.55189170950657,0.018378603870051115,6.485013726430176,0.026591599744696257,1773226.9413799944,185.3010723610673,1.8582291601549462e-05,125.45840405708773,0.009262178735292037,0.00437902681686495,case_00122
3.1.1.dev111+g8ed579383,2.0.2,2.5.5,1.8.0,3.12.13,"{'minimumROIDimensions': 2, 'minimumROISize': 50, 'normalize': False, 'normalizeScale': 1, 'removeOutliers': 3, 'resampledPixelSpacing': [1, 1, 1], 'interpolator': 'sitkBSpline', 'preCrop': False, 'padDistance': 10, 'distances': [1], 'force2D': False, 'force2Ddimension': 0, 'resegmentRange': None, 'label': 1, 'additionalInfo': True, 'binWidth': 25}",{'Original': {}},b238819fe4b8e94461601b4c1d04c8deb91ebeab,3D,"(1.25, 0.8691409826278687, 0.8691409826278687)","(389, 512, 512)",-809.4491658933978,-2048.0,1412.0,80ba0ef0af6972c42e8e9175617b8b7a2102d9fd,"(1.25, 0.8691409826278687, 0.8691409826278687)","(389, 512, 512)","(95, 273, 120, 85, 78, 257)",373099,5,"(np.float64(134.64831586254587), np.float64(308.42601829541223), np.float64(254.27070831066285))","(220.9970932746137, 268.0656926092756, -168.31039482818232)","(1.0, 1.0, 1.0)","(128, 90, 246)",55.20870453382546,-882.5886845080387,1189.3129161124757,"(1.0, 1.0, 1.0)","(128, 90, 246)","(11, 11, 11, 106, 68, 224)",352788,3,"(np.float64(60.31925972538748), np.float64(42.013895030443216), np.float64(127.91285984784064))","(220.97828935652672, 268.0793245391293, -168.1942597253875)",194.1017850538903,-167.38492711156934,393.7507831041166,0.30154245609321534,0.16754033296396006,50.49558473346763,301.39360379765895,222.5758297749331,220.11133546457802,102.41581909060729,225.12441004919924,352462.625,90.88296753993151,0.5750415650147336,41962.39504317402,0.11905487863620724,352788.0,57.632993103976276,275.9998461235005,15954057048.437769,3.509018821348616,93.01700975866746,4.215443713192854,393.7507831041166,66.46583941997912,194.1017850538903,220.93097710638673,-167.38492711156934,561.1357102156859,41.89316985618724,212.6565031391573,-1.3156590050754873,15954057048.437769,0.11469945599374962,7547.285366267799,247.81515367013924,5999.650229508327,-303.079913646815,36.070461054079345,6.150810657981863,0.7068975968594959,1.7435371339078938,2.4578717311433675,3.054871270018789,0.5057142245036945,0.4474136443497088,0.9890699690018352,0.9337576678757914,-0.13804289284120977,0.7680352244986891,0.4221150188798888,15.502697867242913,0.022365035059622316,6.387713769518386,0.7271713635337819,0.05552582894055095,31.005395734485834,4.260664019397367,10.555317928015297,29276.87088908913,0.1044556070921497,13.2339559382671,239.5944356970158,1.9646447826484617,498.55360590780225,0.01099548993220811,0.006579253523261825,4.496594561989031,188741.9498395386,0.6718733938447207,0.7943404232308618,0.37168580596550016,0.8461563296986855,198.9516784396636,0.005840460014276538,2156.9693152356263,0.06579134711714583,21.57205299713457,172.56168979716333,181030.47003202685,52675180.82754309,634.7116189064834,0.012928799109734712,11438.733841695897,0.34890144400475515,0.6109833484383363,105.77100090674669,0.00827236765609564,6.308520204338776,0.0929311654591426,180914.6783846891,75.84159625426724,2.7148843121521128e-05,280.825390488684,0.0559422390295585,0.0074853710788820305,case_00123
3.1.1.dev111+g8ed579383,2.0.2,2.5.5,1.8.0,3.12.13,"{'minimumROIDimensions': 2, 'minimumROISize': 50, 'normalize': False, 'normalizeScale': 1, 'removeOutliers': 3, 'resampledPixelSpacing': [1, 1, 1], 'interpolator': 'sitkBSpline', 'preCrop': False, 'padDistance': 10, 'distances': [1], 'force2D': False, 'force2Ddimension': 0, 'resegmentRange': None, 'label': 1, 'additionalInfo': True, 'binWidth': 25}",{'Original': {}},a0b53540e42aa332b5bb4cf876c736628940d6a8,3D,"(2.5, 0.703125, 0.703125)","(262, 512, 512)",-706.8258877528533,-2048.0,3030.0,99822a93652fd2768758148357f7408364992f37,"(2.5, 0.703125, 0.703125)","(262, 512, 512)","(117, 239, 100, 48, 119, 319)",359302,5,"(np.float64(139.4300560531252), np.float64(299.31444022020474), np.float64(264.14394576150426))","(185.7262118635577, 210.45546577983146, -348.57514013281303)","(1.0, 1.0, 1.0)","(142, 106, 247)",41.07484609306091,-1018.1430680857846,1396.9389041813333,"(1.0, 1.0, 1.0)","(142, 106, 247)","(11, 11, 11, 120, 84, 225)",444133,4,"(np.float64(68.07041134074703), np.float64(53.30408909043012), np.float64(126.61756050552425))","(185.76599800552424, 210.45252659043012, -348.320411340747)",129.44677332108955,-127.01266081424889,837.8668913669877,0.3627859641213281,0.17320627742201763,54.47693038546379,314.5205312203009,228.67444107289296,222.50617968946392,128.79829191413992,228.77499863402906,444307.5416666667,114.10363415470913,0.39446271488820717,71383.95755315512,0.160663393840633,444133.0,24.007246284298542,191.46227707983732,9320766561.572493,3.120958516199267,71.97306043503468,4.280625860235757,837.8668913669877,50.15720476192276,129.44677332108955,148.44629865555763,-127.01266081424889,964.8795521812366,32.86496596554125,144.8669424163598,-1.1098717066002755,9320766561.572493,0.1468228799936658,4229.9638818233625,146.5691405512725,1764.7538521469394,-98.49644025747995,19.41952923461038,3.0867364991657995,0.7227717830190141,1.1747549306717837,2.0291228334373694,1.6671635835557344,0.601749129226183,0.5652833836471587,0.998100098834879,0.9723865818417939,-0.19320535725028953,0.8109610625876962,0.4590627304471368,11.936633756999335,0.04321556713405187,5.4306981570583295,0.7458892742186793,0.09860902204325511,23.873267513998673,3.859588744325129,5.6265664334440455,38812.09201559736,0.12518511080764966,7.943056055189852,136.03537949058423,3.0532683480909446,468.2142162309131,0.025568579804414345,0.011085395787053755,4.481043904978955,176892.2123737366,0.5670256820642904,0.6960456578408858,0.9155009679745453,0.7801428421378076,101.72555237512807,0.00939388150775153,1914.6005329780146,0.085036665910638,14.726722829782242,89.10748389962248,556557.1270264268,94360395.82811458,3367.2765313530767,0.025450203545795812,5523.742882522763,0.24533612625017823,0.5015713337878852,42.15035909238887,0.01457954209172245,6.600186889760235,0.05069427401251427,556168.0082531619,56.49260244530072,2.4890492550688587e-05,594.3247827018262,0.008528773017710909,0.03455778375843182,case_00124
3.1.1.dev111+g8ed579383,2.0.2,2.5.5,1.8.0,3.12.13,"{'minimumROIDimensions': 2, 'minimumROISize': 50, 'normalize': False, 'normalizeScale': 1, 'removeOutliers': 3, 'resampledPixelSpacing': [1, 1, 1], 'interpolator': 'sitkBSpline', 'preCrop': False, 'padDistance': 10, 'distances': [1], 'force2D': False, 'force2Ddimension': 0, 'resegmentRange': None, 'label': 1, 'additionalInfo': True, 'binWidth': 25}",{'Original': {}},7d46d31565e3b27f00fe7490a7be51c23189ce96,3D,"(3.0, 0.9765625, 0.9765625)","(171, 512, 512)",-556.877885115774,-1024.0,3071.0,64196eefe1869e5286772baafc306257ed1ed254,"(3.0, 0.9765625, 0.9765625)","(171, 512, 512)","(50, 291, 142, 37, 113, 228)",168312,7,"(np.float64(66.67643424117117), np.float64(352.7996340130234), np.float64(253.59241171158325))","(247.64883956209303, 344.53089259084317, -200.0293027235135)","(1.0, 1.0, 1.0)","(133, 133, 244)",20.4952432665592,-937.1250080096299,1119.999042179843,"(1.0, 1.0, 1.0)","(133, 133, 244)","(12, 11, 11, 111, 111, 222)",481467,7,"(np.float64(62.99725837907894), np.float64(71.54941460162378), np.float64(119.87107527618716))","(247.88279402618716, 344.56113335162377, -199.99725837907894)",59.4749008931025,-105.74726639733636,146.01382166628568,0.329040170420706,0.1869508943429994,59.62236434637212,318.9199204202938,220.91174708466727,222.76669409945464,124.32618388738553,227.7740108089595,481289.6666666667,104.93746496565146,0.46739799385146963,63543.08639891265,0.13202669992688945,481467.0,14.522242107628685,88.57326267614893,2184832295.198185,2.131674507260171,29.667706682511017,5.6623810201657045,146.01382166628568,22.9643466864993,59.4749008931025,68.04222158302635,-105.74726639733636,251.76108806362203,13.41869852857938,67.36367788447579,-1.6007339192893115,2184832295.198185,0.2920833140661764,1000.6012618790498,64.78711180751523,119.67843266638718,-15.067709710697326,4.482290890509259,0.9779106085920309,0.6380863383056575,0.6487800718759367,1.4307564398553843,0.5435703671202706,0.7198579889673684,0.7071597810696031,0.9922366848172833,0.9479124308000567,-0.17593221213118243,0.6883597963377761,0.45145206550561123,7.9944018950685996,0.12944498413110536,3.681587548363752,0.6813903025047684,0.21517078363074355,15.988803790137199,2.7911975412554293,1.3650503747753224,62349.25553219689,0.23586543662475587,2.244645954195944,60.12431511492472,6.3713049366848775,431.75205771096614,0.1035140585691299,0.021241440494274098,4.119576084607075,110820.90311452208,0.4139030348125068,0.5449744858302454,2.6281854683286805,0.6634765551032866,37.79342827821226,0.015636574097025388,1334.7023121387283,0.1607300472228719,7.146777407920969,42.91305394990366,4012705.0263728322,279797246.18521196,58922.33104522506,0.05347804810309777,1745.2194123314066,0.21016611420175899,0.44664389202205795,16.57349790602195,0.029073680935369987,5.754802510324575,0.017247287976122974,4009343.330891313,483.50093096416504,1.6512410385839617e-05,30.41387142287875,0.015693757659884486,0.0013628614710722686,case_00125
3.1.1.dev111+g8ed579383,2.0.2,2.5.5,1.8.0,3.12.13,"{'minimumROIDimensions': 2, 'minimumROISize': 50, 'normalize': False, 'normalizeScale': 1, 'removeOutliers': 3, 'resampledPixelSpacing': [1, 1, 1], 'interpolator': 'sitkBSpline', 'preCrop': False, 'padDistance': 10, 'distances': [1], 'force2D': False, 'force2Ddimension': 0, 'resegmentRange': None, 'label': 1, 'additionalInfo': True, 'binWidth': 25}",{'Original': {}},c7d1da3ec777e61e94f9cdc53260a21d894445bb,3D,"(5.0, 0.94140625, 0.94140625)","(107, 512, 512)",-478.17218345570785,-1024.0,3071.0,3873b004125fa982d67745f014f98ecc7a67279e,"(5.0, 0.94140625, 0.94140625)","(107, 512, 512)","(22, 238, 124, 37, 150, 276)",158390,39,"(np.float64(40.11286066039523), np.float64(327.9224004040659), np.float64(265.02754593093))","(249.49858816153957, 308.7081972553902, -200.56430330197614)","(1.0, 1.0, 1.0)","(207, 163, 282)",-15.76290580503896,-1057.545508124437,3484.970527315855,"(1.0, 1.0, 1.0)","(207, 163, 282)","(13, 11, 11, 185, 141, 260)",701825,41,"(np.float64(105.59274035550173), np.float64(95.64139920920458), np.float64(143.39113739179996))","(249.42043426679996, 308.67069608420456, -200.59274035550175)",67.13262661088751,-129.1570811069239,217.37278400263023,0.34611386534905875,0.15418502215127255,58.40383201554044,378.79056733694813,261.6333312099206,250.1619475459847,152.31546211727817,281.88472821350217,701652.2083333334,131.10466741875405,0.4237481310476375,90113.7216819096,0.12843075331575005,701825.0,6.959702680605,115.19424901981849,4451680408.596172,2.7667513562614365,53.528914685814854,3.525402390294557,217.37278400263023,33.559755477603964,67.13262661088751,74.27963578870028,-129.1570811069239,346.5298651095541,22.6468998289759,79.64299289478562,-0.7612702629672355,4451680408.596172,0.17717300601182986,1836.2167615620249,88.35778860821128,283.3983911571198,-20.227604957561077,8.923248196586266,1.7749629366703021,0.6661063925169515,0.9633739595795375,1.7360023237286686,0.8065876768996909,0.6262333118525862,0.5956168782157278,0.9923453562923265,0.9426152105143267,-0.17369097891214866,0.7435916559232789,0.4846512997131305,9.304299147524974,0.05087724683412236,4.916830768409772,0.6875814016004588,0.11635127111281274,18.608598295049948,3.529598310905996,2.674552783314143,76609.76619809246,0.16111170876340147,3.4393280411101523,85.2685798891221,3.8273607329628785,346.94025088028616,0.04882289688851423,0.014802693198669706,4.193736255304736,258952.69630569045,0.5329069165134279,0.6751341146297154,1.2855238760866716,0.7512484270414398,62.88292335742404,0.01162278783099027,1578.4001922020868,0.10834707524726021,9.798788746693724,65.18005216913784,2831777.161381109,266335793.8606535,31430.80263089245,0.03218131792130184,2254.0134541460734,0.15472360338729227,0.3602920480750149,19.218565680430483,0.014510353323456104,6.748368616718356,0.020757311295550886,2829456.254035267,387.5383903135562,1.3724795862500581e-05,70.36728539082415,0.019740255262711365,0.001438850885864786,case_00126
3.1.1.dev111+g8ed579383,2.0.2,2.5.5,1.8.0,3.12.13,"{'minimumROIDimensions': 2, 'minimumROISize': 50, 'normalize': False, 'normalizeScale': 1, 'removeOutliers': 3, 'resampledPixelSpacing': [1, 1, 1], 'interpolator': 'sitkBSpline', 'preCrop': False, 'padDistance': 10, 'distances': [1], 'force2D': False, 'force2Ddimension': 0, 'resegmentRange': None, 'label': 1, 'additionalInfo': True, 'binWidth': 25}",{'Original': {}},a013521888156909a4a2b40e5110df5f380dcdf4,3D,"(3.0, 0.9765625, 0.9765625)","(105, 512, 512)",-543.2385660080682,-1024.0,1315.0,b34daa35c8b1e86fa58f8f5b0aa7810bc9d57773,"(3.0, 0.9765625, 0.9765625)","(105, 512, 512)","(35, 260, 151, 46, 94, 227)",175025,15,"(np.float64(56.17795172118269), np.float64(310.57972289672904), np.float64(263.1538351664048))","(256.98616715469217, 303.3005106413369, -168.53385516354805)","(1.0, 1.0, 1.0)","(160, 114, 244)",31.524186442924837,-998.2349039012757,1322.452638060513,"(1.0, 1.0, 1.0)","(160, 114, 244)","(12, 11, 11, 138, 92, 222)",501177,15,"(np.float64(76.50480967801795), np.float64(60.21663603876475), np.float64(120.7596956763778))","(256.7714144263778, 303.22835478876476, -168.50480967801795)",85.29918344803808,-145.39247882898502,265.3655404997207,0.4165782728395112,0.1809336153198853,55.36143283133549,305.9764916179788,223.37636401374252,221.50846484954022,132.7742444904131,223.69845775060676,501073.3333333333,127.46315840771081,0.40478419939277416,75369.349434476,0.1504158062714892,501177.0,10.78956386870555,144.9628833136221,5048658112.331869,3.050752046097183,73.09736706013815,3.1120294637940358,265.3655404997207,42.775472114866794,85.29918344803808,95.25524936349922,-145.39247882898502,410.7580193287057,30.301351607909776,100.36734012261239,-0.7048490111456116,5048658112.331869,0.14151878350694994,2797.6522663860987,104.30686786500817,553.2871841089279,-33.28445715783238,13.46184501182596,2.5763237527664624,0.6768519669601155,1.1614546230867957,1.9556570175880124,1.1761466852194953,0.587342784010406,0.5473802939441552,0.9914061599186668,0.9393087507625926,-0.16689998304168746,0.7633853501879517,0.4703757190579004,10.07890847484737,0.03444274022840508,5.443867182291774,0.6955653741972067,0.07778845677356784,20.15781694969474,3.816793963563749,4.009542191148106,47451.93209923664,0.1314599982952557,5.022302673998409,100.10557432075532,2.7432855998460868,292.3573450350302,0.03194362616247804,0.0135885606925513,4.291041233877123,212358.13403725915,0.5815453687802677,0.7195794944853661,0.7278256608320055,0.7884915348551207,77.14976427796609,0.011270850377326332,1739.4059348556857,0.10081175002061468,11.083814947099384,68.2170511185812,874651.8052045902,101136168.41833778,7975.37497058126,0.03248724810817462,3664.3047409296396,0.21237421704704065,0.4594273618830255,28.084944399655488,0.017752505370303713,6.5482719328113195,0.0344269589386584,873808.076786837,202.04410441870203,2.210230962604449e-05,98.25902077270253,0.025694827671007465,0.0026033588744728,case_00127
3.1.1.dev111+g8ed579383,2.0.2,2.5.5,1.8.0,3.12.13,"{'minimumROIDimensions': 2, 'minimumROISize': 50, 'normalize': False, 'normalizeScale': 1, 'removeOutliers': 3, 'resampledPixelSpacing': [1, 1, 1], 'interpolator': 'sitkBSpline', 'preCrop': False, 'padDistance': 10, 'distances': [1], 'force2D': False, 'force2Ddimension': 0, 'resegmentRange': None, 'label': 1, 'additionalInfo': True, 'binWidth': 25}",{'Original': {}},28f1fe1e69d6329bbf21b39ad7c49f781e1e0695,3D,"(2.5, 0.8789060115814209, 0.8789060115814209)","(206, 512, 512)",-686.4700713666897,-2048.0,1564.0,cc83a4b71370bb2f92b4a1bae4e345913f5ed572,"(2.5, 0.8789060115814209, 0.8789060115814209)","(206, 512, 512)","(55, 201, 126, 46, 136, 276)",254075,22,"(np.float64(76.85642034832235), np.float64(267.3152022040736), np.float64(264.038772016137))","(232.06526401555905, 234.9449382042634, -192.14105087080586)","(1.0, 1.0, 1.0)","(137, 141, 264)",-7.484454996593007,-589.5355671915522,1579.3821791304308,"(1.0, 1.0, 1.0)","(137, 141, 264)","(11, 11, 11, 115, 119, 242)",490458,18,"(np.float64(66.63674769297269), np.float64(68.88361490688295), np.float64(131.9702951119158))","(232.03084210612508, 234.94416190109223, -191.88674769297268)",131.86301414865846,-171.68748718568162,314.40347891792146,0.3586893069832789,0.17347065842968926,60.13525880259939,346.65954085239883,236.07625886564705,245.15301344262525,132.38202294873727,248.84332420219755,490446.9583333333,124.3430704674886,0.3710898912972147,81046.26974744882,0.16524981625508534,490458.0,11.809011777504248,213.63951019494652,11475419485.692202,3.486198523660981,106.63887365022974,2.986572217929525,314.40347891792146,63.4052464471942,131.86301414865846,153.91587754304882,-171.68748718568162,486.0909661036031,45.186251215313234,152.96193669204732,-0.8489939671823474,11475419485.692202,0.10765563884541106,6009.499576212583,176.9853917151698,2505.183900057291,-132.69366103639197,28.418796375953075,4.502515696447967,0.7241498533229122,1.5259911951156129,2.2854558699517016,2.1080067717421334,0.5304124451389336,0.47675932753933914,0.9893115466889282,0.9330901759471508,-0.1691030853929683,0.8061614110728448,0.4360228243000925,13.076794013328616,0.02285526597966517,6.200399977958448,0.750472695257981,0.06574009425435429,26.153588026657232,4.231531321938328,8.230328018100263,37404.58055265367,0.0982510574299214,10.473890453400818,167.50751342120594,2.1818144455324133,395.9009959315685,0.01650162723096395,0.009078766603358294,4.521102090541307,249755.1183179146,0.6530041789010567,0.7753769867223006,0.4856445043387476,0.8346223997627512,136.32088246425815,0.007980000309764783,2625.4700386412133,0.0757099613196036,16.576994430508677,111.33692831189803,296433.6702808697,62512397.92274641,1464.5662518273853,0.019459381221944246,9146.824961070419,0.2637644893324419,0.522376398056358,54.932765192247686,0.011532140608052951,6.57652633092996,0.07070534072234523,296233.6400845779,131.77413318478693,2.3299151315167388e-05,174.46018255682182,0.05075280068279427,0.003949200102673168,case_00128
3.1.1.dev111+g8ed579383,2.0.2,2.5.5,1.8.0,3.12.13,"{'minimumROIDimensions': 2, 'minimumROISize': 50, 'normalize': False, 'normalizeScale': 1, 'removeOutliers': 3, 'resampledPixelSpacing': [1, 1, 1], 'interpolator': 'sitkBSpline', 'preCrop': False, 'padDistance': 10, 'distances': [1], 'force2D': False, 'force2Ddimension': 0, 'resegmentRange': None, 'label': 1, 'additionalInfo': True, 'binWidth': 25}",{'Original': {}},2e2820bc5516d3307df7dfa7aeb12bfc20a2c128,3D,"(5.0, 0.736328125, 0.736328125)","(48, 512, 512)",-425.74177344640094,-1024.0,1247.0,47eee9aefa819c0aeadca27aead9a5c3f86b35ef,"(5.0, 0.736328125, 0.736328125)","(48, 512, 512)","(16, 257, 124, 22, 99, 277)",147945,4,"(np.float64(26.664037311162932), np.float64(308.15735577410527), np.float64(263.3616141133529))","(193.9205635170587, 226.90492798210485, -133.32018655581467)","(1.0, 1.0, 1.0)","(132, 95, 226)",63.084507471078865,-1034.9442185176322,1242.2833876102814,"(1.0, 1.0, 1.0)","(132, 95, 226)","(13, 11, 11, 110, 73, 204)",401030,4,"(np.float64(68.31303144403162), np.float64(48.779368127072786), np.float64(113.7617385233025))","(193.89357446080248, 226.9112040645728, -133.31303144403162)",133.73404855019302,-131.16027401039534,260.82709056136395,0.3770872093200231,0.19842223014845634,53.32480690264184,268.7441163358817,206.81392603013947,201.08953229842672,117.39250401963491,206.9009424821453,401060.3333333333,101.33996885027325,0.4980114208506086,52810.21824450195,0.13167649317393298,401030.0,38.211189489969584,197.2177961107299,8854396733.896343,3.1447316296385663,85.88681018428834,3.6257800250655468,260.82709056136395,52.23444810121703,133.73404855019302,155.77101734722925,-131.16027401039534,391.98736457175926,36.34429975749661,148.59050458979928,-1.0981104477603914,8854396733.896343,0.1441783705365287,4194.3423126257785,149.792409018739,1588.1818892654608,-103.90004855362614,20.918663956419454,2.5169954780370314,0.7831549817584494,1.0650865216008312,1.9105134535443336,1.341362685004096,0.6205203747752297,0.5883713804010472,0.9917491773900668,0.9446253422050189,-0.2310597466113555,0.8527003463734475,0.4667882608677027,12.049476611686966,0.044722478728109985,5.402276964702259,0.8028081998568379,0.12609076032352995,24.098953223373936,3.9192523950567497,5.858914858614123,33093.154745152,0.12210672053554629,7.603423486303301,139.9315964302928,3.552169638578071,563.5195355899754,0.028560822317461213,0.010554913525045537,4.579859533652259,147884.41837850254,0.5409020757721547,0.6734364779922467,1.210376709866519,0.761973468269068,102.51286148830523,0.00868962554387092,1173.121872240212,0.08633513925818458,11.909261656959087,80.91610244333235,760268.5261995879,132824631.19885193,4525.328274619756,0.027734634356708737,2892.7332940830142,0.21288882058308908,0.455986358048983,32.167160225609784,0.014556081003641674,6.633310104362535,0.03388275191382191,759397.4770759782,116.75986000326773,3.1780669020624196e-05,91.39914012163439,0.03417010232171275,0.004822380414318862,case_00129
3.1.1.dev111+g8ed579383,2.0.2,2.5.5,1.8.0,3.12.13,"{'minimumROIDimensions': 2, 'minimumROISize': 50, 'normalize': False, 'normalizeScale': 1, 'removeOutliers': 3, 'resampledPixelSpacing': [1, 1, 1], 'interpolator': 'sitkBSpline', 'preCrop': False, 'padDistance': 10, 'distances': [1], 'force2D': False, 'force2Ddimension': 0, 'resegmentRange': None, 'label': 1, 'additionalInfo': True, 'binWidth': 25}",{'Original': {}},0b034ade1281d160ccb8bc159169f4f3e56bad45,3D,"(3.0, 0.546875, 0.546875)","(53, 512, 512)",-351.4069444908286,-1024.0,1420.0,cdfdf27c93d56806e7c17020b97656eb61aebfa3,"(3.0, 0.546875, 0.546875)","(53, 512, 512)","(5, 216, 66, 43, 168, 348)",271936,26,"(np.float64(26.943207225229465), np.float64(301.2374860261238), np.float64(245.72357098729114))","(134.38007788367483, 164.73925017053645, -80.8296216756884)","(1.0, 1.0, 1.0)","(151, 114, 213)",14.755439741910452,-1105.8868845419533,1454.1095208278255,"(1.0, 1.0, 1.0)","(151, 114, 213)","(12, 11, 11, 129, 92, 190)",243600,23,"(np.float64(78.79916256157635), np.float64(57.52576354679803), np.float64(109.16320197044335))","(134.38976447044337, 164.75232604679803, -80.79916256157635)",136.30746543876353,-126.06316502100563,442.2997055374549,0.3733071578049455,0.20263927196394368,54.48381779318507,268.8709708889971,196.4001018329675,186.30351580150065,111.75866856758807,198.04292464008907,243250.20833333334,100.37145795882776,0.33330799103381165,56538.01357633632,0.2324274004273843,243600.0,22.356992141965073,242.7594887281279,6225360757.634351,3.6573975147018305,132.56823759265032,2.242769530064049,442.2997055374549,71.00697967103407,136.30746543876353,133.89066852986994,-126.06316502100563,568.3628705584605,54.63190342544751,159.8614028925931,-0.26885611912929686,6225360757.634351,0.08831541535559924,6975.94300044827,158.5020478305118,2815.1112306296486,-48.56718083956396,35.84944676695971,4.470274145425097,0.7770476995479497,1.4368793615668736,2.2692422616207124,2.3385047889155524,0.5626524135932952,0.5159371717951038,0.9925684764962404,0.94670288594941,-0.21943351497020333,0.8760656353058707,0.4269852530024991,12.274081493066719,0.0192506252076786,6.36321742834989,0.7917351361152687,0.05799510722742783,24.548162986133434,4.484788896752253,10.0799302280962,14868.47243615786,0.0828387222128786,11.628027267851088,149.95343836435453,2.605777704749854,415.0056206856286,0.023540781353376887,0.010624297197080928,4.779045735587297,112596.15989271388,0.6245097668889936,0.7367872931666035,0.734253300888241,0.8175877753628845,119.62210557039822,0.0091218782893382,1351.5136970264575,0.07910990968312208,12.905157201533585,95.08844532896278,106866.26375556077,19295150.875673145,700.1091558419507,0.02132062286021767,4888.725708265043,0.2861581426050716,0.5479037599716245,49.81951657766488,0.01274077745128735,6.381667585246312,0.07013136288998358,106662.9459365354,43.304737091883695,6.437879144487296e-05,218.64497006819275,0.03451134836232381,0.013834713693132307,case_00130
3.1.1.dev111+g8ed579383,2.0.2,2.5.5,1.8.0,3.12.13,"{'minimumROIDimensions': 2, 'minimumROISize': 50, 'normalize': False, 'normalizeScale': 1, 'removeOutliers': 3, 'resampledPixelSpacing': [1, 1, 1], 'interpolator': 'sitkBSpline', 'preCrop': False, 'padDistance': 10, 'distances': [1], 'force2D': False, 'force2Ddimension': 0, 'resegmentRange': None, 'label': 1, 'additionalInfo': True, 'binWidth': 25}",{'Original': {}},060576b3a5fd736dc0e76df798c2fef4ca6a6121,3D,"(3.0, 0.6679999828338623, 0.6679999828338623)","(159, 512, 512)",-683.0518485974966,-2048.0,1611.0,ce485e3567387103e2c6f40554f0b520f4bfc450,"(3.0, 0.6679999828338623, 0.6679999828338623)","(159, 512, 512)","(35, 260, 99, 40, 118, 308)",280671,64,"(np.float64(55.47223261398577), np.float64(306.59255854719584), np.float64(251.65233672164206))","(168.10375661015823, 204.80382384651674, -166.4166978419573)","(1.0, 1.0, 1.0)","(142, 101, 228)",58.82082765467422,-1069.0458682091025,1475.8440246520208,"(1.0, 1.0, 1.0)","(142, 101, 228)","(12, 11, 11, 120, 79, 206)",376248,43,"(np.float64(74.43134847228424), np.float64(41.56011992090323), np.float64(113.03147126363463))","(168.19747127221768, 204.7261199294863, -166.43134847228424)",187.47405335048848,-129.90454377232652,317.8483075137864,0.3630455221748509,0.18969463440078171,52.50147037157889,276.7683468613835,209.6687864227768,199.64217991196148,119.54915307102765,209.9571384830723,375362.9166666667,100.47950900776124,0.4829605635047859,52104.27591332534,0.13881039815021332,376248.0,67.00944304448062,252.54366603944305,15411210529.630426,3.15917812067865,78.06957652713757,4.618251681226402,317.8483075137864,58.49447255498979,187.47405335048848,217.04952257203985,-129.90454377232652,447.7528512861129,36.52666845766303,202.38637729503827,-1.4974412789656444,15411210529.630426,0.1590633937887407,5813.725034947791,210.06032350129692,3612.6471609105215,-215.55860011124616,27.265000355135143,3.0979551522162136,0.7933445728529352,1.1089356096533487,1.991488529006302,1.8336403689831593,0.629248754281772,0.5982631351376386,0.9919407935470138,0.9486942664747336,-0.23620899532832554,0.8603008293594425,0.4458765150584831,14.283386109756684,0.05607281951821176,5.3568288189331845,0.8176314896451733,0.1652355829395612,28.566772219513364,3.921845599925006,7.590738876837836,29988.487524613614,0.12134108031414731,11.27786415869012,191.5237253924558,3.7875684261802243,847.3776772262107,0.021776405746356312,0.008492739138531906,4.724127459665263,132004.99947699835,0.5317517867269194,0.653322358575277,1.3397321925051042,0.7563233662212158,136.70006990239534,0.00720058129797679,1655.4712706677628,0.0756130113578041,14.525765512080685,100.58541152827259,469928.28948570386,115152995.29944277,1947.21652314237,0.022506116279104132,6181.718918425139,0.2823476257616305,0.5410643209479522,49.521386554226666,0.01409855078048358,6.398528287586371,0.05819034254002679,469632.9658729397,82.46950482143195,3.1931737572097056e-05,123.61517023197459,0.04003252016602086,0.007666164597362697,case_00131
3.1.1.dev111+g8ed579383,2.0.2,2.5.5,1.8.0,3.12.13,"{'minimumROIDimensions': 2, 'minimumROISize': 50, 'normalize': False, 'normalizeScale': 1, 'removeOutliers': 3, 'resampledPixelSpacing': [1, 1, 1], 'interpolator': 'sitkBSpline', 'preCrop': False, 'padDistance': 10, 'distances': [1], 'force2D': False, 'force2Ddimension': 0, 'resegmentRange': None, 'label': 1, 'additionalInfo': True, 'binWidth': 25}",{'Original': {}},c4a3d3a6d86915572c4396fb1aa730cf633450b8,3D,"(0.5, 0.712890625, 0.712890625)","(532, 512, 512)",-421.0613417804689,-1024.0,3069.0,b42038585f5dc6b076f6ad606d40db1dbd341158,"(0.5, 0.712890625, 0.712890625)","(532, 512, 512)","(68, 285, 125, 224, 104, 277)",1283202,29,"(np.float64(171.24727361709225), np.float64(336.58968112580874), np.float64(271.1906184684874))","(193.32924949413652, 239.9516281463285, -85.62363680854612)","(1.0, 1.0, 1.0)","(134, 96, 220)",30.9699838682258,-1022.1215202833997,2782.9563895692486,"(1.0, 1.0, 1.0)","(134, 96, 220)","(11, 11, 11, 112, 74, 198)",325550,15,"(np.float64(62.15071417600983), np.float64(47.80051297803717), np.float64(115.2337152511135))","(193.3772699386135, 239.94406766553718, -85.40071417600983)",83.28360052144166,-137.16603714597497,365.1186807786281,0.3664644505201359,0.17290804048026787,46.83700318419249,270.87810985595837,197.144616969371,199.96999774966244,106.89246933250256,199.99249985936973,325605.0833333333,99.26719768629677,0.47327134900770074,48361.67805332457,0.14852863339303282,325550.0,8.472791992875912,149.59771663843438,3272001406.7603536,3.1566083072166897,85.10062400418664,2.6893603810808475,365.1186807786281,46.47875649772235,83.28360052144166,91.22314173709029,-137.16603714597497,502.2847179246031,34.573464748675995,100.25311855469995,-0.40433887810250835,3272001406.7603536,0.12781236225565937,3114.529664127642,101.93651273356055,560.7621234291787,-19.92812036783534,15.136342186270252,3.679978419905688,0.6085099537373924,1.3984058182442576,2.1826699913637424,1.7061052850302199,0.5437687640290189,0.49382770369283374,0.9919594905951795,0.9405574686936229,-0.12466594886275183,0.725282200687225,0.45581747352530855,9.953506912291711,0.025258283211558905,5.822567373240153,0.6509287122816463,0.054724625538730254,19.907013824583412,3.9149631344863614,4.704080151543985,30386.39298083168,0.121727346627517,5.405519160224745,100.50921505329958,2.1470151431258935,221.86130288599674,0.026516251999780034,0.013583426405742085,4.2135721188582185,158284.06564738948,0.6331544200015551,0.7667835497324056,0.4410276939300963,0.8235565246780264,81.88321931923278,0.011566937409402015,2046.638602923894,0.09620827353565055,11.235653481105116,78.82564753443332,233819.2016170733,27561476.150331408,2130.931684991442,0.02670032336701783,7610.315846378038,0.3577453037360992,0.6203865924642438,49.08161471215738,0.017998275034408637,5.797394456572125,0.06534480110582092,233585.00645507488,113.89366145244183,3.063004145131476e-05,197.2945052962302,0.023093060211470173,0.005807926455434351,case_00132
3.1.1.dev111+g8ed579383,2.0.2,2.5.5,1.8.0,3.12.13,"{'minimumROIDimensions': 2, 'minimumROISize': 50, 'normalize': False, 'normalizeScale': 1, 'removeOutliers': 3, 'resampledPixelSpacing': [1, 1, 1], 'interpolator': 'sitkBSpline', 'preCrop': False, 'padDistance': 10, 'distances': [1], 'force2D': False, 'force2Ddimension': 0, 'resegmentRange': None, 'label': 1, 'additionalInfo': True, 'binWidth': 25}",{'Original': {}},d19fcc62404aaf69b8afb58e8eebc9abfddde5aa,3D,"(2.5, 0.8496090173721313, 0.8496090173721313)","(186, 512, 512)",-688.7551387048537,-2048.0,2640.0,74165487239e4f6fea82555dd0bc3a9cd6ea7085,"(2.5, 0.8496090173721313, 0.8496090173721313)","(186, 512, 512)","(37, 262, 108, 52, 89, 245)",162121,34,"(np.float64(60.41275343724749), np.float64(319.5670332652772), np.float64(238.5755022483207))","(202.69589803425848, 271.5070331170394, -151.03188359311872)","(1.0, 1.0, 1.0)","(152, 97, 230)",40.08205011382841,-992.0549985234501,1371.152183584599,"(1.0, 1.0, 1.0)","(152, 97, 230)","(11, 12, 11, 130, 74, 208)",292651,28,"(np.float64(70.51271651215953), np.float64(59.43545041704966), np.float64(121.65689507297088))","(202.73209056428482, 271.5106459083636, -150.76271651215953)",146.87547259671652,-142.35132553124407,272.800684435729,0.3372359009887819,0.1529078455873396,43.50220918698465,284.4995233559587,208.86598574205422,206.11889772653063,106.88779163215975,209.16500663351889,292615.0416666667,95.94345308982574,0.5043117253441205,42265.189782623034,0.1444395665441203,292651.0,30.55202167758034,213.39859743516163,7821572772.528059,3.1848592797029767,85.57290305941957,3.9075025409207544,272.800684435729,56.6354384249124,146.87547259671652,172.90196098498947,-142.35132553124407,415.1520099669731,37.908890888688646,163.48278931393523,-1.2592689318163977,7821572772.528059,0.14399819658997845,5154.217951355733,165.0182858785874,2470.9428105698553,-152.79371034596213,24.358492789656683,3.243011406606902,0.7625565695071798,1.1474692947716805,2.0220409942932625,1.886254112241263,0.6199523909359022,0.5874212543777417,0.9896110399217795,0.941546221082616,-0.22401624130412737,0.8513882480924124,0.44930929348927795,12.638701360247456,0.04638027153362381,5.462172817999631,0.7864631424741056,0.11196378687716134,25.277402720494912,3.9465448682065727,6.9003760490658985,23210.63367264957,0.11860898018283257,9.683396341415355,151.83187826062112,3.4555772171346932,601.5521447885402,0.026627334361284304,0.010802300187227054,4.665537486547278,105418.38947453792,0.5349996963889587,0.6664241444850431,1.1126453615078022,0.7582058837275627,109.12411252127373,0.009089649323937065,1335.3487423947813,0.08375768314588104,12.526021705257298,88.17117230132347,348361.81640845514,68612937.79200903,1824.1620227050867,0.025195352526645377,3958.1803299253593,0.24827073511417921,0.5053188301223103,40.9034431071564,0.014254813496844636,6.482581801140366,0.05447785929315123,348024.8706973558,85.49096528867884,4.153535252345792e-05,98.70259663198698,0.04569156255033941,0.0068108720483039745,case_00133
3.1.1.dev111+g8ed579383,2.0.2,2.5.5,1.8.0,3.12.13,"{'minimumROIDimensions': 2, 'minimumROISize': 50, 'normalize': False, 'normalizeScale': 1, 'removeOutliers': 3, 'resampledPixelSpacing': [1, 1, 1], 'interpolator': 'sitkBSpline', 'preCrop': False, 'padDistance': 10, 'distances': [1], 'force2D': False, 'force2Ddimension': 0, 'resegmentRange': None, 'label': 1, 'additionalInfo': True, 'binWidth': 25}",{'Original': {}},bd00375a17c051b5e9b52c25d847942c60717306,3D,"(3.0, 0.947265625, 0.947265625)","(61, 512, 512)",-421.3991055723096,-1024.0,1110.0,87b18e84322e71181579bb51f419341514784ecd,"(3.0, 0.947265625, 0.947265625)","(61, 512, 512)","(3, 228, 140, 53, 102, 240)",127156,36,"(np.float64(30.213989115731856), np.float64(283.70246783478564), np.float64(242.5574569819749))","(229.76634108644106, 268.7415955075606, -90.64196734719556)","(1.0, 1.0, 1.0)","(178, 119, 249)",2.2655800807614686,-970.8582374178873,1121.6081055742904,"(1.0, 1.0, 1.0)","(178, 119, 249)","(9, 11, 11, 159, 97, 227)",342735,33,"(np.float64(91.6082191780822), np.float64(63.711856098735176), np.float64(107.59872204472843))","(229.62508923222845, 268.73822328623515, -90.6082191780822)",69.52492096723178,-124.21521271311649,191.11688858670126,0.3708713777112016,0.17351721832212574,52.395695820794565,301.96251603990487,231.46490014686893,211.463944917331,122.4499897917513,232.51881644288488,341778.2083333333,111.98925434086031,0.40468857018446364,58415.23100175987,0.17091561011633605,342735.0,-1.1258085177830366,119.22040540073232,2392572618.287055,2.795890616163678,63.640652003335006,2.9962202249830123,191.11688858670126,37.748800032759476,69.52492096723178,81.16379582779824,-124.21521271311649,315.33210129981774,26.97936540069092,83.55132387812972,-0.8185209151064562,2392572618.287055,0.1712124487472358,2147.109086288308,73.50349918406522,350.68247150134414,-29.208982938478137,10.695929015891222,1.6562396052582107,0.7302057392912361,0.884562341935372,1.7114383086938671,0.8495030273707148,0.6542398136788588,0.6291942321897198,0.9906448959835088,0.9402127331469206,-0.21277581101120868,0.8099322042303884,0.472866119731262,8.440530131965154,0.056165539651227996,4.846935314037166,0.7514153290598806,0.13590951320065864,16.881060263930305,3.562439011870627,3.0880421552873587,32946.194273430054,0.15000871435128335,3.976091553591578,68.5327229599866,3.9893214303095608,307.645630673,0.06507687491692823,0.020962556259259173,4.338401005688249,111908.11185633834,0.5026420677102077,0.6396000049376565,1.3660011426588987,0.7333564444935413,48.26179987805272,0.016610601501269997,983.3723337119778,0.12411615975160643,8.46338587473153,45.927426479868735,1157604.7407547645,96321784.206235,14852.787169504514,0.05443966797772244,1648.4958980184274,0.20806460911503563,0.44845299345562134,18.284693167786617,0.028526418657349485,6.2313785865999485,0.023116985426058032,1155733.4658147336,216.17428179574117,3.3375774013135416e-05,45.57760989112725,0.027582895449609877,0.0023763110869918567,case_00134
3.1.1.dev111+g8ed579383,2.0.2,2.5.5,1.8.0,3.12.13,"{'minimumROIDimensions': 2, 'minimumROISize': 50, 'normalize': False, 'normalizeScale': 1, 'removeOutliers': 3, 'resampledPixelSpacing': [1, 1, 1], 'interpolator': 'sitkBSpline', 'preCrop': False, 'padDistance': 10, 'distances': [1], 'force2D': False, 'force2Ddimension': 0, 'resegmentRange': None, 'label': 1, 'additionalInfo': True, 'binWidth': 25}",{'Original': {}},e27aaafb05bedff2c2cdc3ef03ba706e9756f169,3D,"(0.5, 0.837890625, 0.837890625)","(634, 512, 512)",-496.1134145658475,-1024.0,3071.0,4acc218631a0435ce4bb5187e347315c1f32bc02,"(0.5, 0.837890625, 0.837890625)","(634, 512, 512)","(87, 192, 149, 244, 179, 274)",1064133,424,"(np.float64(187.00637702242108), np.float64(295.7629168534384), np.float64(259.177763493849))","(217.1626182399633, 247.81697525415055, -93.50318851121054)","(1.0, 1.0, 1.0)","(144, 172, 252)",10.385814879951864,-1046.1207931028607,1390.4190353312263,"(1.0, 1.0, 1.0)","(144, 172, 252)","(10, 11, 11, 122, 150, 229)",372997,323,"(np.float64(59.99653080319681), np.float64(97.7179360691909), np.float64(103.09863886304716))","(217.17969355054714, 247.7989907566909, -93.2465308031968)",100.49340573529345,-161.24987719302695,448.1331927387156,0.38624159376375705,0.19942967847433643,57.71593073862124,289.40492297914625,233.80547470065795,232.84758963751375,140.4314779527724,235.02553052806837,367600.125,111.78021869454281,0.3718299376522926,66740.61500438835,0.18155765046159425,372997.0,20.079626706903298,165.1586327296072,5088462778.839654,3.235408946946262,80.65550466162665,3.9931536447393396,448.1331927387156,47.08886701674633,100.49340573529345,109.40425562848117,-161.24987719302695,609.3830699317425,33.07965085406876,116.79940533313527,-0.17571123336659594,5088462778.839654,0.12796991484534279,3543.1764898957217,139.03948386723704,1263.2714536725668,-8.646280030981385,17.575064842314593,3.8773555056488007,0.6381265329498975,1.417340147498873,2.2009993505619145,1.8449135000976031,0.5425596569729378,0.49249164704857573,0.9939955684700352,0.9486904413054671,-0.13408209146120564,0.747359483515413,0.45476109357717526,11.64538011385601,0.025531638517663553,5.943184187561473,0.6643424245824181,0.0631054526237918,23.29076022771201,4.017314736720058,5.3631050869908465,34680.08946348959,0.12074666564080803,6.235760060140276,137.2484533990038,2.126559268391195,298.3259376842216,0.01830576487276004,0.00928540841372483,4.295957710077611,183429.50550059282,0.6375681952776557,0.7699886635508102,0.4338874235587913,0.82614626584512,112.57875313469793,0.007864227295197153,2074.170302244232,0.081522238031845,14.978325001463013,123.08666430845419,281652.7641787525,42614558.909719765,1960.016697041627,0.014930151102417988,8767.243131706167,0.34458370206760863,0.6078607929417694,73.12151235654825,0.009578664350647144,6.151609763280742,0.06821234487140647,281437.8455595068,86.41876401593707,2.7440574830200998e-05,274.2814023868682,0.018002707223775342,0.008555081062628627,case_00135
3.1.1.dev111+g8ed579383,2.0.2,2.5.5,1.8.0,3.12.13,"{'minimumROIDimensions': 2, 'minimumROISize': 50, 'normalize': False, 'normalizeScale': 1, 'removeOutliers': 3, 'resampledPixelSpacing': [1, 1, 1], 'interpolator': 'sitkBSpline', 'preCrop': False, 'padDistance': 10, 'distances': [1], 'force2D': False, 'force2Ddimension': 0, 'resegmentRange': None, 'label': 1, 'additionalInfo': True, 'binWidth': 25}",{'Original': {}},d7ad8a8c647c604c39b9621f2d5efe21fbd47378,3D,"(5.0, 0.68359375, 0.68359375)","(101, 512, 512)",-377.4813996494407,-1024.0,3071.0,6fddc59dd22357265314e0766479d54e26e8181b,"(5.0, 0.68359375, 0.68359375)","(101, 512, 512)","(24, 206, 106, 26, 128, 309)",166299,4,"(np.float64(36.359791700491286), np.float64(269.0304511752927), np.float64(272.27639973782163))","(186.12644513327652, 183.90753498311022, -181.79895850245643)","(1.0, 1.0, 1.0)","(152, 109, 233)",4.5241676707646326,-869.2039685429768,1584.5274651387213,"(1.0, 1.0, 1.0)","(152, 109, 233)","(13, 11, 10, 130, 87, 212)",388325,3,"(np.float64(76.80937359170798), np.float64(53.76334256099916), np.float64(123.93850511813558))","(186.09670824313557, 183.92154568599915, -181.80937359170798)",106.42406675186949,-127.72796906304598,209.2670267249888,0.38195781674072904,0.16864231400253143,51.10110417795529,303.0147236783541,209.02152999152983,213.243991709028,130.17680284904833,220.87553055963443,388374.0,115.73884229647942,0.4066584415197502,63302.534399723874,0.16299374932339414,388325.0,23.35168556812603,154.81337910204817,5489082577.149206,2.7814326468119863,54.745978406879544,4.575369583631808,209.2670267249888,40.250661345551414,106.42406675186949,123.63076442615639,-127.72796906304598,336.99499578803477,25.27386438954012,118.8918833466125,-1.4223769746673318,5489082577.149206,0.19277110464025005,2809.1979416981394,123.11479558400882,815.9526212848281,-67.189113264541,12.78648962803273,1.9041390902900834,0.7370454460794372,0.8993244863316038,1.7555866751469615,1.0662169984817353,0.6608604260926789,0.6364761314077574,0.9919978008804,0.947103714002597,-0.215244450875752,0.8035255246908968,0.4587396179444653,10.972312563015405,0.0729356825094033,4.734049002622123,0.7582328663519495,0.19080583417631625,21.94462512603081,3.4944911918062185,3.672657179580704,36680.628331542874,0.1503126814320638,5.628675890560678,112.6370864674024,4.625026544944091,601.5363061712885,0.04187783255194661,0.012655334543743454,4.4299435373979765,123429.95152638365,0.5025384351288895,0.624468204170773,1.853453896878809,0.7352297728063614,78.4336226700842,0.010275704402973556,1162.4241403757533,0.10301525526194198,9.153306283229753,60.347305919886566,1222452.3940978376,169398892.0938497,9002.818906468192,0.03467240675102029,2421.0120524636654,0.21455264555686507,0.45884978330034903,23.73253201861833,0.018531658774765997,6.398758430822122,0.029058134294727353,1221268.0864143812,155.11396326157274,2.8213272099941702e-05,67.64499919493497,0.027449347198746733,0.0037800752151977484,case_00136
3.1.1.dev111+g8ed579383,2.0.2,2.5.5,1.8.0,3.12.13,"{'minimumROIDimensions': 2, 'minimumROISize': 50, 'normalize': False, 'normalizeScale': 1, 'removeOutliers': 3, 'resampledPixelSpacing': [1, 1, 1], 'interpolator': 'sitkBSpline', 'preCrop': False, 'padDistance': 10, 'distances': [1], 'force2D': False, 'force2Ddimension': 0, 'resegmentRange': None, 'label': 1, 'additionalInfo': True, 'binWidth': 25}",{'Original': {}},6355e0de3dffea048bf4c81c0a1fd4e4ed49766e,3D,"(2.5, 0.7421875, 0.7421875)","(109, 512, 512)",-531.4348321267224,-1024.0,2510.0,d5fc65fe5dfcdb9e51eafaf2f06539804a278cb1,"(2.5, 0.7421875, 0.7421875)","(109, 512, 512)","(40, 283, 125, 53, 109, 249)",232792,12,"(np.float64(65.67333069864944), np.float64(340.1519167325338), np.float64(255.98002508677274))","(189.98517486908915, 252.4565006999274, -164.1833267466236)","(1.0, 1.0, 1.0)","(155, 103, 207)",55.158476178554736,-1011.553730237322,1425.4382695435634,"(1.0, 1.0, 1.0)","(155, 103, 207)","(12, 11, 11, 132, 81, 185)",320975,16,"(np.float64(76.66319806838538), np.float64(53.31781602928577), np.float64(107.84188488200016))","(189.97079113200016, 252.44672227928575, -163.91319806838538)",91.58912469137708,-112.45189817697273,286.70990702112476,0.3898840853855768,0.21024859988974676,54.13641827924599,257.48765179713365,190.3785702225962,178.90779748239035,118.86967653695369,194.65096968677037,320910.625,100.39033761900534,0.414634181359722,54669.07856899074,0.17035608767703078,320975.0,14.97232749695154,136.71894361147505,3429395619.2550173,2.69701356037846,54.98771892911488,4.087527430911016,286.70990702112476,37.321082951376646,91.58912469137708,107.03303224905694,-112.45189817697273,399.1618051980975,24.831858802905355,103.36492422757976,-1.249201002802687,3429395619.2550173,0.19309430805174918,2295.7397988406883,89.52814319453827,501.59651809099313,-43.1952189610672,10.839307207905167,1.7252183986933491,0.7228958474523844,0.7701076385203574,1.6792580451020898,1.1143410479993703,0.7156021385562723,0.6961250749314054,0.9943050282925394,0.9597304390289089,-0.25120488761388154,0.8406846835061246,0.38791480125908395,9.340692040126259,0.08223898945953613,4.525686449526105,0.7450764880953462,0.17290828243158157,18.68138408025251,3.4384863930550464,3.141131401649629,26326.119764469066,0.15336070803977736,4.720681769655624,79.48525647356139,6.700863386909808,648.8158117861229,0.08252921057432713,0.01888476563515882,4.667641181273542,74040.09553398986,0.4284841202393314,0.5329741712450645,3.001141838338067,0.6793647999280706,49.47133239790828,0.014766296328560857,1225.0124089028955,0.12064333355356464,5.890792529728027,44.86409296828836,897975.1783533583,92543643.0863699,9051.63922259888,0.04349683850462437,2563.406539294859,0.25245287958389395,0.5115634962068814,21.688674604838106,0.024077495439663074,6.058353754582708,0.03163486252823429,896975.9422964832,113.53476328171067,3.755860645537275e-05,75.11521113683148,0.015431626850161188,0.005285933871380451,case_00137
3.1.1.dev111+g8ed579383,2.0.2,2.5.5,1.8.0,3.12.13,"{'minimumROIDimensions': 2, 'minimumROISize': 50, 'normalize': False, 'normalizeScale': 1, 'removeOutliers': 3, 'resampledPixelSpacing': [1, 1, 1], 'interpolator': 'sitkBSpline', 'preCrop': False, 'padDistance': 10, 'distances': [1], 'force2D': False, 'force2Ddimension': 0, 'resegmentRange': None, 'label': 1, 'additionalInfo': True, 'binWidth': 25}",{'Original': {}},f8f204f41206f148f8831011219279c0e55864fe,3D,"(3.0, 0.68359375, 0.68359375)","(76, 512, 512)",-223.47734928131104,-1024.0,3071.0,5b13b63dc4a6bca043c07fc1365c303e06965caa,"(3.0, 0.68359375, 0.68359375)","(76, 512, 512)","(27, 245, 106, 37, 135, 339)",306149,16,"(np.float64(43.22430907825928), np.float64(317.1870657751618), np.float64(270.89292142061544))","(185.18070800237385, 216.8270957447395, -129.67292723477783)","(1.0, 1.0, 1.0)","(133, 114, 253)",21.948548464415353,-1065.4152765433116,2771.39998034463,"(1.0, 1.0, 1.0)","(133, 114, 253)","(12, 10, 10, 111, 93, 232)",429342,21,"(np.float64(61.643459060609025), np.float64(59.681910924158366), np.float64(123.02998309040345))","(185.18818621540345, 216.84011404915836, -129.64345906060902)",92.45805522690769,-149.23968242945443,451.3047604288613,0.3220236685492811,0.16742269685815472,55.60577514453213,332.12805783222404,235.0914715594762,231.26175645791503,116.69190203266035,235.50796164885807,429362.7916666667,106.95309561128057,0.415504527915502,66240.6574649661,0.15427666008933455,429342.0,18.346959733458746,152.4063585984159,4879989571.017129,3.056947536387392,71.07330668505813,3.3018880847877714,451.3047604288613,42.433684166427405,92.45805522690769,101.54063938504079,-149.23968242945443,600.5444428583157,29.597763160326934,106.61240966311367,-0.7416080042111226,4879989571.017129,0.14163693832864274,2817.7139178336624,110.18202344994725,564.9966682070747,-33.661186284872876,13.220903201196604,2.738668442715277,0.6545332175283634,1.1996602077501455,1.9957535575895569,1.2584871939094275,0.5791267036105776,0.5373774808230081,0.9957020686867768,0.9559237611305469,-0.1517315651975704,0.7443828855157081,0.4697185402222482,10.37112305247136,0.033219826323987095,5.491018804580076,0.6715370687824094,0.07429842770188436,20.74224610494272,3.811706027512656,3.9898929109779697,41416.24563528179,0.13204902101927013,5.072186226020955,106.07133053934227,2.6003550776462045,291.7489147094386,0.028478859679259803,0.01267413765222215,4.260826002901769,187363.24692055664,0.5924802728243439,0.7299726629980833,0.6613070549828388,0.7965392555144017,82.8118188524827,0.010588545957897159,1757.3300259330251,0.09907148640957408,11.578384582566294,72.66805727815988,644868.9618897283,77847661.04453716,5620.909940281918,0.02996462386214905,4371.757469838764,0.24646281823422958,0.499803326054197,33.288078343168166,0.017667340317005134,6.2820874905508095,0.04131438340530393,644283.0970310755,115.92949635726296,2.4515597871195844e-05,211.8619414523793,0.01469991780131146,0.007173610169657954,case_00138
3.1.1.dev111+g8ed579383,2.0.2,2.5.5,1.8.0,3.12.13,"{'minimumROIDimensions': 2, 'minimumROISize': 50, 'normalize': False, 'normalizeScale': 1, 'removeOutliers': 3, 'resampledPixelSpacing': [1, 1, 1], 'interpolator': 'sitkBSpline', 'preCrop': False, 'padDistance': 10, 'distances': [1], 'force2D': False, 'force2Ddimension': 0, 'resegmentRange': None, 'label': 1, 'additionalInfo': True, 'binWidth': 25}",{'Original': {}},f3cfbe2df4c1fa90bfdf3ee48e66c526e7c831eb,3D,"(5.0, 0.80078125, 0.80078125)","(103, 512, 512)",-540.3204241261899,-1024.0,3071.0,a47b102c058084a4b3872957e1b7fe2b4654510c,"(5.0, 0.80078125, 0.80078125)","(103, 512, 512)","(25, 189, 79, 28, 195, 329)",133149,165,"(np.float64(38.04850205408978), np.float64(325.14698570774095), np.float64(286.96304140474206))","(229.7946229998911, 260.37160964877694, -190.24251027044892)","(1.0, 1.0, 1.0)","(162, 179, 286)",1.1183603046674524,-1122.3896667305037,1353.4464913872062,"(1.0, 1.0, 1.0)","(162, 179, 286)","(13, 11, 11, 140, 156, 264)",426655,150,"(np.float64(80.25113967960061), np.float64(120.19778275187213), np.float64(177.71672662924377))","(229.81633600424377, 260.2973921268721, -190.2511396796006)",77.61490695061644,-133.01625503441184,165.59295998306882,0.5026932332169253,0.23916694741690628,71.71756237816844,299.8640203119424,260.7623439072444,267.1104640406287,182.98087331740442,270.20177645604036,425029.9583333333,150.73961389603605,0.28055000832875293,97443.64783227367,0.2292630105754867,426655.0,9.70234943468852,120.78129245047145,3400797078.652696,2.635543031504708,53.124837177496175,3.858427153236817,165.59295998306882,34.751061647782336,77.61490695061644,91.53688917677006,-133.01625503441184,298.60921501748066,23.21919541729027,89.27953912090956,-1.1632645993926187,3400797078.652696,0.20486245580571516,1946.762324689173,98.18483702954033,350.45662445237537,-34.154321843343766,9.12741889132503,1.3218142193649167,0.7436095728629838,0.7700976107044986,1.5794571846295271,0.7068792673508573,0.685113530618856,0.6661911523976135,0.992495040788181,0.9474300148064619,-0.22958181359359908,0.8063826385171617,0.46582625364124436,9.809748844743227,0.08310627003380931,4.428825629459326,0.7728227556757206,0.19676383027993738,19.619497689486458,3.326080810700633,2.612308277672486,43030.55110008134,0.16530433449601795,3.826229932423745,89.92935955432002,5.301820025133537,547.7919370496855,0.058346569357069104,0.014372465776706918,4.333554697392595,127266.6212982723,0.48156796057088425,0.6066465158752838,2.21563087262747,0.7174987970110054,61.71867031132969,0.011129614068187162,1217.8741245136187,0.11847024557525473,7.383027137049767,57.47169260700389,1649478.7460116732,183083045.79717898,15180.11729380903,0.03156897241265288,1616.0307392996108,0.15720143378400883,0.3718593635260062,17.643633946489626,0.014295016827195558,6.659822925431663,0.024094408831491484,1647756.2134125328,230.60930311287555,2.5399444131019293e-05,46.69026808340896,0.022932362834895248,0.002616526795784987,case_00139
3.1.1.dev111+g8ed579383,2.0.2,2.5.5,1.8.0,3.12.13,"{'minimumROIDimensions': 2, 'minimumROISize': 50, 'normalize': False, 'normalizeScale': 1, 'removeOutliers': 3, 'resampledPixelSpacing': [1, 1, 1], 'interpolator': 'sitkBSpline', 'preCrop': False, 'padDistance': 10, 'distances': [1], 'force2D': False, 'force2Ddimension': 0, 'resegmentRange': None, 'label': 1, 'additionalInfo': True, 'binWidth': 25}",{'Original': {}},b666643c85cc17719551b587b6a90b587b11161b,3D,"(1.0, 0.82421875, 0.82421875)","(279, 512, 512)",-497.41689799592484,-1024.0,3071.0,611166c791d34df75710169ec1e46cb1e6e702cc,"(1.0, 0.82421875, 0.82421875)","(279, 512, 512)","(101, 269, 120, 120, 100, 258)",715619,2,"(np.float64(157.3489831879813), np.float64(315.8545874271086), np.float64(251.5381900145189))","(207.32249255102926, 260.33327323093715, -157.3489831879813)","(1.0, 1.0, 1.0)","(142, 104, 235)",46.58562821261933,-1020.2000406050649,1286.840036984129,"(1.0, 1.0, 1.0)","(142, 104, 235)","(11, 11, 11, 120, 82, 213)",486047,2,"(np.float64(67.36053097745692), np.float64(49.21909609564507), np.float64(119.19353889644417))","(207.28142952144418, 260.3069867206451, -157.3605309774569)",167.43926908302356,-172.49574644974598,504.7801219624066,0.37151364839868906,0.2109404897174398,59.876567153528825,283.8552581049519,212.13203435596427,211.81123671797963,124.82387592123551,217.23029254687293,486075.625,105.45610255572223,0.5350956693168,55871.275214738576,0.11494358560921168,486047.0,34.28700982247313,273.47755151396206,17915452648.447872,3.8129139847605025,149.47474643791486,2.4611821023307345,504.7801219624066,79.49743884023573,167.43926908302356,190.22059693735403,-172.49574644974598,677.2758684121526,60.272190157114004,191.98829831686027,-0.5540279093484298,17915452648.447872,0.08224976465757951,8823.597859546573,216.7169537751552,4944.271850214098,-165.8550977587941,45.78745018047957,7.04917270062619,0.7325850857845503,1.8997321699119745,2.5549564245750784,3.3618184980650834,0.48386611573918964,0.41982260125655496,0.9914089381943133,0.9397419415913042,-0.15873283252453382,0.8211968507649683,0.4024252935383576,14.388595835787227,0.012732313329077004,6.927556391545352,0.7541267001309909,0.034958537207461116,28.777191671574446,4.632075557242309,13.209155720276442,31129.708151026225,0.07882677392303952,14.564049477315397,212.56377118259618,1.8446639577345938,407.2360130954769,0.012395012325795927,0.007397204295597161,4.69425427780814,274969.6096447958,0.6945934706988484,0.8124464379908811,0.32053988417806223,0.8591593578279594,180.35198909477944,0.0065491684484468024,2768.1844946470696,0.06278770855214728,20.98457815351547,163.2754717837053,138234.58099709672,38456888.472328074,527.7665150112292,0.013604473149467415,14940.16412629287,0.33887144180486456,0.6015079378422653,97.01484608353512,0.008682304729973124,6.46077270352917,0.09070727727976924,138113.04197497712,76.14445535535253,2.487804023819969e-05,416.91681567785264,0.04462547460845517,0.007712275558212957,case_00140
3.1.1.dev111+g8ed579383,2.0.2,2.5.5,1.8.0,3.12.13,"{'minimumROIDimensions': 2, 'minimumROISize': 50, 'normalize': False, 'normalizeScale': 1, 'removeOutliers': 3, 'resampledPixelSpacing': [1, 1, 1], 'interpolator': 'sitkBSpline', 'preCrop': False, 'padDistance': 10, 'distances': [1], 'force2D': False, 'force2Ddimension': 0, 'resegmentRange': None, 'label': 1, 'additionalInfo': True, 'binWidth': 25}",{'Original': {}},b8ab2ccb8232e3508282d48e58fd42745d8992be,3D,"(0.5, 0.712890625, 0.712890625)","(581, 512, 512)",-429.01679990049485,-1024.0,1469.0,72e809d68406b183f56a5c6951f1d699e7644a07,"(0.5, 0.712890625, 0.712890625)","(581, 512, 512)","(124, 272, 104, 266, 122, 333)",1832144,98,"(np.float64(259.64967764542524), np.float64(327.62081419364415), np.float64(265.21715651171525))","(189.0708244663595, 233.55780699351584, -129.82483882271262)","(1.0, 1.0, 1.0)","(155, 109, 260)",8.90000110349897,-1036.4598641032298,1364.3799380326352,"(1.0, 1.0, 1.0)","(155, 109, 260)","(11, 11, 11, 133, 87, 238)",465292,39,"(np.float64(78.36301935128908), np.float64(50.37220283177016), np.float64(125.99507406101975))","(189.13862874851975, 233.51575751927018, -129.6130193512891)",110.23147358383316,-155.10515491279668,374.16936385584967,0.34995262848492004,0.15829306863740766,53.66883876938772,339.04730782826425,238.10081898221182,238.43657437566074,129.80754985747168,240.27900449269387,465154.125,118.65049655523688,0.4476902913618622,64849.16163063518,0.1394143535341865,465292.0,19.221834179330703,179.15146691162846,7515282448.289985,3.271143979718596,91.36174497071062,2.959126379259756,374.16936385584967,51.726534894396295,110.23147358383316,125.78556505032316,-155.10515491279668,529.2745187686463,37.23251863721982,127.08955555329901,-0.6640354980157616,7515282448.289985,0.12442931438106425,4000.777362271768,149.55425943645267,1048.3784919731884,-53.21447610121803,19.321754926416872,4.0770964278297335,0.6508553900695712,1.4408043419925822,2.233615445199104,1.978803740508262,0.5428718023174507,0.49306294415798135,0.9919213921865465,0.9416687060730501,-0.13788238327747945,0.7567194946870044,0.4509595809798869,12.072393611030613,0.025813427586961306,5.965993725789259,0.6885845566551652,0.06202797610643367,24.14478722206122,4.0361245339009315,5.8497128385616515,40997.614607831354,0.1153276562519141,6.97622357066684,145.44010427465895,2.1827243302413697,333.100335751207,0.017747856541376558,0.009090148984218496,4.351924705539519,225311.20518793177,0.6328854007842369,0.763971375460505,0.4640128061198914,0.823362988376454,117.8315342488855,0.007758501144792132,2716.0410446617416,0.08325540399907248,13.614764356168042,112.49661281917666,318199.66244674,55765632.23161573,1874.130600006463,0.016367731380621007,11176.564662967845,0.3425976968080141,0.6063577945133641,68.61317585857357,0.010533871973512316,6.093023151323929,0.0701129613232121,317996.23788975,122.9500787510247,2.2149888383747945e-05,211.2867347178266,0.0272076550503767,0.004576094236628282,case_00141
3.1.1.dev111+g8ed579383,2.0.2,2.5.5,1.8.0,3.12.13,"{'minimumROIDimensions': 2, 'minimumROISize': 50, 'normalize': False, 'normalizeScale': 1, 'removeOutliers': 3, 'resampledPixelSpacing': [1, 1, 1], 'interpolator': 'sitkBSpline', 'preCrop': False, 'padDistance': 10, 'distances': [1], 'force2D': False, 'force2Ddimension': 0, 'resegmentRange': None, 'label': 1, 'additionalInfo': True, 'binWidth': 25}",{'Original': {}},dc3c5be6d39613bef164e4516cd00f0ddbdd8b4d,3D,"(1.0, 0.80859375, 0.80859375)","(274, 512, 512)",-578.9950110164002,-1024.0,1909.0,0230b911b7e549115481c4cce7fc365f36975e90,"(1.0, 0.80859375, 0.80859375)","(274, 512, 512)","(96, 282, 125, 143, 99, 304)",604347,16,"(np.float64(168.290194209618), np.float64(334.1568304301999), np.float64(272.46236516438404))","(220.31136558213865, 270.19712460566944, -168.290194209618)","(1.0, 1.0, 1.0)","(165, 102, 268)",26.07164227497629,-1050.390349793875,1623.0721683003865,"(1.0, 1.0, 1.0)","(165, 102, 268)","(11, 11, 11, 143, 80, 246)",395497,13,"(np.float64(83.31156747080256), np.float64(53.07472623054031), np.float64(130.13992267956522))","(220.23562580456522, 270.1704293555403, -168.31156747080257)",153.723889016574,-151.5198420483875,424.5611727167226,0.31511079659217206,0.15764777211393904,54.09081446554065,343.1118228962146,248.67649667791284,243.29611587528478,122.8087944733601,249.67779236447922,393226.875,108.11823983301845,0.4435641696957148,58518.04318009439,0.14881496382996304,395497.0,25.319815938800858,267.17898968467716,12991537533.976847,3.7934627964724883,170.02408354848473,1.9919599387307716,424.5611727167226,84.07822147038587,153.723889016574,171.861055919678,-151.5198420483875,576.08101476511,67.40301601734309,181.24193049660565,-0.3386045911992131,12991537533.976847,0.08111120064792848,9217.603315756469,202.82730849258434,4879.933554602334,-116.21514712119635,50.44350223400238,5.490284751773477,0.8032649272851118,1.6352099295485385,2.399891567447951,2.7486777063179515,0.5256544995221666,0.4715897752029711,0.9909315390216485,0.9398482688798666,-0.2092007557578706,0.8797400146151768,0.4242611088891535,13.841538695627428,0.015062406459582399,6.703726432383596,0.8182814279315931,0.04033803217742689,27.683077391254866,4.6469469120112,13.983446746443962,23496.319556989598,0.07690551069860062,14.78953105273828,197.3892828238207,2.16862658004311,446.8800809822155,0.01571808173736157,0.007820424815367108,4.80719523427094,199398.16328482304,0.6503809637104196,0.7723761786776172,0.47595769764739065,0.8334266916233316,161.75256243906207,0.0066952856817154745,1964.4974578351275,0.06888381282075555,16.831141468448877,151.1566324204916,129423.24229461061,34829828.14155475,538.7833465112857,0.012437483535310373,8584.192538307794,0.3009990721381463,0.5648762075638636,84.29881605693467,0.007243043334691815,6.568428466172802,0.07210927010824356,129230.92523925623,66.87513828061546,3.808644475565414e-05,232.88338871725168,0.05043559370721141,0.008287766215075168,case_00142
3.1.1.dev111+g8ed579383,2.0.2,2.5.5,1.8.0,3.12.13,"{'minimumROIDimensions': 2, 'minimumROISize': 50, 'normalize': False, 'normalizeScale': 1, 'removeOutliers': 3, 'resampledPixelSpacing': [1, 1, 1], 'interpolator': 'sitkBSpline', 'preCrop': False, 'padDistance': 10, 'distances': [1], 'force2D': False, 'force2Ddimension': 0, 'resegmentRange': None, 'label': 1, 'additionalInfo': True, 'binWidth': 25}",{'Original': {}},01a05df7fa1d5eb6f4bee3cfac56c6f977ad1941,3D,"(5.0, 0.91796875, 0.91796875)","(92, 512, 512)",-558.5012940531192,-1024.0,3071.0,9f2775b3e967c1493a587631e947330dda82a3f0,"(5.0, 0.91796875, 0.91796875)","(92, 512, 512)","(19, 233, 129, 27, 109, 242)",87571,15,"(np.float64(30.6659624761622), np.float64(291.24464720055727), np.float64(250.66966233113703))","(230.10691659303595, 267.35348473488654, -153.329812380811)","(1.0, 1.0, 1.0)","(157, 122, 245)",-7.086410382397965,-1067.1810833371744,1355.7527690360016,"(1.0, 1.0, 1.0)","(157, 122, 245)","(13, 11, 11, 135, 100, 223)",368785,16,"(np.float64(73.29514486760579), np.float64(64.33470721423052), np.float64(122.95439076968965))","(229.99540639468967, 267.37572283923055, -153.29514486760576)",111.3183536609449,-132.7301958495198,728.128181048444,0.3547708994216733,0.1645733176218091,53.8084895993785,326.9575553130117,230.21728866442677,222.9910312097776,127.31457104353767,230.2715787933891,368561.75,115.99502597110867,0.3659136848179227,67937.93049876025,0.184332558923329,368785.0,8.912577964921862,185.4622723244365,6219506163.351574,3.3203367063485816,92.39323814725891,3.0606643893442764,728.128181048444,54.391970892276056,111.3183536609449,123.91725164666812,-132.7301958495198,860.8583768979638,39.20190300974941,129.86476296510267,-0.694383496457051,6219506163.351574,0.11617634720484826,4473.0807981991,130.45390933512144,1666.5601350176698,-75.3954634981695,22.900717342137856,2.4128948632076264,0.8077464492885557,1.0447778559691447,1.898542563915131,1.2802874635940829,0.6259359468150916,0.594264777030533,0.9981605338165193,0.9726838316163611,-0.26164092976946446,0.8898925246439185,0.4608996123789,11.195035719048551,0.0328101708551988,5.622198791224348,0.8188924728384482,0.08169335120339873,22.3900714380971,4.148518430174013,6.328403051336371,26178.792295634004,0.10576661902593557,7.870995641938032,119.7454335244149,3.4891313303313805,481.75290483701576,0.03366696844059258,0.012627091574382462,4.718054068934999,134836.93292307525,0.538793868432185,0.6705044944886586,1.1534556290406381,0.7605626074255606,86.68364925394407,0.010382959280393437,953.5506003430531,0.09086626647065496,12.83219358215313,75.76634267200305,640800.6383647799,95687602.54116638,4628.171892076686,0.029181912500436523,1866.9405374499713,0.1779055210072395,0.4115594965915354,30.148918829009606,0.013085216867698797,6.998998944102185,0.028455604213837332,639565.6457040949,37.41772514172822,4.3027553102340987e-05,459.56261308052837,0.007814527126553665,0.04736656913443719,case_00143
3.1.1.dev111+g8ed579383,2.0.2,2.5.5,1.8.0,3.12.13,"{'minimumROIDimensions': 2, 'minimumROISize': 50, 'normalize': False, 'normalizeScale': 1, 'removeOutliers': 3, 'resampledPixelSpacing': [1, 1, 1], 'interpolator': 'sitkBSpline', 'preCrop': False, 'padDistance': 10, 'distances': [1], 'force2D': False, 'force2Ddimension': 0, 'resegmentRange': None, 'label': 1, 'additionalInfo': True, 'binWidth': 25}",{'Original': {}},64f21aecf6c2dabb1d2789a66d038a4ff5d1c514,3D,"(2.5, 0.791015625, 0.791015625)","(197, 512, 512)",-527.9921021437282,-1024.0,2723.0,a37a9358af8410e024a443f3981de550eba4dd90,"(2.5, 0.791015625, 0.791015625)","(197, 512, 512)","(54, 231, 144, 57, 143, 256)",256472,31,"(np.float64(89.16889952899342), np.float64(303.2021312268006), np.float64(272.71106787485576))","(215.71871579944644, 239.8376233336997, -222.92224882248354)","(1.0, 1.0, 1.0)","(165, 135, 225)",12.595880827314652,-1031.0827752046234,2667.191963609054,"(1.0, 1.0, 1.0)","(165, 135, 225)","(12, 11, 11, 142, 113, 202)",400333,33,"(np.float64(100.45690712481858), np.float64(67.7048956743511), np.float64(112.6060454671486))","(215.7105376546486, 239.80938786185112, -222.7069071248186)",108.09579903513414,-127.39001445983286,203.52440963791926,0.3678711426259032,0.20972823776981248,60.235515299090956,287.20746400016253,204.74862636901864,200.42205467462907,145.3616180427282,212.39114859146085,399892.5833333333,105.65533795242776,0.4105560118484429,63935.2854041016,0.1598811482602764,400333.0,16.61824087560268,156.33939728819018,5861810151.187516,2.744240175193768,57.29957205212696,3.9794119321776518,203.52440963791926,42.391196006829595,108.09579903513414,128.64835189897514,-127.39001445983286,330.9144240977521,27.3294752382983,121.00551902105067,-1.3420394393282726,5861810151.187516,0.20173653315128795,2957.633864509747,124.7729057837241,884.6512129143745,-75.95059005365081,14.315283270237497,1.689707251397429,0.7868718041755761,0.8254095994086297,1.6944403084188084,0.9862074255415672,0.6837536199699681,0.6625859986479116,0.9928629151298646,0.9512791183612941,-0.2507101271919917,0.8416895723776564,0.4414793716741465,11.027912250473415,0.0847952979280888,4.601452948025693,0.8093876841070776,0.21732012714845056,22.055824500946834,3.480865195157248,4.001247630408732,35410.309839667796,0.14907274310792334,5.913800833371104,112.43536936403865,5.271520793596258,702.8247772072965,0.04623390901250287,0.012447903030404954,4.534994758182179,112899.87300680796,0.47299027534784494,0.5895555411658256,2.200884274057105,0.7135039628928675,74.84231408022349,0.009881795420906404,1228.511602998929,0.10964937549080052,8.045747610667432,61.55855051767226,1361253.7965905033,193716574.96626204,9812.139306684741,0.02930148409962066,2679.5326669046767,0.23915857433993903,0.4885618238934763,26.14046875114605,0.016142992694987604,6.097362926677087,0.027986701071358096,1359977.073885568,151.44852547767667,2.836427264246002e-05,62.68180986317768,0.02640124745455514,0.004095678494947146,case_00144
3.1.1.dev111+g8ed579383,2.0.2,2.5.5,1.8.0,3.12.13,"{'minimumROIDimensions': 2, 'minimumROISize': 50, 'normalize': False, 'normalizeScale': 1, 'removeOutliers': 3, 'resampledPixelSpacing': [1, 1, 1], 'interpolator': 'sitkBSpline', 'preCrop': False, 'padDistance': 10, 'distances': [1], 'force2D': False, 'force2Ddimension': 0, 'resegmentRange': None, 'label': 1, 'additionalInfo': True, 'binWidth': 25}",{'Original': {}},b45797a078ccc398bbb2fa95b925d004c5ad7270,3D,"(3.0, 0.9765625, 0.9765625)","(86, 512, 512)",-482.10614705640216,-1024.0,3041.0,75466b93530a8868f1d3f2097d4d9b52a068b888,"(3.0, 0.9765625, 0.9765625)","(86, 512, 512)","(32, 203, 143, 52, 128, 243)",139404,29,"(np.float64(53.67639379070902), np.float64(274.0923502912398), np.float64(262.9946271269117))","(256.8306905536247, 267.66831083128886, -161.02918137212706)","(1.0, 1.0, 1.0)","(174, 147, 259)",-1.6262896982357706,-840.4444414549986,1256.4540587449617,"(1.0, 1.0, 1.0)","(174, 147, 259)","(12, 11, 11, 156, 125, 237)",397377,29,"(np.float64(78.04921522886328), np.float64(80.58417321586302), np.float64(127.57033497157612))","(256.58205372157613, 267.595891965863, -161.04921522886326)",34.579445535144394,-102.03808381508645,126.40153952219602,0.33561705896361865,0.1776965022428218,62.755190760014194,353.15940363451494,230.8679276123039,242.21684499637922,138.7155362603627,251.5810008724824,397263.125,118.52632039316141,0.3509416327393857,74467.72196525951,0.18745188586345513,397377.0,-0.2416063434311026,58.28673956563517,700237247.250164,1.8843164084914952,25.022696040505,4.678913887845193,126.40153952219602,17.81033515056992,34.579445535144394,40.15830894314249,-102.03808381508645,228.43962333728246,11.087747057669583,41.97795143047979,-1.2735148321151313,700237247.250164,0.33629145341414474,566.4103527817026,49.25521097439764,35.28923637285661,-5.031590990569997,2.773957760255882,0.524583831744689,0.6792733860128386,0.43180732453131393,1.1463377594493491,0.33284383326804906,0.7981319669857208,0.7932929314667543,0.995750754043047,0.9645941998911829,-0.2471812749250782,0.7499370690515192,0.36353848037754144,6.977998192150731,0.18674971019267397,3.1063562494349672,0.6975232593793271,0.3574414261786959,13.955996384301462,2.5507936474532804,0.824635398000143,42738.89208720891,0.2501027382343394,1.4313800746372147,44.84859341824059,11.834264038882976,604.3430819930467,0.24442155516383518,0.026370330485439124,4.324946410114017,56410.61556448391,0.32425258729745027,0.4282025536300444,5.786449202549898,0.581540941255134,24.111712232410405,0.01719439997077389,740.6137479541735,0.20202229895094748,3.5891138070335065,28.338788870703766,7085600.214129842,361365246.5482815,142224.75290295947,0.05816112112672896,738.1314784506274,0.20134519324894365,0.4436056752574625,10.682802665082617,0.030751464501845915,5.635055480438046,0.00922549619127428,7073850.68310895,337.404914306229,2.5636014026240513e-05,20.411286057689455,0.006437055943852256,0.0018403449586363039,case_00145
3.1.1.dev111+g8ed579383,2.0.2,2.5.5,1.8.0,3.12.13,"{'minimumROIDimensions': 2, 'minimumROISize': 50, 'normalize': False, 'normalizeScale': 1, 'removeOutliers': 3, 'resampledPixelSpacing': [1, 1, 1], 'interpolator': 'sitkBSpline', 'preCrop': False, 'padDistance': 10, 'distances': [1], 'force2D': False, 'force2Ddimension': 0, 'resegmentRange': None, 'label': 1, 'additionalInfo': True, 'binWidth': 25}",{'Original': {}},b5700ed3c9f553d43bf61ec3f042e36ae433bf67,3D,"(0.5, 0.703125, 0.703125)","(591, 512, 512)",-247.8235162841487,-1024.0,3071.0,f1a87e97e56e281abd0cf7f878d946cacde20146,"(0.5, 0.703125, 0.703125)","(591, 512, 512)","(74, 229, 100, 249, 129, 332)",1834247,6,"(np.float64(200.93334158376706), np.float64(288.92932086027673), np.float64(274.09740563839006))","(192.724738339493, 203.15342872988208, -100.46667079188353)","(1.0, 1.0, 1.0)","(147, 113, 256)",5.506937866028873,-967.4759322136096,2717.189125641847,"(1.0, 1.0, 1.0)","(147, 113, 256)","(11, 11, 11, 124, 90, 233)",453279,4,"(np.float64(73.95823322942383), np.float64(53.011809503639036), np.float64(133.62272904767264))","(192.77116654767264, 203.16024700363903, -100.20823322942383)",101.86318337052826,-138.49925131849082,383.5909582097111,0.35286850942843395,0.16000794777824473,51.03593570865,318.9587543450078,234.62523308459387,230.2628932329306,129.84991336154215,235.74562562219475,453217.1666666667,112.55050021487293,0.44904232980652314,63543.004095722616,0.14020431874430164,453279.0,21.72599190998532,161.57711479809183,6151593259.523063,3.0943856254215447,77.46857811492782,3.3602258742623423,383.5909582097111,45.52701069763139,101.86318337052826,116.29392686597822,-138.49925131849082,522.090209528202,31.937869336502207,116.49599811144131,-0.7854350965079221,6151593259.523063,0.14334735589647185,3195.209449603069,117.86466722076581,739.2800291218379,-44.19440961164506,15.234439273352752,3.3555172033016634,0.6382348859385497,1.2849790294900125,2.1046799174359356,1.6866911268428029,0.569695123646287,0.5269311760734452,0.9933304754000323,0.9475330466589351,-0.142670403221407,0.7516039743861558,0.4686619429838483,10.718892826045343,0.03377993659866021,5.618458091064767,0.6850278890392651,0.09096784237559802,21.43778565209069,3.844473424450435,4.647489119163607,43792.93695763681,0.13090382841070808,5.725647191901823,114.66557213728017,2.3930323060726635,287.8800543323515,0.025017706299814344,0.011987346572711248,4.280370733880523,201005.43946904523,0.5997935882642973,0.7380059861246944,0.5501502376613527,0.8026294788564514,90.42632020596808,0.01008172872287106,2572.454979085639,0.09438816243801419,12.073590697147475,87.95281426579585,461959.1722682909,62591350.23365378,3560.439498804448,0.023798670087575004,9298.353416012329,0.3411738979970767,0.6049775777908905,53.106632638805756,0.015330303052059839,5.943650634199691,0.06012632396382802,461682.56047326507,130.24105549779696,2.2285571442376143e-05,200.17500176783642,0.019867583631228918,0.005091771632215823,case_00146
3.1.1.dev111+g8ed579383,2.0.2,2.5.5,1.8.0,3.12.13,"{'minimumROIDimensions': 2, 'minimumROISize': 50, 'normalize': False, 'normalizeScale': 1, 'removeOutliers': 3, 'resampledPixelSpacing': [1, 1, 1], 'interpolator': 'sitkBSpline', 'preCrop': False, 'padDistance': 10, 'distances': [1], 'force2D': False, 'force2Ddimension': 0, 'resegmentRange': None, 'label': 1, 'additionalInfo': True, 'binWidth': 25}",{'Original': {}},8f7bae23e44a357989d298ff5c875cbce45079e9,3D,"(5.0, 0.9765625, 0.9765625)","(70, 512, 512)",-533.1272349221366,-1024.0,1305.0,4a78b36ec8027d0f112f14b75563cbffda7ea034,"(5.0, 0.9765625, 0.9765625)","(70, 512, 512)","(25, 238, 114, 23, 100, 260)",84671,8,"(np.float64(35.69373221055615), np.float64(289.28202099892525), np.float64(244.30150819052568))","(238.57569159231022, 282.50197363176295, -178.46866105278076)","(1.0, 1.0, 1.0)","(137, 120, 276)",-30.62021892533646,-526.6215367307926,1233.4093867674633,"(1.0, 1.0, 1.0)","(137, 120, 276)","(13, 11, 11, 115, 98, 254)",403900,8,"(np.float64(68.5897499381035), np.float64(61.35929685565734), np.float64(138.25495172072294))","(238.26667047072294, 282.37101560565736, -178.5897499381035)",77.15318654011593,-134.04018336488278,280.46411726641765,0.3255990865541365,0.14903495424389143,53.50121574287942,358.9843470903222,255.13133872576296,253.50542400508908,134.27211177307072,255.16269319788896,403720.6666666667,116.884975499842,0.34700180553996524,76127.17451330237,0.188563977023641,403900.0,1.1663270488501591,139.0745323834416,3566398141.31337,3.0857395241489396,75.40016991850204,2.926474348840993,280.46411726641765,43.62135050767679,77.15318654011593,85.90870128785626,-134.04018336488278,414.50430063130045,31.21224450450418,93.96756776312812,-0.609438326138702,3566398141.31337,0.13629810532012065,2877.2895980241483,98.62300043968716,596.6551462801423,-32.2063775951299,14.236674332044133,2.2485518674042613,0.7252198756583468,1.0761681887371721,1.8726264924177678,1.0447244088606016,0.6046522969001118,0.5690616396578707,0.9932650440806944,0.9462433416676728,-0.19772605035747184,0.8077830396810184,0.4776404509326283,9.778743255083752,0.0347893618862375,5.408934037024884,0.7366335565537738,0.08135467556647694,19.557486510167504,3.875900315778376,4.121306549862099,36284.25282770402,0.1273486034087289,5.113634104972315,93.37298969955631,3.0207761518889096,306.30042907074375,0.03759251073004167,0.01492251937103871,4.3695702603587545,163157.33264804876,0.565354560666441,0.7048113584855352,0.8884749591084139,0.7776818946847227,70.62913674524337,0.012269533723024192,1169.7540482187837,0.10523156245221156,10.443388215230637,60.462486505937385,871268.0388629003,93974283.6981828,8626.344580541518,0.0379951091359866,1995.5336451961136,0.17951903969018654,0.4156244648958819,20.832865111748927,0.019649100693075343,6.757260996134964,0.02752166377816291,869947.8057226609,141.7241331804745,3.0420227531927246e-05,101.89994277768206,0.021490906970997207,0.004016613531488764,case_00147
3.1.1.dev111+g8ed579383,2.0.2,2.5.5,1.8.0,3.12.13,"{'minimumROIDimensions': 2, 'minimumROISize': 50, 'normalize': False, 'normalizeScale': 1, 'removeOutliers': 3, 'resampledPixelSpacing': [1, 1, 1], 'interpolator': 'sitkBSpline', 'preCrop': False, 'padDistance': 10, 'distances': [1], 'force2D': False, 'force2Ddimension': 0, 'resegmentRange': None, 'label': 1, 'additionalInfo': True, 'binWidth': 25}",{'Original': {}},2d9436110d1597510ccac420515377e735648425,3D,"(5.0, 0.90625, 0.90625)","(36, 512, 512)",-457.4120233323839,-1024.0,3071.0,ee6390620c3ef8a8761ed04d1b3a72aa96d0a6d9,"(5.0, 0.90625, 0.90625)","(36, 512, 512)","(7, 257, 126, 29, 88, 257)",129643,3,"(np.float64(21.27368234304976), np.float64(299.0480781839359), np.float64(251.6396797358901))","(228.0484597606504, 271.0123208541919, -106.3684117152488)","(1.0, 1.0, 1.0)","(158, 102, 255)",18.828670727040713,-1085.5027181417192,1065.4037603135484,"(1.0, 1.0, 1.0)","(158, 102, 255)","(13, 11, 11, 145, 80, 233)",531860,3,"(np.float64(86.36929831158575), np.float64(48.930423419696915), np.float64(125.00433384725304))","(228.05120884725304, 270.9772984196969, -106.36929831158575)",93.07684657808946,-123.62189580424898,198.118823153587,0.35296245168235046,0.18678239285096446,60.419833413219614,323.4771355639994,233.77339455121918,232.26062946612367,130.78226179417453,233.9871791359518,531955.1666666666,114.17528283185327,0.45852091869149425,69242.8590252693,0.13016671961127546,531860.0,15.3357675982869,143.22004196970133,5936615636.936204,2.8209263107863785,56.88003717396525,4.004430311765091,198.118823153587,38.57957989565069,93.07684657808946,105.85047180883318,-123.62189580424898,321.74071895783595,25.326479936470086,105.65031620746501,-1.1790939393870044,5936615636.936204,0.17605819695954564,2498.689945816141,90.82188675310769,617.5268072037769,-49.23408492474976,12.210365567005741,1.5609113426066927,0.7708825542985912,0.7972586340393899,1.651116373885643,0.9000943579787724,0.6889432654485336,0.6689546664176832,0.9912970345289136,0.9463239386277041,-0.2590366123743519,0.8536331605602404,0.4431689623876681,9.389257135107785,0.0654080829985745,4.741996998518127,0.7827134318680531,0.14383650398542172,18.778514270215574,3.6042426688962346,3.442819227403109,45366.52590101644,0.14646244132728545,4.973226948775699,83.02059951958971,5.489398717898409,528.1887593299663,0.07099750248916038,0.018778754995531326,4.6192020454931,141315.8284146953,0.449795236275255,0.5798148153504827,2.2238027893329755,0.6937353560038405,53.964102634343554,0.01477078995072281,1098.4662013958125,0.10951806594175599,8.353113550674001,44.981555333998,2286562.939182453,233353994.75304088,23372.38868654683,0.06082310165535714,1633.3956131605185,0.16285100829117832,0.3843572970508132,14.548172878589025,0.029183619775897292,6.739621023568337,0.018858346181325914,2283751.0850181263,258.28849247629756,2.4931633512957468e-05,40.79246631176299,0.027929486090761086,0.002108618462820787,case_00148
3.1.1.dev111+g8ed579383,2.0.2,2.5.5,1.8.0,3.12.13,"{'minimumROIDimensions': 2, 'minimumROISize': 50, 'normalize': False, 'normalizeScale': 1, 'removeOutliers': 3, 'resampledPixelSpacing': [1, 1, 1], 'interpolator': 'sitkBSpline', 'preCrop': False, 'padDistance': 10, 'distances': [1], 'force2D': False, 'force2Ddimension': 0, 'resegmentRange': None, 'label': 1, 'additionalInfo': True, 'binWidth': 25}",{'Original': {}},2762e76203701026c96d3b09389c297b549aa732,3D,"(3.0, 0.796875, 0.796875)","(97, 512, 512)",-462.49007573078586,-1024.0,1730.0,1eab5b3f726bf5b24e912ffda2a1fa2c90a432f8,"(3.0, 0.796875, 0.796875)","(97, 512, 512)","(42, 217, 117, 52, 128, 302)",291381,91,"(np.float64(66.85134583243246), np.float64(278.83076796359404), np.float64(261.48080005216536))","(208.36751254156928, 222.193268220989, -200.55403749729737)","(1.0, 1.0, 1.0)","(177, 124, 263)",32.85251082721744,-1024.3469006101525,1771.9475399535277,"(1.0, 1.0, 1.0)","(177, 124, 263)","(12, 11, 11, 156, 102, 241)",555303,78,"(np.float64(87.55723091717495), np.float64(60.078627343990576), np.float64(126.29265644161836))","(208.39421894161836, 222.18018984399058, -200.55723091717493)",115.81872746391028,-173.49193243089866,335.75447120090774,0.4198906412188262,0.17110496753142496,56.29240938687289,328.99342549206983,246.6191395654441,240.06665740997852,162.3884232326923,246.85420798519922,554504.8333333334,138.14126038664332,0.4049655098751918,80600.23568348603,0.14535533477493467,555303.0,36.411774405046835,177.84969766081727,9363312729.74282,3.1395939682634735,80.83385192159497,3.6735607086422917,335.75447120090774,47.174295496774555,115.81872746391028,130.63251919741657,-173.49193243089866,509.2464036318064,33.09518593967356,129.8523323229938,-0.90978829746592,9363312729.74282,0.1386305970968004,3447.650578361694,154.4480814621486,935.1893594531988,-55.78257971933225,16.54656323843661,3.083012073482003,0.6840157953818883,1.2103773993283429,2.0374031694153465,1.57062215066268,0.5880270265882107,0.5485500257689021,0.9932910073295844,0.9483307653513607,-0.17481407104112684,0.7880743601076605,0.46323063234626627,12.291513796302338,0.0349359401675085,5.58544939411386,0.7213025108243293,0.09037230793073318,24.583027592604672,3.8983131162043656,4.907393827979657,49979.65788629713,0.1258800611646475,6.243341915775371,149.0325912020877,2.8625811238106134,453.12979730349605,0.021602638206649004,0.008776422793029464,4.41517617405617,232170.28641313812,0.5789445047158966,0.7138760973046039,0.8038892720785995,0.7872375180164853,114.95391807592912,0.007252228791911962,2402.611482583581,0.08411032671393598,12.44256263663175,102.95515490985471,621647.2246105374,109222821.12571329,3670.2892572664305,0.018454627455404365,7658.436933309995,0.26810561642954645,0.5249155287335004,49.08640087503455,0.011002451408459991,6.3631883325842535,0.051440384798929595,621269.3118272007,139.83431102290126,1.9581669209697796e-05,166.04210592538513,0.022095508883984604,0.003973723728818278,case_00149
3.1.1.dev111+g8ed579383,2.0.2,2.5.5,1.8.0,3.12.13,"{'minimumROIDimensions': 2, 'minimumROISize': 50, 'normalize': False, 'normalizeScale': 1, 'removeOutliers': 3, 'resampledPixelSpacing': [1, 1, 1], 'interpolator': 'sitkBSpline', 'preCrop': False, 'padDistance': 10, 'distances': [1], 'force2D': False, 'force2Ddimension': 0, 'resegmentRange': None, 'label': 1, 'additionalInfo': True, 'binWidth': 25}",{'Original': {}},05fd005662c80e24247d2ccabb5ada6cf309f3b7,3D,"(2.5, 0.7421879768371582, 0.7421879768371582)","(106, 512, 512)",-569.7208059778753,-2048.0,3069.0,dc8320264d082a311ad6d4468c5b679056930e14,"(2.5, 0.7421879768371582, 0.7421879768371582)","(106, 512, 512)","(33, 229, 102, 55, 118, 285)",356950,9,"(np.float64(58.871102395293455), np.float64(286.70168090769016), np.float64(243.95330718588036))","(181.0592115030223, 212.78654050869108, -147.17775598823363)","(1.0, 1.0, 1.0)","(159, 110, 233)",26.12709361617695,-949.0709948439554,3016.506803791013,"(1.0, 1.0, 1.0)","(159, 110, 233)","(11, 11, 11, 138, 88, 211)",491721,6,"(np.float64(76.6636710655026), np.float64(53.667274735063174), np.float64(115.92462799026278))","(181.05353400184418, 212.7961807466446, -146.9136710655026)",125.45430832671693,-163.4267585440672,371.6823463773576,0.46897684180649196,0.1742134991155551,49.52826380037882,284.29636079766084,216.08563117431015,211.6057655169159,136.56500283747664,220.1317787144782,491702.7083333333,133.32840942396595,0.4129779497191626,72950.06126089509,0.14836213025583145,491721.0,18.989172707127775,209.99540315148676,10587211787.13278,3.488001590562641,119.7913832617585,2.57935250555203,371.6823463773576,64.40171441701408,125.45430832671693,143.91696046784188,-163.4267585440672,535.1091049214248,48.67835929698649,146.73422490641784,-0.6222367611155253,10587211787.13278,0.10409563907255844,5792.149281152272,168.70736198510306,2065.9871411394456,-88.78759221029215,29.03029233323482,4.272553229110853,0.7420939973672033,1.4126653671734153,2.2258963940918077,2.220333760910933,0.5593590831259365,0.5134425588863172,0.9916160709955746,0.9431735293459531,-0.19371549494385792,0.8410867098254785,0.4460540837462678,12.74818035819042,0.02305464341979942,6.1588208735884145,0.7701513548645272,0.06862547772718221,25.496360716380842,4.288162782465118,8.325711390586413,35031.207710771465,0.09609730860635965,9.867796970244429,160.8870219124618,2.4842399709136833,431.21673821380864,0.019223305204955583,0.009081673197506494,4.6370385824088896,224206.159550827,0.6116673445370664,0.740934704529914,0.6246863682798622,0.809508363024886,126.8458490863965,0.007731568999458463,2427.506020984665,0.07836984732799564,14.000195962142397,106.54366424535917,301937.6041646489,62271374.928619854,1565.9356156714769,0.018363163501839978,8632.053817594835,0.2786780893493086,0.5390623901152474,54.02678655124384,0.010848206023075473,6.438852274595896,0.06299303873538042,301685.5958428648,103.77513549154408,2.6568851334551666e-05,191.1877003945823,0.0363051662779671,0.0050517884674890455,case_00150
3.1.1.dev111+g8ed579383,2.0.2,2.5.5,1.8.0,3.12.13,"{'minimumROIDimensions': 2, 'minimumROISize': 50, 'normalize': False, 'normalizeScale': 1, 'removeOutliers': 3, 'resampledPixelSpacing': [1, 1, 1], 'interpolator': 'sitkBSpline', 'preCrop': False, 'padDistance': 10, 'distances': [1], 'force2D': False, 'force2Ddimension': 0, 'resegmentRange': None, 'label': 1, 'additionalInfo': True, 'binWidth': 25}",{'Original': {}},dc62f07cc9cbf55b07723a380ae767b0abe12178,3D,"(0.5, 0.810546875, 0.810546875)","(1059, 512, 512)",-499.6601007297649,-1024.0,3071.0,d6ccb219295d660a1d33023fac00d20e6f7f764c,"(0.5, 0.810546875, 0.810546875)","(1059, 512, 512)","(585, 189, 136, 284, 138, 254)",1271548,10,"(np.float64(729.4349721756473), np.float64(246.74754000635446), np.float64(241.80440062034623))","(195.9938012840697, 200.00044746608808, -364.71748608782366)","(1.0, 1.0, 1.0)","(164, 134, 228)",10.07906098347673,-1182.8221740479023,3302.819799687619,"(1.0, 1.0, 1.0)","(164, 134, 228)","(10, 11, 11, 142, 112, 206)",417847,11,"(np.float64(82.22820793256862), np.float64(57.89809667174827), np.float64(96.90986413687307))","(196.00459069937307, 199.99282323424828, -364.47820793256864)",143.7845187130359,-1182.8221740479023,3302.819799687619,0.4973890690701047,0.17612225410273458,44.19355344637009,250.92543626310487,197.12432625122653,202.54382241875462,135.28118864054971,219.66793120526265,416869.4166666667,124.80756914891562,0.382788598764117,70500.43882488967,0.16911875999112352,417847.0,10.847913359237662,263.0348120978323,14422036038.419262,3.95981596341366,157.78821437797424,159.51325363264056,3302.819799687619,84.83070519319261,143.7845187130359,150.38315280575836,-1182.8221740479023,4485.641973735521,63.94797426675326,185.78243211536002,6.645060959103263,14422036038.419262,0.07171796948441464,13841.124261158988,2984.532864276032,970438.0720073151,4617.851632797896,73.87956972710153,12.786514575632172,0.7048149212743362,2.274111316211918,2.744422802392175,7.557344161638833,0.4382700857932793,0.3625796691621169,0.9996331652268737,0.9877800831479002,-0.13390833248839276,0.7981784821982834,0.3616730853483846,54.490901340511854,0.008741798773340779,7.31024127134721,0.8038305112829053,0.02038465684920203,108.98180268102398,4.759463687282494,21.666521075683406,24989.53136128932,0.07009823050688252,23.5833051603855,2960.842501094371,1.5887067497580367,4723.29113687015,0.0005501769590882832,0.00034988421522301813,4.683795949570051,267151.8905344067,0.7488832952108889,0.8531757391507491,0.21327271326343544,0.8889034911311781,2628.4772535396387,0.00031204331095556167,3028.605745418524,0.05769432212097619,66.64890444424101,2890.315845620452,77245.17851563988,247061684.38391054,24.329838490176684,0.000388236482392813,19484.86078408961,0.37118262628280585,0.632221785515945,1847.8628307459437,0.00025309376912625235,6.51394362476677,0.12562971614011828,77181.81850477916,2.382217567941125,2.641224570485586e-05,24534.49631301745,0.0026228059626020976,2.146390777136143,case_00151
3.1.1.dev111+g8ed579383,2.0.2,2.5.5,1.8.0,3.12.13,"{'minimumROIDimensions': 2, 'minimumROISize': 50, 'normalize': False, 'normalizeScale': 1, 'removeOutliers': 3, 'resampledPixelSpacing': [1, 1, 1], 'interpolator': 'sitkBSpline', 'preCrop': False, 'padDistance': 10, 'distances': [1], 'force2D': False, 'force2Ddimension': 0, 'resegmentRange': None, 'label': 1, 'additionalInfo': True, 'binWidth': 25}",{'Original': {}},e6aca1337aa8a3c420cdd5c655dcf57f5c1444c6,3D,"(5.0, 0.72265625, 0.72265625)","(38, 512, 512)",-347.6791689019454,-1024.0,1546.0,2e3e543f754cbed60f85067b2da367e62e2a1e52,"(5.0, 0.72265625, 0.72265625)","(38, 512, 512)","(10, 258, 102, 25, 98, 311)",142107,13,"(np.float64(21.836904585980985), np.float64(307.93065084760076), np.float64(252.28023953781306))","(182.3118918534977, 222.52800940158647, -109.18452292990493)","(1.0, 1.0, 1.0)","(147, 92, 247)",8.789732610973436,-988.0517795424893,1516.3752756749348,"(1.0, 1.0, 1.0)","(147, 92, 247)","(13, 10, 11, 125, 71, 224)",370830,11,"(np.float64(74.1991613407761), np.float64(46.38877652832834), np.float64(119.11950219777256))","(182.25817407277256, 222.52744840332835, -109.1991613407761)",102.12432190631287,-131.6240216822376,290.2161031203171,0.31012333177761925,0.16853154357090255,53.71051565511754,318.69710866631385,224.8043593883357,224.37691503361035,108.46197490364999,228.79903845951802,370662.0416666667,98.83540916749122,0.4382231928988538,56943.06523032898,0.15362529428232474,370830.0,24.335054729316173,164.2775987322991,5050614771.584336,3.1099536222250905,77.77185300265492,3.329851518042735,290.2161031203171,45.505602720462015,102.12432190631287,113.68883048534948,-131.6240216822376,421.84012480255467,32.08683319522666,116.70371786662461,-0.8156507830157225,5050614771.584336,0.13714378967149063,3190.380639068499,119.43661344117469,798.8626017713085,-46.66113559706163,15.633482944561454,2.249718659015138,0.7460336600101675,1.019062180124211,1.8548093647227373,1.174122375303367,0.626577403365123,0.5960835172684373,0.9933378620781548,0.9493131973764003,-0.2215136374892365,0.839560530214155,0.4732425886606786,10.77444986048193,0.038281339338115054,5.367722173029307,0.7618555776812441,0.08958001755653697,21.54889972096386,3.901927579441898,4.470800400894147,31258.060183197475,0.1254309259562088,5.801173261755681,112.70954710003706,3.452453768306946,427.61413327134375,0.03453543494183489,0.012363790575191992,4.529168194087491,133735.12184937744,0.5305381517261326,0.6711572169706623,1.1056476528783559,0.7541339874741225,82.20763377106816,0.009988040941138466,996.1811008280565,0.09704638098665919,10.545705525446113,67.81071602532879,811611.6103263517,107999944.60077935,6435.553057918819,0.03157235973295277,1948.211105698977,0.18979163231358764,0.42780472718076396,25.263401992628147,0.015442006757490351,6.749543765800842,0.027681147695709625,810306.5463113514,108.76470049592037,3.567360904115855e-05,95.96932074069734,0.022571631128833484,0.004855506592009968,case_00152
3.1.1.dev111+g8ed579383,2.0.2,2.5.5,1.8.0,3.12.13,"{'minimumROIDimensions': 2, 'minimumROISize': 50, 'normalize': False, 'normalizeScale': 1, 'removeOutliers': 3, 'resampledPixelSpacing': [1, 1, 1], 'interpolator': 'sitkBSpline', 'preCrop': False, 'padDistance': 10, 'distances': [1], 'force2D': False, 'force2Ddimension': 0, 'resegmentRange': None, 'label': 1, 'additionalInfo': True, 'binWidth': 25}",{'Original': {}},7aefa1bea0f8415d205836f6fb162e9c08fbd1a5,3D,"(3.0, 0.6640625, 0.6640625)","(69, 512, 512)",-163.0875473022461,-1024.0,2101.0,84ec20401e2388707cf158db323608208a027e77,"(3.0, 0.6640625, 0.6640625)","(69, 512, 512)","(4, 192, 102, 47, 161, 313)",333308,4,"(np.float64(28.04523743804529), np.float64(276.56240774298846), np.float64(256.5018541409147))","(170.33326251545117, 183.65472389182827, -84.13571231413587)","(1.0, 1.0, 1.0)","(163, 129, 230)",28.689042641404964,-941.5249102475856,2103.05005956918,"(1.0, 1.0, 1.0)","(163, 129, 230)","(12, 10, 11, 141, 107, 208)",441177,6,"(np.float64(85.25777409067109), np.float64(66.39337952794456), np.float64(113.16719139937032))","(170.33516014937032, 183.56134827794455, -84.25777409067109)",103.82274390605234,-160.00600543333468,301.24752846874696,0.40619742588834756,0.19704875567259833,55.27844056690449,280.5317921355011,210.64662351910604,201.30076999355964,130.17680284904833,214.77895613863106,441353.75,113.95129184528552,0.4030313053772551,69556.31366550487,0.1575976496529255,441177.0,26.05773703112063,162.93911818769317,6097789253.248454,3.067574389144967,68.09542878946965,3.8676947105440407,301.24752846874696,43.00368555530744,103.82274390605234,115.22051542688502,-160.00600543333468,461.25353390208164,28.771442226279692,117.56546710122676,-0.9736649178603666,6097789253.248454,0.1455993443240129,3042.4769025479054,142.6689691363744,731.6366860021185,-47.62636786189705,13.964603091665824,2.988766720516108,0.6449653863994608,1.214585384962485,2.0255557904269965,1.4698241154922305,0.581962015253991,0.5410524670585218,0.9928364956446442,0.9456457009121337,-0.1511134992355079,0.7425302511104778,0.466721156137786,11.828938162178305,0.03550107317935426,5.5038697862659784,0.6703259744186946,0.0861532884195162,23.657876324356607,3.8146831192350374,4.238342453045483,42664.35073839299,0.13317605031925292,5.581183626427708,137.28659635848797,2.7156260036192585,395.8429375935631,0.022059909455876332,0.00942807845705837,4.304951143137407,190484.99424488653,0.5891861964931356,0.7248064225399852,0.7245103558019088,0.7940119686620494,106.79991514495705,0.007851467189137522,1899.2388583568097,0.08771250442695283,12.213512888231744,94.070336673902,580897.2983420311,90792495.81646885,3844.383258885263,0.02049524029605592,6081.523530226758,0.2808628610458947,0.5393387699554055,46.069971412776844,0.012648519070355016,6.230403206949914,0.049080074437244006,580482.1631276379,142.68442978053045,2.255805813077969e-05,142.2686879592149,0.02481086223062565,0.0038726228469795803,case_00153
3.1.1.dev111+g8ed579383,2.0.2,2.5.5,1.8.0,3.12.13,"{'minimumROIDimensions': 2, 'minimumROISize': 50, 'normalize': False, 'normalizeScale': 1, 'removeOutliers': 3, 'resampledPixelSpacing': [1, 1, 1], 'interpolator': 'sitkBSpline', 'preCrop': False, 'padDistance': 10, 'distances': [1], 'force2D': False, 'force2Ddimension': 0, 'resegmentRange': None, 'label': 1, 'additionalInfo': True, 'binWidth': 25}",{'Original': {}},c2b69f25637d9835b9636826ea36eb1268a3fb25,3D,"(0.5, 0.9375, 0.9375)","(470, 512, 512)",-605.4798386594083,-1024.0,1523.0,9a9ef5f812fd92520d1acb4cb8d7364213e529e6,"(0.5, 0.9375, 0.9375)","(470, 512, 512)","(207, 243, 141, 204, 98, 245)",818247,34,"(np.float64(308.6700189551566), np.float64(294.9439191344423), np.float64(254.61490601248767))","(238.7014743867072, 276.5099241885396, -154.3350094775783)","(1.0, 1.0, 1.0)","(124, 114, 252)",9.20036022962405,-1017.965742644198,1395.7050602705622,"(1.0, 1.0, 1.0)","(124, 114, 252)","(10, 11, 11, 102, 92, 230)",359841,25,"(np.float64(60.81825028276378), np.float64(59.45835521799906), np.float64(117.7884537893125))","(238.81970378931248, 276.48960521799904, -154.06825028276378)",91.35658566619249,-193.63801806773793,273.5469266422664,0.32643534275552033,0.16310599963475467,53.742749298687556,329.4958457630889,230.25420734483876,229.47766775876036,116.84605256490268,230.94588110637523,359888.7916666667,107.559089348194,0.36794564656921835,66498.62566987256,0.18477548400969482,359841.0,9.110074861077633,153.06606796881636,4154362658.4502683,3.116861545825657,73.17339246382085,3.4372375805656774,273.5469266422664,44.9323832469494,91.35658566619249,103.30982730062516,-193.63801806773793,467.1849447100043,30.91798979170774,107.44763986737715,-0.8531746066639674,4154362658.4502683,0.1386074069352785,3198.9695684852045,154.98331902410874,740.0853930891458,-47.94670074457535,14.68149963223406,3.5914122986057917,0.6060427127703552,1.3712586468398769,2.1666851790455754,1.6946383634238182,0.5497709982499221,0.5014809581876872,0.9904930286070022,0.9362248649064828,-0.11688277931908592,0.7030278818338543,0.4588130334525756,12.337354120311575,0.029919311162817687,5.714979036059008,0.6338618292278096,0.06917693569849392,24.67470824062315,3.849485312723357,4.5682279827099626,35270.79498724706,0.12842329958972412,5.721230491355125,150.1378377347922,2.181856938525928,342.5274406286167,0.016334342373446168,0.008305423425504752,4.206066884366821,173414.52276135294,0.6305385638296982,0.7632232013583777,0.4603285415936274,0.8219394459035836,121.51075658123335,0.007062465805639105,2220.3978221712787,0.09089560431354507,12.328701396985462,117.10606680858032,309089.98538562306,53596622.724823974,1837.2896401108796,0.014391398121778056,8448.16096282954,0.3458392403319772,0.6099730175868922,72.40479432268017,0.009212922421422926,5.98137522597414,0.06788553833498684,308872.99251391744,120.42787193884868,2.6175332663120855e-05,158.46096344375013,0.029016637657347733,0.0044107904630455415,case_00154
3.1.1.dev111+g8ed579383,2.0.2,2.5.5,1.8.0,3.12.13,"{'minimumROIDimensions': 2, 'minimumROISize': 50, 'normalize': False, 'normalizeScale': 1, 'removeOutliers': 3, 'resampledPixelSpacing': [1, 1, 1], 'interpolator': 'sitkBSpline', 'preCrop': False, 'padDistance': 10, 'distances': [1], 'force2D': False, 'force2Ddimension': 0, 'resegmentRange': None, 'label': 1, 'additionalInfo': True, 'binWidth': 25}",{'Original': {}},52996b8d9476f1b40407767e879f34980c7ba59c,3D,"(0.5, 0.810546875, 0.810546875)","(538, 512, 512)",-497.38546794763727,-1024.0,3071.0,17c2cf189e167a3b35e4b42c88614e832400e810,"(0.5, 0.810546875, 0.810546875)","(538, 512, 512)","(81, 270, 142, 267, 99, 243)",942785,19,"(np.float64(220.47463949893137), np.float64(321.8794242589774), np.float64(268.2703118950768))","(217.44566296182984, 260.8983614599133, -110.23731974946568)","(1.0, 1.0, 1.0)","(155, 102, 219)",19.999678024523565,-1045.093854086297,2966.512448944725,"(1.0, 1.0, 1.0)","(155, 102, 219)","(10, 11, 11, 134, 79, 197)",310035,9,"(np.float64(79.74940893770058), np.float64(52.80008063605722), np.float64(113.35398584030835))","(217.44871240280835, 260.89480719855726, -109.99940893770058)",90.3082185349533,-162.91174449640116,435.5410142788589,0.38386288915210603,0.18863726501723452,53.44008792566852,283.295497953631,200.50436404228213,194.02319448973105,120.34118164618461,203.79156017853143,310628.5416666667,108.74662832826534,0.3796437174504387,58425.46070803304,0.18808786982211376,310035.0,-0.6080639832158672,171.10971452182633,3907023661.0608945,3.4164592727875913,102.84039972305918,2.5144679676378683,435.5410142788589,55.875881413751195,90.3082185349533,97.80655525171936,-162.91174449640116,598.45275877526,41.9453287685834,112.2580925351301,-0.2726327899646441,3907023661.0608945,0.10518858153927768,4446.30500466895,131.89019611975735,1170.0325052036292,-26.762730218316104,22.036276901058987,4.693840691024358,0.648408139095101,1.5910450280570585,2.330977434033705,2.1352803064532178,0.5144458756551133,0.45688845678430323,0.9927380943379879,0.9428399260034849,-0.13014796591083538,0.7540164012073127,0.4329772131730088,11.29398937790025,0.01786978899737541,6.29130455556436,0.6735624787293037,0.04207249189991535,22.587978755800506,4.205620343596068,6.682529398020837,25089.391697002793,0.1016850819104256,7.523389528544003,129.06593971640604,1.9358182327221602,257.41803657190155,0.01900979896697157,0.010638940836765741,4.359396396683323,165566.64354323124,0.6701923121125795,0.7958322323410135,0.3530321976296902,0.8456094841955548,107.96798171509091,0.009238203777332612,1998.891652754591,0.08342619585787107,13.694861713038703,103.3068447412354,152114.0600584307,22925396.61848915,1111.1479267276125,0.018596793374273272,8331.012270450752,0.34770501963483935,0.611080733612208,63.090114184447074,0.012153132701284453,6.058460447723957,0.07728159723902141,151946.62445132365,75.64102929108954,3.449903881039394e-05,312.13475718645753,0.025229626641799775,0.009620616648586634,case_00155
3.1.1.dev111+g8ed579383,2.0.2,2.5.5,1.8.0,3.12.13,"{'minimumROIDimensions': 2, 'minimumROISize': 50, 'normalize': False, 'normalizeScale': 1, 'removeOutliers': 3, 'resampledPixelSpacing': [1, 1, 1], 'interpolator': 'sitkBSpline', 'preCrop': False, 'padDistance': 10, 'distances': [1], 'force2D': False, 'force2Ddimension': 0, 'resegmentRange': None, 'label': 1, 'additionalInfo': True, 'binWidth': 25}",{'Original': {}},9a56c45cbb87ac4d923b0ca1ac59ea2934705cec,3D,"(0.5, 0.9765625, 0.9765625)","(987, 512, 512)",-573.1042588261969,-1024.0,3071.0,4519eb89c87df17cc2ee7fe31e17ee82968c53a2,"(0.5, 0.9765625, 0.9765625)","(987, 512, 512)","(184, 255, 154, 282, 98, 229)",934619,8,"(np.float64(322.80479318310455), np.float64(309.94248993440107), np.float64(267.59771949853365))","(261.32589794778676, 302.67821282656354, -161.40239659155228)","(1.0, 1.0, 1.0)","(163, 118, 246)",24.637917921525105,-1195.0692099949742,3748.7152211581306,"(1.0, 1.0, 1.0)","(163, 118, 246)","(11, 11, 11, 141, 96, 224)",444630,7,"(np.float64(79.9395902210827), np.float64(64.67217461709737), np.float64(122.22441580640083))","(261.2361345564008, 302.68389336709737, -161.1895902210827)",96.05743140398394,-189.9301549691749,461.0048036134835,0.3277508172325806,0.19559124347848145,62.258626060556395,318.309884191753,226.71568097509268,218.82641522448793,117.99152511939153,231.62685509240936,444875.2916666667,104.32632467705513,0.3902953305972895,72207.60816278392,0.1623097742566633,444630.0,10.948261096837767,167.9146667401251,5907521317.244758,3.3282368296088016,94.02455328429313,3.2212814140732924,461.0048036134835,52.229274978075445,96.05743140398394,107.37956402764624,-189.9301549691749,650.9349585826584,38.15887254602274,115.26654285551241,-0.365579642563603,5907521317.244758,0.11717009303396213,4059.345773930591,158.80698626524162,1244.4622656180914,-26.5440221075574,20.131282384535755,4.318496719282207,0.646405026096693,1.4735947735335881,2.2589854042689983,2.1249549115638455,0.5378945300929235,0.48684877264657717,0.9942741912892851,0.9505531469088435,-0.14231402339807653,0.7712738547072795,0.44835736113468666,12.444023205173284,0.022659946395353056,6.08939787823078,0.6906824324259374,0.05822464924890369,24.888046410346575,4.105259813580245,6.112444775954487,38044.07113578744,0.11099072668088013,7.051605035821461,157.48027879581548,2.119922303886006,340.836049523886,0.015998017115574546,0.008115053761780972,4.37817167352576,219281.9319699161,0.6387242343042392,0.7708846941017509,0.4315268870986166,0.8268842746839413,129.1744283678011,0.006882016716223488,2502.4444159178433,0.08030951270596416,15.222418887319742,134.8987163029525,281208.4031450578,51280488.788382545,1619.0845173998791,0.013254347332976668,11297.408279845957,0.3625612413301013,0.6244203935966942,84.10336608433134,0.008609512242835947,6.0644288238012365,0.07008074129051121,281004.7914937974,86.67766802971957,2.353469634562554e-05,346.965992005717,0.018820115424875918,0.008466787568372956,case_00156
3.1.1.dev111+g8ed579383,2.0.2,2.5.5,1.8.0,3.12.13,"{'minimumROIDimensions': 2, 'minimumROISize': 50, 'normalize': False, 'normalizeScale': 1, 'removeOutliers': 3, 'resampledPixelSpacing': [1, 1, 1], 'interpolator': 'sitkBSpline', 'preCrop': False, 'padDistance': 10, 'distances': [1], 'force2D': False, 'force2Ddimension': 0, 'resegmentRange': None, 'label': 1, 'additionalInfo': True, 'binWidth': 25}",{'Original': {}},74a282d0c1befcac8e0be899c7cc0a1266fcf15e,3D,"(0.5, 0.8515625, 0.8515625)","(548, 512, 512)",-527.8661469090594,-1024.0,3069.0,f8d02b3902af18c0a5e8a430eef87e9b19060bc5,"(0.5, 0.8515625, 0.8515625)","(548, 512, 512)","(170, 269, 126, 237, 89, 284)",864270,110,"(np.float64(300.6031263378342), np.float64(317.2472398671711), np.float64(252.655791592905))","(215.15219752833315, 270.1558526993879, -150.3015631689171)","(1.0, 1.0, 1.0)","(141, 98, 264)",16.766558007330545,-921.4423800433394,1516.110083061822,"(1.0, 1.0, 1.0)","(141, 98, 264)","(11, 11, 11, 118, 76, 242)",313086,83,"(np.float64(75.81495499639077), np.float64(52.07059082807918), np.float64(119.07473345981616))","(215.14895220981617, 270.14480957807916, -150.06495499639078)",96.75010540120316,-152.65494558504665,598.1430357955895,0.3491189321043273,0.1572321476328127,48.042325893699484,305.55027465435165,245.93088459971838,235.79016094824652,124.27791436936813,246.7650704617653,312611.125,106.67338559151116,0.42976820817328726,51830.58671604089,0.16579891939559377,313086.0,13.857178404442038,163.8732746513095,4064174394.225108,3.207885644841761,92.12933702474331,2.888953072736664,598.1430357955895,50.10511184632565,96.75010540120316,110.83074179530414,-152.65494558504665,750.7979813806362,37.15080744472571,113.93426201193498,-0.5751942991588641,4064174394.225108,0.12739561313837156,3620.433165060335,135.70893389295966,843.8492139315173,-40.46163776657927,17.986199214747128,3.695115545927105,0.6587629866208208,1.350910038787552,2.1672709840553677,1.8495493020046636,0.5596914715590351,0.5140193660265217,0.9962403386729832,0.9598381251919947,-0.14940242444196644,0.7729516493691505,0.4585888568552488,11.495045357619688,0.027582229451492673,5.833138173801864,0.7041325051700373,0.07542881021455262,22.990090715239383,3.9821295940297454,5.420328690168559,27842.012324980948,0.11880674809716507,6.287450957928807,133.04281489734237,2.307556184336757,318.675696128447,0.020672060194482596,0.009878220629057547,4.340846540312259,143824.2161010821,0.6124129920898944,0.7484593812759237,0.5138881273558854,0.8105197656821879,106.37094362144362,0.008281777758147483,1803.1824427106335,0.08848238101529189,12.537658368374384,106.0153098778154,241755.51292997695,38088242.62844104,1630.6227438241776,0.01748293790332963,7383.9311546199515,0.36233039671328093,0.624133850174943,65.66952330312229,0.011463758330670142,5.902584081762087,0.06509074184089994,241519.4859999939,58.05352631289921,3.3530534082369665e-05,411.8914700673625,0.013382771564294859,0.01922625929909352,case_00157
3.1.1.dev111+g8ed579383,2.0.2,2.5.5,1.8.0,3.12.13,"{'minimumROIDimensions': 2, 'minimumROISize': 50, 'normalize': False, 'normalizeScale': 1, 'removeOutliers': 3, 'resampledPixelSpacing': [1, 1, 1], 'interpolator': 'sitkBSpline', 'preCrop': False, 'padDistance': 10, 'distances': [1], 'force2D': False, 'force2Ddimension': 0, 'resegmentRange': None, 'label': 1, 'additionalInfo': True, 'binWidth': 25}",{'Original': {}},6c1217a917288eebf0ebfa20fbca7c3a87efbbdf,3D,"(0.5, 0.703125, 0.703125)","(705, 512, 512)",-308.3248718640483,-1024.0,1468.0,877d2b2f483a6654762a11ee6ebc00b412edfbfd,"(0.5, 0.703125, 0.703125)","(705, 512, 512)","(142, 184, 114, 299, 146, 306)",1316869,13,"(np.float64(284.0049473410036), np.float64(263.96827019240334), np.float64(268.0950504568032))","(188.50433235243977, 185.60268997903358, -142.0024736705018)","(1.0, 1.0, 1.0)","(172, 124, 237)",1.7881708169879227,-1028.8696737936928,1389.8062486735391,"(1.0, 1.0, 1.0)","(172, 124, 237)","(11, 10, 14, 149, 103, 212)",325433,8,"(np.float64(81.51134642153684), np.float64(66.45055664299564), np.float64(119.3133333128478))","(188.46177081284782, 185.59899414299565, -141.76134642153684)",121.1426592490691,-165.0460582800482,462.0115568503604,0.3178174484912414,0.1575902734536791,52.98090840824592,336.19402547593603,213.46662502602135,214.76731594914529,113.20777358467925,232.33381157291765,325748.1666666667,106.8483273747614,0.4387425186067906,52183.00130541873,0.16019430543354932,325433.0,20.897222169825213,201.39574338314935,6464394889.823229,3.4459858866868913,112.2989673405592,2.667652660793125,462.0115568503604,60.52331936019469,121.1426592490691,138.89963179146667,-165.0460582800482,627.0576151304086,45.37858473454882,140.93963559025548,-0.5619976541565227,6464394889.823229,0.10778515781114888,5188.436990377941,161.32260902648233,1650.9746659068662,-70.48001944003792,25.88564808998366,5.177914553418488,0.6661608634739675,1.6217296220078268,2.370435586268376,2.51884476003597,0.5167220787484579,0.4605464854208623,0.9926489085193914,0.944156449326241,-0.14113493758509152,0.7771253814203969,0.4332912905253869,12.495816675392243,0.019954901418643752,6.305524697459197,0.7143321473687301,0.05001472571418315,24.991633350784472,4.213138564177552,7.765890660850536,26096.67586060474,0.10152568332213134,8.814862868933728,158.5721586293586,1.9793447828819797,324.8658008739621,0.015875262932946086,0.008804996235584013,4.422297437226862,170710.29019220793,0.66330868341124,0.7898506345037581,0.3725101766273955,0.8416057574041689,131.90189639246512,0.007639284531697996,2042.8599788647343,0.07710069364676685,16.177043489337194,128.5533665458937,159594.85027928744,31041047.64772041,874.1550537977364,0.015538963472669075,9931.039251207729,0.37481277367178933,0.635041148907702,81.11949202519763,0.010378234067180333,6.013899268605201,0.08141768044420818,159443.9942927521,68.0844328318419,3.204310418716515e-05,345.9923971203673,0.02834993183748822,0.00959775559971979,case_00158
3.1.1.dev111+g8ed579383,2.0.2,2.5.5,1.8.0,3.12.13,"{'minimumROIDimensions': 2, 'minimumROISize': 50, 'normalize': False, 'normalizeScale': 1, 'removeOutliers': 3, 'resampledPixelSpacing': [1, 1, 1], 'interpolator': 'sitkBSpline', 'preCrop': False, 'padDistance': 10, 'distances': [1], 'force2D': False, 'force2Ddimension': 0, 'resegmentRange': None, 'label': 1, 'additionalInfo': True, 'binWidth': 25}",{'Original': {}},55b310766b01343bb9c177352ef5b40e068bd18e,3D,"(0.5, 0.765625, 0.765625)","(719, 512, 512)",-488.80018701142166,-1024.0,3071.0,48efafe84c5b0d76e57bce92ab8a7342dda2d53c,"(0.5, 0.765625, 0.765625)","(719, 512, 512)","(72, 266, 124, 284, 95, 271)",1444368,98,"(np.float64(232.2521725765179), np.float64(313.4821222846255), np.float64(258.6438670754268))","(198.02421072962363, 240.0097498741664, -116.12608628825895)","(1.0, 1.0, 1.0)","(164, 95, 230)",47.20052126803135,-1047.6571219344266,1457.930870121747,"(1.0, 1.0, 1.0)","(164, 95, 230)","(12, 11, 11, 141, 72, 207)",423548,54,"(np.float64(90.6353140612162), np.float64(46.86499286975738), np.float64(113.88951665454682))","(198.0067041545468, 239.98218036975737, -115.8853140612162)",117.82430483956536,-161.89751956710478,398.59440295846974,0.38711096570913933,0.19966663808852092,54.06888818519067,270.7958059634358,207.54276667713572,206.70026608594387,143.58969322343438,207.94951310354156,423248.9583333333,104.82802595649035,0.4770072379134236,57150.901787465795,0.13502904298338783,423548.0,29.7466252517098,189.73521090097572,7566920223.566618,3.301110568938323,96.57457438931586,2.7584476648775795,398.59440295846974,52.4139288984119,117.82430483956536,130.7056052828799,-161.89751956710478,560.4919225255745,38.92045147815858,133.66209379394837,-0.46869379205058526,7566920223.566618,0.11812648349559925,3982.9885064554305,155.47952070127633,1120.5837263427534,-44.01079135932408,20.9238478924666,3.784279015822523,0.6935109312609561,1.4156011581388943,2.196003487300496,1.7589763378481953,0.5410615896632422,0.4903656409757246,0.9930847192215185,0.9446321198863641,-0.15429818743377838,0.7895386644588834,0.4536996715984782,12.296120920411859,0.022858992285309306,6.032037656838922,0.7258864046419563,0.05842104801170757,24.592241840823725,4.112248497758985,6.177031727072282,36609.90109043778,0.11250154544567725,6.766252431132312,154.00555620946608,2.133981399899658,337.17097127762014,0.016507717586102248,0.008247229984192367,4.353889536210113,206768.08684933683,0.6343989241881292,0.7683186938761277,0.4345523612345085,0.82427457779155,125.8654364171569,0.0069445282971650245,2165.0192923563686,0.0835366474652301,13.80361488273812,132.99891962804338,307904.358760659,54981039.90627773,1841.5628782092897,0.013026149474007048,9387.055484816916,0.3621968393261919,0.6239844396558705,82.07657152815615,0.00848862072473497,6.006472905987091,0.061190231095413036,307637.28217641194,100.58160719102534,2.5408671547309902e-05,224.77701784256053,0.02388040966538952,0.005859349758619401,case_00159
3.1.1.dev111+g8ed579383,2.0.2,2.5.5,1.8.0,3.12.13,"{'minimumROIDimensions': 2, 'minimumROISize': 50, 'normalize': False, 'normalizeScale': 1, 'removeOutliers': 3, 'resampledPixelSpacing': [1, 1, 1], 'interpolator': 'sitkBSpline', 'preCrop': False, 'padDistance': 10, 'distances': [1], 'force2D': False, 'force2Ddimension': 0, 'resegmentRange': None, 'label': 1, 'additionalInfo': True, 'binWidth': 25}",{'Original': {}},d1083aff8d45d05d782f8d20fd582f60cdb78931,3D,"(1.0, 0.451171875, 0.451171875)","(252, 512, 796)",-304.919698804819,-1024.0,1395.0,377a5d5495afb84320713b8550c297fcdef693eb,"(1.0, 0.451171875, 0.451171875)","(252, 512, 796)","(75, 233, 140, 116, 179, 458)",2018389,29,"(np.float64(131.03930709095224), np.float64(323.73153787500826), np.float64(364.83250156436645))","(164.60216379173565, 146.058564939701, -131.03930709095224)","(1.0, 1.0, 1.0)","(138, 103, 229)",44.24577276378719,-1004.4244320288608,1340.361847821934,"(1.0, 1.0, 1.0)","(138, 103, 229)","(11, 11, 11, 116, 81, 207)",410823,20,"(np.float64(67.04063793896641), np.float64(51.788349240427145), np.float64(112.3420402460427))","(164.6164543085427, 146.06276330292715, -131.04063793896643)",96.07976012055205,-97.38656433277328,258.05296760837416,0.390995986261313,0.19688239393179882,52.7457740437331,267.9049811940246,206.4097865896867,206.24257562394823,117.32433677630571,207.3137718531984,410477.1666666667,104.74977234627616,0.49777537398553484,53659.10028098837,0.1307237153207183,410823.0,37.81358769123045,152.3719682317242,4605144356.267489,2.8788327888196625,62.623008320363965,2.8935508956433145,258.05296760837416,35.93286792182815,96.07976012055205,98.26616947354331,-97.38656433277328,355.43953194114744,25.692647135963984,105.87520138274463,-0.32131804126020036,4605144356.267489,0.15545260068025202,1978.2379630138985,72.88190922893465,295.2642094039222,-8.446675423308783,10.422838685113827,1.9439392966648879,0.6853936189387093,1.0063662634531638,1.8118902804762806,0.9206761861626498,0.6154753711451882,0.5837141288965959,0.9916714867499666,0.940319581676361,-0.17384895731809052,0.7851297194543184,0.4935273662208595,8.412023029713149,0.03767607307960632,5.196515121361752,0.6950684931501728,0.07168831949765865,16.824046059426294,3.715611077239859,3.091694495444678,42409.77756882107,0.14928396629006596,3.521880918748415,71.9552582329816,2.849127220434113,210.7389807455,0.047390258953336165,0.018381155715477302,4.2111739511357325,154993.91682217404,0.5438889595178413,0.691517346324891,0.7435982668831109,0.7648062725756998,54.41158269413783,0.014602541729150882,1483.9700268817205,0.0997291684732339,8.526274695774077,61.59475806451613,924657.2519489247,71635592.47365591,13135.781895450804,0.03638260726886125,4997.600403225806,0.33586024215227195,0.6002875939549563,36.801381584171104,0.023378914135029554,5.878571035465707,0.03621997794670698,923894.9910601615,245.20922629891396,2.5677811537226212e-05,69.47190224221902,0.021627353563808193,0.002300977483788922,case_00160
3.1.1.dev111+g8ed579383,2.0.2,2.5.5,1.8.0,3.12.13,"{'minimumROIDimensions': 2, 'minimumROISize': 50, 'normalize': False, 'normalizeScale': 1, 'removeOutliers': 3, 'resampledPixelSpacing': [1, 1, 1], 'interpolator': 'sitkBSpline', 'preCrop': False, 'padDistance': 10, 'distances': [1], 'force2D': False, 'force2Ddimension': 0, 'resegmentRange': None, 'label': 1, 'additionalInfo': True, 'binWidth': 25}",{'Original': {}},8fb5d263c6fe4f245aff497faef412f07eb3ae73,3D,"(5.0, 0.87109375, 0.87109375)","(59, 512, 512)",-597.6046741938187,-1024.0,1517.0,6f5c5da4eed5265c64b2d9eee14dcb0a5429622b,"(5.0, 0.87109375, 0.87109375)","(59, 512, 512)","(15, 274, 126, 22, 108, 271)",86233,19,"(np.float64(24.450604756879617), np.float64(321.20337921677316), np.float64(272.77868101538854))","(237.6158041657486, 279.798256114611, -122.25302378439808)","(1.0, 1.0, 1.0)","(132, 116, 258)",15.194636489986495,-903.6843124332073,1348.749761328335,"(1.0, 1.0, 1.0)","(132, 116, 258)","(13, 11, 11, 110, 94, 236)",327000,16,"(np.float64(62.232339449541286), np.float64(51.749694189602444), np.float64(138.4219113149847))","(237.4863644399847, 279.81414731460245, -122.23233944954129)",70.50097459185578,-126.25785298753462,1196.3678420592746,0.2956836557965326,0.16455003801738163,56.13399936279734,341.1363500072108,233.57439928211312,235.25518060183074,119.0,242.22510191968132,326609.5416666667,100.86844309521759,0.35917282550298396,63855.73362859553,0.195510925072011,327000.0,1.5014430944021073,132.389063235688,2537482128.618087,3.045610737104859,71.40152664561626,22.9346229988512,1196.3678420592746,41.32112077656773,70.50097459185578,73.38102097076106,-126.25785298753462,1322.6256950468091,29.473783924959477,88.09020482083359,0.9423828000342631,2537482128.618087,0.13870622035182226,2789.4967669749153,93.33892764945611,6047.357840132065,71.91020444894042,14.646333649361365,1.8502167097036364,0.7744544540167231,0.9039518571301938,1.7316527297722346,1.003308208513136,0.6519117188308952,0.6265382233230503,0.9993721854251025,0.9838561407366234,-0.24893266627649716,0.8630755235770693,0.4728547550353553,9.494115177980905,0.03973997372708146,5.199603051762012,0.8154710869991948,0.07644224072278337,18.98823035596183,3.8734254439755604,4.12413758976625,27676.46205618421,0.13117927650640612,5.1747094848986,88.79784888308608,3.776907978360559,357.23125594657455,0.04874678214563165,0.0151437578368276,4.537832138734408,108053.84705054016,0.5049434797150812,0.6452879322512349,1.2475131408051927,0.7351957056240596,63.53631977177085,0.011803037892987821,728.6116018845701,0.10727497083106155,23.961590560362705,80.61425206124852,975264.5306242638,93891589.18639576,10952.217268538807,0.03385435555489899,1130.8866313309777,0.16650274312882474,0.3928342943261426,37.67969576999449,0.015163416358061082,6.978254154411872,0.020770642201834864,972946.6015079058,25.046139643176662,4.572392760751201e-05,1156.2633536151725,0.0018690809732681626,0.3172206794287955,case_00161
3.1.1.dev111+g8ed579383,2.0.2,2.5.5,1.8.0,3.12.13,"{'minimumROIDimensions': 2, 'minimumROISize': 50, 'normalize': False, 'normalizeScale': 1, 'removeOutliers': 3, 'resampledPixelSpacing': [1, 1, 1], 'interpolator': 'sitkBSpline', 'preCrop': False, 'padDistance': 10, 'distances': [1], 'force2D': False, 'force2Ddimension': 0, 'resegmentRange': None, 'label': 1, 'additionalInfo': True, 'binWidth': 25}",{'Original': {}},207789b0371df17aa0dfcd21dcc67ee7faa7e02e,3D,"(5.0, 0.55078125, 0.55078125)","(94, 512, 512)",-592.7299681318567,-1024.0,3070.0,f9899f4644c6d67038c86fa5668386308fca5253,"(5.0, 0.55078125, 0.55078125)","(94, 512, 512)","(44, 251, 104, 21, 126, 300)",134859,23,"(np.float64(53.084792264513304), np.float64(329.39220222602864), np.float64(259.60617385565666))","(142.9862129439359, 181.42304888230484, -265.4239613225665)","(1.0, 1.0, 1.0)","(127, 92, 187)",52.1339639926473,-1044.4741686143589,1377.8701599581048,"(1.0, 1.0, 1.0)","(127, 92, 187)","(13, 11, 10, 105, 70, 166)",204710,20,"(np.float64(60.40960382980802), np.float64(54.19696155537101), np.float64(95.77433930926676))","(142.99894868426676, 181.421570930371, -265.409603829808)",143.2161219310291,-327.2410242203658,237.7447284680361,0.40893344962165296,0.17897187324550282,39.45390916152779,220.447539862352,166.0903368652132,165.24527224704494,104.62313319720452,173.5396208362805,204369.41666666666,90.14837293651846,0.4898278651556458,34254.521654895325,0.16761080113452392,204710.0,78.82218324245295,196.1996871842652,4710635526.294117,2.87417989105207,68.46016378508143,5.504837690967635,237.7447284680361,39.61478351394534,143.2161219310291,154.18626264224912,-327.2410242203658,564.9857526884018,28.021019667023193,151.69463537615857,-1.2011881359965781,4710635526.294117,0.16421537168782685,2500.4048209423204,416.5517216315125,802.979533011779,-49.90842027743036,12.959629546405028,1.6727229866088338,0.7699733417322012,0.8661104350910903,1.698043176718867,0.8957295592195895,0.6620527315825852,0.638384397678071,0.9971503257115601,0.9665212038062118,-0.24264562410059393,0.8469142200972085,0.4679527345768817,20.34033977380827,0.05262678249322365,4.93840915443738,0.7973781854529076,0.14096467520656553,40.68067954761654,3.6895509171678182,3.6580881332534654,19155.565018591828,0.1490292953227111,4.521413360678705,404.42281894166837,4.193231736855866,1787.1958651087016,0.010261685164793307,0.0026426012127288285,4.44825655268386,63416.61556477439,0.48487899546451235,0.6276642755417607,1.4554000748080305,0.7183985270635997,285.5056129335766,0.0019515901791103867,514.9312158608133,0.10417382477459301,9.991544472861548,310.14383977341697,622162.9836131904,276051990.9287882,1419.9710774044743,0.004398190188551798,1026.0633218693101,0.20757906572310542,0.45430644830359596,134.08465799452316,0.002378156048164623,6.5765392147001585,0.024146353377949296,620447.8541967137,21.053820331215856,6.260242550580726e-05,215.27593430753737,0.008430063213925882,0.04601154598176811,case_00162
3.1.1.dev111+g8ed579383,2.0.2,2.5.5,1.8.0,3.12.13,"{'minimumROIDimensions': 2, 'minimumROISize': 50, 'normalize': False, 'normalizeScale': 1, 'removeOutliers': 3, 'resampledPixelSpacing': [1, 1, 1], 'interpolator': 'sitkBSpline', 'preCrop': False, 'padDistance': 10, 'distances': [1], 'force2D': False, 'force2Ddimension': 0, 'resegmentRange': None, 'label': 1, 'additionalInfo': True, 'binWidth': 25}",{'Original': {}},6226e75e55bd1f5514537d34e98ec2cabd23cba5,3D,"(5.0, 0.9375, 0.9375)","(99, 512, 512)",-770.2047939493199,-2048.0,1652.0,14431f098f4498d48596beccb100c09cfd9e2d9e,"(5.0, 0.9375, 0.9375)","(99, 512, 512)","(16, 236, 135, 29, 105, 289)",172835,16,"(np.float64(30.39929991031909), np.float64(288.5166603986461), np.float64(270.40544449908873))","(253.50510421789568, 270.4843691237307, -151.99649955159546)","(1.0, 1.0, 1.0)","(167, 121, 293)",55.00502140355628,-911.2400423868653,1191.0686284909473,"(1.0, 1.0, 1.0)","(167, 121, 293)","(13, 11, 11, 145, 99, 270)",759415,17,"(np.float64(86.99449576318614), np.float64(60.42233824720344), np.float64(137.4369152571387))","(253.4681652571387, 270.45358824720347, -151.99449576318614)",131.75926132248927,-124.70631146478381,251.96617120539986,0.3728559694723428,0.18579055587131701,63.783534432008935,343.3088088513333,271.0645679538364,269.8184574857695,146.2908062729849,272.70130179373916,759097.625,128.0047387526591,0.4689724529330455,85809.46868116353,0.11304141371956411,759415.0,34.15113136711183,188.61230162491748,16005791296.678225,2.9944177176781213,68.21516051486859,4.045078856901571,251.96617120539986,47.374712319433996,131.75926132248927,152.30081344229183,-124.70631146478381,376.6724826701837,30.714529010249837,145.17739164725268,-1.2891413270469636,16005791296.678225,0.16388633159115482,3715.9721012517853,124.12182706808056,1529.037330809987,-109.58585786107689,18.812467196690765,1.858623840685592,0.8182217688535813,0.9360641303574921,1.759237878797994,0.9444002831722271,0.6429782009825782,0.6155610583879986,0.9930035295796116,0.9477268704295331,-0.25396552802319683,0.8610675583980798,0.4724674462067054,10.949044072533077,0.054975514683842916,5.076749217289712,0.8350819434713634,0.12904954957906836,21.898088145066154,3.766137133394259,5.167772759344089,67798.39972253088,0.1372024591619005,6.948537185869337,115.29290688204189,4.154876979118637,548.3798726270392,0.04167635608509804,0.013914768572798135,4.553856556957186,253879.13748823368,0.507343154635966,0.6464407066370419,1.506700028722809,0.7363047513472056,81.10045369124249,0.011250832660155736,1211.2325692454633,0.09640501187881752,15.399852633535717,75.08420885068449,3565389.143505253,510057854.10434574,25909.481082879516,0.04503490985907518,1657.331900668577,0.13191116687906534,0.33128627071748956,19.494034033345063,0.02003118643247973,7.244879211385934,0.01654431371516233,3561735.699237168,264.25323320891823,1.592043021700543e-05,71.12838381082197,0.030103529205422856,0.002281495829699963,case_00163
3.1.1.dev111+g8ed579383,2.0.2,2.5.5,1.8.0,3.12.13,"{'minimumROIDimensions': 2, 'minimumROISize': 50, 'normalize': False, 'normalizeScale': 1, 'removeOutliers': 3, 'resampledPixelSpacing': [1, 1, 1], 'interpolator': 'sitkBSpline', 'preCrop': False, 'padDistance': 10, 'distances': [1], 'force2D': False, 'force2Ddimension': 0, 'resegmentRange': None, 'label': 1, 'additionalInfo': True, 'binWidth': 25}",{'Original': {}},9f099bddded89271d6528932505cfcd9e9337246,3D,"(5.0, 0.69140625, 0.69140625)","(88, 512, 512)",-385.57604468952525,-1024.0,2553.0,3fb05f29d0ba5e5d28e6089001dcae02f75b1d7c,"(5.0, 0.69140625, 0.69140625)","(88, 512, 512)","(16, 249, 112, 24, 126, 284)",161344,10,"(np.float64(27.567191838556127), np.float64(312.23764751090835), np.float64(251.28587366124555))","(173.74062358609555, 215.88306097433897, -137.83595919278065)","(1.0, 1.0, 1.0)","(142, 109, 218)",22.859330887668172,-1085.2034346775465,1324.958677286773,"(1.0, 1.0, 1.0)","(142, 109, 218)","(13, 11, 10, 120, 87, 197)",386020,9,"(np.float64(72.80115019947154), np.float64(54.77505051551733), np.float64(106.50160613439718))","(173.65590300939718, 215.92934739051734, -137.80115019947152)",107.00594834121091,-139.15446064744617,240.57700401537232,0.41127697973567967,0.2015184301500245,54.98795557720823,272.8681219691486,196.1555505204989,198.01262586006985,126.62543188475212,201.5812491279881,385953.4583333333,112.2243770696185,0.3737308137919193,68593.32295598088,0.17772433819400948,386020.0,7.560516715719357,174.6560557092911,5993852716.753335,3.1901809230731786,91.26899319055168,2.8330739569306576,240.57700401537232,52.74126507759282,107.00594834121091,123.8508772207177,-139.15446064744617,379.7314646628185,38.647624831853065,124.60863261671923,-0.815175847795697,5993852716.753335,0.13084317531367207,4077.0383422066093,126.10294606933697,1244.56566311314,-77.9918918434791,20.458810467127062,2.353632190640716,0.7916124394652732,1.0487812242462804,1.8939430450424732,1.2129690520581162,0.621967669292707,0.5895892881545557,0.9912390487762155,0.9421794674937954,-0.23967873659660596,0.8628621809790448,0.46438371527811656,11.026030502187124,0.03954841443547041,5.446289831919843,0.8042571257717056,0.12190915828555517,22.05206100437425,3.979130460545193,5.703110664441946,29784.54579331414,0.11393496579022792,7.187160418074323,115.80976115555917,3.470159634860754,463.9962531851861,0.033914409006602524,0.012732309425530282,4.581562997198274,144161.93942586065,0.5458011657322429,0.6762262218378481,1.1662271763630838,0.7653868252756773,84.60686852018054,0.01048729884035505,1084.7169742371643,0.09909711074704589,10.120005734511386,66.05253060478714,777038.3411291796,115406485.05865157,5561.690392376583,0.031233533732977468,2024.733235885255,0.18497471550203315,0.4180021374062391,24.350318136674073,0.014941861434735991,6.721906486468014,0.028356043728304234,775794.6609149398,125.65951002284184,3.671083891767016e-05,75.2417941388771,0.03628692021194046,0.004159445253165334,case_00164
3.1.1.dev111+g8ed579383,2.0.2,2.5.5,1.8.0,3.12.13,"{'minimumROIDimensions': 2, 'minimumROISize': 50, 'normalize': False, 'normalizeScale': 1, 'removeOutliers': 3, 'resampledPixelSpacing': [1, 1, 1], 'interpolator': 'sitkBSpline', 'preCrop': False, 'padDistance': 10, 'distances': [1], 'force2D': False, 'force2Ddimension': 0, 'resegmentRange': None, 'label': 1, 'additionalInfo': True, 'binWidth': 25}",{'Original': {}},d9865b303889d71f0cb08d65ea0ce304f4e53e14,3D,"(1.0, 0.970703125, 0.970703125)","(734, 512, 512)",-589.58474846302,-1024.0,3071.0,dc445cd36f3df664a64fea24faa49237642fdc20,"(1.0, 0.970703125, 0.970703125)","(734, 512, 512)","(302, 250, 128, 130, 102, 78)",354552,6,"(np.float64(366.2649174169092), np.float64(302.4102021706266), np.float64(165.31863591236265))","(160.47531650086765, 293.550528278909, -366.2649174169092)","(1.0, 1.0, 1.0)","(152, 121, 98)",5.55560632918576,-1011.4918767331901,1102.7925803156088,"(1.0, 1.0, 1.0)","(152, 121, 98)","(11, 11, 11, 130, 99, 76)",334055,6,"(np.float64(75.27964856086572), np.float64(61.52525781682657), np.float64(47.41736241038152))","(160.43201084788151, 293.5399062543266, -366.2796485608657)",112.33592943710872,-137.48027448286328,280.95222029417334,0.5229779625986603,0.40502356925944505,54.00320600818428,133.33348996683094,119.97082978791136,85.90692637965812,144.51643505151932,145.9314907756376,334124.75,69.73047692902216,0.6124531851935368,38020.427120074004,0.11379111281063137,334055.0,30.81948894498512,169.21380160410206,5248810492.344326,3.0198487935970393,60.406765876891996,4.2824196675120785,280.95222029417334,42.080936410819135,112.33592943710872,124.99967253292711,-137.48027448286328,418.4324947770366,26.562040953036423,125.34916872682237,-1.1572717132915455,5248810492.344326,0.1566036923483896,3093.0530580063073,126.81138489890506,939.0078208465097,-67.34868868067588,14.26891971407011,3.380810459945436,0.6156303146058287,1.3470610687798037,2.1261816067902455,1.532626422864778,0.5510075812552189,0.5026000316659143,0.990013609903223,0.9339829248013538,-0.1150384328224136,0.6795961197159812,0.45964541323422675,11.139519420504838,0.035780780100110175,5.551516230141431,0.6574606449666055,0.08833499359312304,22.279038841009676,3.7356765200604416,4.412432543503886,35880.004494043395,0.14181782450579947,5.632466101658016,123.53051421579397,2.261121188928818,292.4699156069745,0.022084503219013948,0.01130209828627732,4.148412992379411,158451.7233835473,0.6238758330474408,0.7570568181425674,0.4970362740338021,0.8170598929519297,99.34014700479848,0.009674392991721063,1787.4597024341517,0.09397296159161725,13.328833055972177,98.92902581357447,810775.671573524,113758696.11287524,5928.727772988439,0.023635778273597485,5771.706482309027,0.3034386458287696,0.567218950229407,56.31812077128927,0.01465420570953668,6.127287885378735,0.05693972549430483,810467.2325909883,138.5052305621368,2.5964205108413673e-05,136.32062050221427,0.030735169520445027,0.003943868369697051,case_00165
3.1.1.dev111+g8ed579383,2.0.2,2.5.5,1.8.0,3.12.13,"{'minimumROIDimensions': 2, 'minimumROISize': 50, 'normalize': False, 'normalizeScale': 1, 'removeOutliers': 3, 'resampledPixelSpacing': [1, 1, 1], 'interpolator': 'sitkBSpline', 'preCrop': False, 'padDistance': 10, 'distances': [1], 'force2D': False, 'force2Ddimension': 0, 'resegmentRange': None, 'label': 1, 'additionalInfo': True, 'binWidth': 25}",{'Original': {}},78026f98dbd6fde41f4d6045cd5f83d025670bc9,3D,"(3.0, 0.7139999866485596, 0.7139999866485596)","(103, 512, 512)",-714.6618636418315,-6986.0,18326.0,8cdb19d3f248da008378d97ffd569bec952ff4be,"(3.0, 0.7139999866485596, 0.7139999866485596)","(103, 512, 512)","(27, 223, 106, 43, 117, 273)",241530,26,"(np.float64(46.567772119405454), np.float64(284.7528919802923), np.float64(248.43613215749596))","(177.3833950434719, 203.31356107206744, -139.70331635821637)","(1.0, 1.0, 1.0)","(151, 106, 217)",60.537877661294665,-1087.9573366004258,2092.1716084692466,"(1.0, 1.0, 1.0)","(151, 106, 217)","(12, 11, 11, 129, 84, 195)",369207,22,"(np.float64(71.66070253272554), np.float64(55.16380241978077), np.float64(112.33952498192072))","(177.48252498859642, 203.3068024264565, -139.66070253272554)",80.5471536314557,-119.92897104763061,503.9212420274525,0.45865360549566025,0.2199191232189579,52.61854967889488,239.26318415932533,194.17775361765828,194.48650338776724,127.09445306542689,198.600100704909,369450.7916666667,109.73892207704671,0.4314390580863412,57712.39087273924,0.1562113065515087,369207.0,16.27215904435104,128.84336676507058,3137041655.4046607,2.792243517259832,60.98657932250103,3.3775549188438827,503.9212420274525,36.115162338410904,80.5471536314557,90.7747924802286,-119.92897104763061,623.850213075083,25.412105253023206,92.17755398438393,-0.7780674388796643,3137041655.4046607,0.1739508361861312,2008.8575004146915,80.30488360757019,325.0821510532833,-23.303261353199414,10.0609987108633,1.697208173659324,0.7098564950579416,0.8860808621052635,1.7223783067282679,0.8873301909064563,0.6558823836735949,0.631141953872173,0.9975227908534331,0.9682039322526512,-0.2051169356874261,0.8019211422546206,0.47070797645145174,8.843832993431736,0.05450130080864435,4.8826847442894366,0.7880807998930117,0.14221203514356826,17.687665986863475,3.5820898614976033,2.939551721130657,36606.4928266571,0.15605047818466466,3.742713834048474,76.75003527030866,3.849448700372243,317.1798558259643,0.05674285241388858,0.01766331839657462,4.35658026162503,116509.20684361596,0.49063843398691176,0.6347841975660516,1.2535791850678848,0.7247454139480939,53.87011960446725,0.013730915383213868,1161.869893940985,0.12200670943410533,7.971550663818396,47.134201407119605,1138464.7504987924,101595479.7976478,13485.441031525997,0.046771777961420936,2062.067940774966,0.21653553930221212,0.463747650021317,19.89802188344656,0.025475569489547458,6.236001161011524,0.025793118765353854,1136961.6352374977,105.21009824756746,3.344754796946606e-05,143.7452667893288,0.009132085695749654,0.011873356595499329,case_00166
3.1.1.dev111+g8ed579383,2.0.2,2.5.5,1.8.0,3.12.13,"{'minimumROIDimensions': 2, 'minimumROISize': 50, 'normalize': False, 'normalizeScale': 1, 'removeOutliers': 3, 'resampledPixelSpacing': [1, 1, 1], 'interpolator': 'sitkBSpline', 'preCrop': False, 'padDistance': 10, 'distances': [1], 'force2D': False, 'force2Ddimension': 0, 'resegmentRange': None, 'label': 1, 'additionalInfo': True, 'binWidth': 25}",{'Original': {}},d544418c23487786aeab4ae90f2eb741cd58a04b,3D,"(5.0, 0.8730000257492065, 0.8730000257492065)","(103, 512, 512)",-692.6962366196716,-2048.0,1486.0,8d06a66907a8bcc56af7137bd52f735435cfb1d9,"(5.0, 0.8730000257492065, 0.8730000257492065)","(103, 512, 512)","(21, 265, 142, 26, 96, 247)",126870,2,"(np.float64(33.34139670528888), np.float64(314.84916055805155), np.float64(268.58779853393236))","(234.47715503604564, 274.86332527429505, -166.7069835264444)","(1.0, 1.0, 1.0)","(152, 106, 238)",44.630202974929226,-994.7006687364606,1290.9951949859012,"(1.0, 1.0, 1.0)","(152, 106, 238)","(13, 11, 11, 130, 84, 216)",483375,2,"(np.float64(76.69852598913887), np.float64(54.8148125161624), np.float64(121.40417895009051))","(234.4676789372159, 274.8783125032878, -166.6985259891389)",127.21755051917556,-149.43797735277542,266.1145425890854,0.4077325530892116,0.18597566398918133,52.924761158891656,284.57896062126935,216.8340379184043,214.28252378577213,135.38463723776047,216.8363438171747,483369.1666666667,116.03210616958435,0.48643786704595116,61231.66163785723,0.1266768049358904,483375.0,37.232467470722376,193.85153281676705,9757876087.834099,3.1866277440763966,89.13019434890553,3.373158373550739,266.1145425890854,51.61074288407703,127.21755051917556,143.68566752355625,-149.43797735277542,415.5525199418608,37.00360420867326,142.08085335928996,-0.9304945567418128,9757876087.834099,0.13266314912179866,4002.663731205085,143.08634831342926,1385.6979216340233,-81.83991893115004,20.62935372500201,2.192797705830571,0.8063168569414656,0.9861750370091829,1.8363570246900376,1.1813538261158147,0.6384468759421643,0.6097784878059989,0.9927621203165743,0.948400175203973,-0.262416836292567,0.8831188506456128,0.46436473093314173,11.767564403092978,0.04043370610921594,5.398408286476295,0.822698646044773,0.10918719670238185,23.53512880618596,3.998544311881599,5.705537857708143,36913.01823969202,0.11729903644982256,7.220416935723297,134.23228385950964,3.83503949455177,574.3685304919584,0.032409757645916845,0.01077244335757767,4.687451233366257,163752.03607309874,0.5137965489280414,0.6498296035487656,1.3203178767156698,0.7421925015586779,95.63192866965713,0.008659165949223039,1279.7269413051404,0.09330856298251114,10.620327464640383,75.34801312431644,981372.0197593875,162749953.40634343,6260.582436487393,0.027999701058719843,2721.328399562523,0.19841986143365095,0.44193597280354074,29.874490819792143,0.014070532158064935,6.7445336533252584,0.028373416084820274,980129.8620295535,124.93327376226804,3.1290602452827175e-05,80.36953269844632,0.029237639945866527,0.004268578140204157,case_00167
3.1.1.dev111+g8ed579383,2.0.2,2.5.5,1.8.0,3.12.13,"{'minimumROIDimensions': 2, 'minimumROISize': 50, 'normalize': False, 'normalizeScale': 1, 'removeOutliers': 3, 'resampledPixelSpacing': [1, 1, 1], 'interpolator': 'sitkBSpline', 'preCrop': False, 'padDistance': 10, 'distances': [1], 'force2D': False, 'force2Ddimension': 0, 'resegmentRange': None, 'label': 1, 'additionalInfo': True, 'binWidth': 25}",{'Original': {}},d27de42a9ef5bbde0e88bd4579f72e752d4151b4,3D,"(5.0, 0.7753909826278687, 0.7753909826278687)","(83, 512, 512)",-840.5184507714697,-2048.0,1613.0,d4a064ecc17d5f6ee21fa3e891a42a283dfe50bd,"(5.0, 0.7753909826278687, 0.7753909826278687)","(83, 512, 512)","(18, 278, 130, 28, 105, 235)",84738,9,"(np.float64(32.16441266019967), np.float64(335.4697066251269), np.float64(247.38765370907976))","(191.82215589948626, 260.12018546193997, -160.82206330099837)","(1.0, 1.0, 1.0)","(162, 103, 204)",45.01910352146602,-1139.7870691382109,1643.7465637007317,"(1.0, 1.0, 1.0)","(162, 103, 204)","(13, 11, 11, 140, 81, 182)",254690,8,"(np.float64(85.83905924849817), np.float64(54.97728611252896), np.float64(101.74270682005576))","(191.85501132874182, 260.089590621215, -160.8390592484982)",116.97277744510126,-193.2069333402366,349.1369240526074,0.3441264029271133,0.17090920197294998,48.01041935177102,280.9118455738252,191.84629264074925,176.0284067984483,116.1077086157504,205.07559581773742,254271.375,96.66918295693718,0.4233615588433478,45846.30619097751,0.18030463000790992,254690.0,20.39404165447684,189.91554250010864,4595666119.43161,3.3122358770943485,94.9625258599299,2.8887838393159084,349.1369240526074,54.3184293999839,116.97277744510126,130.84919876902302,-193.2069333402366,542.343857392844,39.52608821278127,134.3285379549683,-0.7246858531543624,4595666119.43161,0.1175215678902079,4361.525445898173,184.34702851600227,1428.9742471723657,-74.7365148840494,22.12536231181733,2.8399902502188343,0.770725516773388,1.1662763346595348,1.9930371882674498,1.4228081403507429,0.5969288042312774,0.5590613775536029,0.9943149430802787,0.9520790587610602,-0.2220846323332332,0.852303320334885,0.461627063116383,13.398628164053225,0.029798173706988992,5.744378577030218,0.7818239531703679,0.07312810772570585,26.797256328106453,4.119488443946005,6.241338140509042,19562.196904401713,0.10874545575819528,7.56451959075713,174.5472401229954,3.0616001734611826,583.5185279258772,0.01924781659437081,0.007290284787349013,4.5861544565597425,104660.72212597624,0.5745746108985308,0.705773534643926,0.9402037306907448,0.7843067685614623,133.18196040462306,0.005970528442417086,845.91858216971,0.09086128702145113,10.749176312732114,116.72857142857143,336217.2448979592,70701279.7198711,1679.2796224365175,0.01306359749556376,1753.655209452202,0.18836253592397442,0.4230362750330479,45.91428622417058,0.005825480179896664,6.793870011361681,0.036554242412344416,335468.86101705086,51.278763325379686,5.199648871543889e-05,151.74795357318342,0.025381547597888805,0.010104436623220407,case_00168
3.1.1.dev111+g8ed579383,2.0.2,2.5.5,1.8.0,3.12.13,"{'minimumROIDimensions': 2, 'minimumROISize': 50, 'normalize': False, 'normalizeScale': 1, 'removeOutliers': 3, 'resampledPixelSpacing': [1, 1, 1], 'interpolator': 'sitkBSpline', 'preCrop': False, 'padDistance': 10, 'distances': [1], 'force2D': False, 'force2Ddimension': 0, 'resegmentRange': None, 'label': 1, 'additionalInfo': True, 'binWidth': 25}",{'Original': {}},b7a31f1ad24587c39be156964cec5822523ae499,3D,"(5.0, 0.7549999952316284, 0.7549999952316284)","(101, 512, 512)",-713.2403371074412,-2048.0,1515.0,8cfae39f20f66564cb2b4ea943e564085eeb93ad,"(5.0, 0.7549999952316284, 0.7549999952316284)","(101, 512, 512)","(26, 215, 93, 23, 116, 318)",130812,8,"(np.float64(36.5206250191114), np.float64(278.5235070177048), np.float64(254.61487478213007))","(192.23422924640988, 210.28524647026353, -182.603125095557)","(1.0, 1.0, 1.0)","(137, 110, 262)",41.09067755582514,-1128.8713704580543,1347.478864463992,"(1.0, 1.0, 1.0)","(137, 110, 262)","(13, 12, 11, 115, 87, 240)",372735,6,"(np.float64(67.60386065166942), np.float64(59.15991253839859), np.float64(133.12350597609563))","(192.24600597847981, 210.2824125407828, -182.60386065166944)",85.12443854423648,-133.89642952467364,183.18769234784992,0.30552457190727883,0.14344648250672531,49.03657729647596,341.84579809530663,241.19701490690136,239.35329536064467,116.61903789690601,242.91150652037874,372567.75,104.44229112137063,0.40879213389979746,61251.7404356962,0.16440430079011456,372735.0,18.385790115098565,135.29872854402802,3503811698.1009235,2.7959292570205627,62.55646972614029,3.4526539809541976,183.18769234784992,37.255229986897206,85.12443854423648,94.39119084725294,-133.89642952467364,317.08412187252355,26.2670409883592,96.95501805362197,-0.9154231996399746,3503811698.1009235,0.1695728592550229,2154.105488306677,103.43118092214155,414.2245590988812,-31.465219943797347,11.024464646139494,1.3013265838409267,0.7872058355050096,0.7597376828976616,1.5777856922960782,0.7027297684414181,0.6894259711523092,0.6708322168428622,0.993586392921399,0.9514592646678603,-0.27045312500569857,0.8637152835335956,0.45983428220285977,10.049838949879614,0.060267585675880135,4.690363133042002,0.7982278031920161,0.12167742222333014,20.09967789975923,3.593930807902313,3.081447807495105,33325.90254306946,0.15102995910526065,4.077059588963454,96.3575428551963,4.918647626857909,530.635857673356,0.05269610567244542,0.0132893801748967,4.5184714100725945,101094.99974413341,0.451123554121688,0.590731918221958,1.8385984324577522,0.6937443505859123,63.641065891468735,0.00998346405374055,728.8499503146737,0.1207104919368456,8.599229967959355,61.646737330241805,1816496.5450480292,207502825.68416694,16717.911589149513,0.030583164686103816,952.666114607486,0.15777842242588372,0.3777748484783453,19.962248361453064,0.013609444727303006,6.6447782916470635,0.01619917635853891,1812685.7628049022,149.6729201155529,3.655900600340242e-05,47.608059824177765,0.019681122761734348,0.0037858044427692052,case_00169
3.1.1.dev111+g8ed579383,2.0.2,2.5.5,1.8.0,3.12.13,"{'minimumROIDimensions': 2, 'minimumROISize': 50, 'normalize': False, 'normalizeScale': 1, 'removeOutliers': 3, 'resampledPixelSpacing': [1, 1, 1], 'interpolator': 'sitkBSpline', 'preCrop': False, 'padDistance': 10, 'distances': [1], 'force2D': False, 'force2Ddimension': 0, 'resegmentRange': None, 'label': 1, 'additionalInfo': True, 'binWidth': 25}",{'Original': {}},f89ce74c2c290b0485a0e3abf8761792ce98dcba,3D,"(2.0, 0.9765625, 0.9765625)","(345, 512, 512)",-730.1184310470802,-1024.0,3071.0,bb23ce16b080992c98c3839dc2e97525453380cf,"(2.0, 0.9765625, 0.9765625)","(345, 512, 512)","(154, 253, 151, 80, 99, 236)",212934,29,"(np.float64(190.84840842702434), np.float64(313.8356814787681), np.float64(266.05377253045543))","(259.8181372367729, 306.4801576941095, -381.6968168540487)","(1.0, 1.0, 1.0)","(181, 119, 253)",44.81187883608859,-1039.073342470851,3780.092528758652,"(1.0, 1.0, 1.0)","(181, 119, 253)","(11, 11, 11, 160, 97, 231)",404832,29,"(np.float64(85.26910916133112), np.float64(70.48060430005533), np.float64(123.59648940795194))","(259.60820815795194, 306.49232305005535, -381.76910916133113)",125.2125569598673,-159.63676819146622,302.1250461769837,0.34234548263470566,0.16161781255938687,52.64083256024813,325.71182425145815,231.36551169091732,229.05457864884517,144.84474446799925,234.2946862393597,405086.9583333333,111.50597167319587,0.44154151834873173,59962.2727229538,0.14802321202750923,404832.0,42.67642456090631,198.73996104661558,8102186015.5392885,3.244961623042358,105.5793303265999,2.802486249543202,302.1250461769837,56.066772337076245,125.2125569598673,139.15794848932705,-159.63676819146622,461.7618143684499,42.96532168517758,141.46978316341867,-0.644942976257773,8102186015.5392885,0.12504008467972486,4335.515127876688,164.35263447987452,1349.0901088653638,-61.30660476814171,22.873811675529705,3.01422105067819,0.7665059020988779,1.1636075664329888,2.030363305266624,1.6301907650373832,0.60471325338655,0.5685856487671676,0.992808089265784,0.9481842366569102,-0.22169803245602981,0.8609905245776072,0.4564051872723667,12.624871514320121,0.03352920092105624,5.668141694024318,0.795506346200319,0.09867698875760039,25.249743028640246,4.05776934203141,6.472008181551974,31351.598338903546,0.11214984142155639,7.499997999581992,159.53016501115937,3.0073281051582486,506.36630462701373,0.021954075567461397,0.008287478178364161,4.585917187008858,156217.34362329578,0.55595016519062,0.6901924749031699,0.8708871087065492,0.7732967024835953,120.6604744286617,0.006703763724860321,1740.9816550548844,0.08726287680090644,11.221463253107046,114.70983910580924,407961.7611147311,78431133.20735803,2286.1239827528652,0.014772064664602501,6235.8191068116885,0.3125567193028765,0.5757711716961436,63.693402609264616,0.008976019570227142,6.129452456782179,0.04928217136985218,407550.02370230394,92.6790827579066,3.2119444065180916e-05,137.0886848791326,0.027825035559676622,0.005808636893426722,case_00170
3.1.1.dev111+g8ed579383,2.0.2,2.5.5,1.8.0,3.12.13,"{'minimumROIDimensions': 2, 'minimumROISize': 50, 'normalize': False, 'normalizeScale': 1, 'removeOutliers': 3, 'resampledPixelSpacing': [1, 1, 1], 'interpolator': 'sitkBSpline', 'preCrop': False, 'padDistance': 10, 'distances': [1], 'force2D': False, 'force2Ddimension': 0, 'resegmentRange': None, 'label': 1, 'additionalInfo': True, 'binWidth': 25}",{'Original': {}},24ccddbaad6ea7ae1844de477340cdc335c55713,3D,"(5.0, 0.759765625, 0.759765625)","(131, 512, 512)",-571.3276610629249,-1024.0,3031.0,f27172922bf609bcaa9dfb01999221f636a58c65,"(5.0, 0.759765625, 0.759765625)","(131, 512, 512)","(60, 261, 127, 26, 111, 305)",144450,61,"(np.float64(72.36351678781585), np.float64(324.4944548286604), np.float64(254.35698165455176))","(193.25169113988406, 246.53973228193146, -361.81758393907927)","(1.0, 1.0, 1.0)","(152, 107, 253)",14.064034766307085,-1048.3621437331817,1302.7603176493653,"(1.0, 1.0, 1.0)","(152, 107, 253)","(13, 11, 10, 130, 85, 232)",417105,44,"(np.float64(76.79013677611152), np.float64(59.44233466393354), np.float64(107.07588017405689))","(193.1959973615569, 246.56245185143354, -361.7901367761115)",108.31235208054198,-115.25523834258966,218.5620857483296,0.4839608674858502,0.19443912940037006,51.152639882808245,263.0779105037018,227.43130831088317,232.57256931977167,142.76203977248295,236.37258724310652,416305.6666666667,127.31941378373638,0.42366729092393995,63640.571406695664,0.15286981778619954,417105.0,18.775653458699008,159.96845177679666,6177314711.055396,2.8578610394455337,62.097994400303136,3.971632303602361,218.5620857483296,43.27844007733827,108.31235208054198,127.35115264233556,-115.25523834258966,333.81732409091927,28.379576099746185,121.69624157141948,-1.2768963178223722,6177314711.055396,0.17910447043744576,3078.4095993899996,103.98671995464733,938.8147314476004,-75.74474520640769,14.775621615897629,1.82604246344459,0.777247589827138,0.9040159761792,1.741297138371584,0.9764896051678401,0.6548819676641564,0.6299087331794989,0.9911599075092499,0.9432179622990334,-0.23540016377236883,0.8327909901587418,0.4677651466126178,10.037286774398995,0.06499697878278844,4.848071324443937,0.7966800682115595,0.15484549901315875,20.07457354879799,3.589776669474638,4.150416019835555,39064.34162100964,0.1467305588066435,5.914138840961384,95.24250343574991,4.535588259420243,501.46234482173537,0.05301561540455035,0.016962920425875067,4.469604559190229,135196.34227564003,0.5023584281817518,0.6338813414441854,1.7596253262453208,0.7338566502577907,66.23558953706657,0.013851760408934866,1018.336719450254,0.10141785872425595,10.886715646012686,55.83318394582213,1434281.038243203,173578982.93865153,12190.377125410709,0.052925059285396536,1629.1979882481824,0.16225455514870854,0.3795614124659545,17.46253928370392,0.025798920829882662,6.760401448781732,0.02407307512496853,1432555.4512533867,205.06061356834638,2.616286777868224e-05,56.52172804966631,0.03411565161946292,0.002890465927981152,case_00171
3.1.1.dev111+g8ed579383,2.0.2,2.5.5,1.8.0,3.12.13,"{'minimumROIDimensions': 2, 'minimumROISize': 50, 'normalize': False, 'normalizeScale': 1, 'removeOutliers': 3, 'resampledPixelSpacing': [1, 1, 1], 'interpolator': 'sitkBSpline', 'preCrop': False, 'padDistance': 10, 'distances': [1], 'force2D': False, 'force2Ddimension': 0, 'resegmentRange': None, 'label': 1, 'additionalInfo': True, 'binWidth': 25}",{'Original': {}},bd75fdb9e6b79209736ffad35b880fce3332e550,3D,"(5.0, 0.765999972820282, 0.765999972820282)","(91, 512, 512)",-761.4630275349041,-2048.0,1604.0,39a04d1e54e48d89e543fd6bf70f5852b4ccb19c,"(5.0, 0.765999972820282, 0.765999972820282)","(91, 512, 512)","(21, 161, 57, 28, 190, 344)",120866,32,"(np.float64(32.797594029751956), np.float64(274.4497211788261), np.float64(272.6031803815796))","(208.8140287630124, 210.22847896351476, -163.98797014875979)","(1.0, 1.0, 1.0)","(162, 168, 285)",2.0986897424261715,-1112.2759764442653,1597.7204918076352,"(1.0, 1.0, 1.0)","(162, 168, 285)","(13, 11, 11, 140, 146, 263)",354790,31,"(np.float64(74.00194481242426), np.float64(98.07064742523747), np.float64(175.51045688999127))","(208.62745690358113, 210.1876474388273, -164.00194481242426)",107.65835068419476,-179.2065336157743,220.47447767818863,0.38469483853662095,0.2460483078555522,78.98759162933074,321.0247301343038,258.69866640553056,264.4617174564213,131.7459676802292,267.43971283263073,353887.3333333333,123.49655672527831,0.23595165805286986,102542.6263380953,0.28976065736014467,354790.0,12.310933602579388,165.1943092426145,5353930644.825633,2.973018822875234,79.84907590488504,3.105432960624849,220.47447767818863,48.4592828694293,107.65835068419476,129.07177780225163,-179.2065336157743,399.6810112939629,34.59124164552593,122.84307673763867,-1.011524405747069,5353930644.825633,0.16119617046034138,3500.101030328322,175.61768612366507,1098.3091143315758,-83.98355766796615,17.76115150882376,1.4723957390273257,0.84491007363082,0.7916311144925808,1.6505235236918578,0.8237645150253419,0.6881929759964328,0.6672083596688592,0.9950462134403112,0.9578844430836223,-0.30338170911406004,0.8960902155673858,0.43897552692032676,13.097338955811836,0.06941418611609197,4.81537506949097,0.8575817536022646,0.17314033066608656,26.194677911623668,3.727056366152655,4.80838681196277,26757.203801968568,0.1247886566300639,6.37025536085377,155.5731537332784,4.956918597265348,934.4948790984205,0.02978963001319552,0.007991691615618919,4.64679762607665,105908.654883682,0.4893998220961526,0.6023522040123409,2.0534710238373317,0.7255579114197134,105.44354407743928,0.006276288345947811,774.1152745251106,0.10071757409902558,9.313066482926097,104.77049180327869,1302193.9635701275,265816238.3948738,6526.186783362465,0.014128126682118157,1096.9724173822535,0.142723447486632,0.3630499460140024,34.32255583928727,0.00573834553491895,7.1724436017666635,0.021663519264917275,1300063.1670412775,77.66182717255218,4.26750648701949e-05,74.84414915139645,0.021241995093303517,0.008325416982542678,case_00172
3.1.1.dev111+g8ed579383,2.0.2,2.5.5,1.8.0,3.12.13,"{'minimumROIDimensions': 2, 'minimumROISize': 50, 'normalize': False, 'normalizeScale': 1, 'removeOutliers': 3, 'resampledPixelSpacing': [1, 1, 1], 'interpolator': 'sitkBSpline', 'preCrop': False, 'padDistance': 10, 'distances': [1], 'force2D': False, 'force2Ddimension': 0, 'resegmentRange': None, 'label': 1, 'additionalInfo': True, 'binWidth': 25}",{'Original': {}},a8e2db03c607b2327f7fcc367cb917e21268ba8f,3D,"(5.0, 0.82421875, 0.82421875)","(97, 512, 512)",-451.00539268414997,-1024.0,1427.0,228a9a6f2f642261dcf0759d8a8b032584d07421,"(5.0, 0.82421875, 0.82421875)","(97, 512, 512)","(19, 255, 146, 27, 97, 251)",112586,6,"(np.float64(31.12235091396799), np.float64(307.41859556250336), np.float64(279.4837368766987))","(230.35573625384148, 253.38017056128206, -155.61175456983995)","(1.0, 1.0, 1.0)","(157, 102, 229)",23.90129823984948,-921.6006326112205,1222.8027443813805,"(1.0, 1.0, 1.0)","(157, 102, 229)","(13, 11, 11, 135, 80, 207)",382375,4,"(np.float64(75.61000326904217), np.float64(54.27323962079111), np.float64(121.17651520104609))","(230.26440582604607, 253.36113024579112, -155.61000326904215)",102.76420971173958,-124.9408514036452,229.83607596868023,0.39410044194774174,0.17624758617578135,48.17291036133736,273.32522054113065,206.47518010647187,207.54276667713572,126.49110640673517,210.75341041131458,382397.0,107.71759021072356,0.4553730735396269,55949.098754019586,0.14631155253315165,382375.0,26.219512370444743,158.66516771829032,5079780653.466356,2.973906256428724,68.17165917818663,3.4789152439910493,229.83607596868023,41.623381744610334,102.76420971173958,114.6084744116812,-124.9408514036452,354.7769273723254,28.83953250243794,115.25976634993864,-0.9201294904806185,5079780653.466356,0.1528665408855225,2724.330941364052,97.80759996621924,708.6367546770981,-49.7501613424899,14.319563399388459,1.7988790232024623,0.7755808626819779,0.9366451024152904,1.7446523517157526,0.8868075123314543,0.6385576909814177,0.6107252316171157,0.9923060900851646,0.9444016286196628,-0.23480148890408625,0.845374296105637,0.48020461127231157,9.730193787174661,0.04490134570705519,5.142521448363398,0.7912715907476806,0.11201719394844806,19.460387574349323,3.7864386907346064,4.02961060564773,35113.65185978349,0.13902434474101455,4.941682703798902,93.50275947226281,3.794835557669658,385.66582242193124,0.04760332411462676,0.015564564813186639,4.450198058738348,132198.14662619305,0.5144235867136294,0.6590555988633793,1.2624107032195773,0.7405223769114339,67.27671382787402,0.012347137510753432,850.7757505773673,0.09824200353087381,10.607403887694746,63.293879907621246,1182036.5116628176,130224397.6465358,11422.487615836877,0.0442393862339546,1580.129792147806,0.18246302449743718,0.41187782466023254,21.613214609550635,0.022495782534074527,6.664784709008088,0.02264792415822164,1180086.9220785622,166.3241346720799,3.2011265674603094e-05,63.34853393332071,0.026618464339951294,0.0032029456926312093,case_00173
3.1.1.dev111+g8ed579383,2.0.2,2.5.5,1.8.0,3.12.13,"{'minimumROIDimensions': 2, 'minimumROISize': 50, 'normalize': False, 'normalizeScale': 1, 'removeOutliers': 3, 'resampledPixelSpacing': [1, 1, 1], 'interpolator': 'sitkBSpline', 'preCrop': False, 'padDistance': 10, 'distances': [1], 'force2D': False, 'force2Ddimension': 0, 'resegmentRange': None, 'label': 1, 'additionalInfo': True, 'binWidth': 25}",{'Original': {}},e99cc55fbcfe68db292eaf7106cd7026c2819e54,3D,"(3.0, 0.736328125, 0.736328125)","(69, 512, 512)",-412.9292159702467,-1024.0,1211.0,00d99e577946a9a14d2f5ad5631a13b64cbc8466,"(3.0, 0.736328125, 0.736328125)","(69, 512, 512)","(20, 287, 131, 33, 101, 264)",158227,5,"(np.float64(36.782881556245144), np.float64(335.2347639783349), np.float64(262.9532949496609))","(193.6199066328558, 246.84278519498488, -110.34864466873543)","(1.0, 1.0, 1.0)","(121, 97, 216)",21.902329263745486,-702.6514830166644,1204.2539651392883,"(1.0, 1.0, 1.0)","(121, 97, 216)","(12, 11, 10, 99, 75, 195)",257010,3,"(np.float64(63.36480681685538), np.float64(46.69845920392203), np.float64(107.49866931247811))","(193.6305052499781, 246.83029514142203, -110.36480681685538)",66.12007230393743,-107.11721167239389,186.63681296266788,0.33691248274276303,0.18464978753048453,49.497125822117326,268.0594788875436,195.35096621209735,193.31321734428818,95.88013350011565,197.6284392490109,256787.83333333334,90.31258455473358,0.37754965182422134,51747.933613656765,0.2015201925337458,257010.0,1.7437291415008744,116.49405448824186,1634214190.60285,2.766046720993538,62.58003722472748,3.0588267276189556,186.63681296266788,36.33500157691753,66.12007230393743,72.21556259179445,-107.11721167239389,293.7540246350618,26.311752928092545,79.7405960930631,-0.7343631599871862,1634214190.60285,0.17108020555398917,1986.6987037991173,71.23104614901014,270.74961388775995,-18.64454926287094,9.589420497199614,1.5360575843909767,0.7218184422333062,0.7977984060109233,1.6701516787472424,0.8831466788871665,0.6891065579824329,0.6681574268834912,0.9913749450402325,0.946220215555384,-0.23662163376188652,0.8341016844629711,0.4357020985440675,8.319638064767322,0.06202185787814794,4.6958519161804935,0.7464900280920624,0.14836814098928783,16.639276129534643,3.529649670881094,2.7813695203976474,22717.31516714966,0.15022106536476473,3.7765910580353372,65.15185307675678,4.988053471167195,371.1261300929174,0.08181372295998417,0.021978758029893374,4.464131080540625,71043.81378834619,0.4660379363689501,0.5877218186661398,1.9769855795167506,0.7084264440633521,43.43485923337307,0.01729621008907375,1098.8337066807221,0.14479295120315222,5.898042087498913,35.15403874028199,665229.4078271182,52838655.788773224,9029.70159145896,0.05912053984091568,1752.7467387007512,0.23095885343269879,0.4829193544860645,14.801449969110502,0.03418573923616187,5.891208180452615,0.02952803392864091,664082.493606532,147.86374244427475,4.9775226718744375e-05,41.415248627137665,0.02355690786947409,0.003335012827973443,case_00174
3.1.1.dev111+g8ed579383,2.0.2,2.5.5,1.8.0,3.12.13,"{'minimumROIDimensions': 2, 'minimumROISize': 50, 'normalize': False, 'normalizeScale': 1, 'removeOutliers': 3, 'resampledPixelSpacing': [1, 1, 1], 'interpolator': 'sitkBSpline', 'preCrop': False, 'padDistance': 10, 'distances': [1], 'force2D': False, 'force2Ddimension': 0, 'resegmentRange': None, 'label': 1, 'additionalInfo': True, 'binWidth': 25}",{'Original': {}},6ccafebf321f54235c42056d13f6f37b548e9a82,3D,"(5.0, 0.73046875, 0.73046875)","(107, 512, 512)",-440.41219508090865,-1024.0,1604.0,2faa902677ebbe5e67073f19f0ef63a1fb3769a1,"(5.0, 0.73046875, 0.73046875)","(107, 512, 512)","(26, 302, 106, 26, 139, 308)",163503,11,"(np.float64(38.53556203861703), np.float64(378.828914454169), np.float64(253.36602386500553))","(185.07596274514077, 276.72268360519377, -192.67781019308515)","(1.0, 1.0, 1.0)","(152, 123, 247)",30.932906611313076,-882.6447136972569,1432.1937247465278,"(1.0, 1.0, 1.0)","(152, 123, 247)","(13, 11, 10, 130, 101, 225)",435860,12,"(np.float64(77.65819299775157), np.float64(66.58306566328638), np.float64(117.92279631074199))","(185.057561935742, 276.7178312882864, -192.65819299775157)",101.38869862369054,-133.81620049002478,222.14128348605004,0.34250537049668284,0.190095494538709,58.55375365370737,308.02283765743914,219.53815158190613,225.73657213663896,119.26860441876563,231.7541801133261,435763.7083333333,105.49947613330077,0.38463765421187635,72265.83623204885,0.16583720683956038,435860.0,11.818454233317528,159.5455191896025,5905000608.62607,3.0203638361591385,73.75597800682706,3.3278626788817514,222.14128348605004,45.89818425657284,101.38869862369054,118.38247452572415,-133.81620049002478,355.95748397607485,31.809897260136708,116.39557392880661,-0.9985498840757481,5905000608.62607,0.15191336342640124,3268.2614216107263,119.58122809697142,896.4498668003162,-66.33573098244074,15.930662101319298,2.0492640854067194,0.7695372268613752,1.000759267274693,1.8221150996447526,1.0117407998427188,0.6257360228137426,0.5947569562163811,0.9912733595748201,0.9410053654438363,-0.22261379353443664,0.8335562487771984,0.47524475913311315,10.775349937570562,0.047167473551425594,5.183004620158319,0.786696915723386,0.12359991120549253,21.55069987514112,3.7774329953821395,4.494981546681504,38762.21799608841,0.13128116657723382,5.975168216044322,110.87891192978135,3.5373007627975857,443.91724388534817,0.03503291795209183,0.012721771454570664,4.4419470902140885,161135.60391745873,0.5398801827073988,0.6751478068116439,1.1855541136497334,0.7606959710489044,80.95164238841181,0.010398235469184353,1167.5979381443299,0.10747403701623066,11.689202321146603,67.71161634756996,1226594.0353460973,167785354.7531296,9350.637411762107,0.032784400408626825,1836.2498159057438,0.16902152208263474,0.39478158400409147,22.288021664778338,0.01585201926194981,6.713512376375955,0.024925434772633415,1224984.4481259529,177.39134567570275,2.744992033478477e-05,69.45832453367217,0.03352374888195499,0.0031672861157513313,case_00175
3.1.1.dev111+g8ed579383,2.0.2,2.5.5,1.8.0,3.12.13,"{'minimumROIDimensions': 2, 'minimumROISize': 50, 'normalize': False, 'normalizeScale': 1, 'removeOutliers': 3, 'resampledPixelSpacing': [1, 1, 1], 'interpolator': 'sitkBSpline', 'preCrop': False, 'padDistance': 10, 'distances': [1], 'force2D': False, 'force2Ddimension': 0, 'resegmentRange': None, 'label': 1, 'additionalInfo': True, 'binWidth': 25}",{'Original': {}},5108964cab9abc61848d21e00da4bca68ec1a5e1,3D,"(5.0, 0.9765625, 0.9765625)","(102, 512, 512)",-516.4100345162784,-1024.0,1430.0,6c50589410c1069dd2c1b2b1581e58a3fe64aab1,"(5.0, 0.9765625, 0.9765625)","(102, 512, 512)","(30, 266, 130, 27, 107, 299)",111139,4,"(np.float64(43.51489576116395), np.float64(325.5774210673121), np.float64(259.04484474396924))","(252.97348119528246, 317.946700261047, -217.57447880581975)","(1.0, 1.0, 1.0)","(157, 126, 314)",-24.117280705821376,-940.1981955830871,1169.8634908688534,"(1.0, 1.0, 1.0)","(157, 126, 314)","(13, 11, 11, 135, 104, 292)",529180,4,"(np.float64(82.49829925545183), np.float64(68.94485808231603), np.float64(137.291035186515))","(253.302753936515, 317.95657683231605, -217.49829925545183)",49.501906223398606,-127.88857431458354,164.59690920033788,0.2799593428833265,0.16412351609426362,64.15515383144516,390.8955606008217,298.573274088623,269.4754163184464,117.41379816699569,308.1249746450294,529054.5416666666,109.43486428181559,0.366238466716085,86374.81535495477,0.1632625911930563,529180.0,-2.8034170213676006,89.89796380087027,2001469411.8848436,2.5283869675743857,44.500736837289566,3.674425367440076,164.59690920033788,28.401290931402823,49.501906223398606,55.977335099405124,-127.88857431458354,292.4854835149214,18.97610215982014,61.49966748410463,-0.8470128628142636,2001469411.8848436,0.21017864819825874,1331.770380905287,75.26944330375542,157.6014818448593,-13.558545544523982,6.534228668972682,1.1756306607876328,0.6929119775448077,0.7497630649528371,1.5220367926678726,0.5932282429761642,0.683946073053127,0.665999275829443,0.9932513224477618,0.948372066907204,-0.205028788056169,0.771715275829761,0.4800075536400913,8.598194792016889,0.07418657481474322,4.384939275203111,0.7109868481727722,0.16422540118014428,17.196389584033778,3.2936712886295734,1.927464832440079,59288.530851809104,0.18454410889501152,2.627008899286316,71.51261705395405,4.9417792354690455,382.87368631506155,0.07140708421470773,0.01717726030997289,4.224353197522998,151373.76418613613,0.4627554968823088,0.6049263446784139,1.8660765881439654,0.7013970436144107,48.66734263519676,0.012784368748444951,1063.2309941520468,0.12953593983333903,7.42105690639855,51.24390838206628,3403616.6471734894,270790378.2125975,44415.91689210751,0.03798448001747203,1287.1401072124756,0.1568153152061983,0.37283778666126155,14.93144821312118,0.017808328898625464,6.528371223485934,0.015510790279300048,3399460.105411114,338.00387389255485,1.948457968642994e-05,42.97400754821191,0.015466336463327162,0.0016596134119097232,case_00176
3.1.1.dev111+g8ed579383,2.0.2,2.5.5,1.8.0,3.12.13,"{'minimumROIDimensions': 2, 'minimumROISize': 50, 'normalize': False, 'normalizeScale': 1, 'removeOutliers': 3, 'resampledPixelSpacing': [1, 1, 1], 'interpolator': 'sitkBSpline', 'preCrop': False, 'padDistance': 10, 'distances': [1], 'force2D': False, 'force2Ddimension': 0, 'resegmentRange': None, 'label': 1, 'additionalInfo': True, 'binWidth': 25}",{'Original': {}},6b250be3c690eea655ce448925f48c44af398b21,3D,"(5.0, 0.673828125, 0.673828125)","(88, 512, 512)",-451.1027026609941,-1024.0,1679.0,f85a452b9664af34ac724ca51b1df796e62cd34e,"(5.0, 0.673828125, 0.673828125)","(88, 512, 512)","(16, 271, 103, 23, 101, 315)",125932,18,"(np.float64(26.796906266874185), np.float64(320.1353031794937), np.float64(277.26719181780646))","(186.83043198660786, 215.71617108774478, -133.98453133437093)","(1.0, 1.0, 1.0)","(137, 90, 234)",22.627218208383383,-946.2423354725971,1678.5769798303147,"(1.0, 1.0, 1.0)","(137, 90, 234)","(13, 11, 10, 115, 68, 213)",286395,13,"(np.float64(68.938965414899), np.float64(43.59248590233768), np.float64(127.62968976413694))","(186.79277570163694, 215.75557183983767, -133.938965414899)",121.24051898590469,-146.13715486871476,246.19017968446536,0.3538641041092726,0.17550787256081055,46.00754969207556,262.1395212692508,211.36697944570244,209.86185932655795,106.89246933250256,215.02092921387907,286423.3333333333,92.76176684557704,0.44252206810485173,47484.819068394696,0.16578544253282915,286395.0,17.226583105217816,189.63521749638434,5426926154.762759,3.2130002284970147,87.09640259555428,3.0541896556551613,246.19017968446536,52.93667173468955,121.24051898590469,138.25802523916406,-146.13715486871476,392.3273345531801,37.91449942494081,137.65571300191226,-0.8981555646007268,5426926154.762759,0.12931863065005111,4249.83187809333,138.51862159586202,1548.622426303042,-95.41921637629288,22.203001829176426,2.1837683185680627,0.8194746202511293,0.9578018870549608,1.8203185239374107,1.2321882701038975,0.6491656348699288,0.6224234871845269,0.9919776017475189,0.9472081153279833,-0.27660296209248664,0.8956367403870544,0.4584290580352154,11.554718154997348,0.04116519196528779,5.395364254345604,0.8314202929570118,0.10409985588900507,23.1094363099947,4.031427743988048,6.096692536936124,20736.809247923575,0.11315796018653695,7.539290973806625,127.68324614474406,4.130217584986823,610.6614383290337,0.036159918796779045,0.01150624072505637,4.746005324240181,94545.44179026975,0.5102586372427868,0.638782638824539,1.5319582561493768,0.7403269162773876,90.17089001845254,0.009213467991663228,699.1257798852009,0.08723805588784637,11.056071717892738,78.70638881956576,714132.9339905166,115641235.16857998,4721.907293293973,0.027235861536932218,1692.5640129772898,0.21120090004707884,0.4564646026307424,31.99544506115564,0.013820236756770257,6.6800353757752156,0.027982332093786554,712855.8125762602,85.9194173988734,5.141721510994963e-05,73.57901081566716,0.03616790543200808,0.006427110281365242,case_00177
3.1.1.dev111+g8ed579383,2.0.2,2.5.5,1.8.0,3.12.13,"{'minimumROIDimensions': 2, 'minimumROISize': 50, 'normalize': False, 'normalizeScale': 1, 'removeOutliers': 3, 'resampledPixelSpacing': [1, 1, 1], 'interpolator': 'sitkBSpline', 'preCrop': False, 'padDistance': 10, 'distances': [1], 'force2D': False, 'force2Ddimension': 0, 'resegmentRange': None, 'label': 1, 'additionalInfo': True, 'binWidth': 25}",{'Original': {}},34961fbb908ae9fff098cf5939c2c712b779bf21,3D,"(5.0, 0.865234375, 0.865234375)","(88, 512, 512)",-725.3548917336898,-1024.0,2187.0,7f55160224f58165c53b9286929a178028dc41f9,"(5.0, 0.865234375, 0.865234375)","(88, 512, 512)","(14, 248, 150, 28, 116, 239)",97863,77,"(np.float64(22.673145111022553), np.float64(319.2583918334815), np.float64(261.2806985275334))","(226.06904189003376, 276.23333512154744, -113.36572555511276)","(1.0, 1.0, 1.0)","(162, 122, 229)",54.16193207878726,-1059.9884557029363,1341.2965025934848,"(1.0, 1.0, 1.0)","(162, 122, 229)","(13, 11, 11, 140, 100, 207)",366205,69,"(np.float64(58.39031416829371), np.float64(72.11740691689081), np.float64(107.07654182766483))","(226.1439246401648, 276.1847897293908, -113.39031416829371)",105.2444549077379,-227.9393821831509,193.5222310453024,0.36322695022057344,0.23682636823641195,62.780414380594486,265.0904747140484,209.5041765693467,200.90047287151916,140.86873322352267,218.32544515012444,365617.0,96.28800466290784,0.4080065334250946,60603.99599747942,0.1657581458123649,366205.0,53.90195525332117,145.66846602463602,4614004393.150052,2.528752930250915,43.94231007581267,5.3224152159043765,193.5222310453024,29.21669568660143,105.2444549077379,112.83419903726221,-227.9393821831509,421.4616132284533,18.71882074731294,112.24754908825751,-1.3305636713875097,4614004393.150052,0.2158855920784489,1523.116987493911,221.23746645139803,316.181805612771,-27.539808788473213,7.705468355759507,1.0344472887326392,0.7611422787151346,0.6727909794694676,1.4547796410909561,0.5606672372048909,0.7125524129971955,0.6981490092895375,0.996858991236552,0.9655013090781281,-0.25393037420614306,0.8234242478109711,0.4520349051212188,14.817863746329929,0.08384429041568461,4.273145751909914,0.7804502473427567,0.16475912272837198,29.635727492659857,3.308626356074289,2.1849789111230358,38043.15925507531,0.1847994477830244,3.1422734824527945,212.33964096907994,6.020767906824762,1363.0140935041932,0.027615934000292292,0.005080357080825281,4.429703296852783,88665.55300779568,0.41939489080478337,0.5597858702513199,2.342605033470605,0.6632216677826555,137.06424166573663,0.0035092001756829323,522.8534166846304,0.11270821657353532,8.050111427241259,160.45203707695623,2954335.234533305,685117393.2278508,12881.53652144159,0.008123668499587126,569.7941366673853,0.12282693181017142,0.31750464854935584,46.23057026140164,0.0031231604964487725,7.151500267244458,0.012667768053412706,2948103.6312953695,77.5754870487614,3.160778613576535e-05,95.01185371140105,0.007789500771205895,0.011754336779732795,case_00178
3.1.1.dev111+g8ed579383,2.0.2,2.5.5,1.8.0,3.12.13,"{'minimumROIDimensions': 2, 'minimumROISize': 50, 'normalize': False, 'normalizeScale': 1, 'removeOutliers': 3, 'resampledPixelSpacing': [1, 1, 1], 'interpolator': 'sitkBSpline', 'preCrop': False, 'padDistance': 10, 'distances': [1], 'force2D': False, 'force2Ddimension': 0, 'resegmentRange': None, 'label': 1, 'additionalInfo': True, 'binWidth': 25}",{'Original': {}},f8510bdeefc058b071f719acc1f4f7287c9e0514,3D,"(5.0, 0.7421875, 0.7421875)","(99, 512, 512)",-412.24982652760514,-1024.0,1527.0,56a2073aafba6dc00012ca1ff673b05aaacbc221,"(5.0, 0.7421875, 0.7421875)","(99, 512, 512)","(16, 240, 84, 27, 150, 312)",137104,43,"(np.float64(27.447222546388144), np.float64(315.3810975609756), np.float64(254.7183889602054))","(189.04880430640245, 234.0719083460366, -137.23611273194072)","(1.0, 1.0, 1.0)","(157, 134, 254)",-11.492300851216545,-1038.859731048508,1306.027523323155,"(1.0, 1.0, 1.0)","(157, 134, 254)","(13, 11, 11, 135, 111, 232)",377475,36,"(np.float64(72.25041393469766), np.float64(66.95721570964965), np.float64(137.9757599841049))","(189.1046662341049, 234.08612195964963, -137.25041393469766)",105.67260773770428,-126.60331545106224,254.26610757285192,0.3706190268990485,0.18355272902628134,57.771889268547476,314.74274218105256,226.38462845343543,230.95670589961227,132.84953895290718,235.59711373444284,377278.125,116.64964883067981,0.3425950030039257,73701.70197306125,0.1953511139111531,377475.0,12.12784217395066,165.02110693698134,5504389818.772327,3.0480323459089997,71.15069590737252,3.3971510813119052,254.26610757285192,46.3083467891723,105.67260773770428,122.18562214375152,-126.60331545106224,380.8694230239142,31.490179966095614,120.75649376686218,-1.0269494568725677,5504389818.772327,0.14967985464993017,3415.4307607795054,123.74821704043646,1038.5791142843775,-75.50744349207308,16.769658800929122,2.038066604394947,0.7808782335341916,0.9915277708951151,1.8152516543939947,1.0198696362148412,0.6284791886018086,0.5982156729381859,0.9931951180295389,0.9477451432431673,-0.22744948261652925,0.8403866662676689,0.4757397912787821,10.957292351393763,0.045996264412212766,5.215405235432909,0.7974833313857481,0.10656687401478446,21.914584702787515,3.8142094540050375,4.701931351331018,33271.39844700107,0.13009190133286055,6.246816744595728,114.674894242082,3.523229236620738,456.120909083141,0.03405066487377027,0.012401845201468765,4.4711827760277965,139576.73856053987,0.5401334533024957,0.6751273390494531,1.1747304776039935,0.7609858222192017,83.82436874978785,0.010131389342188058,1009.1989397590362,0.09727218696472638,11.156593841776745,71.3532530120482,943319.1037108434,132777406.59373493,6969.753851616704,0.029908213411579957,1834.4746987951808,0.1768168384380897,0.40647375492468774,24.62033999747822,0.014313901188568913,6.789072586393263,0.02748526392476323,941995.3713781389,123.83482819988808,3.2415971094221665e-05,85.829494730666,0.026765364149582672,0.004465214384052428,case_00179
3.1.1.dev111+g8ed579383,2.0.2,2.5.5,1.8.0,3.12.13,"{'minimumROIDimensions': 2, 'minimumROISize': 50, 'normalize': False, 'normalizeScale': 1, 'removeOutliers': 3, 'resampledPixelSpacing': [1, 1, 1], 'interpolator': 'sitkBSpline', 'preCrop': False, 'padDistance': 10, 'distances': [1], 'force2D': False, 'force2Ddimension': 0, 'resegmentRange': None, 'label': 1, 'additionalInfo': True, 'binWidth': 25}",{'Original': {}},83d452dc657b00788f35c1eb814483cd06e17892,3D,"(3.0, 0.7409999966621399, 0.7409999966621399)","(137, 512, 512)",-736.3356698586123,-2048.0,2657.0,16486027bcd4541fb1f12981a756450e580ef587,"(3.0, 0.7409999966621399, 0.7409999966621399)","(137, 512, 512)","(17, 257, 104, 46, 126, 283)",215727,76,"(np.float64(40.3852276256565), np.float64(321.36848887714564), np.float64(244.81180844307852))","(181.4055492391736, 238.13404918528187, -121.1556828769695)","(1.0, 1.0, 1.0)","(160, 115, 232)",34.36272520063632,-1239.5224961265424,2162.9728169643377,"(1.0, 1.0, 1.0)","(160, 115, 232)","(12, 10, 11, 138, 94, 210)",355608,61,"(np.float64(83.15063778092731), np.float64(58.01779206317068), np.float64(115.29568232435716))","(181.4251823260261, 238.1472920648396, -121.15063778092731)",156.75020254416063,-506.9557877421292,953.2251464413986,0.3443835416194883,0.1943593533136472,57.0383880470477,293.4687066744972,216.01157376399996,200.9601950635996,121.33424908079334,217.211878128246,355570.0833333333,101.0657925590541,0.4246294634021803,57159.81422266926,0.16075540913571215,355608.0,-26.44278487850412,333.6574834455611,15667986833.697454,4.527662274055305,193.29006606375447,2.874566645294184,953.2251464413986,112.41983798751251,156.75020254416063,160.608278868271,-506.9557877421292,1460.1809341835278,79.77260161860737,209.90405942223987,-0.10135670392063559,15667986833.697454,0.04999093363950014,19489.088164299836,792.6189690442811,17047.724423566364,-108.96224690481867,78.70744235533826,42.63741638943039,0.29663540184362236,5.066769141955033,3.7581099884752,16.082079509539,0.2789970513416779,0.18682970847490263,0.988608138355,0.9256052788781731,-0.03331108409736851,0.39114377644820936,0.1928694453373129,27.992850143897826,0.0029576604777433106,8.861901006773223,0.3282331088780548,0.005911220382953047,55.98570028779569,5.175489190107139,30.336214686192175,16394.044681645235,0.049337441305413614,32.00319837237691,802.0912176771,1.2327869186562024,990.0561961829893,0.0018412197842613183,0.0015173682978891637,4.907009586067444,293126.5817651975,0.8809522127948795,0.9344628398080516,0.08419694915955694,0.9513775560012043,762.8320820462104,0.0014494449888321807,5551.826272821947,0.040431905739601835,45.42688428491293,797.2990758340434,40.048371239431084,32595.197373883027,0.053102468813576914,0.0016688712631339189,56085.633268517915,0.40845100805107976,0.6643328018261436,529.5079130043345,0.0011565699271880157,6.825561385266561,0.3861358574610245,33.34150362694746,26.30823281310778,1.8678043312411247e-05,4994.3452152264035,0.0811076698971025,0.02342891496684908,case_00180
3.1.1.dev111+g8ed579383,2.0.2,2.5.5,1.8.0,3.12.13,"{'minimumROIDimensions': 2, 'minimumROISize': 50, 'normalize': False, 'normalizeScale': 1, 'removeOutliers': 3, 'resampledPixelSpacing': [1, 1, 1], 'interpolator': 'sitkBSpline', 'preCrop': False, 'padDistance': 10, 'distances': [1], 'force2D': False, 'force2Ddimension': 0, 'resegmentRange': None, 'label': 1, 'additionalInfo': True, 'binWidth': 25}",{'Original': {}},d04830eb71a253043743c334d5ce74abe358831a,3D,"(5.0, 0.693359375, 0.693359375)","(99, 512, 512)",-465.67325514976426,-1024.0,2452.0,e7cf28fbe66654ebef6f30eb0b66859db61b4f62,"(5.0, 0.693359375, 0.693359375)","(99, 512, 512)","(20, 198, 109, 37, 207, 298)",173257,127,"(np.float64(32.035536803707785), np.float64(352.29673259954865), np.float64(261.3658784349262))","(181.22048211796638, 244.26824232976517, -160.1776840185389)","(1.0, 1.0, 1.0)","(207, 166, 228)",19.307616698392877,-1121.7118925686036,1376.3078836970606,"(1.0, 1.0, 1.0)","(207, 166, 228)","(13, 11, 11, 185, 144, 206)",415700,109,"(np.float64(75.19683666105364), np.float64(118.1186913639644), np.float64(116.1149627134953))","(181.2682830259953, 244.27201167646442, -160.19683666105362)",101.9327760170956,-124.50006136204897,210.59250818553645,0.492241219999355,0.2549671786331328,68.25827670155718,267.7139742749896,207.20038610002638,212.25691979297164,210.05951537600004,250.70101714991105,416264.25,131.77985330799683,0.27174747555092404,99212.10909800243,0.23833924988274258,415700.0,20.334150789252202,152.04919608160188,5442714293.821227,2.830412797265008,61.036147236938504,3.9080430108902706,210.59250818553645,40.78107607855577,101.9327760170956,118.55117331582414,-124.50006136204897,335.0925695475854,27.08217819575705,114.42416619547224,-1.2043829644448818,5442714293.821227,0.1810459042713037,2702.598982977664,99.09103123817542,701.1433554223324,-58.72515641770973,12.761280527372747,1.7413344691893669,0.7566810803030101,0.8695593503293753,1.7155085173374798,0.9565355092788325,0.6656841776676187,0.6423038963020249,0.9915748761096839,0.9453179438220213,-0.2277931896408155,0.8204648984899803,0.4602244291657571,9.814943633989278,0.06880068018017199,4.776400636353805,0.7769996084979426,0.18306601596281075,19.62988726797856,3.546773590698653,3.6256537491405276,38137.4106564757,0.14513494778695482,5.218741233349358,89.79745893297702,4.65462327923992,488.3134552758977,0.055203046718597465,0.017157211066304967,4.447670716526409,134430.96908338877,0.5053816057484997,0.6286933994559685,1.8619621379804185,0.7360713316574812,62.62072742295735,0.014000595740320622,1520.9404065719855,0.10588557550626465,7.613224015824083,50.66889445836814,948738.1130604289,107406343.3053467,8618.63635280723,0.04726237336156665,2831.556112503481,0.19712866280308278,0.4351679470912682,18.857332740113293,0.025547840140111633,6.520065610119066,0.034553764734183305,947900.5659278769,195.7073560128892,2.807721020935832e-05,54.46051456251919,0.029653002895966046,0.0027463492129792444,case_00181
3.1.1.dev111+g8ed579383,2.0.2,2.5.5,1.8.0,3.12.13,"{'minimumROIDimensions': 2, 'minimumROISize': 50, 'normalize': False, 'normalizeScale': 1, 'removeOutliers': 3, 'resampledPixelSpacing': [1, 1, 1], 'interpolator': 'sitkBSpline', 'preCrop': False, 'padDistance': 10, 'distances': [1], 'force2D': False, 'force2Ddimension': 0, 'resegmentRange': None, 'label': 1, 'additionalInfo': True, 'binWidth': 25}",{'Original': {}},def9c6301c1bd8c53110cd902fe3670e8b846542,3D,"(5.0, 0.9375, 0.9375)","(93, 512, 512)",-508.88785885226343,-1024.0,3071.0,71072ae58bbc8257dd487f9e7b75e98c941ebc8d,"(5.0, 0.9375, 0.9375)","(93, 512, 512)","(29, 203, 132, 22, 110, 252)",120553,4,"(np.float64(40.35708775393395), np.float64(256.58445662903455), np.float64(258.96514396157704))","(242.77982246397846, 240.5479280897199, -201.78543876966978)","(1.0, 1.0, 1.0)","(132, 125, 258)",13.680508492118117,-878.4677512066008,1319.4515301951683,"(1.0, 1.0, 1.0)","(132, 125, 258)","(13, 11, 11, 110, 103, 236)",530120,4,"(np.float64(71.84439372217611), np.float64(61.461999169999245), np.float64(129.63496944088132))","(242.66621944088132, 240.49324916999925, -201.8443937221761)",140.2546817424652,-141.6151113419451,311.74272413534976,0.332551341594532,0.19322570555837681,62.711882170373535,324.5524811988703,235.46761985462035,236.90715480964266,130.38404810405297,239.8124267005361,530391.4583333334,107.93036304051844,0.4367936413313241,72544.66807486923,0.13677570959160756,530120.0,14.302509647043262,234.4167966992537,14175859832.289362,3.624551891335195,127.82271729013577,2.5418900828970696,311.74272413534976,70.43380625468812,140.2546817424652,157.08189635943802,-141.6151113419451,453.3578354772949,52.80560130557606,163.52630006113066,-0.6374412735448421,14175859832.289362,0.09304385889397336,7069.475061002745,161.3952687089525,3615.7979062500754,-147.22649238865193,37.52550514994098,3.2437626723543556,0.8396945856587913,1.261128829196154,2.0735560436793556,1.5956887413263308,0.5766490179700815,0.5343948482215981,0.9914290238512444,0.9411989211243147,-0.2578182314877855,0.9047282724455901,0.4600452960666531,12.362080231761484,0.02160982734884124,6.190976941476399,0.849616612926278,0.06278367710574995,24.724160463522967,4.464905609296202,10.192316955573837,33371.86752991025,0.08665074018067576,11.904172852222189,151.61029935121297,2.7094403039400317,455.4818687135911,0.024827814338640244,0.011370404803019533,4.814663142090892,231333.7514653033,0.5962874806507943,0.7261959556326869,0.7563466614365557,0.799530491287647,117.22004993463528,0.009668277898808187,1353.6096250822188,0.07419478322090653,16.3603925509312,94.78343565007674,583345.9595483447,113975070.44875027,3317.970096988569,0.028045299379071315,3625.281078710809,0.19871086815998734,0.4426637911977829,38.569358928997794,0.013428441386567075,7.042391522507319,0.03441484946804497,582501.6372647356,116.39970637130867,3.2249962174100094e-05,110.7910657428492,0.04836685541193928,0.004525905128049965,case_00182
3.1.1.dev111+g8ed579383,2.0.2,2.5.5,1.8.0,3.12.13,"{'minimumROIDimensions': 2, 'minimumROISize': 50, 'normalize': False, 'normalizeScale': 1, 'removeOutliers': 3, 'resampledPixelSpacing': [1, 1, 1], 'interpolator': 'sitkBSpline', 'preCrop': False, 'padDistance': 10, 'distances': [1], 'force2D': False, 'force2Ddimension': 0, 'resegmentRange': None, 'label': 1, 'additionalInfo': True, 'binWidth': 25}",{'Original': {}},7a00d531f81443e20e67adc2e155fe601d57ee9d,3D,"(1.5, 0.70703125, 0.70703125)","(195, 512, 512)",-419.48934200971553,-1024.0,1560.0,544c376970ca7e9ca2148aa2d7eb31a071ab3f8c,"(1.5, 0.70703125, 0.70703125)","(195, 512, 512)","(78, 184, 106, 96, 124, 286)",415960,74,"(np.float64(122.25670256755457), np.float64(246.2052625252428), np.float64(256.7463746514088))","(181.5277102027539, 174.07481451980058, -183.38505385133186)","(1.0, 1.0, 1.0)","(166, 110, 224)",11.417801022631021,-1070.223145956879,1507.1661060637678,"(1.0, 1.0, 1.0)","(166, 110, 224)","(11, 11, 11, 144, 88, 201)",312348,54,"(np.float64(77.33071766107034), np.float64(54.97833506217424), np.float64(117.18639786392102))","(181.332882238921, 174.12481943717424, -183.08071766107034)",90.4847964671078,-186.1172114134943,1324.1019595795672,0.33000235358912117,0.18561498926107248,54.6707833024006,294.5386227698706,203.9607805437114,199.42417105255822,132.23085872821065,212.84031572989173,311522.4583333333,97.1984387369556,0.39630093158379043,56077.06461433732,0.18000970111225206,312348.0,4.3408505974559235,161.9460856575023,3805757334.7180653,3.3147986135027963,84.83284638543802,10.941169186898252,1324.1019595795672,49.97737652452877,90.4847964671078,98.8103965467954,-186.1172114134943,1510.2191709930614,35.13797055965214,110.3827429397734,0.04561021681040284,3805757334.7180653,0.11796752627173464,3996.8515472141576,154.7592569955346,4745.136452063138,18.985931929871928,18.42452438184459,4.964470478872148,0.5743340066717457,1.628553868536947,2.3498785370538062,2.276053734146852,0.5083174390308707,0.4490509955337704,0.9986795685396126,0.9745443342643871,-0.10133086601955453,0.6759920210744872,0.42845493295200154,12.304206579337391,0.020648601325857534,6.1585084738054165,0.6782139933549808,0.04720313726997095,24.608413158674786,4.052113139844365,5.84724871517919,28120.290101855477,0.11238942055813832,7.003587654959882,151.50631346203568,1.911183289446909,298.4212054717827,0.014896924320816993,0.00848192259642515,4.2516881918248455,170006.08995247926,0.6780864441838541,0.8010360239220357,0.34539408331289834,0.8499269256945069,127.49870708885936,0.007403255851984685,2112.4499340727525,0.08192235841436254,17.271492309404213,127.26673388660514,174063.8872256263,29709881.764988754,1069.4465868177433,0.0144257936229168,8776.222291165748,0.3403483398419975,0.6033497062467018,78.00816847291183,0.009256964088603856,6.1259177833717935,0.08255535492463534,173917.16040662568,28.674413771605924,3.0018991609024445e-05,2424.4691615088814,0.0048577086201958145,0.19718500924927618,case_00183
3.1.1.dev111+g8ed579383,2.0.2,2.5.5,1.8.0,3.12.13,"{'minimumROIDimensions': 2, 'minimumROISize': 50, 'normalize': False, 'normalizeScale': 1, 'removeOutliers': 3, 'resampledPixelSpacing': [1, 1, 1], 'interpolator': 'sitkBSpline', 'preCrop': False, 'padDistance': 10, 'distances': [1], 'force2D': False, 'force2Ddimension': 0, 'resegmentRange': None, 'label': 1, 'additionalInfo': True, 'binWidth': 25}",{'Original': {}},b360053b7eadff6a35cb09b1946f145051ec99a5,3D,"(5.0, 0.83984375, 0.83984375)","(146, 512, 512)",-398.39588794969535,-1024.0,2498.0,7154a3e4e9863f150af0172c8d65a33e8e0b84e3,"(5.0, 0.83984375, 0.83984375)","(146, 512, 512)","(55, 225, 126, 27, 121, 272)",127647,12,"(np.float64(67.26473791001747), np.float64(285.0680392018614), np.float64(262.89565755560255))","(220.7912749002131, 239.41261104843827, -336.32368955008735)","(1.0, 1.0, 1.0)","(157, 124, 250)",38.93017711112589,-1008.983866781296,2126.1783400711265,"(1.0, 1.0, 1.0)","(157, 124, 250)","(13, 11, 11, 135, 102, 228)",449830,10,"(np.float64(76.30349243047374), np.float64(61.34666429540049), np.float64(125.70110930796079))","(220.7811874329608, 239.4267424204005, -336.30349243047374)",119.65985890891548,-163.91235873192784,298.60066294846473,0.33801769359366934,0.16353361906721575,51.51457299222034,315.00906838640174,225.17992805754247,229.83689869122406,125.78155667664477,231.99568961513057,449710.2916666667,106.47863875706196,0.38557678321262817,73619.88472253054,0.16370513658846597,449830.0,33.83486761084315,189.86468166004295,8155486770.236016,3.275111968803016,83.05703053775349,3.2978657462280174,298.60066294846473,49.38543448100874,119.65985890891548,129.85680864948304,-163.91235873192784,462.51302168039257,34.55854443110657,134.64825696163973,-0.7320629683204182,8155486770.236016,0.1214451343594697,3811.671268706208,158.64482117146628,1185.7513336322068,-61.284259927957926,19.178474212985492,3.2354063684490777,0.7097181558357003,1.3259047015772674,2.0802835583975776,1.409847715131941,0.5545894241613151,0.5058851181955935,0.9913553135948944,0.937900340331763,-0.17326503265066,0.7901697809655717,0.45306740367223514,12.436150913785372,0.02546565306390144,5.871284975000275,0.726853433718041,0.05891394866027649,24.87230182757074,4.069227915862813,5.603470145358641,39241.22699442677,0.11542543329374942,6.632932963892606,154.37481997139506,2.5495845832516704,412.9501984290287,0.01915661033470888,0.00839395389476044,4.3800036753832226,215155.19479215864,0.6237653069934403,0.7550265997924003,0.6635741268975273,0.8142627804898221,124.07533315401189,0.007049147785439531,1407.4515629322268,0.07786730638629194,14.953973547287411,120.73477178423236,568904.2426556017,98900485.46871369,3432.108740179567,0.01609421851125163,3751.9332226832644,0.20757583527984863,0.44787021142526834,50.32161191520943,0.007991493223846327,6.848099265983092,0.040181846475335126,568284.8868397966,141.63961924238464,2.3378123530871532e-05,149.3920131019434,0.03253150251763656,0.0038860783516330845,case_00184
3.1.1.dev111+g8ed579383,2.0.2,2.5.5,1.8.0,3.12.13,"{'minimumROIDimensions': 2, 'minimumROISize': 50, 'normalize': False, 'normalizeScale': 1, 'removeOutliers': 3, 'resampledPixelSpacing': [1, 1, 1], 'interpolator': 'sitkBSpline', 'preCrop': False, 'padDistance': 10, 'distances': [1], 'force2D': False, 'force2Ddimension': 0, 'resegmentRange': None, 'label': 1, 'additionalInfo': True, 'binWidth': 25}",{'Original': {}},b24ea9aeebe6d40fc2357d4364fc6aafd7885a48,3D,"(2.5, 0.9121090173721313, 0.9121090173721313)","(235, 512, 512)",-706.8224286505516,-2048.0,1512.0,d2ce569ff800262ddabfde0212b2d44a4c84ba83,"(2.5, 0.9121090173721313, 0.9121090173721313)","(235, 512, 512)","(41, 214, 104, 64, 133, 318)",355614,39,"(np.float64(70.46542880763974), np.float64(280.8638692514918), np.float64(273.0656948264129))","(249.06568258615775, 256.17846779831297, -176.16357201909935)","(1.0, 1.0, 1.0)","(182, 144, 312)",22.928808737005227,-983.7209891926202,1243.8222765641829,"(1.0, 1.0, 1.0)","(182, 144, 312)","(11, 11, 11, 160, 122, 290)",740245,32,"(np.float64(85.61399941911124), np.float64(72.15857587690562), np.float64(165.17097312376308))","(249.214918615077, 256.20252136821955, -175.86399941911122)",100.50760185725316,-132.30214978443064,391.09439097878175,0.31246488813954243,0.15821562041868723,65.32410150727041,412.88022847809043,289.836160614924,287.06271091871196,141.4496376806954,290.7610702965581,740773.4583333334,129.01057440643527,0.40308719709223834,98221.99007375927,0.13259383009584197,740245.0,19.89503053629061,152.52762861863923,9431706018.296867,2.8873805357960642,57.73399007475079,3.8342157868825293,391.09439097878175,39.64492586475314,100.50760185725316,113.73598747307891,-132.30214978443064,523.3965407632124,25.72043694769162,112.87750112390539,-1.1046183234981846,9431706018.296867,0.17027596661557762,2639.552228881142,116.49443467066082,707.9102280442395,-56.64155199851017,13.08774375448478,2.064428308177339,0.7259909725539183,1.0364345493637903,1.8376691264859204,0.9616436613311795,0.610955992155191,0.5772046712970903,0.9958107437568215,0.9567079256435227,-0.18109598900288595,0.7809802578791855,0.48385115934233514,10.664788557765396,0.04816630862721722,5.1124672747931,0.7609245745932913,0.11206281722529117,21.329577115530803,3.6439288510750476,3.788043015665529,77398.11500770297,0.1504131813521749,4.8655738211718935,111.69685998069083,2.9856363344306183,357.1449927778819,0.030047850009201686,0.011773855297336324,4.252648558529193,286557.354831827,0.552149607213498,0.6939652516292683,0.8358378707359856,0.7691196304692057,83.86758241981913,0.009519957783758654,2175.407923299566,0.09838132793503826,11.675000629524392,85.80295767004341,1947511.6321906657,252115704.53428003,15570.02445960953,0.02374666857984495,5230.134768451519,0.23652924965862515,0.4857389972681853,39.56631153867104,0.012753848590713095,6.320511285539482,0.029871191294774026,1946390.9178896134,227.11836404890596,1.3877986976833821e-05,135.51595345025194,0.01581974672556826,0.0032174009608520577,case_00185
3.1.1.dev111+g8ed579383,2.0.2,2.5.5,1.8.0,3.12.13,"{'minimumROIDimensions': 2, 'minimumROISize': 50, 'normalize': False, 'normalizeScale': 1, 'removeOutliers': 3, 'resampledPixelSpacing': [1, 1, 1], 'interpolator': 'sitkBSpline', 'preCrop': False, 'padDistance': 10, 'distances': [1], 'force2D': False, 'force2Ddimension': 0, 'resegmentRange': None, 'label': 1, 'additionalInfo': True, 'binWidth': 25}",{'Original': {}},c227488f88a15da010cbfc1b9427347ad9322f20,3D,"(5.0, 0.734375, 0.734375)","(143, 512, 512)",-548.6035367258779,-1024.0,1680.0,6e055c3d822d63db0023b8ed9a6bfe5d7d46cd84,"(5.0, 0.734375, 0.734375)","(143, 512, 512)","(64, 230, 94, 31, 138, 336)",166541,99,"(np.float64(82.6882629502645), np.float64(285.9793864573889), np.float64(239.12041479275373))","(175.60405461342853, 210.01611192964498, -413.4413147513225)","(1.0, 1.0, 1.0)","(177, 123, 269)",21.55254668527973,-994.4466655228439,1459.8274854352094,"(1.0, 1.0, 1.0)","(177, 123, 269)","(13, 11, 11, 155, 101, 247)",448860,81,"(np.float64(108.4106959853852), np.float64(51.90236376598494), np.float64(117.5006349418527))","(175.6334474418527, 210.03517626598494, -413.4106959853852)",97.32992548984234,-110.35085622475812,188.07364039247977,0.3809591592438897,0.20320625346237683,61.75756607146568,303.91567690066165,254.53094114468678,232.42202993692314,165.10905486980417,255.22734963165684,447005.3333333333,115.7794607531137,0.35664153324141334,79273.3739965264,0.177343239744775,448860.0,7.160439765327733,147.64652184933715,5577244336.786644,2.781527294386834,67.44354308700827,3.3929072140645697,188.07364039247977,43.843248641590286,97.32992548984234,118.52291271014359,-110.35085622475812,298.4244966172379,30.45275790955922,111.4690713476178,-1.1474482935285009,5577244336.786644,0.19652342797657762,2952.2394712420432,95.54510540416193,802.7701621608293,-68.98762204094456,14.85307727144409,1.4005315936600229,0.8258940173252672,0.739575837250283,1.6033182616417139,0.8346369568677546,0.707569573627559,0.6894472580054549,0.9921546267796147,0.9500232503105687,-0.29521443247845114,0.8798751982817532,0.423452733126461,9.601030008490486,0.09292433809146505,4.550626998818934,0.8432762947095875,0.25343957718751303,19.202060016980976,3.522621132122908,4.063402216276028,34096.5230490305,0.13578508422793042,5.732781476885114,83.85956312153394,6.743339614994381,709.08898553826,0.07973460180906797,0.018977907609422588,4.6687441897831805,116318.25898594299,0.4586204775832127,0.5570823864902196,3.235362878311785,0.7023457975531415,54.60528470425009,0.015037688904297955,1130.1844758064517,0.11392988667403746,7.714298572044094,44.63094758064516,1865037.020766129,209911564.26965725,17283.818713452605,0.053702988849979365,1855.1717741935483,0.18701328368886577,0.4206711246835133,15.803544666908431,0.026756883959342812,6.468901725523048,0.022100432206033062,1862989.6407217416,203.1253645026236,3.018038044376567e-05,39.58225087409834,0.03144026064881823,0.002779363278566049,case_00186
3.1.1.dev111+g8ed579383,2.0.2,2.5.5,1.8.0,3.12.13,"{'minimumROIDimensions': 2, 'minimumROISize': 50, 'normalize': False, 'normalizeScale': 1, 'removeOutliers': 3, 'resampledPixelSpacing': [1, 1, 1], 'interpolator': 'sitkBSpline', 'preCrop': False, 'padDistance': 10, 'distances': [1], 'force2D': False, 'force2Ddimension': 0, 'resegmentRange': None, 'label': 1, 'additionalInfo': True, 'binWidth': 25}",{'Original': {}},f5c3d738b78ec574ca9e92c2e439318bfe17315d,3D,"(5.0, 0.625, 0.625)","(82, 512, 512)",-386.9169123114609,-1024.0,1604.0,3bf284c845819614989614bc40d4b1542537320e,"(5.0, 0.625, 0.625)","(82, 512, 512)","(5, 263, 121, 30, 145, 324)",190748,64,"(np.float64(23.235315704489693), np.float64(329.3823998154633), np.float64(277.57410300501186))","(173.48381437813242, 205.86399988466457, -116.17657852244847)","(1.0, 1.0, 1.0)","(172, 112, 224)",55.73873435059417,-1108.7852041375925,1384.8278680306903,"(1.0, 1.0, 1.0)","(172, 112, 224)","(13, 10, 11, 150, 91, 202)",372900,56,"(np.float64(106.14514615178332), np.float64(51.600294985250734), np.float64(108.28362831858406))","(173.47112831858408, 205.78779498525074, -116.14514615178332)",118.7793549024799,-223.5490566240919,337.21227812257195,0.42407526702227716,0.19202968842008344,50.45332725010867,262.7371197923165,199.90247622278218,203.93136100168604,159.76545308670458,203.97058611476314,372014.625,111.42031423259063,0.36567160485541284,68406.8452676376,0.1838821397616763,372900.0,34.2684372683313,177.15199398613052,6461030089.15131,3.024951444465122,74.3402436635823,3.5663491991149714,337.21227812257195,45.359336117848635,118.7793549024799,134.08961180565473,-223.5490566240919,560.7613347466638,31.499326232522208,131.6299420507284,-1.026893395272969,6461030089.15131,0.15046371721687934,3217.9064932288475,211.91831762346237,993.5413627500423,-69.86370417026173,16.614985708213347,1.8198419799159846,0.8009166664830553,0.9124425828052736,1.7415785704960784,0.953785854571399,0.65007493977032,0.6243349868059206,0.9966297020255352,0.9633995974856505,-0.25606966484417676,0.8665605383239059,0.4723505736606442,14.429755687727834,0.04864362593371437,5.127021380650548,0.8320272756966662,0.13419640621429407,28.859511375455664,3.8204909773042437,4.608706922032334,31806.469125739914,0.13178733861984016,5.851269676839241,200.5241989844682,4.0119028254383124,882.2395434962575,0.020235587848163962,0.005833373051024659,4.555516857402924,124092.98261342943,0.5062036209668999,0.6455873919590733,1.3983844377151016,0.7352942486300887,143.00736184977012,0.004488595669989863,826.8217711354004,0.09221746276326126,10.421005191297194,137.92505018960517,1014144.7459290654,238839025.63395047,4415.282209163157,0.010212162304423412,1614.3903635958063,0.18005692210526505,0.4113559062733353,52.17509404309465,0.004616670163641419,6.822970108197427,0.024043979619200857,1012414.9801631456,59.53983621959856,3.5768881336803004e-05,138.18382643227636,0.013527181222971951,0.009825193382420785,case_00187
3.1.1.dev111+g8ed579383,2.0.2,2.5.5,1.8.0,3.12.13,"{'minimumROIDimensions': 2, 'minimumROISize': 50, 'normalize': False, 'normalizeScale': 1, 'removeOutliers': 3, 'resampledPixelSpacing': [1, 1, 1], 'interpolator': 'sitkBSpline', 'preCrop': False, 'padDistance': 10, 'distances': [1], 'force2D': False, 'force2Ddimension': 0, 'resegmentRange': None, 'label': 1, 'additionalInfo': True, 'binWidth': 25}",{'Original': {}},1ff031c73b33554a85cf04577675db4134fed4dc,3D,"(1.0, 0.6796875, 0.6796875)","(365, 512, 512)",-511.72708453870797,-1024.0,3071.0,40750233e7bde9d542ae9cb3874350944172c20c,"(1.0, 0.6796875, 0.6796875)","(365, 512, 512)","(80, 223, 142, 109, 176, 264)",730912,2,"(np.float64(139.77069469375246), np.float64(312.87019504399984), np.float64(275.6721588919049))","(187.37092049684162, 212.65396069396866, -139.77069469375246)","(1.0, 1.0, 1.0)","(131, 141, 201)",48.071122195066316,-1035.1802865655272,1384.1747919658887,"(1.0, 1.0, 1.0)","(131, 141, 201)","(11, 11, 11, 109, 119, 179)",337868,2,"(np.float64(70.76558004901322), np.float64(71.5029390176045), np.float64(101.29934767423964))","(187.45950392423964, 212.6630952676045, -139.76558004901324)",107.24026246627722,-118.54176668989224,293.65509655854515,0.37244772725551334,0.22700668740141275,57.29133452284498,252.37729856626433,176.555940143627,186.07794065928394,98.73702446397704,190.1367928624021,337866.8333333333,93.99735126189127,0.5188096308689398,45217.4918811605,0.13383228958892732,337868.0,51.159910770765606,151.6260592509062,4487427242.328969,2.6734576390199973,48.68821172742564,4.769207122536078,293.65509655854515,32.01823128422789,107.24026246627722,115.62312344525603,-118.54176668989224,412.1968632484374,20.74042845052653,115.24581925669959,-1.1718702748735952,4487427242.328969,0.19452232732532881,1781.1249623118445,98.81446355081889,390.95267163804516,-32.946848347413784,9.006369362015079,1.9654114471934097,0.6414304986043871,1.0091064417267428,1.8110412342758646,0.9317223276597637,0.6153490731216309,0.5835086508783575,0.9934010596314546,0.9465585709492815,-0.14189208386698432,0.7119389080275276,0.49272963807652626,9.8516080100313,0.05321901605453431,4.89480071932992,0.7122719533856962,0.1166087248871013,19.703216020062598,3.442219317615145,2.7429452023021215,41376.59606327721,0.1769848988473071,3.331690149332332,97.15365143749038,2.902129833317668,292.9777188033709,0.03353843369670102,0.013008535378746218,4.038080064328875,128709.46051883741,0.5475508430388873,0.691710736373149,0.7778236619065666,0.7668049910169439,73.45848582172296,0.010400550424464841,1475.435838788548,0.11636847060403407,8.64474193699547,80.02918211215396,804527.5611641296,86550767.63340957,7727.444415768274,0.025325043505796258,4425.535373452165,0.34904451245777784,0.6112070014228386,49.5227280646461,0.01626586241216599,5.595101688207979,0.037526489635005385,803817.453633449,156.7098691875933,2.5780950159294567e-05,96.96589903075453,0.015644471587880432,0.0038261845221571893,case_00188
3.1.1.dev111+g8ed579383,2.0.2,2.5.5,1.8.0,3.12.13,"{'minimumROIDimensions': 2, 'minimumROISize': 50, 'normalize': False, 'normalizeScale': 1, 'removeOutliers': 3, 'resampledPixelSpacing': [1, 1, 1], 'interpolator': 'sitkBSpline', 'preCrop': False, 'padDistance': 10, 'distances': [1], 'force2D': False, 'force2Ddimension': 0, 'resegmentRange': None, 'label': 1, 'additionalInfo': True, 'binWidth': 25}",{'Original': {}},ac838b54660305b83f45717600f51531a7737703,3D,"(5.0, 0.7421875, 0.7421875)","(146, 512, 512)",-542.9934047019646,-1024.0,2969.0,132247aad1470eaa9db8ad2a94776c81ebd91fd2,"(5.0, 0.7421875, 0.7421875)","(146, 512, 512)","(67, 194, 100, 36, 168, 308)",182126,28,"(np.float64(79.68380132435786), np.float64(305.183850740696), np.float64(250.66293115755028))","(186.03889421849433, 226.5036392216103, -398.4190066217893)","(1.0, 1.0, 1.0)","(202, 147, 251)",76.34512048230069,-1114.9428695192244,1365.4443344343717,"(1.0, 1.0, 1.0)","(202, 147, 251)","(13, 11, 11, 180, 125, 229)",501675,27,"(np.float64(78.3965714855235), np.float64(93.39142871380874), np.float64(122.91488513479842))","(186.04379138479842, 226.52033496380875, -398.3965714855235)",85.40471027675434,-304.0363380579757,181.77704793296135,0.4146191590604881,0.20563891140497384,64.52842309607419,313.79480982077126,233.62362894193728,227.26636354727023,179.30142219179413,264.94339017986465,501423.0833333333,130.10534016543397,0.3139775667940308,97212.41234620518,0.1938730297376055,501675.0,34.51002733828545,127.67325696640557,4427243965.1513605,2.5818635995603514,49.37276697473877,4.453356929074853,181.77704793296135,30.38513542776712,85.40471027675434,92.43462045527215,-304.0363380579757,485.81338599093704,20.502270257080394,93.94106893925927,-1.0718569269452827,4427243965.1513605,0.20147895024384713,1530.959895994303,291.4122080603954,259.59128599537894,-21.738134274501572,7.7903480955529245,1.1858005527098887,0.733827992442244,0.7267116847400087,1.5252231876297928,0.6383202337016392,0.696567742249744,0.6798168955153605,0.9973498369550055,0.9678346107551464,-0.2358661851115689,0.8144939690922719,0.4626692914019488,17.022351292305533,0.07258386450999087,4.4262628787381,0.7451286278868609,0.16268070393806333,34.04470258461106,3.372656302731662,2.244037162065703,52570.48078394781,0.17818433133550488,3.03121247844435,282.2026861066037,5.15979566176317,1528.5992224568147,0.017931890200987406,0.003730501135777947,4.347601534637747,134182.13517786653,0.4453735447590045,0.5869124586481441,1.9154786329860936,0.6860567076439276,189.6869140169163,0.0026323674000288764,911.2667304015297,0.1088989878586914,7.326359819251341,230.18044933078394,2630750.215463671,803659290.520196,8696.130933170969,0.005163297073033088,1135.0403919694072,0.13564058221431732,0.3353133870737682,73.10480684187199,0.001985046233391749,7.033441687794747,0.016680121592664573,2627156.020960629,76.35857752298378,2.3241800475716893e-05,139.16441811555666,0.006137827191863033,0.012193148081192054,case_00189
3.1.1.dev111+g8ed579383,2.0.2,2.5.5,1.8.0,3.12.13,"{'minimumROIDimensions': 2, 'minimumROISize': 50, 'normalize': False, 'normalizeScale': 1, 'removeOutliers': 3, 'resampledPixelSpacing': [1, 1, 1], 'interpolator': 'sitkBSpline', 'preCrop': False, 'padDistance': 10, 'distances': [1], 'force2D': False, 'force2Ddimension': 0, 'resegmentRange': None, 'label': 1, 'additionalInfo': True, 'binWidth': 25}",{'Original': {}},72157aee0fb7776de0cae3cb86631bc973f4aad1,3D,"(3.0, 0.72265625, 0.72265625)","(161, 512, 512)",-426.6508352623223,-1024.0,1442.0,a1605cad62b546b4db0100b771274398a0198bc0,"(3.0, 0.72265625, 0.72265625)","(161, 512, 512)","(36, 221, 103, 45, 132, 322)",314481,70,"(np.float64(56.84178376436096), np.float64(296.62559900280144), np.float64(262.1434617671656))","(189.43961104267828, 214.35834302936823, -170.52535129308288)","(1.0, 1.0, 1.0)","(157, 117, 254)",23.012546225827624,-1034.1556590651212,1235.831120822876,"(1.0, 1.0, 1.0)","(157, 117, 254)","(12, 11, 10, 135, 95, 233)",492519,54,"(np.float64(75.54236080232438), np.float64(65.20796964178032), np.float64(125.24896907530471))","(189.38764095030473, 214.34664151678032, -170.54236080232437)",124.03836916108963,-123.8593550753165,247.00915990095285,0.3474701894072267,0.1663417288018799,53.35652518361756,320.76452233562793,234.44615586526473,230.13908837917995,130.24976007655445,235.1254984045754,492364.8333333333,111.45610933107922,0.4557876517952536,66157.57639063761,0.13436698137587869,492519.0,28.879486140367572,179.03446179452368,9298826319.38628,2.9526212334462656,65.53906745674647,4.10452920002264,247.00915990095285,45.83356015812143,124.03836916108963,143.95205540242773,-123.8593550753165,370.86851497626935,29.628359293329567,137.40501174390292,-1.3017731265033672,9298826319.38628,0.16999611333194006,3494.620228199339,117.34889549193336,1190.8352473412283,-89.70337510118165,16.47903038398924,2.380258024150614,0.745111816672146,1.0379039705356001,1.8942264785403369,1.2697494763400858,0.6267467765989605,0.595636988103537,0.9900388524136391,0.9395438115037333,-0.20183906061090395,0.8081866828770428,0.4643495218233816,10.668760676075806,0.05583730565150128,5.12097203763636,0.7650654289640423,0.1585457539886286,21.337521352151615,3.6920265417506886,4.714822102034963,45560.740634766924,0.13857185107057804,6.671893042568812,108.8258552390656,3.545119740332974,438.87624630385653,0.03784599900681049,0.015063510248442288,4.440473564870998,176964.94765336518,0.534203398996127,0.6650928109450522,1.175136032203309,0.7573705956325536,78.65756935439585,0.012635186373139163,1696.9038715354156,0.09331851471268235,11.341302013402034,60.928178618565774,1043129.4489111307,142235562.95050594,7857.350693440095,0.04732518860899464,4295.280246370436,0.2362120681022017,0.4874533696858847,27.002663624830664,0.028029364726987156,6.394869821216801,0.03692040307074448,1042395.8357186439,204.34581417012578,2.2961368678759833e-05,70.18114441091488,0.03697709158615942,0.002705250890876706,case_00190
3.1.1.dev111+g8ed579383,2.0.2,2.5.5,1.8.0,3.12.13,"{'minimumROIDimensions': 2, 'minimumROISize': 50, 'normalize': False, 'normalizeScale': 1, 'removeOutliers': 3, 'resampledPixelSpacing': [1, 1, 1], 'interpolator': 'sitkBSpline', 'preCrop': False, 'padDistance': 10, 'distances': [1], 'force2D': False, 'force2Ddimension': 0, 'resegmentRange': None, 'label': 1, 'additionalInfo': True, 'binWidth': 25}",{'Original': {}},c158c4ef6b36013c78eee61de35c5c00f6e3f3c1,3D,"(1.25, 0.7421879768371582, 0.7421879768371582)","(349, 512, 512)",-748.0468296717778,-2048.0,3071.0,48303585ed41a232aabd55f55203acc15843c067,"(1.25, 0.7421879768371582, 0.7421879768371582)","(349, 512, 512)","(86, 265, 124, 110, 106, 300)",655059,9,"(np.float64(140.90969363065005), np.float64(319.86993537986655), np.float64(273.46972715434794))","(202.96594352289517, 237.4036201906157, -176.13711703831257)","(1.0, 1.0, 1.0)","(160, 100, 245)",77.33578245794126,-1037.363353327355,1391.0242117519974,"(1.0, 1.0, 1.0)","(160, 100, 245)","(11, 11, 11, 138, 78, 223)",451118,6,"(np.float64(80.14543866571496), np.float64(51.2728310552893), np.float64(121.8007439295262))","(202.92964994110764, 237.40173706687074, -176.02043866571495)",126.1442155859542,-176.9461093375078,326.0264003454815,0.33742254934326016,0.1872909824116531,58.62538049145158,313.0176356414048,225.1443981093023,218.38727069131113,115.95257651298655,225.71220613870221,450987.125,105.61920860752254,0.511892103755668,55558.23706322695,0.12319251256502489,451118.0,42.69719453791503,193.59110954352238,8890707308.192616,3.247487919367295,70.98366006006219,4.145540664376849,326.0264003454815,46.861685833595686,126.1442155859542,135.94857690992814,-176.9461093375078,502.9725096829893,30.287780972011582,140.38576677920778,-0.9395423745861844,8890707308.192616,0.13035304067692283,3795.8003883904435,190.19057224214205,1219.6113835442773,-72.15160526558658,16.074711114336946,5.845657387786314,0.4651724823263955,1.842132446787044,2.4692178240378406,2.391234715533607,0.4744277658961973,0.40592573502018503,0.9884253118302591,0.9264661020233157,-0.06415700668511465,0.5483407492551077,0.3986058690138865,13.697911453181707,0.021893508860282827,6.153466334123142,0.5415778373137093,0.04676235914546731,27.395822906363414,3.894004529209454,5.480092125530816,45678.744621080914,0.122506683882904,6.667123318755857,188.06426628609128,1.7480062961367258,335.8500513243722,0.010805706036422549,0.006629605101596279,4.097725215495371,266295.70199117734,0.712697879295701,0.8265664415962122,0.2784752643049058,0.8691384720689245,162.38851199423647,0.005884235911461274,3748.364515610283,0.08611189128191052,16.354518509525906,166.62801810287394,249019.03126651197,51265828.687426776,1235.5555058811458,0.010469778277980865,15763.400882170507,0.3621356080353444,0.6242766567449065,105.03822351182158,0.006876435942943567,6.014626192167661,0.096491383629117,248911.62665414065,145.21013328301177,1.6447710406582543e-05,292.74451633155365,0.035039603762072935,0.0037523123831552287,case_00191
3.1.1.dev111+g8ed579383,2.0.2,2.5.5,1.8.0,3.12.13,"{'minimumROIDimensions': 2, 'minimumROISize': 50, 'normalize': False, 'normalizeScale': 1, 'removeOutliers': 3, 'resampledPixelSpacing': [1, 1, 1], 'interpolator': 'sitkBSpline', 'preCrop': False, 'padDistance': 10, 'distances': [1], 'force2D': False, 'force2Ddimension': 0, 'resegmentRange': None, 'label': 1, 'additionalInfo': True, 'binWidth': 25}",{'Original': {}},97e6a2b9623dab10deee772aa0e5e4c6b85c4416,3D,"(5.0, 0.78125, 0.78125)","(133, 512, 512)",-723.8656566017553,-2048.0,3071.0,bda35455b1d082a49ca57e26ed57434b60a3061c,"(5.0, 0.78125, 0.78125)","(133, 512, 512)","(63, 159, 93, 31, 192, 348)",186846,132,"(np.float64(73.15741840874303), np.float64(287.01533348318935), np.float64(251.46805925735632))","(196.45942129480963, 224.23072928374168, -365.7870920437151)","(1.0, 1.0, 1.0)","(177, 172, 294)",12.977710557020188,-1076.2511717794239,1276.4450505233533,"(1.0, 1.0, 1.0)","(177, 172, 294)","(13, 11, 11, 155, 150, 272)",569390,116,"(np.float64(65.75387695604067), np.float64(111.17303605613024), np.float64(134.2442614025536))","(196.3536364025536, 224.28241105613023, -365.7538769560407)",84.6179970795897,-116.21656500929977,209.7114008559302,0.3597897273372149,0.20031072087795226,72.33027262064252,361.09037151692337,264.59402865522117,271.39823138701547,176.98022488402484,279.7195023590597,568135.0833333334,129.91660631216752,0.29072509145869607,114104.47603282928,0.20084039760995093,569390.0,6.075184237577641,137.69857664278743,5486623351.099797,2.8850980065177336,65.21843663272185,3.0631015980547147,209.7114008559302,40.0709659515084,84.6179970795897,97.0861755956983,-116.21656500929977,325.92796586522996,28.11387793923861,98.16296235001147,-0.8570964490948098,5486623351.099797,0.1619158531097679,2475.7617475683282,84.94913583938614,546.4898538322718,-44.363324282485834,12.84606442088701,1.4945912538142347,0.789970632591265,0.8619456965013534,1.6405671291459936,0.7149771361982675,0.6537886435461533,0.6292227886311907,0.9926150325807334,0.9450289172668884,-0.2517486122423976,0.8493949949936498,0.48233940393339386,9.061420446031729,0.052815806683732536,4.895635715138351,0.8190574854970828,0.11724946045241652,18.122840892063458,3.6498503737917227,3.585163918675311,53765.39813172584,0.14513237801451567,4.45786231980393,79.50895890377032,4.233705059796789,375.73530069476294,0.06056399063364777,0.017938054639048878,4.399134963218646,192440.8044672809,0.5080715323552369,0.6479406436307682,1.5145956293015554,0.7343724493508729,56.63978118369932,0.013997049484469209,1155.450724769806,0.10533783615368819,9.529888094695233,57.56468228644361,2238741.0011851583,219686614.44014952,23959.603092591813,0.04295457338625862,1486.7228553195368,0.13553859561669587,0.3404887506471255,15.801503524918198,0.018683050193952316,7.058431486617633,0.01926447601819491,2236046.455209981,315.78317576372007,1.9635929042735765e-05,54.80068015137462,0.027645920646505284,0.0017568476348064415,case_00192
3.1.1.dev111+g8ed579383,2.0.2,2.5.5,1.8.0,3.12.13,"{'minimumROIDimensions': 2, 'minimumROISize': 50, 'normalize': False, 'normalizeScale': 1, 'removeOutliers': 3, 'resampledPixelSpacing': [1, 1, 1], 'interpolator': 'sitkBSpline', 'preCrop': False, 'padDistance': 10, 'distances': [1], 'force2D': False, 'force2Ddimension': 0, 'resegmentRange': None, 'label': 1, 'additionalInfo': True, 'binWidth': 25}",{'Original': {}},3840c472c8e87f59649b298b2eb2a8d44242d001,3D,"(1.25, 0.703125, 0.703125)","(233, 512, 512)",-694.9937308642998,-2048.0,1646.0,479b92b342e3aad5fdaa568e7dad44869315c512,"(1.25, 0.703125, 0.703125)","(233, 512, 512)","(63, 248, 144, 90, 111, 263)",392572,8,"(np.float64(108.83895183558685), np.float64(307.63539172432064), np.float64(270.1357508941035))","(189.93919984741655, 216.30613480616296, -136.04868979448358)","(1.0, 1.0, 1.0)","(134, 100, 207)",34.7232637682007,-991.0461746030179,1336.6124732455369,"(1.0, 1.0, 1.0)","(134, 100, 207)","(11, 10, 11, 112, 78, 185)",243233,10,"(np.float64(68.08456089428655), np.float64(52.14171185653262), np.float64(99.75886906793075))","(189.90730656793073, 216.29014935653262, -135.95956089428654)",78.50096075151217,-133.71043187147458,317.86409703233926,0.34092833562138497,0.1946633696516968,50.46816011041858,259.25863813371353,187.11493793922494,178.63090438107287,100.26464980241042,189.69712702094358,243071.625,88.38861599439389,0.43702857433587283,43098.66328241391,0.1773084920233446,243233.0,18.889555725296304,128.0726045591106,2043398847.1423204,2.859657934797732,63.51379514038675,4.183131096788562,317.86409703233926,37.473098476749996,78.50096075151217,87.81317498525186,-133.71043187147458,451.57452890381387,26.105072692642796,91.65693361709364,-0.6141919130169438,2043398847.1423204,0.16861495592953493,2238.5926411778582,97.4450282194079,434.13506194979914,-15.497823496502138,10.297164538859162,2.637944773860572,0.5910820472265738,1.1089697038930793,1.9665119146501948,1.3929196002525848,0.6089668303414597,0.5747423920108804,0.9929927769722114,0.947855006321866,-0.14367129718734425,0.7312145708588431,0.470449484766581,9.773943825028843,0.046754626946204504,5.159180818408899,0.6417047606278188,0.12501915437973163,19.54788765005768,3.5836919344136744,3.2337773281799347,25411.62439201705,0.15055417344449357,4.227275650002069,94.38262109056868,2.9091685524781004,289.2542290802661,0.03466695710742535,0.013916243904406147,4.211129803346187,94559.34241202821,0.5582939771036526,0.6937289316448395,0.8114690640193556,0.7750150743921776,71.67576652526567,0.011392935787976123,1420.4978398617511,0.10228239054304084,9.67705555217746,71.09194988479263,311719.55004320276,33549120.64184908,3034.8434195852124,0.02775263020081672,4462.084533410139,0.3212906490070664,0.5848259805506588,41.438097643759185,0.017434331449342925,5.887795495046962,0.05709751555093265,311412.81345895014,92.15291553634043,4.0401682858578745e-05,130.76059257054945,0.01694897362223225,0.006672487385154591,case_00193
3.1.1.dev111+g8ed579383,2.0.2,2.5.5,1.8.0,3.12.13,"{'minimumROIDimensions': 2, 'minimumROISize': 50, 'normalize': False, 'normalizeScale': 1, 'removeOutliers': 3, 'resampledPixelSpacing': [1, 1, 1], 'interpolator': 'sitkBSpline', 'preCrop': False, 'padDistance': 10, 'distances': [1], 'force2D': False, 'force2Ddimension': 0, 'resegmentRange': None, 'label': 1, 'additionalInfo': True, 'binWidth': 25}",{'Original': {}},52b82528f47a1e88d44177cd5d6073eac96359b3,3D,"(5.0, 0.75, 0.75)","(135, 512, 512)",-726.6456991690177,-2048.0,5064.0,9f64c287cb65a37c6172980534db520b4aebc847,"(5.0, 0.75, 0.75)","(135, 512, 512)","(61, 232, 96, 27, 127, 109)",115276,2,"(np.float64(73.7270897671675), np.float64(297.68829591588883), np.float64(146.1472032339776))","(109.61040242548319, 223.26622193691662, -368.6354488358375)","(1.0, 1.0, 1.0)","(157, 117, 104)",-11.681385241225813,-1101.8819046501997,1096.5395496862386,"(1.0, 1.0, 1.0)","(157, 117, 104)","(13, 11, 11, 135, 95, 82)",324125,2,"(np.float64(78.62005399151562), np.float64(60.031870420362516), np.float64(48.35318164288469))","(109.47818164288469, 223.1568704203625, -368.62005399151565)",89.37475228865273,-121.4582891322085,219.7813787759078,0.485468908468595,0.46706853520136893,65.82727083521374,140.93706998874026,113.50770898930169,86.70063436907483,153.95129099815955,154.7578754054216,324053.5,68.42056553019572,0.4320620110251811,52805.90856998967,0.16295429171414494,324125.0,3.260402409067406,156.07392149306747,3684912552.893441,3.1362834567107125,85.35514431568441,2.6457460084692377,219.7813787759078,48.3075165879096,89.37475228865273,98.21398803227898,-121.4582891322085,341.2396679081163,35.99040860966928,106.62457868725342,-0.6200166777891661,3684912552.893441,0.12938127914767714,3380.9544335762635,89.95135272063597,823.1477909862796,-44.34516127375496,17.643270897827446,1.822901162364431,0.8112411116055346,0.9016474550719847,1.7489435610199993,0.9786809771925781,0.6566773234218132,0.631470964672325,0.9911637920101138,0.9433820933948524,-0.27624146993316506,0.8906206409205841,0.46219938981140485,9.273294068355439,0.03995129015565162,5.265855273154637,0.8229211267727385,0.09938904101282081,18.546588136710877,3.954478580946863,4.866543015047968,24281.41598228189,0.11859371306016125,5.975193524926599,83.21482748195882,4.127237716140313,386.77788113125285,0.06073699387991141,0.019415393025313664,4.67605641029842,102761.6074297462,0.49498928187037655,0.6312953810555044,1.4665529755543145,0.7283313661968912,57.68970752441573,0.015513564854886568,718.2416198998939,0.1089400303200203,9.34296662789377,47.03321704838465,1781671.7602002122,184400207.63112393,19147.120121175874,0.060874878478853145,999.3109358410435,0.15157150551206486,0.36845091206286534,14.985478086975794,0.02864339159925163,6.880031886678645,0.02034091785576552,1779254.858940496,137.507652427761,4.962381100256918e-05,46.743217648855506,0.03403589739545856,0.0037147444816601127,case_00194
3.1.1.dev111+g8ed579383,2.0.2,2.5.5,1.8.0,3.12.13,"{'minimumROIDimensions': 2, 'minimumROISize': 50, 'normalize': False, 'normalizeScale': 1, 'removeOutliers': 3, 'resampledPixelSpacing': [1, 1, 1], 'interpolator': 'sitkBSpline', 'preCrop': False, 'padDistance': 10, 'distances': [1], 'force2D': False, 'force2Ddimension': 0, 'resegmentRange': None, 'label': 1, 'additionalInfo': True, 'binWidth': 25}",{'Original': {}},8641c3da768912339f23f69442662012c88acb61,3D,"(5.0, 0.763671875, 0.763671875)","(98, 512, 512)",-501.74604918032276,-1024.0,1599.0,79cd31e2cf7fd4461d080ee52e300f6c16b1e04f,"(5.0, 0.763671875, 0.763671875)","(98, 512, 512)","(18, 272, 88, 26, 126, 319)",142659,24,"(np.float64(29.84941013185288), np.float64(347.07278194856264), np.float64(235.73984816941098))","(180.0278918637494, 265.04972215212496, -149.2470506592644)","(1.0, 1.0, 1.0)","(152, 118, 266)",29.68723574800766,-1100.4215252925715,1237.9789362710196,"(1.0, 1.0, 1.0)","(152, 118, 266)","(13, 11, 12, 130, 96, 243)",416285,19,"(np.float64(74.26234430738556), np.float64(67.90108939788847), np.float64(123.93736262416374))","(180.05552668666374, 265.0192534603885, -149.26234430738555)",101.70303440587575,-118.1944242668958,226.71885973228524,0.36303295970850785,0.17302861090301555,56.338841716734706,325.60419587667644,246.9757073074192,240.25195108468944,132.09844813622905,247.95362469623225,415869.125,118.20505492261857,0.31634226919445946,85172.22995713216,0.20480536985555772,416285.0,10.879240842325759,162.21463900991031,5716073259.597213,3.0586365560081044,78.12935357683841,3.1543331556894607,226.71885973228524,47.13327708103746,101.70303440587575,117.56499137176664,-118.1944242668958,344.91328399918103,33.40613252113095,117.18000494834428,-0.9302400695855235,5716073259.597213,0.1446768516350951,3387.6463523312427,99.75621999289238,950.6476736517907,-66.97789767021521,16.94355516482559,1.937145141749439,0.7926876711731098,0.9427029300403791,1.7844492352188985,1.0163966560009974,0.6446422321662109,0.617385121621356,0.9917780108147187,0.9444219782267234,-0.24766426238990596,0.8613119315724928,0.46814886437089975,9.798044422219606,0.04653212454625273,5.179909031910947,0.8045119364149065,0.10635655768872984,19.596088844439212,3.842849189570374,4.7201750766437565,34571.74922173993,0.12684934325667652,6.106933287617677,91.04167309882511,3.7975833157835934,401.41069905599437,0.04898730522391607,0.01786030529881525,4.5491064393268985,142616.3366013259,0.5171829446142691,0.6531601408428582,1.3015846591384963,0.7446751111088048,64.3126207752459,0.014658752165701503,1202.326387672912,0.10526408577069794,9.63664603885984,51.376028716511996,1017456.7456662582,118816352.59437926,9253.597809161303,0.05470346696882166,2046.290316932236,0.17915341594573944,0.4103717912018801,18.039295841211327,0.028092186566421862,6.679862541786535,0.027437933146762433,1016128.4424848909,167.9754314036929,3.218665132832523e-05,60.5077813395582,0.03229594387227972,0.0031122024600497918,case_00195
3.1.1.dev111+g8ed579383,2.0.2,2.5.5,1.8.0,3.12.13,"{'minimumROIDimensions': 2, 'minimumROISize': 50, 'normalize': False, 'normalizeScale': 1, 'removeOutliers': 3, 'resampledPixelSpacing': [1, 1, 1], 'interpolator': 'sitkBSpline', 'preCrop': False, 'padDistance': 10, 'distances': [1], 'force2D': False, 'force2Ddimension': 0, 'resegmentRange': None, 'label': 1, 'additionalInfo': True, 'binWidth': 25}",{'Original': {}},45a99bc65a465f9c2616f21a1a3c38cf13081caf,3D,"(3.0, 0.818359375, 0.818359375)","(178, 512, 512)",-573.4503183472023,-1024.0,1645.0,e17e5c4419943453e28d8c6e2730557c9cb41a68,"(3.0, 0.818359375, 0.818359375)","(178, 512, 512)","(50, 226, 112, 39, 99, 295)",227323,26,"(np.float64(68.6724880456443), np.float64(278.8618573571526), np.float64(245.99395573699098))","(201.3114598707016, 228.20921529813853, -206.01746413693292)","(1.0, 1.0, 1.0)","(139, 103, 263)",41.2056235145342,-1075.8124587431575,1481.4316608989102,"(1.0, 1.0, 1.0)","(139, 103, 263)","(12, 11, 11, 117, 81, 241)",457137,19,"(np.float64(69.0159667670742), np.float64(54.12953884721648), np.float64(120.17497161682384))","(201.26579192932383, 228.2203591597165, -206.0159667670742)",124.77497689075015,-164.6072053305205,1327.9810560041412,0.3390650855469131,0.17765475092084346,55.649299191800054,313.2440810242974,241.09956449566639,240.67405344157896,118.84864324004712,243.40501227378206,456756.875,106.21013112956757,0.4680794643569102,61275.65068058166,0.13415375670170626,457137.0,43.37905303117027,177.03192503954932,9563385519.547832,3.0345806491904836,65.15038960434525,50.88104017974447,1327.9810560041412,45.40556670760649,124.77497689075015,135.46119938182727,-164.6072053305205,1492.5882613346616,27.747816737181022,144.6380788856742,3.59929022926498,9563385519.547832,0.1603731266263515,5351.37900565126,166.7240872889065,49246.82631513988,658.9045465022939,27.25238439095112,3.7209790941520344,0.7582284310257038,1.0962043486148478,1.9663247575028322,2.479082980412464,0.6361803963742497,0.6066522199584248,0.9990330763156106,0.9829173080364585,-0.2120448697265507,0.8267568625969806,0.44709059947801383,12.68225814395216,0.05135455899742847,5.240619433415213,0.8299110130441681,0.14225905592344312,25.36451628790434,3.799076416648186,7.743340871275789,39822.9291177767,0.1347199048004095,11.468137628668696,160.8680856289088,3.841116548033089,652.2060121223694,0.026507587098929794,0.008622247228972701,4.6122902090459315,154042.2692714515,0.5166732321811228,0.6450108122779554,1.3344400283949878,0.7452737839315776,117.64890370723703,0.0069248517947185706,1478.4086870191115,0.07338836867803979,60.461742316086244,190.23167038967486,741939.1645073219,132113651.05892281,4272.6834551635475,0.01631787581048434,5172.457433606354,0.2567613518791935,0.5157029486088872,117.58542492925551,0.008618219821076863,7.016043695397947,0.04406775211807401,741424.2226391204,27.09802850925051,2.695419335608657e-05,1756.0891057721553,0.0032716582630043156,0.2547659563013242,case_00196
3.1.1.dev111+g8ed579383,2.0.2,2.5.5,1.8.0,3.12.13,"{'minimumROIDimensions': 2, 'minimumROISize': 50, 'normalize': False, 'normalizeScale': 1, 'removeOutliers': 3, 'resampledPixelSpacing': [1, 1, 1], 'interpolator': 'sitkBSpline', 'preCrop': False, 'padDistance': 10, 'distances': [1], 'force2D': False, 'force2Ddimension': 0, 'resegmentRange': None, 'label': 1, 'additionalInfo': True, 'binWidth': 25}",{'Original': {}},c5900397ac15dbb24245882ba5cad5039307d82f,3D,"(3.0, 0.873046875, 0.873046875)","(162, 512, 512)",-519.6309470423946,-1024.0,3071.0,6aa0d2a170268438922007b859e19736ddce976c,"(3.0, 0.873046875, 0.873046875)","(162, 512, 512)","(27, 246, 128, 48, 132, 286)",171484,77,"(np.float64(48.10575330643092), np.float64(321.707582048471), np.float64(256.76151710946795))","(224.16484013268, 280.8657991712237, -144.31725991929275)","(1.0, 1.0, 1.0)","(166, 137, 272)",8.062922129586598,-972.8769763558029,1478.0791113933208,"(1.0, 1.0, 1.0)","(166, 137, 272)","(12, 11, 11, 144, 115, 249)",392325,75,"(np.float64(76.31797361881094), np.float64(76.79335499904415), np.float64(122.99881475817243))","(224.06229132067244, 280.85683156154414, -144.31797361881092)",43.67258447026324,-125.27199505342818,146.12342248422217,0.3366393829338252,0.19629038813589536,66.9011746377043,340.8275630459675,248.2438317461282,247.42069436488129,128.87590930814028,263.46536774308686,390313.75,114.73598051063392,0.31109070865010807,83024.50944053847,0.2127122332752522,392325.0,-7.624297113225748,79.00219645029846,1185270478.2928424,2.358246720918829,39.3781733041006,3.6081871117268203,146.12342248422217,25.99710468461347,43.67258447026324,51.062071771283925,-125.27199505342818,271.39541753765036,17.30169761903118,54.96493795123888,-0.9606687842478332,1185270478.2928424,0.23980478449428944,1113.8497696712625,71.42118805610872,99.16202158064286,-11.224644502886381,5.061381235702246,1.1577731210902884,0.6243919691159096,0.7354907282183828,1.524154262593647,0.6000807390884061,0.6904788586528328,0.6729611336537402,0.9922358185577426,0.945622240935927,-0.1683600859397891,0.7002406990022467,0.4701895641232718,8.393112964650287,0.09380439418698845,4.108018753646619,0.6534268618090044,0.212957602245591,16.786225929300574,3.0492263143562925,1.5547885891981335,46601.80775404032,0.19741060943073854,2.294616533733733,66.86223349014654,4.90082244407992,360.1299337410422,0.07310027942520779,0.017930546304032926,4.079752239376074,111575.535535593,0.4650031289381739,0.5999343166232862,1.841777403818135,0.7037183653422433,45.321562187255196,0.013445535722642322,1257.9457801766437,0.15431130767623205,5.6335182170507165,46.798209028459276,2104269.1870706575,160739891.9904318,28296.8526769275,0.035269536808611154,1629.1692836113837,0.19984902890227965,0.42898343203978995,18.27402519666814,0.017277818279744336,5.9478432639856536,0.020778691136175365,2101953.053374967,294.688609163039,2.4356992027013018e-05,37.704158601973894,0.01537648178268412,0.0018925709121403245,case_00197
3.1.1.dev111+g8ed579383,2.0.2,2.5.5,1.8.0,3.12.13,"{'minimumROIDimensions': 2, 'minimumROISize': 50, 'normalize': False, 'normalizeScale': 1, 'removeOutliers': 3, 'resampledPixelSpacing': [1, 1, 1], 'interpolator': 'sitkBSpline', 'preCrop': False, 'padDistance': 10, 'distances': [1], 'force2D': False, 'force2Ddimension': 0, 'resegmentRange': None, 'label': 1, 'additionalInfo': True, 'binWidth': 25}",{'Original': {}},e9ca337fba5e595877015434721baeeeb45d201b,3D,"(2.5, 0.732421875, 0.732421875)","(269, 512, 512)",-472.1525925420031,-1024.0,3071.0,f910d2da3c37a9b75415b4c761b216eac310bc20,"(2.5, 0.732421875, 0.732421875)","(269, 512, 512)","(121, 224, 108, 48, 117, 325)",277929,13,"(np.float64(143.9968337237208), np.float64(283.4294622007779), np.float64(271.4872503409144))","(198.8432009332869, 207.58993813533536, -359.992084309302)","(1.0, 1.0, 1.0)","(142, 108, 260)",18.182744643900897,-1006.2084098978407,1606.75452494519,"(1.0, 1.0, 1.0)","(142, 108, 260)","(11, 11, 11, 120, 86, 238)",372670,8,"(np.float64(69.45854241017523), np.float64(54.50197493761237), np.float64(130.55497625244854))","(198.68876531494854, 207.63576400011237, -359.70854241017526)",152.82010366736742,-127.24802768378191,322.76711270799257,0.32554316589823107,0.15098703146488157,51.479536198524364,340.9533633390104,234.10467744152402,238.64827675891564,123.42204017111368,240.00208332429116,372747.6666666667,110.99503732503133,0.37923084372945065,66047.6081303499,0.17719120476591374,372670.0,15.531900378383028,251.72568173825775,11646804051.804554,3.631324873309399,137.4677330291561,2.404747077813291,322.76711270799257,75.37767455991462,152.82010366736742,169.75689216533732,-127.24802768378191,450.0151403917745,57.854896371076464,176.78327198120377,-0.6190415226282899,11646804051.804554,0.09373469375327957,7898.341167475344,176.48710338556683,4011.7834392935847,-156.24540818402437,40.52293589574757,4.081431982902708,0.8156859041623185,1.3403345015909738,2.190463928621063,2.223001948026031,0.5810002755627817,0.5391152988254826,0.9894438158140458,0.9386689889681837,-0.24865840711375167,0.8982861018063922,0.43739864749654706,12.93724331117525,0.024323369298407543,6.2089417377734915,0.833574348008962,0.0849026222322227,25.874486622350503,4.45722193998604,11.15109196966257,22197.602141676645,0.08343469433458806,13.264854168351178,161.29115344218144,2.8797352642395806,542.2202474225393,0.02311176866082874,0.010662789363046592,4.856105415691808,159040.07708975606,0.5950862234581188,0.713376239238262,0.872510165818878,0.7992018264135321,122.65330088968713,0.009197124671931052,1630.4768089053803,0.07756418861640171,13.728139955667531,93.35283763855192,243127.91560820132,53844902.42424242,1230.2194510635572,0.023376144283797973,5555.390561819133,0.2642781295760969,0.5227382430798864,46.01056389550796,0.013191097746744783,6.522548697632375,0.05640647221402313,242813.61724281323,80.73187203035253,4.4544095056947894e-05,118.40633687178664,0.05815469221552365,0.006462427178458505,case_00198
3.1.1.dev111+g8ed579383,2.0.2,2.5.5,1.8.0,3.12.13,"{'minimumROIDimensions': 2, 'minimumROISize': 50, 'normalize': False, 'normalizeScale': 1, 'removeOutliers': 3, 'resampledPixelSpacing': [1, 1, 1], 'interpolator': 'sitkBSpline', 'preCrop': False, 'padDistance': 10, 'distances': [1], 'force2D': False, 'force2Ddimension': 0, 'resegmentRange': None, 'label': 1, 'additionalInfo': True, 'binWidth': 25}",{'Original': {}},e6729f1ee5d17513f3f3cd6bc4239fc1b5cb6b5d,3D,"(2.5, 0.7421879768371582, 0.7421879768371582)","(121, 512, 512)",-815.2661799281096,-2048.0,1449.0,01b86e8481b29bd3cc6335dfa940118538a35b39,"(2.5, 0.7421879768371582, 0.7421879768371582)","(121, 512, 512)","(46, 146, 96, 47, 153, 321)",344135,11,"(np.float64(67.67397968820376), np.float64(232.53142516744882), np.float64(268.76656254086333))","(199.4753112936809, 172.5820279960899, -169.1849492205094)","(1.0, 1.0, 1.0)","(140, 136, 261)",28.085279132855334,-1078.537124690961,1424.0148214764167,"(1.0, 1.0, 1.0)","(140, 136, 261)","(12, 11, 11, 117, 114, 238)",473821,15,"(np.float64(66.71804331171477), np.float64(75.4334020653369), np.float64(139.29799861128993))","(199.42690462287135, 172.56230807691833, -168.96804331171478)",122.82513120086193,-116.02482386034507,259.2426289798373,0.3347296597874067,0.2210542918393669,68.29446827227814,308.94884557095844,242.099153240981,234.61670869739862,115.95257651298655,242.62728618191318,472606.5416666667,103.41434196967897,0.3964092532630878,74018.47959927202,0.15661755196667984,473821.0,56.45320594566247,181.32994726640712,8410926207.349515,2.9904434063311855,75.40784680449785,3.438252420805841,259.2426289798373,42.17772952015899,122.82513120086193,131.39429654934818,-116.02482386034507,375.2674528401824,30.759063664539774,133.23390558611166,-0.7679774113242986,8410926207.349515,0.14636039054843272,2665.2607432199634,113.59886263924714,647.7899020563133,-38.4120398033523,14.092267184872348,2.055864635653388,0.7445705267052009,1.0171486485733432,1.8299811809056785,0.9927897165802144,0.6179522565861747,0.5858598545744499,0.9922633874277557,0.9433150811282864,-0.21053994397451203,0.8290014040579011,0.4828882147568963,10.516146147494087,0.038958421108218316,5.262663465281145,0.7626237443739281,0.09742191601602618,21.03229229498818,3.7987924741435384,4.037032955131433,44546.413359334394,0.13685004704897238,4.733699187707229,110.17570385027497,3.0779969019975146,358.2233518965825,0.032186516560281715,0.012005557379346983,4.345091288669412,179415.6031853676,0.5454357469894735,0.6869311081935681,0.8814455396028928,0.7646797860456344,82.61145927514534,0.00962054410496056,1649.2546761713277,0.10048465705058963,9.9062325263885,83.50429537561689,882427.6899409005,111257049.59148236,7497.184268933724,0.02446695187459402,4272.36574666423,0.2603037681511137,0.5154094546045739,40.191761793488446,0.01397577067090823,6.201614461842471,0.0346396635016177,881594.2915243631,194.28325899587256,2.371123456258636e-05,83.28925411146824,0.02561293388805853,0.0027964132712717258,case_00199
3.1.1.dev111+g8ed579383,2.0.2,2.5.5,1.8.0,3.12.13,"{'minimumROIDimensions': 2, 'minimumROISize': 50, 'normalize': False, 'normalizeScale': 1, 'removeOutliers': 3, 'resampledPixelSpacing': [1, 1, 1], 'interpolator': 'sitkBSpline', 'preCrop': False, 'padDistance': 10, 'distances': [1], 'force2D': False, 'force2Ddimension': 0, 'resegmentRange': None, 'label': 1, 'additionalInfo': True, 'binWidth': 25}",{'Original': {}},13f009edeae6962f20a36d3ef620f97b278e96f1,3D,"(4.0, 0.7421875, 0.7421875)","(103, 512, 512)",-445.4148827339839,-1024.0,3069.0,1f8f2eab708499ac62ce682c553ddd83d5280632,"(4.0, 0.7421875, 0.7421875)","(103, 512, 512)","(20, 255, 104, 32, 121, 305)",166730,88,"(np.float64(34.424170815090264), np.float64(313.57534936724045), np.float64(265.1373178192287))","(196.78160306895882, 232.73170460849877, -137.69668326036106)","(1.0, 1.0, 1.0)","(149, 112, 249)",31.027722521242442,-957.7188688395871,1443.0521304366787,"(1.0, 1.0, 1.0)","(149, 112, 249)","(12, 11, 11, 128, 90, 227)",367296,71,"(np.float64(71.20905209966894), np.float64(54.586850932218155), np.float64(130.66517468200036))","(196.79408093200036, 232.71575718221817, -137.70905209966895)",121.55071256849642,-123.34955163118049,268.1562775599058,0.35588103519161896,0.17941469464287518,54.860881685073394,305.77696990914785,225.83400983908513,223.503914954526,136.4734406395618,235.5886245131543,366519.5,108.82022458902405,0.330696900057468,74894.8676368894,0.2043407448632048,367296.0,20.06400703009258,187.2479381793488,6923572279.506558,3.189745158431095,85.62570447267143,2.963367260481215,268.1562775599058,52.013789723221066,121.55071256849642,141.01987738688072,-123.34955163118049,391.50582919108626,36.86658380901468,137.2957253493864,-0.8786812400473556,6923572279.506558,0.13456335530940997,4075.5404733049118,117.28224891012648,1407.3401723530847,-93.059598487551,20.918398359156125,2.151486736096616,0.8118113412408814,1.0401940850438973,1.8505658618258454,1.0299245526575207,0.614655392967859,0.5811687716171361,0.9919058398642734,0.9421797535871186,-0.24167849849711123,0.8651229412777278,0.4759594929690918,10.61071430970335,0.039350163317127915,5.442072171979776,0.8286657170808845,0.10712983865466949,21.2214286194067,3.9755692775984426,5.767471273813185,30278.280562940054,0.11856275496633098,7.1943746614060595,108.72352538582952,3.262495906381656,399.04769189375514,0.036758221436424966,0.01440505432150964,4.539953819755016,143995.6796917606,0.5564966471581346,0.693283639604863,1.0179042608642421,0.7710778566607996,80.82937215835886,0.011888870341020387,1000.5944666233404,0.09289708166589364,11.937658760946839,68.2566149846811,743286.170086343,101655059.37108904,5745.930590075297,0.03699174000850688,2027.5254850988765,0.18823929858869898,0.4194129689558866,24.810591848601785,0.018720178629481932,6.777304792023453,0.02932512197246907,742123.3290602331,140.2784744243942,3.3977756104312194e-05,78.62684884101661,0.038444768056765624,0.003909751869817534,case_00200
