diagnostics_Versions_PyRadiomics,diagnostics_Versions_Numpy,diagnostics_Versions_SimpleITK,diagnostics_Versions_PyWavelet,diagnostics_Versions_Python,diagnostics_Configuration_Settings,diagnostics_Configuration_EnabledImageTypes,diagnostics_Image-original_Hash,diagnostics_Image-original_Dimensionality,diagnostics_Image-original_Spacing,diagnostics_Image-original_Size,diagnostics_Image-original_Mean,diagnostics_Image-original_Minimum,diagnostics_Image-original_Maximum,diagnostics_Mask-original_Hash,diagnostics_Mask-original_Spacing,diagnostics_Mask-original_Size,diagnostics_Mask-original_BoundingBox,diagnostics_Mask-original_VoxelNum,diagnostics_Mask-original_VolumeNum,diagnostics_Mask-original_CenterOfMassIndex,diagnostics_Mask-original_CenterOfMass,diagnostics_Image-interpolated_Spacing,diagnostics_Image-interpolated_Size,diagnostics_Image-interpolated_Mean,diagnostics_Image-interpolated_Minimum,diagnostics_Image-interpolated_Maximum,diagnostics_Mask-interpolated_Spacing,diagnostics_Mask-interpolated_Size,diagnostics_Mask-interpolated_BoundingBox,diagnostics_Mask-interpolated_VoxelNum,diagnostics_Mask-interpolated_VolumeNum,diagnostics_Mask-interpolated_CenterOfMassIndex,diagnostics_Mask-interpolated_CenterOfMass,diagnostics_Mask-interpolated_Mean,diagnostics_Mask-interpolated_Minimum,diagnostics_Mask-interpolated_Maximum,original_shape_Elongation,original_shape_Flatness,original_shape_LeastAxisLength,original_shape_MajorAxisLength,original_shape_Maximum2DDiameterColumn,original_shape_Maximum2DDiameterRow,original_shape_Maximum2DDiameterSlice,original_shape_Maximum3DDiameter,original_shape_MeshVolume,original_shape_MinorAxisLength,original_shape_Sphericity,original_shape_SurfaceArea,original_shape_SurfaceVolumeRatio,original_shape_VoxelVolume,original_firstorder_10Percentile,original_firstorder_90Percentile,original_firstorder_Energy,original_firstorder_Entropy,original_firstorder_InterquartileRange,original_firstorder_Kurtosis,original_firstorder_Maximum,original_firstorder_MeanAbsoluteDeviation,original_firstorder_Mean,original_firstorder_Median,original_firstorder_Minimum,original_firstorder_Range,original_firstorder_RobustMeanAbsoluteDeviation,original_firstorder_RootMeanSquared,original_firstorder_Skewness,original_firstorder_TotalEnergy,original_firstorder_Uniformity,original_firstorder_Variance,original_glcm_Autocorrelation,original_glcm_ClusterProminence,original_glcm_ClusterShade,original_glcm_ClusterTendency,original_glcm_Contrast,original_glcm_Correlation,original_glcm_DifferenceAverage,original_glcm_DifferenceEntropy,original_glcm_DifferenceVariance,original_glcm_Id,original_glcm_Idm,original_glcm_Idmn,original_glcm_Idn,original_glcm_Imc1,original_glcm_Imc2,original_glcm_InverseVariance,original_glcm_JointAverage,original_glcm_JointEnergy,original_glcm_JointEntropy,original_glcm_MCC,original_glcm_MaximumProbability,original_glcm_SumAverage,original_glcm_SumEntropy,original_glcm_SumSquares,original_glrlm_GrayLevelNonUniformity,original_glrlm_GrayLevelNonUniformityNormalized,original_glrlm_GrayLevelVariance,original_glrlm_HighGrayLevelRunEmphasis,original_glrlm_LongRunEmphasis,original_glrlm_LongRunHighGrayLevelEmphasis,original_glrlm_LongRunLowGrayLevelEmphasis,original_glrlm_LowGrayLevelRunEmphasis,original_glrlm_RunEntropy,original_glrlm_RunLengthNonUniformity,original_glrlm_RunLengthNonUniformityNormalized,original_glrlm_RunPercentage,original_glrlm_RunVariance,original_glrlm_ShortRunEmphasis,original_glrlm_ShortRunHighGrayLevelEmphasis,original_glrlm_ShortRunLowGrayLevelEmphasis,original_glszm_GrayLevelNonUniformity,original_glszm_GrayLevelNonUniformityNormalized,original_glszm_GrayLevelVariance,original_glszm_HighGrayLevelZoneEmphasis,original_glszm_LargeAreaEmphasis,original_glszm_LargeAreaHighGrayLevelEmphasis,original_glszm_LargeAreaLowGrayLevelEmphasis,original_glszm_LowGrayLevelZoneEmphasis,original_glszm_SizeZoneNonUniformity,original_glszm_SizeZoneNonUniformityNormalized,original_glszm_SmallAreaEmphasis,original_glszm_SmallAreaHighGrayLevelEmphasis,original_glszm_SmallAreaLowGrayLevelEmphasis,original_glszm_ZoneEntropy,original_glszm_ZonePercentage,original_glszm_ZoneVariance,original_ngtdm_Busyness,original_ngtdm_Coarseness,original_ngtdm_Complexity,original_ngtdm_Contrast,original_ngtdm_Strength,case_id
3.1.1.dev111+g8ed579383,2.0.2,2.5.5,1.8.0,3.12.13,"{'minimumROIDimensions': 2, 'minimumROISize': 50, 'normalize': False, 'normalizeScale': 1, 'removeOutliers': 3, 'resampledPixelSpacing': [1, 1, 1], 'interpolator': 'sitkBSpline', 'preCrop': False, 'padDistance': 10, 'distances': [1], 'force2D': False, 'force2Ddimension': 0, 'resegmentRange': None, 'label': 1, 'additionalInfo': True, 'binWidth': 25}",{'Original': {}},af698dfcdabded624a861ac24e16fc6022e5f159,3D,"(2.5, 0.78125, 0.78125)","(96, 512, 512)",-332.9430623451869,-1024.0,1360.0,85ebddcb90d6551bc5c1042ef4230441b7eacd3c,"(2.5, 0.78125, 0.78125)","(96, 512, 512)","(24, 220, 97, 48, 135, 329)",391560,7,"(np.float64(45.99084686893452), np.float64(288.50531208499336), np.float64(261.1231356624783))","(204.00244973631118, 225.39477506640105, -114.97711717233629)","(1.0, 1.0, 1.0)","(142, 127, 279)",-14.77642855480574,-955.9014728390277,1378.936654346472,"(1.0, 1.0, 1.0)","(142, 127, 279)","(12, 11, 11, 120, 105, 257)",597335,7,"(np.float64(67.49009349862305), np.float64(64.26345015778416), np.float64(138.85655285560028))","(203.96592785560028, 225.37282515778418, -114.74009349862305)",123.16585088128784,-153.36205554246868,330.5880832122898,0.339777551081464,0.1601378919298514,58.277577507718775,363.92122317463344,261.0766171069328,256.6807355451515,137.64446955835166,261.8911987830061,597684.9166666666,123.65226199684787,0.4097364949681617,83745.40884705198,0.14011631632617796,597335.0,27.337488191642066,199.54183841686603,11888247159.910595,3.3905362150913683,98.26776062998883,3.087287066056917,330.5880832122898,56.19490685445441,123.16585088128784,138.3167567768154,-153.36205554246868,483.9501387547585,40.287425662950064,141.07495864228306,-0.7459583613323676,11888247159.910595,0.11228883478912768,4732.317132610242,164.52301005693573,1581.27867830908,-74.54592104220508,23.163250434762247,3.668541131089406,0.7250361064230529,1.3272948034323047,2.148049904468665,1.8601092285723506,0.5683866768213208,0.5245608136729388,0.992054946607982,0.9438207892059189,-0.18719833230748023,0.827106089720189,0.4556460525160558,12.635177811658194,0.024936606355279885,5.997758264955534,0.7489001049303498,0.06024878058146461,25.27035562331639,4.187808024343146,6.707947891462913,45709.59702656037,0.10419324765394215,8.35003369028762,157.2850483343411,2.5275144435505585,426.88624395618547,0.01902546946576729,0.008909913607110114,4.57476636333471,265350.5252044748,0.6018367734874576,0.733950218631344,0.6364973320196177,0.8033586298853475,123.18793780244106,0.007553296525254887,2746.881621004566,0.07839274032547278,13.86748647257016,103.3119006849315,429091.7662385845,83052101.21449772,2312.169421126674,0.01934220296834702,9841.221118721462,0.2808567670867997,0.5416380483246158,52.132144461632585,0.011848292989733271,6.449745772740328,0.05866055061230298,428801.1581287522,134.42095180901413,2.152864236813059e-05,165.5258939483705,0.031034694089513367,0.0038292606606122707,case_00201
3.1.1.dev111+g8ed579383,2.0.2,2.5.5,1.8.0,3.12.13,"{'minimumROIDimensions': 2, 'minimumROISize': 50, 'normalize': False, 'normalizeScale': 1, 'removeOutliers': 3, 'resampledPixelSpacing': [1, 1, 1], 'interpolator': 'sitkBSpline', 'preCrop': False, 'padDistance': 10, 'distances': [1], 'force2D': False, 'force2Ddimension': 0, 'resegmentRange': None, 'label': 1, 'additionalInfo': True, 'binWidth': 25}",{'Original': {}},e3975ea225ac8f6556c25d2413241727759e3b77,3D,"(1.25, 0.8984379768371582, 0.8984379768371582)","(383, 512, 512)",-824.2900127082207,-2048.0,1731.0,7eb84ac864ac67b7247c6d89fa6a52a3e01ae12a,"(1.25, 0.8984379768371582, 0.8984379768371582)","(383, 512, 512)","(112, 246, 129, 92, 107, 237)",354824,61,"(np.float64(157.0510619349311), np.float64(286.3392865195139), np.float64(240.94230097174938))","(216.47171341954817, 257.25808926958746, -196.3138274186639)","(1.0, 1.0, 1.0)","(137, 118, 235)",45.59966485944918,-1032.1812184370983,1510.856012283196,"(1.0, 1.0, 1.0)","(137, 118, 235)","(11, 11, 11, 115, 96, 213)",359201,59,"(np.float64(67.36137427234334), np.float64(47.2167031828976), np.float64(111.3772400410912))","(216.42802105267262, 257.26748419447904, -196.23637427234334)",173.0109046930437,-159.9591582160051,374.528840374779,0.3424993240416635,0.1956306586630502,54.92680689031733,280.7678881505072,218.28421839427605,207.76188293332345,129.5414991421668,219.4857626362129,357210.8333333333,96.1628119041541,0.41506627764594795,58656.53735777912,0.164207050526498,359201.0,41.282569806463606,280.0775839862119,13986593951.517662,3.772377625073434,153.73515786232775,2.4053891841018293,374.528840374779,81.33610184568504,173.0109046930437,194.03280036840923,-159.9591582160051,534.4879985907842,62.737501241423665,197.32731881351503,-0.5642713086051528,13986593951.517662,0.08467193240453211,9005.29760742514,225.63363330653934,5348.935164349137,-180.16286873719415,47.266153320641365,5.793549161556806,0.7810018157853631,1.6621953188897793,2.418601160828875,2.9706391609106317,0.522818229977969,0.46862775918824146,0.9887991335303679,0.9342275121081808,-0.19717095342474567,0.8672669112581772,0.4263840840080907,14.671886907658621,0.015903706243952688,6.685380155943341,0.7922349947331029,0.04997800332394243,29.343773815317242,4.612389239780148,13.264925620549548,22244.046384001504,0.0796284009009253,14.827044572506377,217.40278414735693,2.102713044638247,482.9486333899905,0.013320852523894415,0.0071329516001580875,4.779568637522784,182935.58282375417,0.652998232054434,0.7775466617897457,0.4367673274187719,0.8351040114252666,178.03591708062856,0.006180958154225397,2068.4634523050063,0.06945114502585388,17.153018737176353,151.61582110600006,116383.9636369741,35028300.217909545,410.18263850594406,0.012682157259452627,9849.2062250277,0.3306989297595172,0.5936950199622042,87.40592518565374,0.007892455929281391,6.343911901378488,0.08291457985918747,116238.50544296739,67.99819276626413,3.939976611901177e-05,205.79347669124365,0.06169309001335252,0.007879794103433913,case_00202
3.1.1.dev111+g8ed579383,2.0.2,2.5.5,1.8.0,3.12.13,"{'minimumROIDimensions': 2, 'minimumROISize': 50, 'normalize': False, 'normalizeScale': 1, 'removeOutliers': 3, 'resampledPixelSpacing': [1, 1, 1], 'interpolator': 'sitkBSpline', 'preCrop': False, 'padDistance': 10, 'distances': [1], 'force2D': False, 'force2Ddimension': 0, 'resegmentRange': None, 'label': 1, 'additionalInfo': True, 'binWidth': 25}",{'Original': {}},76b4ad9ef23886099e88d77e049ce8625483dc75,3D,"(1.0, 0.63671875, 0.63671875)","(620, 512, 512)",-605.4149920002106,-1024.0,3071.0,7da3a3a90f5812e3000820009c18594c610e0764,"(1.0, 0.63671875, 0.63671875)","(620, 512, 512)","(301, 202, 136, 109, 138, 290)",442358,16,"(np.float64(359.6877348211177), np.float64(284.726384512092), np.float64(273.4801382590571))","(174.12993178213404, 181.2906276385586, -359.6877348211177)","(1.0, 1.0, 1.0)","(131, 110, 206)",72.20947508819242,-1037.2800103871703,1622.4404893564265,"(1.0, 1.0, 1.0)","(131, 110, 206)","(11, 11, 11, 109, 87, 184)",179482,14,"(np.float64(69.6510457873213), np.float64(63.11150978928249), np.float64(98.0697061543776))","(174.25134677937757, 181.29315041428248, -359.6510457873213)",128.74103434939357,-132.30594121228506,324.6312594602253,0.28083362018767166,0.1827745835002825,49.8137615371938,272.54206018812675,184.45595680270128,166.10839834276894,90.47098982546837,194.58674158328466,179371.16666666666,76.53897341603793,0.4823808137414364,31885.69253061729,0.1777637572591133,179482.0,42.08886114859814,212.80348733745456,3840517055.7483354,3.3964760859886316,110.31532039863278,2.578713508258352,324.6312594602253,58.728210424097234,128.74103434939357,133.25129769366697,-132.30594121228506,456.93720067251036,44.752784338999085,146.2798138239271,-0.446234534458225,3840517055.7483354,0.1078225735224149,4823.530007011043,144.66743219018844,1491.586237172139,-45.73754880134676,24.818035149001574,3.994075286682065,0.7222500390782863,1.4041459909727605,2.215737379559314,1.9835797484195086,0.5543086814421401,0.5068476223574573,0.9895330309277879,0.9352809694150788,-0.18030358953554157,0.825480659109596,0.4476234522036059,11.80936737641795,0.022531326930400993,6.07082858096202,0.7439562601781817,0.049408850335334556,23.618734752835888,4.2078242861632305,7.2030276089209115,13755.082327123402,0.10200842164758739,8.149629867949402,141.44545460199635,2.325538958358715,339.347267109851,0.02106747825757166,0.010038062157621827,4.49798695188708,84062.03497381537,0.6212298697773887,0.7512049633432277,0.5368957202656077,0.8158206108059812,113.73901396652249,0.00849313674717541,996.3421690921691,0.08630822670583585,11.657033422755875,101.37127512127512,103241.95027720027,17507718.19499307,680.4583121804613,0.018494123085932325,3571.445945945946,0.30937681444438203,0.5727334168975932,56.912264079125464,0.011190887453071433,6.138463338974942,0.06431842747462141,103000.22104954188,55.28982557036672,6.725361859755948e-05,142.61236328586722,0.041316376066800324,0.00947653274222201,case_00203
3.1.1.dev111+g8ed579383,2.0.2,2.5.5,1.8.0,3.12.13,"{'minimumROIDimensions': 2, 'minimumROISize': 50, 'normalize': False, 'normalizeScale': 1, 'removeOutliers': 3, 'resampledPixelSpacing': [1, 1, 1], 'interpolator': 'sitkBSpline', 'preCrop': False, 'padDistance': 10, 'distances': [1], 'force2D': False, 'force2Ddimension': 0, 'resegmentRange': None, 'label': 1, 'additionalInfo': True, 'binWidth': 25}",{'Original': {}},4c671441a38f12c6f2562bac888fcee3371277d0,3D,"(3.0, 0.875, 0.875)","(75, 512, 512)",-556.5572623697917,-1024.0,1217.0,ba530a26140b0590a6d65c2fdef48b39f01a73f3,"(3.0, 0.875, 0.875)","(75, 512, 512)","(25, 252, 110, 44, 117, 297)",196789,25,"(np.float64(46.328560031302565), np.float64(310.0514408833827), np.float64(268.8477862075624))","(235.24181293161712, 271.29501077295987, -138.9856800939077)","(1.0, 1.0, 1.0)","(154, 124, 282)",-11.000689959857734,-1054.238185840259,1240.7893014735037,"(1.0, 1.0, 1.0)","(154, 124, 282)","(12, 10, 11, 132, 103, 260)",451929,26,"(np.float64(77.0050118492064), np.float64(61.15010322417902), np.float64(150.039444248986))","(235.101944248986, 271.212603224179, -139.0050118492064)",68.81480771858192,-113.62769929521986,248.51832365799876,0.3142371107323921,0.1551094612928584,53.550298117339494,345.2419837641785,259.7941492797711,256.56383221335,126.19429464123962,262.1163863630048,451844.4166666667,108.48784348157486,0.38610611918534515,73751.36341375145,0.16322291632555255,451929.0,7.234108242654095,122.00540246151988,3089766969.2062097,2.8524511398494807,65.09032649196374,3.0714933704538807,248.51832365799876,37.411448638864385,68.81480771858192,75.03826896255839,-113.62769929521986,362.1460229532186,26.93254628313615,82.68519552882037,-0.6309569477599138,3089766969.2062097,0.16037320959277915,2101.3637982938535,72.87249857711386,313.9911492585602,-16.799098278719708,10.40146722030634,1.623243928321009,0.7283190504773267,0.8478645398105683,1.698911340268411,0.8817837441718694,0.6698030817444075,0.6467807946460826,0.9930623789794836,0.9496416519752118,-0.23235743735430853,0.835308609728526,0.4572260626117465,8.406956591916835,0.05187106208346958,4.8851681182034286,0.7518904814615842,0.11501723145132751,16.81391318383367,3.6424181443738424,3.006177787156837,40296.4890173225,0.14515547294152162,3.9511308675939145,67.92091263887026,4.372334274303886,330.0342894857559,0.07165288203869297,0.021225313511682612,4.464522612037584,135157.9923348698,0.48132507871274466,0.6136253192936875,1.5867039228827957,0.718852457186429,46.469493568505285,0.016785840448262274,1454.816606498195,0.1313011377705952,6.874647493125155,37.66913357400722,1362606.0204873646,107995925.43998195,18642.565779204346,0.061619443108343434,2346.4310469314078,0.21177175513821372,0.45732399449465355,15.017979452737993,0.033892638539346424,6.2028511731075655,0.02451712547767459,1360942.3745627387,202.65307495904545,3.00124130374243e-05,56.10913826387613,0.018480269679835362,0.002617119470204528,case_00204
3.1.1.dev111+g8ed579383,2.0.2,2.5.5,1.8.0,3.12.13,"{'minimumROIDimensions': 2, 'minimumROISize': 50, 'normalize': False, 'normalizeScale': 1, 'removeOutliers': 3, 'resampledPixelSpacing': [1, 1, 1], 'interpolator': 'sitkBSpline', 'preCrop': False, 'padDistance': 10, 'distances': [1], 'force2D': False, 'force2Ddimension': 0, 'resegmentRange': None, 'label': 1, 'additionalInfo': True, 'binWidth': 25}",{'Original': {}},d7673a0b3e724b843b1d79468935f87f02d993fd,3D,"(5.0, 0.78125, 0.78125)","(93, 512, 512)",-517.875259891633,-1024.0,3071.0,de3f056f0def5abed51981446eba84a19452d2e9,"(5.0, 0.78125, 0.78125)","(93, 512, 512)","(22, 245, 135, 26, 112, 241)",100656,3,"(np.float64(34.116932920044505), np.float64(299.9083810205055), np.float64(251.43381417898584))","(196.4326673273327, 234.3034226722699, -170.58466460022254)","(1.0, 1.0, 1.0)","(152, 109, 210)",65.03072142957883,-1146.177676336327,3925.090503081609,"(1.0, 1.0, 1.0)","(152, 109, 210)","(13, 10, 10, 130, 88, 189)",306975,2,"(np.float64(75.54580991937455), np.float64(53.19846893069468), np.float64(101.3106279012949))","(196.42000290129488, 234.30784393069467, -170.54580991937456)",106.96298240409533,-120.71100169723903,304.59622423373315,0.3358424711884322,0.1924420029687932,52.461861215111256,272.6112823904591,183.22117781522965,190.3943276465977,103.4456378974,204.47493733951845,307055.2083333333,91.5544467518593,0.4418150890291173,49818.18404793715,0.16224503833804205,306975.0,24.342940888443554,174.7470653745248,4592397405.762847,3.198949590328297,82.21650685763123,3.161337431521662,304.59622423373315,47.81883994933279,106.96298240409533,115.68498791831581,-120.71100169723903,425.3072259309722,33.92752034292765,122.31176337179643,-0.7279732078089732,4592397405.762847,0.12630666391526102,3519.087854339517,103.27527631902687,954.4169433408923,-49.01938736666427,17.50939421716959,2.4171292838701053,0.755326203222003,1.0747193002475088,1.9042060053273198,1.222837080946794,0.6126775625906759,0.5789369148300217,0.9928333275869732,0.9466637689738693,-0.22098014635340116,0.8466124302263195,0.47199772202946494,9.974975704844201,0.032605049058343986,5.5388124439173385,0.7672805230427655,0.07762054955156715,19.949951409688403,4.004095442754236,4.981630875259925,24971.770115648695,0.11801534897952694,6.27589866450387,97.50803602977656,3.180895389029703,339.8208294092237,0.040992508925720234,0.016501016461146538,4.54019604609069,117947.77482383039,0.5509259337965843,0.689090692677304,0.9660743713345448,0.7683626948622897,72.52697164955507,0.013718359682176128,861.4570427930392,0.09428226363062704,10.929750886655743,58.392907956659734,553863.200941228,64327646.221188575,5120.9572039385575,0.050539765380629945,1791.338185400022,0.1960532106161784,0.4349375763703249,23.202335443649183,0.025794072530501387,6.720043990498295,0.029764638814235685,552734.4483345698,97.87149374224252,4.437980214298011e-05,98.58011148748452,0.025817832756583704,0.005545582376326764,case_00205
3.1.1.dev111+g8ed579383,2.0.2,2.5.5,1.8.0,3.12.13,"{'minimumROIDimensions': 2, 'minimumROISize': 50, 'normalize': False, 'normalizeScale': 1, 'removeOutliers': 3, 'resampledPixelSpacing': [1, 1, 1], 'interpolator': 'sitkBSpline', 'preCrop': False, 'padDistance': 10, 'distances': [1], 'force2D': False, 'force2Ddimension': 0, 'resegmentRange': None, 'label': 1, 'additionalInfo': True, 'binWidth': 25}",{'Original': {}},1af8a5973442d8ad9ec304d1cbd2a4ffa008225a,3D,"(5.0, 0.970703125, 0.970703125)","(60, 512, 512)",-559.6480567932128,-1024.0,2529.0,45a6520fa3d14c48c5fe5bca4112bd2695568f8f,"(5.0, 0.970703125, 0.970703125)","(60, 512, 512)","(27, 215, 158, 22, 114, 226)",81782,10,"(np.float64(37.32948570590106), np.float64(286.15744295810816), np.float64(264.25221931476364))","(256.5104550770264, 277.77392412144485, -186.64742852950528)","(1.0, 1.0, 1.0)","(132, 132, 242)",0.8382860299817393,-827.4878703822371,1173.7295832074408,"(1.0, 1.0, 1.0)","(132, 132, 242)","(13, 11, 11, 110, 110, 220)",385555,11,"(np.float64(66.68400098559219), np.float64(79.80063804126519), np.float64(114.49881339886657))","(256.51346183636656, 277.8152864787652, -186.6840009855922)",74.59191762295686,-123.40137272162282,179.71271871979192,0.3296463664303916,0.17577536030675245,54.70813615506702,311.23893621719054,221.30521909796886,220.4654167891191,118.96217886370441,221.83101676726815,385528.7083333333,102.59878441565728,0.408516423902638,62706.47941695458,0.16265060956948946,385555.0,3.929397500304375,127.85488854884363,3044522684.3319287,2.871229640035041,65.701081071294,3.2643783989178705,179.71271871979192,39.03257237003496,74.59191762295686,83.4514319663284,-123.40137272162282,303.11409144141476,27.76485315842716,88.86207238278529,-0.8323829090670614,3044522684.3319287,0.1606679296308533,2332.51373349339,77.46566895122032,447.4647533714582,-30.83892161790821,11.805290892939022,1.3748602006336317,0.7894974607725445,0.7396657090770399,1.5965948993179007,0.8100745140014747,0.7050870539944649,0.6871681248618704,0.9922870553207088,0.9499103314921806,-0.28765392175299515,0.8825076463554384,0.43093579561235423,8.651962076863402,0.05968455184365486,4.757203130470344,0.8030699282499201,0.15150912815151749,17.30392415372681,3.67100708411756,3.295037773393164,30478.851148348043,0.14080414374581188,4.45436519917591,70.39316783647946,5.611145499063771,458.12347646661624,0.0868674144459769,0.022127808361471664,4.683160843425433,95692.15301777351,0.4375048907283517,0.5608654058135973,2.2946738286438335,0.6852345825562304,44.97776527562387,0.01722404654581337,783.6629651860744,0.11759648337125966,7.362539951454771,37.587785114045616,1665728.680822329,144448558.10819328,20680.86958044741,0.07539466874495557,1299.639855942377,0.19502398798655116,0.43853648874011336,14.647688011682181,0.03941270971189342,6.492243589604781,0.017284174761058733,1662381.3186626167,179.8789193627237,4.063747508631701e-05,35.43706941259643,0.023758708274448783,0.002784154974250499,case_00206
3.1.1.dev111+g8ed579383,2.0.2,2.5.5,1.8.0,3.12.13,"{'minimumROIDimensions': 2, 'minimumROISize': 50, 'normalize': False, 'normalizeScale': 1, 'removeOutliers': 3, 'resampledPixelSpacing': [1, 1, 1], 'interpolator': 'sitkBSpline', 'preCrop': False, 'padDistance': 10, 'distances': [1], 'force2D': False, 'force2Ddimension': 0, 'resegmentRange': None, 'label': 1, 'additionalInfo': True, 'binWidth': 25}",{'Original': {}},8549bfeeadb13653ee468f7f2fcef6fdd064c5ec,3D,"(5.0, 0.75390625, 0.75390625)","(140, 512, 512)",-480.92504070826936,-1024.0,2507.0,7c5c637b0ec19efda47151fb315dc3e81fa6965d,"(5.0, 0.75390625, 0.75390625)","(140, 512, 512)","(54, 220, 102, 33, 123, 302)",164399,7,"(np.float64(69.83350871963941), np.float64(285.68941416918597), np.float64(246.6191825984343))","(185.92774313085084, 215.38303490098787, -349.1675435981971)","(1.0, 1.0, 1.0)","(187, 115, 250)",12.977735404507452,-1080.6702517162512,1555.7378934023368,"(1.0, 1.0, 1.0)","(187, 115, 250)","(13, 11, 11, 165, 93, 228)",466930,9,"(np.float64(94.14392949692673), np.float64(60.298010408412395), np.float64(119.7604994324631))","(185.88354630746312, 215.42105728341238, -349.1439294969267)",90.42384833358052,-138.914011329339,226.64590467671042,0.3599016109757091,0.16871225256318212,56.053691182929235,332.2443410678625,230.3584163862914,222.3803048833237,135.5322839769182,240.06249186409775,466631.0416666667,119.57527358788667,0.4053582612396222,71772.95823394446,0.15381093803273974,466930.0,10.990978446157605,145.09182270092094,5089261055.394894,2.952527696421796,64.57705297188645,3.5607690821200286,226.64590467671042,41.15012593188627,90.42384833358052,103.28839982005186,-138.914011329339,365.55991600604943,27.81051960491661,104.40023478714714,-0.9819782582395769,5089261055.394894,0.15813001478997057,2722.93667615708,108.85352688250322,625.9971624180508,-47.08885946147773,12.979287715286327,2.134905342062501,0.7146293699648978,1.022241096063355,1.8358639259004939,1.04765500178653,0.6206380836714719,0.5885532498086001,0.9919952351816045,0.9432147178008946,-0.19346656333015483,0.7901069952486558,0.47535914431683657,10.302455180115853,0.04627495746479741,5.156908837618053,0.7366369031452162,0.10042701432803552,20.60491036023171,3.6999559910492885,3.778548264337206,44772.78697388591,0.14041013614147108,5.053077076320879,102.7734151959182,3.611434257115479,407.1995376939804,0.03893413769535733,0.013354427437988675,4.358911657181064,175707.39573386623,0.5429233397978206,0.6801497177142348,1.2159108519337098,0.76151248525811,75.89522495553454,0.010839049475946588,1341.185766889607,0.10078798879458983,10.440485138128265,65.74592319831667,1160607.2642969866,140160168.31998196,9989.587088070502,0.03307859021603242,2345.497482527993,0.17626042553002125,0.4030688328043426,21.533411433781502,0.016423461314593952,6.693972375668031,0.028498918467436234,1159376.0228056442,196.6070332656693,2.315950252701913e-05,82.00345312976008,0.026250933718051605,0.002734864380315231,case_00207
3.1.1.dev111+g8ed579383,2.0.2,2.5.5,1.8.0,3.12.13,"{'minimumROIDimensions': 2, 'minimumROISize': 50, 'normalize': False, 'normalizeScale': 1, 'removeOutliers': 3, 'resampledPixelSpacing': [1, 1, 1], 'interpolator': 'sitkBSpline', 'preCrop': False, 'padDistance': 10, 'distances': [1], 'force2D': False, 'force2Ddimension': 0, 'resegmentRange': None, 'label': 1, 'additionalInfo': True, 'binWidth': 25}",{'Original': {}},18e0156c523d1082c18fdf958c9aea7c4fe38a18,3D,"(5.0, 0.884765625, 0.884765625)","(89, 512, 512)",-514.5671044681849,-1024.0,1580.0,b634cc248821e01d07c6234ba28d1c733ec47776,"(5.0, 0.884765625, 0.884765625)","(89, 512, 512)","(20, 275, 104, 25, 92, 265)",94762,16,"(np.float64(29.67866866465461), np.float64(319.72570228572636), np.float64(235.66424305101202))","(208.50762129318056, 282.88231081139463, -148.39334332327303)","(1.0, 1.0, 1.0)","(147, 104, 257)",3.8851503729510597,-1001.3258218379773,1585.6982546667505,"(1.0, 1.0, 1.0)","(147, 104, 257)","(13, 11, 11, 125, 82, 234)",370385,15,"(np.float64(63.41988741444713), np.float64(50.83160765149776), np.float64(127.58767228694467))","(208.64528947444467, 282.88922483899773, -148.41988741444715)",108.16793835988227,-140.30419355494902,267.51892464589565,0.3035604675181222,0.17071581980766648,57.23712084836645,335.27719289783164,234.17301296263838,234.2584043316269,129.71121771072848,234.46534925229358,370320.25,101.77690142422942,0.413917676813266,60249.73272076735,0.1626962952222228,370385.0,16.622746238751322,180.34490012611613,5806077237.310321,3.276825256840144,78.93830937012996,3.407486876951892,267.51892464589565,49.37622499986708,108.16793835988227,116.01797876074806,-140.30419355494902,407.82311820084465,33.60736172523858,125.20299256430997,-0.8043217009005896,5806077237.310321,0.12164901531855696,3975.4864580313665,126.46594833104041,1259.9300418791904,-60.47304322314619,19.0785341179727,2.76076689695996,0.7444748490402529,1.1147998241585952,1.9577523757375985,1.4734460793901578,0.6109063022071606,0.5767735205838214,0.9910115653142674,0.9423293731139044,-0.22229924521652458,0.8512590667969524,0.4658913244014353,11.062711965328958,0.03158789770201816,5.6462095532352885,0.7566248670371734,0.06341180185675033,22.12542393065792,4.0733761267354085,5.459825253733166,28611.725658843192,0.11211384636085807,7.250566705007325,118.70304479734871,3.224480134987116,419.4822587283582,0.03262395706177428,0.013002741898200519,4.625418020274644,142522.72753525994,0.5530716328704182,0.6880609677456202,1.0077669511676783,0.7704767371865718,88.17958247005275,0.010852924232986986,1208.2556702584584,0.09104480975498895,10.879849101951214,67.88343003541557,535301.280762565,73009158.33441338,4154.961816260199,0.034931072590140146,2787.6673197196897,0.2100570657614113,0.4575256834399351,28.233586734165026,0.017988927943814487,6.700211187347935,0.035830284703754205,534522.3488772145,117.15543528417436,3.8102383631693424e-05,88.56882248315499,0.03400274427289036,0.004322623958620394,case_00208
3.1.1.dev111+g8ed579383,2.0.2,2.5.5,1.8.0,3.12.13,"{'minimumROIDimensions': 2, 'minimumROISize': 50, 'normalize': False, 'normalizeScale': 1, 'removeOutliers': 3, 'resampledPixelSpacing': [1, 1, 1], 'interpolator': 'sitkBSpline', 'preCrop': False, 'padDistance': 10, 'distances': [1], 'force2D': False, 'force2Ddimension': 0, 'resegmentRange': None, 'label': 1, 'additionalInfo': True, 'binWidth': 25}",{'Original': {}},3be8f0d9775e46577e6ed92f607c8ae3d256e1dc,3D,"(5.0, 0.78125, 0.78125)","(102, 512, 512)",-368.3575762954413,-1024.0,1514.0,12f122fbb468cbf052e5fffee184295c1c14f8e6,"(5.0, 0.78125, 0.78125)","(102, 512, 512)","(23, 260, 117, 25, 108, 292)",152738,2,"(np.float64(33.57182888344747), np.float64(315.9524872657754), np.float64(263.73495790176645))","(206.04293586075505, 246.83788067638704, -167.85914441723736)","(1.0, 1.0, 1.0)","(147, 107, 250)",29.982895790918676,-1083.7440387473684,1379.0420262819605,"(1.0, 1.0, 1.0)","(147, 107, 250)","(13, 11, 10, 125, 84, 229)",465415,2,"(np.float64(67.84181859200928), np.float64(54.74088716521814), np.float64(124.90725481559468))","(206.01662981559468, 246.8502621652181, -167.84181859200928)",117.02082914343637,-163.27793792137422,252.07956272414145,0.3461097877164975,0.18613933149959427,58.109581387041395,312.18324960605145,224.4147945212169,226.97356674291393,120.42009799032718,231.10819976798746,465330.5416666667,108.04967824979681,0.4508201779376104,64415.21842927654,0.13842895030822955,465415.0,34.891380872497486,174.3925353034614,7878277629.161844,3.033040696964199,68.87845412140186,4.134735954961877,252.07956272414145,44.3499809947876,117.02082914343637,132.46408569192914,-163.27793792137422,415.35750064551564,29.47231742168749,130.10543902474745,-1.1559019836255158,7878277629.161844,0.1532661299474508,3233.550810404945,155.87667099362744,991.6729855626709,-69.67841557314233,15.507421593642631,2.4828699906274188,0.7213584526559847,1.087169438170839,1.9073634086931617,1.2566063067395257,0.6091998741650132,0.5746614769575543,0.9926796053419442,0.9461055188853403,-0.19331091601456796,0.7996055566895728,0.47262215782584066,12.353906126207345,0.043473156559939004,5.316351913328554,0.7481128474994224,0.10465965985172512,24.707812252414687,3.785001154948085,4.497572896067513,43746.628636246816,0.13539931865241314,5.992074111731498,148.55526915931222,3.366215420451302,543.7958101524171,0.024512364357458648,0.00877500592761642,4.4046044772142405,181151.45133640032,0.5539497811768569,0.6913778356619692,1.0892079291668375,0.7697313639763045,111.35201907200079,0.007140843638754523,1408.7232869848428,0.08823269992389095,11.89570304092112,96.09351121132407,913267.210259301,158166952.8007641,5422.075960775707,0.019579968020088243,3473.35563071527,0.2175470143251453,0.4638313898039656,38.28563058740913,0.01028406157541167,6.580904276626901,0.034304867698720494,912417.4654849474,139.67185402416857,2.333521227526825e-05,114.56220323583263,0.025733493592265823,0.004064697177225141,case_00209
3.1.1.dev111+g8ed579383,2.0.2,2.5.5,1.8.0,3.12.13,"{'minimumROIDimensions': 2, 'minimumROISize': 50, 'normalize': False, 'normalizeScale': 1, 'removeOutliers': 3, 'resampledPixelSpacing': [1, 1, 1], 'interpolator': 'sitkBSpline', 'preCrop': False, 'padDistance': 10, 'distances': [1], 'force2D': False, 'force2Ddimension': 0, 'resegmentRange': None, 'label': 1, 'additionalInfo': True, 'binWidth': 25}",{'Original': {}},400af64cca6d681915ed692420ba47a67cf562f7,3D,"(5.0, 0.8671875, 0.8671875)","(42, 512, 512)",-502.8763576689221,-1024.0,1333.0,334ffdeaba0d24884eaf4be50cdeedd1089daf75,"(5.0, 0.8671875, 0.8671875)","(42, 512, 512)","(8, 248, 94, 26, 120, 290)",112285,60,"(np.float64(20.679075566638463), np.float64(315.64121654717906), np.float64(256.4161820367814))","(222.36090786002134, 273.7201174745068, -103.39537783319231)","(1.0, 1.0, 1.0)","(152, 126, 273)",2.1004740379178743,-1065.2361267087508,1326.2720359772563,"(1.0, 1.0, 1.0)","(152, 126, 273)","(13, 11, 11, 130, 104, 251)",422150,62,"(np.float64(78.36539144853725), np.float64(69.6604879782068), np.float64(151.31488807295986))","(222.38129432295986, 273.7268942282068, -103.36539144853725)",71.971373008889,-308.0949196948642,231.94407059131098,0.3485054766999332,0.15235446598873906,55.353219988411325,363.31865711440736,250.05999280172747,253.56853117056934,139.5313584826006,260.54941949657075,421161.0416666667,126.61854179163613,0.31201260872353165,87085.15061769569,0.2067739937983636,422150.0,9.444072260561583,121.01539468033931,3033487288.595965,2.7862836006946496,60.63618675022497,3.50435887042156,231.94407059131098,35.9213907811759,71.971373008889,80.56869094807737,-308.0949196948642,540.0389902861751,25.231344155147504,84.76912355296506,-0.8405669222623423,3033487288.595965,0.17234817926748447,2005.925775153218,276.366381393842,336.85193641156155,-24.111453290758185,9.86400931802796,1.2867601070122312,0.7668452558729146,0.7348803577770675,1.5622156507206002,0.7269272952516939,0.7002277298754322,0.6830445836001758,0.997604801689256,0.970251639189279,-0.26701413702789883,0.8578007712445828,0.4489429384544962,16.55960026894475,0.06410746432577857,4.6423867290494965,0.7869180701462299,0.1492204149196453,33.1192005378895,3.5636254973999106,2.7876923562600493,36779.28031922887,0.1501929415542172,3.8934010458101014,262.28765930560036,5.355824486352831,1513.1575369607688,0.019731944312641844,0.0040871921134764426,4.559943506595688,111125.57884375981,0.4465110872162677,0.5791195255058811,2.1188666202652406,0.6904626572799242,175.65470131970557,0.002935432022294941,1023.4552080884082,0.12032156220178794,7.1157226867810595,195.72748648013166,1719478.5509052433,505651741.4548554,5933.140532910962,0.006022146633559598,1438.2341876322596,0.16908466819095458,0.39703432103360653,72.41657916778883,0.002628870606293115,6.648450349490605,0.020149236053535472,1717015.446446096,54.588740100913526,3.2841993797214e-05,128.54278565198965,0.007194815458335563,0.012376546786833607,case_00210
3.1.1.dev111+g8ed579383,2.0.2,2.5.5,1.8.0,3.12.13,"{'minimumROIDimensions': 2, 'minimumROISize': 50, 'normalize': False, 'normalizeScale': 1, 'removeOutliers': 3, 'resampledPixelSpacing': [1, 1, 1], 'interpolator': 'sitkBSpline', 'preCrop': False, 'padDistance': 10, 'distances': [1], 'force2D': False, 'force2Ddimension': 0, 'resegmentRange': None, 'label': 1, 'additionalInfo': True, 'binWidth': 25}",{'Original': {}},4f2fbb65587ca8a3dbb402db5b4ac653742a2fb9,3D,"(3.0, 0.861328125, 0.861328125)","(95, 512, 512)",-444.81859355725743,-1024.0,1388.0,f68035bed3519953190fea9fc06ee924b465fbd7,"(3.0, 0.861328125, 0.861328125)","(95, 512, 512)","(10, 188, 80, 52, 164, 292)",171765,217,"(np.float64(29.57098361132943), np.float64(307.7520915203912), np.float64(245.08141355922336))","(211.09551441331544, 265.07553195408696, -88.71295083398829)","(1.0, 1.0, 1.0)","(178, 163, 273)",-5.91966639801033,-1070.3278036444196,1377.8337769240634,"(1.0, 1.0, 1.0)","(178, 163, 273)","(12, 11, 11, 156, 141, 251)",381975,192,"(np.float64(71.72545061849597), np.float64(113.99950520322011), np.float64(152.98987630080504))","(211.05921223830504, 265.0688411407201, -88.72545061849597)",101.4693673002141,-191.10704553400373,387.8846833853925,0.36435890595885273,0.23542588616651128,74.58797870655735,316.8214843367012,242.5963726027246,254.1692349597016,162.24980739587951,268.4231733662353,379825.4166666667,115.43672941718023,0.25461523240465683,99614.46907438397,0.2622638314955243,381975.0,4.374347280500084,199.85630425736232,6079712734.130597,3.585892758444454,120.17467965002368,2.25711911578243,387.8846833853925,63.35603033804979,101.4693673002141,100.69465673014669,-191.10704553400373,578.9917289193962,48.389789568238335,126.16069125788628,-0.09860488177923364,6079712734.130597,0.09124678073163246,5620.487518361945,172.03550612316968,1860.9078249935492,-15.090174358315174,29.548345219544707,3.8736832564827797,0.7672303223012255,1.3848481923894265,2.1711246664568695,1.8878433675485853,0.5544013344806624,0.5066663753460493,0.9935278251593077,0.9480711780988714,-0.21139983562603348,0.8641084368955201,0.45007774371456855,12.869044135947203,0.017622160561576887,6.307941213982598,0.7948352138070458,0.03530789293787193,25.738088271894398,4.411344750570368,8.355507119006877,25813.62740365513,0.08893631773629554,9.446373319776578,163.7193950967934,2.3505190458816654,403.5459292536413,0.017469060900914997,0.008180761877561326,4.649904732597711,184883.93681788884,0.6304952566935013,0.759971806451288,0.554855458844557,0.8199830030165608,132.2684030457538,0.0069084780517220026,1998.5308957500308,0.0823830700255588,13.637979536623948,119.91343418937302,233679.73762315017,45355451.0077497,1371.3526592098535,0.014173828818869234,6423.481305907086,0.2647875553776778,0.5220347625324601,59.59542867573817,0.008090401720124488,6.516160959213391,0.06350939197591465,233431.8104719691,77.06118669443227,3.52689540105513e-05,236.51564677302133,0.030379694119813137,0.007754963957731425,case_00211
3.1.1.dev111+g8ed579383,2.0.2,2.5.5,1.8.0,3.12.13,"{'minimumROIDimensions': 2, 'minimumROISize': 50, 'normalize': False, 'normalizeScale': 1, 'removeOutliers': 3, 'resampledPixelSpacing': [1, 1, 1], 'interpolator': 'sitkBSpline', 'preCrop': False, 'padDistance': 10, 'distances': [1], 'force2D': False, 'force2Ddimension': 0, 'resegmentRange': None, 'label': 1, 'additionalInfo': True, 'binWidth': 25}",{'Original': {}},b5c317a5161521a0b30c621fa96291246a1a4741,3D,"(3.0, 0.7421875, 0.7421875)","(87, 512, 512)",-452.174766847457,-1024.0,1384.0,d952739f9dc9dc12af8dab9d68bcbecea35074fe,"(3.0, 0.7421875, 0.7421875)","(87, 512, 512)","(33, 292, 124, 46, 94, 276)",252267,3,"(np.float64(54.11511216290676), np.float64(342.65883369604427), np.float64(260.05487836300426))","(193.00948003504223, 254.31710313378287, -162.34533648872028)","(1.0, 1.0, 1.0)","(160, 92, 227)",12.576488255350696,-1007.2573184654291,1366.9561002740643,"(1.0, 1.0, 1.0)","(160, 92, 227)","(12, 11, 12, 138, 69, 204)",417054,3,"(np.float64(76.3581406724309), np.float64(48.19754995755945), np.float64(111.83028816412263))","(192.95919441412263, 254.32645620755946, -162.35814067243092)",96.35762497881672,-133.56173096612562,255.74802018471755,0.40489824507827815,0.2041405637364679,58.10902762696038,284.65203859226784,204.29880077964236,204.29635336931494,134.48048185517482,205.70367036103173,417118.125,115.25511088396355,0.40029932640785904,67443.2732007929,0.16168866601227866,417054.0,21.524841140236372,153.97558724370316,5090521697.054908,3.006511060204391,75.35417238239017,3.3788333104488193,255.74802018471755,43.883081005306664,96.35762497881672,110.03936217646581,-133.56173096612562,389.30975115084317,31.099066705490692,110.48033971351272,-0.8933170638355914,5090521697.054908,0.14968290595823722,2921.1135716548933,114.15100227037122,600.3603577074509,-39.678079737174976,13.654560497934153,2.417849513235842,0.6964378146999842,1.0383589467888794,1.9026677486489612,1.3055843956055957,0.6294563983880336,0.5986303844067336,0.9920246614879732,0.945957079387147,-0.19645965810069843,0.8050658838838379,0.4595485135923662,10.551790679963583,0.04437642253212645,5.236115186509618,0.7237011624880498,0.12319546015266312,21.103581359927166,3.772624558746775,4.0181025027925,36672.803363442,0.13248421052222895,5.408150288626179,106.801948219489,3.5275906033748066,418.83203540756074,0.03617317956803877,0.012952402657511018,4.458875998642582,147757.42217357276,0.5287895292621516,0.6626638645945497,1.1476872735474468,0.7537036039759778,77.21620551084153,0.010563978517155773,1890.0402963807353,0.10772529474954319,8.274035861536197,60.06070105443146,631906.2927329723,81919078.99891707,5100.6023939599545,0.03186220782690592,4188.0774579652325,0.23870489928556468,0.4908598063358598,26.309501052283174,0.018405530281393658,6.226519413651389,0.04206889275729282,631341.2544978921,139.51824072019744,2.9786431463118142e-05,88.45210931568744,0.02404114809931169,0.003628308555105303,case_00212
3.1.1.dev111+g8ed579383,2.0.2,2.5.5,1.8.0,3.12.13,"{'minimumROIDimensions': 2, 'minimumROISize': 50, 'normalize': False, 'normalizeScale': 1, 'removeOutliers': 3, 'resampledPixelSpacing': [1, 1, 1], 'interpolator': 'sitkBSpline', 'preCrop': False, 'padDistance': 10, 'distances': [1], 'force2D': False, 'force2Ddimension': 0, 'resegmentRange': None, 'label': 1, 'additionalInfo': True, 'binWidth': 25}",{'Original': {}},1dc55cafdd13ed01c60ba0f5450622da1352393e,3D,"(1.0, 0.7734375, 0.7734375)","(636, 512, 512)",-617.7944392498184,-1024.0,3071.0,8d506cefd86a77340134fca6796c7ed684ffcd0c,"(1.0, 0.7734375, 0.7734375)","(636, 512, 512)","(261, 301, 110, 127, 119, 103)",481582,5,"(np.float64(320.2812023705205), np.float64(361.4790897500322), np.float64(160.13950895174654))","(123.85790145486646, 279.5814834785405, -320.2812023705205)","(1.0, 1.0, 1.0)","(149, 114, 102)",46.679108371269486,-1044.0564343300025,892.2206833537157,"(1.0, 1.0, 1.0)","(149, 114, 102)","(11, 11, 11, 127, 92, 80)",288080,8,"(np.float64(70.28914884754235), np.float64(57.46496806442655), np.float64(49.72547903360178))","(123.83876028360177, 279.57824931442656, -320.2891488475424)",153.74437998757276,-127.68035395864413,286.76068801163996,0.5368245755229972,0.3703520100867604,47.587549456572134,128.492753273903,115.97413504743201,77.46612162745726,135.32553343696821,141.01772938180503,288076.625,68.97806773404417,0.6365736329255199,33136.56541170874,0.11502691484152433,288080.0,70.67675143772662,215.720422499024,7876249315.456011,3.1115533316955832,84.26315648364164,3.9249022596556045,286.76068801163996,49.00415041034619,153.74437998757276,172.6111976656818,-127.68035395864413,414.4410419702841,34.34159232845929,165.3496093718135,-1.07388807437238,7876249315.456011,0.14467663843762427,3703.158941648128,167.1264405753182,1316.011634452159,-83.12242393241364,18.984570027058027,2.7259158883493018,0.7485700749814677,1.1248443228361154,1.966486842149846,1.4344889291064895,0.6043426941294737,0.5693799170761096,0.9920167308196912,0.9445654928083873,-0.20368124265695675,0.8333082843019206,0.4737215889460904,12.769557040412089,0.039069253817088354,5.480179515917552,0.782835029795008,0.10485500557695784,25.539114080824177,3.9064025815469914,5.427621478851831,25778.09396901314,0.12878024869623228,6.686579813294761,161.45739424754305,2.916683738329261,503.3203873874673,0.020410044481045206,0.008225592129054634,4.466032389416614,111951.30758802652,0.5564991334267647,0.6943762950462479,0.8086573795679589,0.7733480133857694,122.03827414512457,0.006710344535473292,1266.7186449791639,0.08514038479494312,12.989354271487409,116.9366850383116,711513.9729802393,135192504.58838552,3911.7760708051037,0.01649402055349258,5032.722812205941,0.3382660849714976,0.6005030453561575,67.77150113131906,0.010657088636177557,6.003039648492415,0.051645376284365455,711139.0542754865,82.87478166066194,3.886624246142854e-05,119.91934160959111,0.030575066511904742,0.006876808528064514,case_00213
3.1.1.dev111+g8ed579383,2.0.2,2.5.5,1.8.0,3.12.13,"{'minimumROIDimensions': 2, 'minimumROISize': 50, 'normalize': False, 'normalizeScale': 1, 'removeOutliers': 3, 'resampledPixelSpacing': [1, 1, 1], 'interpolator': 'sitkBSpline', 'preCrop': False, 'padDistance': 10, 'distances': [1], 'force2D': False, 'force2Ddimension': 0, 'resegmentRange': None, 'label': 1, 'additionalInfo': True, 'binWidth': 25}",{'Original': {}},37e118a2a29a490a8f91f1d8b9e5aea74c8d32c9,3D,"(1.0, 0.953125, 0.953125)","(505, 512, 512)",-550.8740960376098,-1024.0,3071.0,7284be9fc13c86dfa40243ab09eb2b38f451d5a6,"(1.0, 0.953125, 0.953125)","(505, 512, 512)","(123, 260, 144, 126, 90, 260)",496188,3,"(np.float64(183.2875482679952), np.float64(306.17799704950545), np.float64(276.0882205938072))","(263.1465852534725, 291.82590343780987, -183.2875482679952)","(1.0, 1.0, 1.0)","(148, 108, 270)",14.431621817790086,-1022.6994210108081,3333.711501714529,"(1.0, 1.0, 1.0)","(148, 108, 270)","(11, 11, 11, 126, 86, 248)",451871,3,"(np.float64(71.31604595116748), np.float64(54.77801850528137), np.float64(137.06856602880026))","(263.09200352880026, 291.80145600528135, -183.3160459511675)",100.65221671817469,-222.30071270271876,861.4756275187771,0.32796822764822775,0.14882980676159274,53.40521578610904,358.83414047333747,248.34049206683954,248.05039810490126,133.76471881628578,249.09034505576486,451877.0833333333,117.68619707071568,0.4507200022950811,63181.63164733962,0.13982039359303564,451871.0,24.354292708934477,153.4144397077021,6036274568.05356,2.9843948940998595,55.39249554333061,11.608056415001194,861.4756275187771,40.0702448972135,100.65221671817469,110.3600771557703,-222.30071270271876,1083.7763402214957,24.253936610297295,115.57855431125766,0.054336590788156475,6036274568.05356,0.16518793693986278,3227.533486397945,190.28350470228813,3468.7251195938884,25.770527845183896,14.7583929854659,3.6299462442695503,0.604116218447287,1.3154819556361648,2.1249369599093217,1.86666927961708,0.565637329245837,0.5215537158390056,0.9981561355053474,0.9718093289627945,-0.11284914186149439,0.6696815921040972,0.463937436171765,13.693099375506891,0.040054456905224925,5.463392885977489,0.7317231005471958,0.08612540912898692,27.386198751013765,3.699825531164878,4.597084807433863,49406.983444113,0.14743047587933134,6.112959410412744,185.28084330911992,2.405293379501611,462.6282049752004,0.013981252896116202,0.006409698509970039,4.189969533978832,204049.53253610546,0.6065382293716871,0.7412159665037146,0.5643375969672408,0.8062385431085363,147.39389064187304,0.0053387660906805655,2308.6097143069987,0.08599134779703502,18.653881964426873,163.01974149811898,555550.3577680932,112083560.41747682,2796.226380219952,0.009888235450693337,8043.310202257236,0.2995981004304852,0.5626224175989286,92.69691431468027,0.005739594712128887,6.376598793991466,0.059412974056755136,555267.0637430644,49.95879947339529,1.9776392204458975e-05,986.1570811114683,0.005204815712251332,0.053024850302041404,case_00214
3.1.1.dev111+g8ed579383,2.0.2,2.5.5,1.8.0,3.12.13,"{'minimumROIDimensions': 2, 'minimumROISize': 50, 'normalize': False, 'normalizeScale': 1, 'removeOutliers': 3, 'resampledPixelSpacing': [1, 1, 1], 'interpolator': 'sitkBSpline', 'preCrop': False, 'padDistance': 10, 'distances': [1], 'force2D': False, 'force2Ddimension': 0, 'resegmentRange': None, 'label': 1, 'additionalInfo': True, 'binWidth': 25}",{'Original': {}},e37e812182c78fbbf39bf29100e1f18f051d7bd9,3D,"(3.75, 0.9375, 0.9375)","(82, 512, 512)",-784.6871043414604,-2048.0,3071.0,7464d7645659db451bd032e895cbc49cbc23f700,"(3.75, 0.9375, 0.9375)","(82, 512, 512)","(35, 250, 132, 31, 77, 249)",91675,22,"(np.float64(48.68812653395146), np.float64(288.03873466048543), np.float64(264.8793455140442))","(248.32438641941644, 270.0363137442051, -182.58047450231797)","(1.0, 1.0, 1.0)","(138, 95, 255)",-6.0861793175948895,-890.2094766824257,1421.7014996478192,"(1.0, 1.0, 1.0)","(138, 95, 255)","(12, 11, 11, 116, 73, 233)",301485,20,"(np.float64(64.83565351510025), np.float64(46.976993880292554), np.float64(135.36988241537722))","(248.40113241537722, 270.0082438802925, -182.46065351510026)",51.424867169998976,-104.24808870308965,172.16442552852905,0.32214125518240405,0.1670377530700025,50.73045669772723,303.70653199858964,232.79390026373113,228.17756243767704,107.54068997360952,236.14614119227102,301350.125,97.83640342512064,0.3771822121774934,57629.8078820226,0.19123870574808158,301485.0,-4.570372466673779,93.1434558057861,1221634748.906842,2.555449755853836,47.52465043389681,3.303858273644465,172.16442552852905,29.637932421852845,51.424867169998976,57.969029074723096,-104.24808870308965,276.41251423161873,20.32246566346379,63.6557785427775,-0.7995134753876884,1221634748.906842,0.2023516844132724,1407.5411784350933,60.77262677848519,159.02956682506786,-13.707349063240544,6.811333231474284,1.147057766264667,0.7092877744179001,0.7271305682617117,1.5195441799972498,0.5988073543795017,0.6943948612721621,0.6770708402188647,0.99230432310698,0.9462555453096033,-0.2201318001343042,0.7911081975041796,0.4638130490431805,7.704251412276457,0.0743300762629316,4.370071891643768,0.7176809351664273,0.14170461113993846,15.408502824552913,3.318277434578179,1.9895977494347379,31474.32053502566,0.17642631524848812,2.770846036122275,56.22742293011679,4.976213725729988,313.8853556236882,0.09226319948059357,0.023662123153785526,4.286043113846015,81906.17517829953,0.4513440417017386,0.5901849945334697,1.8566873833927897,0.6934491405434677,37.02809420354914,0.0179402623418736,696.6326530612245,0.16341371171973362,6.990841058045517,35.736335913675816,2069571.1543513958,133827308.9078114,33881.005325187536,0.06503757103032379,687.6732348111658,0.16131204194491341,0.38237504736045475,10.593573368561291,0.03239135083775795,6.303293214359311,0.014140006965520672,2064569.6488228329,213.2611525908857,3.932524125368892e-05,32.03778951913639,0.01763186194340708,0.002453238983792774,case_00215
3.1.1.dev111+g8ed579383,2.0.2,2.5.5,1.8.0,3.12.13,"{'minimumROIDimensions': 2, 'minimumROISize': 50, 'normalize': False, 'normalizeScale': 1, 'removeOutliers': 3, 'resampledPixelSpacing': [1, 1, 1], 'interpolator': 'sitkBSpline', 'preCrop': False, 'padDistance': 10, 'distances': [1], 'force2D': False, 'force2Ddimension': 0, 'resegmentRange': None, 'label': 1, 'additionalInfo': True, 'binWidth': 25}",{'Original': {}},4ec9033229c39c4ea3384d96c7586fc209f28200,3D,"(0.5, 0.82421875, 0.82421875)","(743, 512, 512)",-525.3235340349446,-1024.0,1565.0,b182de599f7e78ae14f4ce48ed1c46fea54643e7,"(0.5, 0.82421875, 0.82421875)","(743, 512, 512)","(82, 249, 114, 261, 112, 275)",1355138,162,"(np.float64(196.33108436188786), np.float64(308.36005336725856), np.float64(250.58917837150165))","(206.5402993608861, 254.15613773629514, -98.16554218094393)","(1.0, 1.0, 1.0)","(153, 115, 249)",15.976827983614065,-1032.8293393003848,1388.256937362493,"(1.0, 1.0, 1.0)","(153, 115, 249)","(11, 11, 11, 130, 93, 226)",460036,90,"(np.float64(67.67782521367893), np.float64(60.056215165769636), np.float64(123.37273387300124))","(206.46062449800124, 254.1441057907696, -97.92782521367893)",109.25786424755526,-162.73119325711025,496.563747167494,0.38549768345982627,0.18550128624963402,57.81276266352836,311.65693689976996,225.39077177204928,224.37691503361035,133.80956617521784,229.4602362066247,460372.375,120.14302720904658,0.34462304537220967,83665.41680489096,0.18173422504964803,460036.0,4.907050985136806,191.34708929763576,7997151529.331722,3.4670638218635554,118.33558768287267,2.5334115649006828,496.563747167494,62.7740561840906,109.25786424755526,127.39232461876615,-162.73119325711025,659.2949404246042,48.046804820736405,131.84745561736688,-0.4353592151608807,7997151529.331722,0.10599131086209597,5446.470652836304,151.04784856909262,1876.0429142060023,-64.25973720470844,27.819131362004928,4.752394993473647,0.7078130290642358,1.4823519785302461,2.2888340042593773,2.528011873185846,0.5479274132204573,0.5000294310733033,0.9937540340005925,0.9506482020095274,-0.17236557934731792,0.824918993740876,0.4466922149732007,12.053251847746386,0.021819312068751193,6.23058839421338,0.7496665630845221,0.062223164917852,24.106503695492766,4.263525419317461,8.142881588869638,34554.18354581649,0.09915132081063947,9.212981331676593,147.23989625723127,2.2409278113246995,343.1841920127011,0.019867670666159694,0.009835389063412069,4.561844791317543,218468.67851649952,0.625788853203074,0.7574833608339682,0.4912870923656286,0.8189622039188598,118.84723377407737,0.008350222555401982,2859.0595459821307,0.07717384797641187,14.979799113445726,115.04405214997166,212292.57046454505,39190565.60782249,1265.8429626179145,0.017540679521320032,13759.355980241315,0.3714027041391021,0.6318322202825178,71.85721512589926,0.011683839687459752,6.03197800719494,0.08053065412272083,212138.37288857403,91.72936086018066,2.4956139439415638e-05,322.8460362130242,0.027348008317766893,0.007705074501961989,case_00216
3.1.1.dev111+g8ed579383,2.0.2,2.5.5,1.8.0,3.12.13,"{'minimumROIDimensions': 2, 'minimumROISize': 50, 'normalize': False, 'normalizeScale': 1, 'removeOutliers': 3, 'resampledPixelSpacing': [1, 1, 1], 'interpolator': 'sitkBSpline', 'preCrop': False, 'padDistance': 10, 'distances': [1], 'force2D': False, 'force2Ddimension': 0, 'resegmentRange': None, 'label': 1, 'additionalInfo': True, 'binWidth': 25}",{'Original': {}},270f3c60de46d91af089accb827f299e423ff13c,3D,"(3.0, 0.79296875, 0.79296875)","(139, 512, 512)",-502.8319806160687,-1024.0,1706.0,13122c22e8190e8338f9f3261d08769c04dd8c75,"(3.0, 0.79296875, 0.79296875)","(139, 512, 512)","(24, 256, 111, 43, 145, 291)",208015,39,"(np.float64(45.4943778092926), np.float64(326.44985217412204), np.float64(274.30489147417256))","(217.51520691116028, 258.8645312161983, -136.48313342787782)","(1.0, 1.0, 1.0)","(151, 137, 253)",55.574477209791176,-929.3813407438224,1788.275638571752,"(1.0, 1.0, 1.0)","(151, 137, 253)","(12, 11, 11, 129, 115, 231)",392127,29,"(np.float64(77.45823929492231), np.float64(66.7746903426696), np.float64(140.33113251574107))","(217.43464814074107, 258.8782059676696, -136.4582392949223)",91.46100123152821,-132.11990814988457,263.72668469316386,0.350525865049935,0.16879025832131078,54.35823656835313,322.04605353986875,222.14409737825582,231.82105167564055,132.61221663180206,245.66236993076492,392135.7916666667,112.88547150298017,0.37476981546010485,69131.69025945311,0.1762952827275155,392127.0,12.058696142216721,157.7194360387037,4532013481.2162075,3.1573703472892665,82.77757963187132,2.7505312358586793,263.72668469316386,46.56666637879042,91.46100123152821,99.61412515202248,-132.11990814988457,395.8465928430484,34.009392156167266,107.50588114995905,-0.5456563743345386,4532013481.2162075,0.12777853198658903,3192.399735555514,109.65033652566021,718.7895638288858,-34.35804000412121,16.373597597036046,2.4832192661372594,0.7354752334480743,1.1197301918269427,1.9328694560495925,1.1918116869930755,0.5977380443380051,0.5606488316674304,0.9917540859642688,0.9414515691703055,-0.19987625578753468,0.8250972833758735,0.4748157513414364,10.304215791652704,0.030552861692482485,5.5697807018037855,0.7499342349843455,0.07315246760377075,20.608431583305407,3.9699906643912732,4.714204215793325,33831.414006673775,0.12140716084973764,5.552857934337675,105.87405136039555,2.808047598668687,314.08854164487934,0.03170740185537439,0.012823805456859322,4.414775312866897,160245.53361143632,0.5694736069144402,0.7106373111850929,0.7547983344450577,0.7813274449813371,81.06440492670842,0.01046144492574647,1381.1492309824027,0.09568721289887784,10.241623931947203,74.3258971871969,586408.0736455591,71068462.19384786,5274.897053250313,0.02671859910585895,3658.730635998337,0.253480021892638,0.5079411308952375,34.6548983194061,0.014904919990778451,6.29197605591239,0.03680950304365677,585670.0333201935,147.32153336765472,3.1175896750242814e-05,94.81721788990443,0.028407302563790374,0.0035551541301083417,case_00217
3.1.1.dev111+g8ed579383,2.0.2,2.5.5,1.8.0,3.12.13,"{'minimumROIDimensions': 2, 'minimumROISize': 50, 'normalize': False, 'normalizeScale': 1, 'removeOutliers': 3, 'resampledPixelSpacing': [1, 1, 1], 'interpolator': 'sitkBSpline', 'preCrop': False, 'padDistance': 10, 'distances': [1], 'force2D': False, 'force2Ddimension': 0, 'resegmentRange': None, 'label': 1, 'additionalInfo': True, 'binWidth': 25}",{'Original': {}},fd1154d7ae77595fb05a4d31ab169dc62f75dffe,3D,"(3.0, 0.859375, 0.859375)","(164, 512, 512)",-488.98979870865986,-1024.0,1392.0,dce7c4c55934001f5351e7818f49ad58ec5db299,"(3.0, 0.859375, 0.859375)","(164, 512, 512)","(45, 243, 119, 42, 122, 247)",206847,26,"(np.float64(66.21673990920826), np.float64(308.57200732908865), np.float64(237.97755345738636))","(204.5119600024414, 265.17906879843554, -198.65021972762477)","(1.0, 1.0, 1.0)","(148, 127, 235)",-0.4186983251682624,-1014.3082972201652,1142.2866673798328,"(1.0, 1.0, 1.0)","(148, 127, 235)","(12, 11, 11, 126, 105, 213)",458358,22,"(np.float64(76.68215019700757), np.float64(67.0765842420117), np.float64(113.47144371866533))","(204.54175621866534, 265.1468967420117, -198.68215019700756)",112.51500264626301,-147.44231797277536,248.02687212157772,0.3968753632798706,0.173066965555306,51.893730498632436,299.8476938225918,215.3903433304288,212.46176126540982,126.65701717630967,220.10452062599714,458204.9583333333,119.00216241447252,0.4430709941424416,64871.01021944276,0.1415764038333488,458358.0,22.483171266418633,171.78691673506606,7325810990.241236,3.057714895732536,64.95057419778826,3.93354076300917,248.02687212157772,44.30037800683012,112.51500264626301,126.03413699466111,-147.44231797277536,395.46919009435305,28.796442178483716,126.42281223631964,-1.1128781517763233,7325810990.241236,0.14938173736326993,3323.101633251168,128.43038082598804,1023.6716841444857,-70.61026704679207,15.77219854711686,2.613431936438864,0.7134631017619907,1.1133963462914322,1.94533924765009,1.3354239018650325,0.6052294648402652,0.5699275474428944,0.9903629019966634,0.938893491769346,-0.18319778892849686,0.7924270825609678,0.4711928555398106,11.18656468709301,0.040062209895664,5.387034766904135,0.7359843704801583,0.08737617808400416,22.373129374186018,3.822820500022893,4.596407620888931,42839.826326415416,0.13401027019673056,6.155924544599204,122.24284974763185,3.070231492070177,405.5276674061352,0.029160927155824686,0.011698109581647874,4.411185930544919,179922.67534671538,0.5577045784670959,0.6956723783592739,0.8995836586785911,0.7731596014664267,91.83860606940208,0.009672528877519598,1648.2264041077763,0.08724929353172284,11.984502659668273,79.22259276904346,742046.0709332486,106511916.57249483,5353.4113276381295,0.028849283676239353,4820.758932825155,0.25518812835875043,0.510397238844904,36.7838033182656,0.016882786138896145,6.394895388784858,0.041214509182778525,741457.3632071292,182.16866064932594,2.37088939831998e-05,89.05449160192967,0.03426000416468449,0.0030192573561491874,case_00218
3.1.1.dev111+g8ed579383,2.0.2,2.5.5,1.8.0,3.12.13,"{'minimumROIDimensions': 2, 'minimumROISize': 50, 'normalize': False, 'normalizeScale': 1, 'removeOutliers': 3, 'resampledPixelSpacing': [1, 1, 1], 'interpolator': 'sitkBSpline', 'preCrop': False, 'padDistance': 10, 'distances': [1], 'force2D': False, 'force2Ddimension': 0, 'resegmentRange': None, 'label': 1, 'additionalInfo': True, 'binWidth': 25}",{'Original': {}},6892dfae73319423319b0184930ab9383d7f0d38,3D,"(3.0, 0.85546875, 0.85546875)","(167, 512, 512)",-441.9557688136301,-1024.0,2172.0,e949be18c410fbeaf862611e2fc8e444f945504d,"(3.0, 0.85546875, 0.85546875)","(167, 512, 512)","(44, 201, 95, 47, 129, 297)",134095,224,"(np.float64(60.554614266005444), np.float64(295.8402028412693), np.float64(285.93234647078566))","(244.60618701992993, 253.08204852436708, -181.66384279801633)","(1.0, 1.0, 1.0)","(163, 132, 276)",15.529600303600704,-994.671443534087,1457.9227986064298,"(1.0, 1.0, 1.0)","(163, 132, 276)","(12, 11, 11, 141, 110, 254)",294246,201,"(np.float64(62.67370159662323), np.float64(92.01472237515549), np.float64(174.4395607756775))","(244.5118264006775, 253.0869880001555, -181.67370159662323)",72.37028789852252,-125.87440185382144,168.08606614491907,0.29628056622320836,0.19280543735690645,55.803214381737156,289.42759678731767,237.44683615495913,230.43654224102565,136.8575902169843,270.00925910049824,293188.1666666667,85.75177225676892,0.39498949441782844,54033.471614289105,0.18429622255430647,294246.0,11.118418122916914,112.66926671121003,2021553063.3686419,2.545581740926798,45.21889092405428,4.2357897846385555,168.08606614491907,30.959501638347437,72.37028789852252,82.89391953005077,-125.87440185382144,293.9604679987405,19.954646705187642,82.88716561863303,-1.2138440689548982,2021553063.3686419,0.21454001638907078,1632.8236537756654,92.91615276315503,244.6430263753894,-24.80826658434186,7.376084457874772,1.400471306916526,0.6776215683021023,0.8029882235788067,1.61330479390779,0.7372431154771011,0.6739519236058024,0.6537201765249934,0.99206283471017,0.9452759883973578,-0.18659020718307448,0.7506186938924155,0.4766406226584793,9.561439497396163,0.07878348122569866,4.396974468471205,0.710367018057148,0.16276106579943106,19.122878994792327,3.239651853365814,2.1941389411978247,33281.79672890344,0.18210097459954924,3.289553891375426,87.086310299471,4.445566716709903,425.0894562153774,0.05224298411072792,0.014416318911614129,4.210726289454969,89073.18244432841,0.481607471314786,0.6182378010236332,1.602306615582116,0.7177837765219146,60.18353240195539,0.011115171796520577,1152.5433900164564,0.12644469446148726,7.570208715417583,59.80274273176084,1055790.6319253978,107077476.36982995,10672.663400605004,0.030140132362176154,1981.2935820076796,0.21736627339634446,0.45899117954183377,23.70039779332487,0.01624383561909384,6.01987977078737,0.03097748142710521,1054748.5357800445,185.9996786235583,3.159965966235862e-05,50.34994482736531,0.020877769638961652,0.0032844323589706704,case_00219
3.1.1.dev111+g8ed579383,2.0.2,2.5.5,1.8.0,3.12.13,"{'minimumROIDimensions': 2, 'minimumROISize': 50, 'normalize': False, 'normalizeScale': 1, 'removeOutliers': 3, 'resampledPixelSpacing': [1, 1, 1], 'interpolator': 'sitkBSpline', 'preCrop': False, 'padDistance': 10, 'distances': [1], 'force2D': False, 'force2Ddimension': 0, 'resegmentRange': None, 'label': 1, 'additionalInfo': True, 'binWidth': 25}",{'Original': {}},04f7a9813df4d0e31b5d925fec36dec2b210cfaf,3D,"(3.0, 0.78125, 0.78125)","(174, 512, 512)",-413.0334571531449,-1024.0,1465.0,65725eeddd8747706913c9700c066e22f1e5dd7f,"(3.0, 0.78125, 0.78125)","(174, 512, 512)","(38, 242, 113, 40, 122, 286)",223373,18,"(np.float64(56.94449194844498), np.float64(305.3804354152024), np.float64(249.79565122015643))","(195.1528525157472, 238.57846516812685, -170.83347584533493)","(1.0, 1.0, 1.0)","(142, 117, 246)",13.889097749780017,-1073.0847234055675,1341.533489200343,"(1.0, 1.0, 1.0)","(142, 117, 246)","(12, 11, 11, 120, 95, 224)",409353,13,"(np.float64(69.82923540318502), np.float64(60.46278151131175), np.float64(118.05054561710797))","(195.15992061710796, 238.57215651131176, -170.829235403185)",116.97928201011342,-166.52820553984628,269.6574582593733,0.3592367332992027,0.17412273960349675,54.07194519466977,310.53925132236947,226.71788636982305,221.81523843054606,131.2288078129189,226.79726629745784,409076.8333333333,111.55710620622811,0.37198674652789687,71640.71550897468,0.1751277747146311,409353.0,20.417622411310838,174.1991644139215,7102631063.595421,3.0191896732815255,64.84940547764992,4.110547819829007,269.6574582593733,46.61130571424574,116.97928201011342,135.99414670878457,-166.52820553984628,436.1856637992196,29.610975877335584,131.7227046477124,-1.2726311350198873,7102631063.595421,0.16277597563130902,3666.718500106827,157.64251255617748,1215.991119845403,-90.81319149882104,16.440737318255408,3.047917445943228,0.6839511462112908,1.2160874455431956,2.0397005803438506,1.523710062372649,0.5852208505745077,0.5450260607275316,0.9910544329637809,0.9403310670830559,-0.15602016577324515,0.7440901015209629,0.4633492551778208,12.42142178734423,0.046736501604639255,5.3463133308574236,0.7211543115844768,0.10455424386302123,24.842843574688455,3.704853860648626,4.872163691049658,40982.76278906771,0.1384272704301423,6.82305525229114,148.5484387603212,2.804221861130713,456.54705794286804,0.02089720133727145,0.009177929230032954,4.298659550056155,175710.98348182582,0.589669367357033,0.7204791651516117,0.7915439317607491,0.7946787025387514,114.50184424851159,0.007755659285982796,1969.5834975810787,0.08822717692085104,12.534331153167978,94.56401182583767,536312.0651764916,95432410.54913993,3062.502552683348,0.020331554393159736,5854.582870453324,0.26225510080869574,0.5183590335342984,44.09895923547876,0.012027696905075509,6.306225812618813,0.054534839124178884,535975.8232019414,140.05691256937524,2.2971575060853182e-05,128.7194063847615,0.03309569847254713,0.004138161138309999,case_00220
3.1.1.dev111+g8ed579383,2.0.2,2.5.5,1.8.0,3.12.13,"{'minimumROIDimensions': 2, 'minimumROISize': 50, 'normalize': False, 'normalizeScale': 1, 'removeOutliers': 3, 'resampledPixelSpacing': [1, 1, 1], 'interpolator': 'sitkBSpline', 'preCrop': False, 'padDistance': 10, 'distances': [1], 'force2D': False, 'force2Ddimension': 0, 'resegmentRange': None, 'label': 1, 'additionalInfo': True, 'binWidth': 25}",{'Original': {}},57122b0e881d9cbf67802d93fc59ff2ac6b26068,3D,"(5.0, 0.755859375, 0.755859375)","(141, 512, 512)",-557.0555862534976,-1024.0,3071.0,f486bde0363e2d68603c8f1e25ecaf58a2657054,"(5.0, 0.755859375, 0.755859375)","(141, 512, 512)","(62, 242, 96, 29, 157, 334)",126562,123,"(np.float64(77.21348430018489), np.float64(316.4380303724657), np.float64(233.38046965123812))","(176.40281592779132, 239.1826518635629, -386.0674215009244)","(1.0, 1.0, 1.0)","(167, 141, 274)",5.239718730354798,-1069.8645911599297,1341.6380511935574,"(1.0, 1.0, 1.0)","(167, 141, 274)","(13, 11, 11, 145, 119, 252)",361025,102,"(np.float64(91.06585416522401), np.float64(67.12136278651063), np.float64(114.2462433349491))","(176.3683136474491, 239.2434330990106, -386.065854165224)",63.335717954074646,-161.53139010419966,204.31532688077192,0.33810209346567927,0.20216601302903034,69.27933262336063,342.6853583614589,249.15858403835898,253.58430550804994,155.08062419270823,257.7653972122713,358689.875,115.86263706204576,0.26167233719368854,93298.01192501478,0.26010773770799855,361025.0,-3.6892903306129075,105.34092998449498,2071952004.4089127,2.568127959688735,50.794638344636915,3.364436626187744,204.31532688077192,33.0099950737322,63.335717954074646,75.41259360661843,-161.53139010419966,365.8467169849716,22.536020576260793,75.75672770950645,-1.0401890582484086,2071952004.4089127,0.20738956494911942,1727.6686244942123,106.88874396067337,257.0362020515277,-26.418826488101097,8.174885233645337,1.0884080637468263,0.761508782672673,0.6848420814559677,1.488843775306403,0.6016349415716508,0.7115304141073305,0.6962366998251188,0.9958390215492733,0.9609706251969503,-0.25329472621580784,0.8231634639294338,0.4455651223229182,10.252537311108586,0.08883352707540777,4.2396680796261075,0.7985787610629954,0.20765360210094774,20.50507462221717,3.28305305087808,2.3158233243480413,34710.40656668189,0.16729651855825428,3.4015374460115564,96.58795149628457,6.013298071409711,673.2108082488537,0.05886951139097502,0.012437971486439018,4.377895991243606,95339.61132628263,0.45151124874245535,0.5723607463791661,2.5845499795591227,0.6939438680398938,63.30198667464118,0.009301869327431166,974.8224643014868,0.14350396942462634,5.3547966317974085,61.28396879140291,1870913.5293684676,218709511.16502282,16357.680596693668,0.023184681140512333,983.9062269983807,0.1448411934341794,0.3518377708694789,19.63771675022031,0.009111173784761261,6.599492142724083,0.018815871477044527,1868088.9659892486,128.95400364115483,3.233820170647428e-05,60.605119795113055,0.011785640771063775,0.0047293239705469125,case_00221
3.1.1.dev111+g8ed579383,2.0.2,2.5.5,1.8.0,3.12.13,"{'minimumROIDimensions': 2, 'minimumROISize': 50, 'normalize': False, 'normalizeScale': 1, 'removeOutliers': 3, 'resampledPixelSpacing': [1, 1, 1], 'interpolator': 'sitkBSpline', 'preCrop': False, 'padDistance': 10, 'distances': [1], 'force2D': False, 'force2Ddimension': 0, 'resegmentRange': None, 'label': 1, 'additionalInfo': True, 'binWidth': 25}",{'Original': {}},a525ef10f07167d0c8d7e79d12c63df890f88e2c,3D,"(5.0, 0.7421875, 0.7421875)","(91, 512, 512)",-457.167365357116,-1024.0,1446.0,38421ae332d078f30770df2424a38a8ce38b8818,"(5.0, 0.7421875, 0.7421875)","(91, 512, 512)","(7, 206, 121, 28, 157, 298)",210457,85,"(np.float64(18.761575998897637), np.float64(298.9805851076467), np.float64(262.2503076637983))","(194.63890021922532, 221.89965300958153, -93.80787999448819)","(1.0, 1.0, 1.0)","(162, 139, 243)",4.644312435950887,-1035.160860566591,1296.1172307330696,"(1.0, 1.0, 1.0)","(162, 139, 243)","(13, 11, 11, 140, 116, 221)",579780,68,"(np.float64(73.79208492876609), np.float64(79.79117941288075), np.float64(115.50470868260375))","(194.63361493260373, 221.92008566288075, -93.79208492876609)",82.27253020656816,-119.76379082548215,179.7015823272816,0.3815460825177551,0.22851194317913964,64.69036213970081,283.094009178275,209.8118204487059,223.21514285549716,136.82105101189657,231.91808898833224,579400.4583333334,108.01341018621623,0.4778205594166283,70340.45636724462,0.12140214139557556,579780.0,36.90206659693597,116.46005973239056,4634435552.847994,2.322774077747235,34.43877104212049,5.848238866216287,179.7015823272816,25.24776482550986,82.27253020656816,89.76921933017513,-119.76379082548215,299.46537315276373,14.98694729927614,89.40602954705798,-1.5249369961712527,4634435552.847994,0.2571419992108378,1224.6688927787384,80.17680584292462,209.1855250185599,-21.68529113483444,5.771030807765362,1.1202519650316174,0.6716507070986186,0.728119385118206,1.4952238168136203,0.5697937709884928,0.6905013637941301,0.673745765871045,0.9935587188370747,0.949770050400486,-0.18102440548935805,0.7144652562741907,0.4771361110672245,8.888957452637946,0.09861899903355674,4.063246220210521,0.7300879345485144,0.1873678862862006,17.777914905275892,3.025694635173712,1.722820693199245,74289.83787876127,0.21542605420034444,2.5901304026820515,76.31892520828896,5.706604568631686,474.46467963803985,0.0759504042675468,0.01650235077707451,4.12668274997446,158716.73247601255,0.4520321786110296,0.5899224374232136,2.2881184975972917,0.6922753120192718,51.249319667211005,0.012270841916903873,1240.2821700297718,0.1367606318259755,8.580780050414386,58.50203991619804,4682323.627963392,399959221.301246,56019.40778868953,0.03991092031160845,1308.8112250523761,0.14431703881931593,0.3381429141334718,15.449861835806917,0.018482202846509477,6.517267203861516,0.015642140122115285,4678236.59955871,404.63835667036193,1.4691059332222809e-05,44.748578355937,0.01433043939422452,0.0015790260333753904,case_00222
3.1.1.dev111+g8ed579383,2.0.2,2.5.5,1.8.0,3.12.13,"{'minimumROIDimensions': 2, 'minimumROISize': 50, 'normalize': False, 'normalizeScale': 1, 'removeOutliers': 3, 'resampledPixelSpacing': [1, 1, 1], 'interpolator': 'sitkBSpline', 'preCrop': False, 'padDistance': 10, 'distances': [1], 'force2D': False, 'force2Ddimension': 0, 'resegmentRange': None, 'label': 1, 'additionalInfo': True, 'binWidth': 25}",{'Original': {}},d1d5cba43d738798b6523f65fcf07e554bd8d8a9,3D,"(3.0, 0.94921875, 0.94921875)","(479, 512, 512)",-752.8061087893046,-1024.0,2548.0,3395cc8fb0b0670dd134c2b355cd5e7d0bec0983,"(3.0, 0.94921875, 0.94921875)","(479, 512, 512)","(62, 138, 138, 51, 169, 258)",146361,267,"(np.float64(87.90867102575139), np.float64(217.00392180977173), np.float64(228.8196309126065))","(217.1998840303257, 205.98419140536924, -263.72601307725415)","(1.0, 1.0, 1.0)","(175, 182, 267)",-6.9702459970172885,-1037.046050557054,1844.1293488650522,"(1.0, 1.0, 1.0)","(175, 182, 267)","(12, 11, 11, 153, 160, 245)",394731,262,"(np.float64(90.6866777628309), np.float64(86.02763400898333), np.float64(97.17032612082659))","(217.1957167458266, 206.0530246339833, -263.68667776283087)",120.46357193509937,-163.91838285216102,914.5274634526049,0.34593959610099156,0.1863265426163469,59.481137816908,319.23062051004626,240.10414407085938,255.15681452785068,143.20963654726592,262.1697923102507,393100.2916666667,110.43451192231431,0.2825765303809476,91836.8431961874,0.23362191568675142,394731.0,9.82364477344685,202.87350813377878,7958666742.9271555,3.487785477473727,112.53509441764263,3.0627946079655093,914.5274634526049,62.67872259495063,120.46357193509937,138.51977996776935,-163.91838285216102,1078.4458463047658,46.55854956631245,141.99385250816394,-0.5659539347185284,7958666742.9271555,0.10469326331471097,5650.7819867473545,166.12926222510262,2347.5352464425728,-84.65240444540638,27.274380994355592,3.8397865136729123,0.7509867586662894,1.346053454514853,2.1619238999048718,1.9707325467895558,0.5663899359765784,0.5218294480101728,0.9980447829586995,0.9712162563403991,-0.20018466897432893,0.8440735294652686,0.4520691112283274,12.659616901556337,0.024436990924951902,6.08269725541509,0.7766303810903147,0.06931117768444175,25.31923380311266,4.2567317726214124,7.778541877007127,28206.286445831993,0.09606732686052419,9.830485986998346,155.27591668698915,2.500960152228769,423.84611732155423,0.019700202005414173,0.009497590140802373,4.635186498555972,181615.99737343678,0.6144768617836538,0.7431300342219426,0.6381160537436892,0.8109640487546875,122.3523397400493,0.008138691159473603,2091.685594527265,0.08271128136847107,15.130974493516813,101.17165566056389,250428.5355292815,49157399.75847206,1356.1655561598943,0.019971776701182897,6727.349717268377,0.26601881123288296,0.5252682592286398,50.65875838496301,0.0116460623521656,6.520592955371262,0.06406641484960644,250184.90082172566,35.65796021047076,3.3965365803045824e-05,866.3631805478277,0.009597010312018164,0.056799851756808614,case_00223
3.1.1.dev111+g8ed579383,2.0.2,2.5.5,1.8.0,3.12.13,"{'minimumROIDimensions': 2, 'minimumROISize': 50, 'normalize': False, 'normalizeScale': 1, 'removeOutliers': 3, 'resampledPixelSpacing': [1, 1, 1], 'interpolator': 'sitkBSpline', 'preCrop': False, 'padDistance': 10, 'distances': [1], 'force2D': False, 'force2Ddimension': 0, 'resegmentRange': None, 'label': 1, 'additionalInfo': True, 'binWidth': 25}",{'Original': {}},75a6036a2e537a44b111c8a5cb1f7391c75a2673,3D,"(5.0, 0.861328125, 0.861328125)","(97, 512, 512)",-614.4688965708939,-1024.0,3071.0,a9ba68b9b86a2810e9eb2b29d5e557eb0a4d6ae6,"(5.0, 0.861328125, 0.861328125)","(97, 512, 512)","(20, 278, 132, 29, 97, 273)",121589,55,"(np.float64(32.992441750487295), np.float64(325.36055070771204), np.float64(270.8085188627261))","(233.254993786059, 280.24219309004104, -164.96220875243648)","(1.0, 1.0, 1.0)","(167, 105, 257)",72.95363708724167,-969.6044639346555,1758.4342199549726,"(1.0, 1.0, 1.0)","(167, 105, 257)","(13, 10, 11, 145, 84, 235)",451015,53,"(np.float64(79.97239559659879), np.float64(51.13582696806093), np.float64(130.18305377869916))","(233.25238971619916, 280.2051629055609, -164.9723955965988)",128.38955791510264,-144.1982643183881,314.70521384537705,0.3638723251522198,0.17217006294436996,56.99834047447549,331.0583704258288,235.03404008781365,235.41665191740367,142.30249470757707,237.08859103719016,450558.1666666667,120.46297900795119,0.3591550306439061,79135.14720227287,0.17563802646777651,451015.0,34.24567442181201,187.58106966859273,9175060362.133057,3.0618226068757735,73.64428765997897,4.180176209200113,314.70521384537705,48.56191107101706,128.38955791510264,148.4471148422713,-144.1982643183881,458.90347816376516,32.2035640556414,142.629372673176,-1.2673965883903309,9175060362.133057,0.15419108623315653,3859.2593675082276,144.8293180265094,1533.5441364945011,-103.73445581372326,18.92409145900047,2.2279434223555863,0.787023804461382,0.9380868841249066,1.8126533888347123,1.3139432553714685,0.6598610804763935,0.6347047287903765,0.9941324941674731,0.9558285568049038,-0.25723445209067886,0.8689113401229516,0.448170170730686,11.859709332485538,0.0549975767092656,5.146897060956868,0.8063629178983625,0.13733215371766255,23.719418664971077,3.842262679490596,5.288008720339013,35519.87108985151,0.12586492962974077,7.392389548850635,131.75333856958756,4.609146691316116,716.1224628626626,0.037122392946547615,0.011778957466352212,4.7051678380585,141769.33499512414,0.49771040502179537,0.6226112213562741,1.8255225816527916,0.7312850594229855,90.88290811330313,0.00961914536380364,1390.068171672725,0.08864665338133569,10.593203794219082,74.28135960716791,892282.578215675,148855179.07104138,5525.008376135856,0.03169946475620356,3627.239397997577,0.23131429105271198,0.48373946034896925,32.21073426240874,0.01700417712386415,6.5556595845401,0.034768244958593396,891455.3326223027,116.1267796464507,2.9020802357832664e-05,93.63116959594616,0.02576440880351871,0.004878565927446303,case_00224
3.1.1.dev111+g8ed579383,2.0.2,2.5.5,1.8.0,3.12.13,"{'minimumROIDimensions': 2, 'minimumROISize': 50, 'normalize': False, 'normalizeScale': 1, 'removeOutliers': 3, 'resampledPixelSpacing': [1, 1, 1], 'interpolator': 'sitkBSpline', 'preCrop': False, 'padDistance': 10, 'distances': [1], 'force2D': False, 'force2Ddimension': 0, 'resegmentRange': None, 'label': 1, 'additionalInfo': True, 'binWidth': 25}",{'Original': {}},6214fcccbceae3eaff2583cbe07858439958eb8a,3D,"(5.0, 0.80078125, 0.80078125)","(103, 512, 512)",-279.31616077608277,-1024.0,1542.0,698ec394562f913d2c347a20dcd74a6ff5e610d2,"(5.0, 0.80078125, 0.80078125)","(103, 512, 512)","(22, 216, 95, 27, 110, 306)",167284,20,"(np.float64(34.64516032615193), np.float64(274.4034755266493), np.float64(249.6258159776189))","(199.89567295082765, 219.73715813657464, -173.22580163075966)","(1.0, 1.0, 1.0)","(157, 110, 267)",1.4026234147431726,-735.3563010031642,1278.0657730095677,"(1.0, 1.0, 1.0)","(157, 110, 267)","(13, 11, 11, 135, 88, 245)",536915,17,"(np.float64(78.25209763184117), np.float64(57.60904426212715), np.float64(134.7086782824097))","(199.8082876574097, 219.70865363712716, -173.25209763184117)",81.65705683700544,-139.6150029055643,217.82211424532494,0.3546603983845777,0.17374123965887564,59.46217480364844,342.24559995310693,246.1097316239242,245.09997960016236,139.97856978837868,247.81848195806543,536371.7083333334,121.38096082473771,0.38690376866111553,82513.51207989742,0.15383643618395063,536915.0,8.48123338531362,134.0015705193189,4865841150.435917,2.8856000618787823,60.25250047531514,3.589750258092482,217.82211424532494,38.42319166162065,81.65705683700544,92.34920807005999,-139.6150029055643,357.4371171508892,25.933265712448513,95.19764279164833,-0.949802579261563,4865841150.435917,0.1642023649578662,2394.7162618043385,101.16918941176958,484.48614957790284,-36.56587914110562,11.460660820006837,1.8591791004644733,0.7181611846632954,0.9491337925975578,1.7604577945818343,0.925291884709732,0.6361473967452398,0.6079063079535122,0.992071769967217,0.9437662330458588,-0.2013341309498178,0.7971152253109653,0.48055557992984166,9.93816958648401,0.04946906233448971,5.015398559187503,0.7357844027720379,0.11707867410147177,19.87633917296802,3.6477886109875777,3.329959980117828,52263.831919893884,0.1463425983431084,4.495598952445617,95.50734723241735,3.7623333023988335,393.3320401307065,0.04297105315738156,0.014078342767675608,4.354277032986571,188831.27818558365,0.5215193966970004,0.6629331816596095,1.2718030573021724,0.7467888162618986,69.04596252329434,0.011232605292833034,1412.9059742288168,0.11034017760474946,10.013017989330542,60.37368215540804,1705363.2820773136,189309116.7420539,15995.921068408137,0.036131694574478755,2264.3893010542756,0.17683633745054866,0.40559796557075256,20.449384121996705,0.017739055567617727,6.608388573024493,0.023849212631422107,1703605.1483361467,241.93998482135027,2.1118006907291393e-05,66.26121005524175,0.024146506279532767,0.002217070426662259,case_00225
3.1.1.dev111+g8ed579383,2.0.2,2.5.5,1.8.0,3.12.13,"{'minimumROIDimensions': 2, 'minimumROISize': 50, 'normalize': False, 'normalizeScale': 1, 'removeOutliers': 3, 'resampledPixelSpacing': [1, 1, 1], 'interpolator': 'sitkBSpline', 'preCrop': False, 'padDistance': 10, 'distances': [1], 'force2D': False, 'force2Ddimension': 0, 'resegmentRange': None, 'label': 1, 'additionalInfo': True, 'binWidth': 25}",{'Original': {}},3f3bba2c79612a86cb8281b41fca11d0013ddb11,3D,"(3.0, 0.9375, 0.9375)","(160, 512, 512)",-595.778243112564,-1024.0,3071.0,be20e2baa26dfbfaa67c4e0df77557d6cde13c34,"(3.0, 0.9375, 0.9375)","(160, 512, 512)","(32, 237, 142, 40, 83, 237)",185064,2,"(np.float64(50.161214498768), np.float64(275.8034139540916), np.float64(263.36072385769245))","(246.90067861658667, 258.56570058196087, -150.48364349630398)","(1.0, 1.0, 1.0)","(142, 100, 244)",67.93501482994589,-1030.7699709009069,1429.9445664003251,"(1.0, 1.0, 1.0)","(142, 100, 244)","(12, 11, 11, 120, 78, 222)",487044,2,"(np.float64(67.49726513415625), np.float64(47.50998472417277), np.float64(124.88136595461602))","(246.912615954616, 258.5412347241728, -150.49726513415624)",179.2130907707363,-159.2792290256855,317.31054070314696,0.3901460422618017,0.1745519273585649,51.89037362677781,297.2775747138243,222.89908030317218,222.81157959136684,125.23977004130916,223.41217513824085,486748.2083333333,115.98166922778562,0.5204174588141282,57500.087799955356,0.11813107231938352,487044.0,72.80336273758952,246.90599358103967,18348046381.395897,3.2195109424562305,94.95967615976573,4.285721392297024,317.31054070314696,59.41353687448619,179.2130907707363,208.95782677604564,-159.2792290256855,476.5897697288325,40.25784511334718,194.09342149384443,-1.3193201555643148,18348046381.395897,0.14686507652327974,5554.924363586982,227.27410143173327,3217.4348745661537,-185.48576105974,27.66039467518079,3.304710568239571,0.7850207633009358,1.1073850797685973,1.9819132907589605,2.041222820614049,0.6324086737566321,0.6027277651473125,0.9923509118629484,0.9513270595096522,-0.24483620780274432,0.8748043296566725,0.44984606942652283,14.872243489063845,0.04943171856321693,5.49587102485965,0.8170032015965258,0.14259504539477688,29.74448697812769,3.9987086474424363,7.741276310855089,37388.71794810601,0.11797442111603472,10.383290029847595,213.0847822465544,3.8094587906018464,912.1588590779891,0.0196356285429853,0.006760538937754926,4.783095507511596,165460.46041527935,0.5189299760748172,0.648142357063933,1.3204408093528115,0.7471253235920844,152.77161242594192,0.005498437308613772,1818.391435608167,0.0722329163266929,15.190836078975655,134.2628505601017,605523.4214665925,161866700.1092397,2323.649243318456,0.014404156036407493,7370.993008659729,0.29280181968140656,0.5534378935759093,69.29853114211895,0.00850834522168098,6.425540502749113,0.051687321884675716,605149.111027405,95.76364019560249,2.5232292577614566e-05,143.62902348795097,0.035201064517234565,0.006565488316997743,case_00226
3.1.1.dev111+g8ed579383,2.0.2,2.5.5,1.8.0,3.12.13,"{'minimumROIDimensions': 2, 'minimumROISize': 50, 'normalize': False, 'normalizeScale': 1, 'removeOutliers': 3, 'resampledPixelSpacing': [1, 1, 1], 'interpolator': 'sitkBSpline', 'preCrop': False, 'padDistance': 10, 'distances': [1], 'force2D': False, 'force2Ddimension': 0, 'resegmentRange': None, 'label': 1, 'additionalInfo': True, 'binWidth': 25}",{'Original': {}},ce58b107dbccd6704d17fbdd6648feb5374987e5,3D,"(3.0, 0.869140625, 0.869140625)","(145, 512, 512)",-469.63117062798864,-1024.0,1601.0,5428ab25034b028d88e0ddef555edca8a4de2007,"(3.0, 0.869140625, 0.869140625)","(145, 512, 512)","(38, 239, 134, 36, 108, 272)",173633,35,"(np.float64(56.286610264177895), np.float64(293.79021268998406), np.float64(269.3592231891403))","(234.1110435921239, 255.34500907625568, -168.85983079253367)","(1.0, 1.0, 1.0)","(130, 116, 258)",26.812621287693606,-950.4729341583885,1427.3283090716293,"(1.0, 1.0, 1.0)","(130, 116, 258)","(12, 11, 10, 108, 94, 237)",394047,27,"(np.float64(67.85985428134207), np.float64(58.26973178326443), np.float64(128.03167134884924))","(234.09710103634924, 255.33516147076443, -168.85985428134205)",139.22975791322216,-163.16327774586114,316.87715627426775,0.29200489015143793,0.16338858731203726,57.841450874523474,354.0115734280674,238.58122306669483,235.1276249188938,112.00892821556681,243.2467882624558,393845.0833333333,103.37311061120053,0.4017514263259201,64676.07400867924,0.16421704052082892,394047.0,31.889899746694933,217.86740627962018,9787723375.667576,3.4293621545898114,102.74361184139848,3.2022846627094657,316.87715627426775,60.27690388637255,139.22975791322216,158.23778280506528,-163.16327774586114,480.0404340201289,43.045863663712495,157.6038529884984,-0.8715164959545981,9787723375.667576,0.11155799075486873,5454.048988245772,183.77523336061046,2171.706334855223,-112.50857999236851,26.11807956103817,3.6988115720333776,0.7495313058546945,1.3457957548710473,2.152627101955214,1.8332375010174855,0.5627883160978486,0.5173014114042546,0.9912011702503469,0.9404736838042828,-0.19726824692035222,0.8383432019284078,0.4535165647996386,13.34791499561837,0.026210238965317083,5.996129289024244,0.7779874362166376,0.06779081460255293,26.695829991236735,4.185436097812739,7.454222783267887,29722.78358492116,0.10142344620622848,9.64893075005191,173.83595730091153,2.4965243203923184,470.19061793594693,0.017209220290803615,0.008328812445409783,4.5877003031709505,180804.38615605576,0.6130593088104609,0.7427095284026056,0.6324986017350192,0.8099906207882478,137.08187333873937,0.007139189350909441,1775.9833515403102,0.07760469091283854,15.357903430767273,108.97504915883766,312294.8215424951,66415592.71439808,1547.6332618789238,0.018759968896778608,5778.803015075377,0.25251487940027867,0.5080348444266422,51.12488373551842,0.010688377167863786,6.58313245517459,0.0580768283986428,311998.3423512028,93.31512007826932,3.1726923979553304e-05,157.35127645138314,0.0408880422544147,0.0056036188890861306,case_00227
3.1.1.dev111+g8ed579383,2.0.2,2.5.5,1.8.0,3.12.13,"{'minimumROIDimensions': 2, 'minimumROISize': 50, 'normalize': False, 'normalizeScale': 1, 'removeOutliers': 3, 'resampledPixelSpacing': [1, 1, 1], 'interpolator': 'sitkBSpline', 'preCrop': False, 'padDistance': 10, 'distances': [1], 'force2D': False, 'force2Ddimension': 0, 'resegmentRange': None, 'label': 1, 'additionalInfo': True, 'binWidth': 25}",{'Original': {}},c5595c2a5a29beee25b28c6a4ee64406ddf0dc6b,3D,"(5.0, 0.7409999966621399, 0.7409999966621399)","(102, 512, 512)",-693.4440925448548,-2048.0,1524.0,cec71d615664b87921df6e9ce8eeb3eb6e0134a0,"(5.0, 0.7409999966621399, 0.7409999966621399)","(102, 512, 512)","(17, 236, 78, 31, 138, 330)",260050,57,"(np.float64(32.21750048067679), np.float64(314.8143203230148), np.float64(245.5182003460873))","(181.92898563694527, 233.2774103085478, -161.08750240338395)","(1.0, 1.0, 1.0)","(177, 124, 266)",56.078620680079204,-1114.667342897201,1350.6723531488649,"(1.0, 1.0, 1.0)","(177, 124, 266)","(13, 11, 11, 155, 102, 244)",714070,43,"(np.float64(91.09148962986822), np.float64(69.14116963322924), np.float64(134.78063075048664))","(181.91013075215557, 233.27066963489818, -161.09148962986822)",72.66479936593215,-161.2262793516071,388.7754660583862,0.422791970605791,0.18432616694563822,60.88293942306659,330.30003516007736,260.7393334347543,245.27739398485136,154.35349040433132,263.13684652666944,713307.7083333334,139.64820275649114,0.4266161485912159,90496.42964253812,0.12686871119616241,714070.0,24.08348565209529,107.3379632779436,4615607849.040095,2.3491791054305264,39.22758910803381,4.67393495783503,388.7754660583862,26.163792547556614,72.66479936593215,80.69226828968014,-161.2262793516071,550.0017454099933,16.92149769196587,80.39778017569516,-1.250780243949523,4615607849.040095,0.24227081494207758,1183.6299902882313,111.56581448997166,167.03178482985203,-17.636521526749313,6.033188846455982,0.8379990687841864,0.7538282045078153,0.5925492178222993,1.3515115054645004,0.4724647949440843,0.7378155006444297,0.7275106473438402,0.9984286650459797,0.9757075102561904,-0.2645603133656879,0.8194362676587599,0.43686530683360875,10.500786281393093,0.10352390350249777,3.934562805747838,0.7717381133948172,0.2182391094152521,21.001572562786194,3.1134120759890815,1.7177969788100416,75425.59950816809,0.20342600735202845,2.52527137894992,105.7362774687945,7.53158160577732,865.0993093428162,0.06957870095642193,0.010727702337658964,4.430842629097589,143473.30168751325,0.37738165562114084,0.5166684800348167,3.119083674380145,0.6262022676673108,63.50960282689943,0.007168152095145555,708.3022934988791,0.12214214407637164,8.105491069884648,80.33643731677876,10315220.967408175,1222485941.3455768,88771.22852325009,0.01937732856589389,717.043455768236,0.12364950090847317,0.3059730721648453,23.488633433600157,0.006803692840809602,6.963642482716463,0.008121052557872478,10300058.308770316,171.18258681434367,1.5251965437333817e-05,105.68714942565006,0.003756198742264394,0.0062640928570172,case_00228
3.1.1.dev111+g8ed579383,2.0.2,2.5.5,1.8.0,3.12.13,"{'minimumROIDimensions': 2, 'minimumROISize': 50, 'normalize': False, 'normalizeScale': 1, 'removeOutliers': 3, 'resampledPixelSpacing': [1, 1, 1], 'interpolator': 'sitkBSpline', 'preCrop': False, 'padDistance': 10, 'distances': [1], 'force2D': False, 'force2Ddimension': 0, 'resegmentRange': None, 'label': 1, 'additionalInfo': True, 'binWidth': 25}",{'Original': {}},8358e68249b081c3ec625ded44d09d409f2e8c08,3D,"(1.0, 0.76171875, 0.76171875)","(266, 512, 512)",-510.09493856501757,-1024.0,3071.0,23fc28a2d72645b2814aef78a368db1f8f900542,"(1.0, 0.76171875, 0.76171875)","(266, 512, 512)","(92, 277, 122, 127, 100, 242)",541515,2,"(np.float64(152.2703877085584), np.float64(327.8114604396923), np.float64(236.99707671994312))","(180.52511703276917, 249.70013588179688, -152.2703877085584)","(1.0, 1.0, 1.0)","(149, 98, 206)",44.153134088655456,-1027.2913357066705,1549.6454584373143,"(1.0, 1.0, 1.0)","(149, 98, 206)","(11, 11, 11, 127, 76, 184)",314208,2,"(np.float64(71.25182363275283), np.float64(49.61990783175476), np.float64(98.40273003870048))","(180.5218706637005, 249.73904845675474, -152.25182363275283)",161.2902619347953,-177.1077224063869,455.7335905129107,0.4291993549304896,0.17985671083485189,44.40179020033717,246.8731358103607,184.78365728602733,184.09780009549272,119.95415791042844,189.7893569197177,314089.9166666667,105.95779063947397,0.4954442445650212,45101.605267260114,0.14359456599533238,314208.0,34.23382693888174,260.3760716924087,10769964645.793798,3.7329089796432076,141.2525859709828,2.7258628938534795,455.7335905129107,76.2684796966318,161.2902619347953,186.87555120918378,-177.1077224063869,632.8413129192976,56.78276121573895,185.13925834972164,-0.6937879062795743,10769964645.793798,0.08940013861096277,8261.996387290084,239.21472737406503,4120.9965981717505,-160.7385623753799,40.20424200125885,7.402175354561463,0.6881940898674839,1.8442069056762098,2.534226077688356,3.922332392419396,0.5031266935002244,0.44512806421810264,0.9904755351319446,0.940031718526541,-0.15609309878222177,0.8107776976459273,0.4155322747117361,15.199124170251556,0.015689427046970263,6.74643877351382,0.7353917839536077,0.043793474945579655,30.398248340503113,4.513111495679156,11.901604338955078,20936.446459324176,0.08386484751299089,13.995286829023057,232.35595575110193,1.97828254059738,481.72561271221196,0.011175024926921451,0.0063987471883755155,4.693128688047242,168386.19301528155,0.6725182391170273,0.7942893781287458,0.3801398927610631,0.8464536088678106,193.52756350907595,0.005632421420740738,2011.2313203041538,0.0631945993937081,20.337487246299734,164.98523220008798,96465.0466913844,28590440.826274116,340.7266633675265,0.012241341003938934,12304.865770125056,0.38662935242019275,0.6443185344593281,103.36506114286955,0.008369709116645807,6.158251855769549,0.10128959160810673,96367.5768274477,51.01326389368271,3.6108680484875256e-05,400.013999466378,0.04699716815706984,0.010377950725384976,case_00229
3.1.1.dev111+g8ed579383,2.0.2,2.5.5,1.8.0,3.12.13,"{'minimumROIDimensions': 2, 'minimumROISize': 50, 'normalize': False, 'normalizeScale': 1, 'removeOutliers': 3, 'resampledPixelSpacing': [1, 1, 1], 'interpolator': 'sitkBSpline', 'preCrop': False, 'padDistance': 10, 'distances': [1], 'force2D': False, 'force2Ddimension': 0, 'resegmentRange': None, 'label': 1, 'additionalInfo': True, 'binWidth': 25}",{'Original': {}},1a748da76212af3c8e0fa8e9d75f8f665b0c7b9b,3D,"(5.0, 0.64453125, 0.64453125)","(93, 512, 512)",-460.1459195126769,-1024.0,1528.0,20a4863dff57ac16265e9b50142960fba6abf8c7,"(5.0, 0.64453125, 0.64453125)","(93, 512, 512)","(21, 243, 94, 22, 129, 304)",143739,20,"(np.float64(30.89315356305526), np.float64(301.8650331503628), np.float64(241.9551757004014))","(155.94767183814935, 194.5614471476948, -154.4657678152763)","(1.0, 1.0, 1.0)","(132, 105, 218)",14.362332692904863,-1122.7576834986917,1586.2403198677302,"(1.0, 1.0, 1.0)","(132, 105, 218)","(13, 11, 11, 110, 83, 196)",298725,12,"(np.float64(64.46932797723659), np.float64(48.375579546405554), np.float64(105.70359025859905))","(155.88132463359906, 194.55331392140556, -154.4693279772366)",102.50417808702326,-122.9187750719217,202.280661865455,0.41306719558959687,0.16608606980622256,43.89028148762014,264.2622679844746,196.91876497682998,196.1249601657066,118.53269591129698,197.0101520226813,298466.4166666667,109.15807393649344,0.37351551393802823,57823.688850152204,0.19373599715485199,298725.0,11.732198456355944,155.1091957144732,4071769416.367518,2.8732663630484825,66.98601193258426,3.6539793053954317,202.280661865455,44.422722594276685,102.50417808702326,122.42953879212598,-122.9187750719217,325.1994369373767,29.996997136724378,116.7497080171679,-1.189852102390273,4071769416.367518,0.17763491828582914,3123.38779679778,100.07192212261629,874.7808654417039,-71.71214017982652,14.842617746772548,1.904418932788991,0.7696194100050635,0.8995463805993419,1.759537099156384,1.0642880354991129,0.6620487727445117,0.6376145292798827,0.9908464063078578,0.9437841716688179,-0.2354933717444853,0.8332348788667384,0.45521452892998965,9.8404419401895,0.0680126152012155,4.846233561726602,0.7909050708683218,0.1843551067800946,19.680883880378993,3.600436787294597,4.186759169890385,26162.638620252426,0.13935490400280492,5.99283435820051,90.00295141642894,4.548695564760371,486.0014030795805,0.055349390904835066,0.018309194614793252,4.50461020407356,95178.19169002332,0.5023793923446331,0.6253757958503126,1.7930056622772272,0.7348190407017332,62.02033859085371,0.0151074103477161,919.6006337284356,0.10792167981791288,8.419963981377611,45.83053632202793,859558.6880647811,100097020.72984391,7655.853481585305,0.05783601298680582,1635.4215467668114,0.19192835896805674,0.4263566424858256,16.86052284965036,0.030509387362750363,6.45739373213951,0.02852456272491422,858329.65940882,137.93828056603704,4.001324978544729e-05,54.0342968707803,0.03415527109347332,0.003945265796310705,case_00230
3.1.1.dev111+g8ed579383,2.0.2,2.5.5,1.8.0,3.12.13,"{'minimumROIDimensions': 2, 'minimumROISize': 50, 'normalize': False, 'normalizeScale': 1, 'removeOutliers': 3, 'resampledPixelSpacing': [1, 1, 1], 'interpolator': 'sitkBSpline', 'preCrop': False, 'padDistance': 10, 'distances': [1], 'force2D': False, 'force2Ddimension': 0, 'resegmentRange': None, 'label': 1, 'additionalInfo': True, 'binWidth': 25}",{'Original': {}},8d069954b01e81107b5fd5de495643765f6875ae,3D,"(3.0, 0.921875, 0.921875)","(165, 512, 512)",-443.4901045596961,-1024.0,3071.0,fe494abcb8a1a963dbb43c05026b49ca6b4e83ea,"(3.0, 0.921875, 0.921875)","(165, 512, 512)","(39, 264, 122, 42, 96, 271)",225679,4,"(np.float64(58.70688012619694), np.float64(310.9903313999087), np.float64(261.52935363946136))","(241.09737288637845, 286.69421175929085, -176.12064037859082)","(1.0, 1.0, 1.0)","(148, 111, 271)",-8.661855617426934,-326.8947219577671,1150.2244651547683,"(1.0, 1.0, 1.0)","(148, 111, 271)","(12, 11, 10, 126, 89, 249)",575589,4,"(np.float64(72.13522669821695), np.float64(54.63325914845489), np.float64(138.95448835888106))","(240.99355085888106, 286.6723216484549, -176.13522669821697)",72.69693411926413,-156.16441914536787,194.27265686002053,0.35543775441901343,0.16609613052675037,58.588038215515425,352.7357201502031,249.68980756130196,250.59928172283335,139.97856978837868,251.94046915888683,575318.875,125.37559227356174,0.39718696032414197,84222.51851745493,0.14639276091446665,575589.0,12.755599323257261,112.28146856410449,3967739247.982497,2.525659536880052,40.974684252818705,4.629314843683765,194.27265686002053,29.994369267825075,72.69693411926413,82.59769966595343,-156.16441914536787,350.4370760053884,18.51467985700723,83.02623013452703,-1.2896207902120476,3967739247.982497,0.2244168832188195,1608.5106600108202,112.7354905873203,253.4876688420472,-25.349412217983172,7.2378395013200585,1.5522654875800406,0.6437019306005201,0.8530914962505194,1.6702531415286974,0.8011053749549227,0.6610849989467152,0.637962486952276,0.9933383095840461,0.949075816966049,-0.16279183605811268,0.7094863334701063,0.47667616961455317,10.55050908983042,0.08056522644995472,4.442329425094205,0.6820451909003913,0.18843639192036354,21.10101817966084,3.2236542894753537,2.1975262472250248,67268.11085400972,0.18474446800251482,3.2850964137595797,106.83088676992938,4.264058880493312,495.35321489936325,0.040040355987037556,0.011167420870204328,4.162576212677903,181897.62974821808,0.4933778058779792,0.629456488517381,1.5228435189382927,0.7261871741101292,75.11330742772365,0.008607303147356691,1907.926166126216,0.1189776855903103,8.653785697539726,75.34042155150911,2194495.0228860066,265627410.0844974,18447.692769198096,0.022183683276097214,3557.1870790720877,0.22182508599850884,0.467930992304572,30.813158803909555,0.012089106235750017,6.1590785025662065,0.027860157160751856,2193206.6758102565,275.11761006939645,1.576869412846763e-05,69.16657472527244,0.015820120718690274,0.002259344759951639,case_00231
3.1.1.dev111+g8ed579383,2.0.2,2.5.5,1.8.0,3.12.13,"{'minimumROIDimensions': 2, 'minimumROISize': 50, 'normalize': False, 'normalizeScale': 1, 'removeOutliers': 3, 'resampledPixelSpacing': [1, 1, 1], 'interpolator': 'sitkBSpline', 'preCrop': False, 'padDistance': 10, 'distances': [1], 'force2D': False, 'force2Ddimension': 0, 'resegmentRange': None, 'label': 1, 'additionalInfo': True, 'binWidth': 25}",{'Original': {}},6bec0c7cb9b972e4139a1a0c3e296c11ce97ca40,3D,"(5.0, 0.8203125, 0.8203125)","(101, 512, 512)",-522.6428042496785,-1024.0,1677.0,852997f2726ba0d75626620388b8164a8d67a7a1,"(5.0, 0.8203125, 0.8203125)","(101, 512, 512)","(17, 277, 125, 29, 108, 239)",152723,30,"(np.float64(31.80910537378129), np.float64(324.0620862607466), np.float64(242.45384126817834))","(198.88791666530255, 265.8321801357687, -159.04552686890645)","(1.0, 1.0, 1.0)","(167, 111, 218)",52.95997847779197,-1081.617649116563,1302.5993021316092,"(1.0, 1.0, 1.0)","(167, 111, 218)","(13, 11, 11, 145, 89, 196)",513595,27,"(np.float64(89.06005704884198), np.float64(49.741936740038355), np.float64(106.81114496831161))","(198.90098871831162, 265.83178049003834, -159.060057048842)",102.31239451388045,-151.84525956041284,639.9072461153148,0.47866894815227023,0.2206670655439733,56.18364711380424,254.60821249108545,198.3229689168655,196.25493624365222,137.99275343292487,208.6648029735729,513025.5833333333,121.8730452640376,0.4760383965243605,65103.0731122997,0.12690024674656356,513595.0,48.7249072637711,140.3178629777464,6757212996.545116,2.6244642550519877,40.312450218963974,22.21743098410689,639.9072461153148,31.660847676300882,102.31239451388045,108.89909731888645,-151.84525956041284,791.7525056757277,17.468083731136808,114.70263921971771,1.60441903366339,6757212996.545116,0.22139502973307437,2688.8693728048065,140.39145307926196,5532.686375760998,128.254209529417,13.564054524804492,1.8437055642008342,0.7588293914868983,0.8226084015638038,1.667164201840587,1.1368122038980222,0.6857159817197606,0.6661631011448047,0.9983509084987569,0.9765863400103351,-0.21084153525749147,0.7824145734400971,0.4501677400026801,11.724354503304946,0.08361385198811407,4.5109580070180435,0.8882632323082004,0.18351384287519973,23.44870900660989,3.364749548987384,3.8519400222513323,54463.505535942066,0.17952021305592517,6.018924050871892,135.01078465671594,5.932510498348945,847.9148279418097,0.04510542769911717,0.009283264344210397,4.490683925595488,141425.81052743577,0.4595663008221426,0.5851291087634899,2.531318728151307,0.7006314290011315,92.39663200753623,0.006983678907698918,1171.1885093611547,0.08369219017873052,20.870403553379795,116.3437187366014,1971505.58718022,285121125.5669573,13824.665477062086,0.018325422570275387,2834.7460340145776,0.20256867471877787,0.44453083065361304,51.49513789832458,0.009029976362537107,6.973606205244798,0.027247149991725,1970158.6174534438,78.90241373210162,1.9234403483193345e-05,350.35803761080103,0.004910625067110106,0.027023037087896055,case_00232
3.1.1.dev111+g8ed579383,2.0.2,2.5.5,1.8.0,3.12.13,"{'minimumROIDimensions': 2, 'minimumROISize': 50, 'normalize': False, 'normalizeScale': 1, 'removeOutliers': 3, 'resampledPixelSpacing': [1, 1, 1], 'interpolator': 'sitkBSpline', 'preCrop': False, 'padDistance': 10, 'distances': [1], 'force2D': False, 'force2Ddimension': 0, 'resegmentRange': None, 'label': 1, 'additionalInfo': True, 'binWidth': 25}",{'Original': {}},db41d9f1dc6fbc550a1f48bfbb1c90bac22ce49f,3D,"(5.0, 0.7409999966621399, 0.7409999966621399)","(96, 512, 512)",-633.9891582727432,-2048.0,1639.0,8f2e27c4525f21952823e11f3e4137d10522fedf,"(5.0, 0.7409999966621399, 0.7409999966621399)","(96, 512, 512)","(26, 146, 59, 36, 236, 348)",176555,190,"(np.float64(41.39881623290193), np.float64(310.66633626915126), np.float64(240.90252329302484))","(178.5087689560325, 230.20375413848032, -206.99408116450965)","(1.0, 1.0, 1.0)","(202, 197, 280)",30.181169138121014,-1144.3580682829559,1496.8695879125542,"(1.0, 1.0, 1.0)","(202, 197, 280)","(13, 11, 11, 180, 175, 258)",485260,166,"(np.float64(91.97976342579236), np.float64(133.05701067468985), np.float64(145.3592301034497))","(178.48873010511863, 230.18651067635878, -206.97976342579236)",109.11018538094255,-140.77764739859097,251.8744070253862,0.38756646931577476,0.18469252933214264,70.72880853040425,382.95435546940166,255.38402455909414,257.93410011086166,196.2065238466856,281.2205540141047,484172.5833333333,148.42026745837416,0.31328026267593695,95181.2095024959,0.19658529371326974,485260.0,33.18149528153749,175.13128950179984,7347881060.26156,3.1435647075208495,84.89760023419272,2.935399285925094,251.8744070253862,46.94618862648482,109.11018538094255,117.28236829998448,-140.77764739859097,392.6520544239772,34.5707319048704,123.05345498852735,-0.6264959233547781,7347881060.26156,0.12963372988450625,3237.1202307498775,125.60672242159836,823.2692442629833,-40.73091643200276,17.20876560204024,1.8468174322370112,0.8049262202948022,0.9369317566749562,1.7571783123214215,0.9333844061369158,0.6412501207766622,0.6137255135861854,0.9938194555889239,0.9504172064884879,-0.264457795936782,0.8821175661151514,0.47582605425001323,11.034699092304523,0.036972775592983356,5.334776267745307,0.8189163378175037,0.0936574168020776,22.06939818460905,3.9744371053919187,4.763895758569314,38843.647653236396,0.12127982345226192,5.692209396393292,118.95843765135945,3.6118091348358825,466.3806656948169,0.03416769944683745,0.011151195296001873,4.587906375551176,168240.04700215094,0.5171691429431479,0.6597230984817022,1.1666924780918724,0.7436413772858769,85.72634026931232,0.008777380453724363,1115.106426385583,0.09478973362679217,9.824624188433965,77.7091125467528,1011042.4875892553,144496584.51079565,7541.225646248591,0.024290671483668237,1848.2057123427405,0.1571069119638508,0.3804347152729203,26.18471060072793,0.010607066548754217,7.077370572501357,0.024242674030416685,1009340.9601536787,134.7100892096006,3.1702144459412764e-05,75.98746433081836,0.022565509415310065,0.003935919645660764,case_00233
3.1.1.dev111+g8ed579383,2.0.2,2.5.5,1.8.0,3.12.13,"{'minimumROIDimensions': 2, 'minimumROISize': 50, 'normalize': False, 'normalizeScale': 1, 'removeOutliers': 3, 'resampledPixelSpacing': [1, 1, 1], 'interpolator': 'sitkBSpline', 'preCrop': False, 'padDistance': 10, 'distances': [1], 'force2D': False, 'force2Ddimension': 0, 'resegmentRange': None, 'label': 1, 'additionalInfo': True, 'binWidth': 25}",{'Original': {}},3c14a8e6d52e819036c2580cd67f92b4ba8b298f,3D,"(3.0, 0.685546875, 0.685546875)","(140, 512, 512)",-406.80961480821884,-1024.0,1653.0,bcf75b4d89e35e76da2ed8ed9a9d26af59a5e686,"(3.0, 0.685546875, 0.685546875)","(140, 512, 512)","(35, 201, 106, 35, 135, 309)",250752,3,"(np.float64(51.61328324400204), np.float64(266.6537016653905), np.float64(262.9558807108219))","(180.26858228417672, 182.80361188389074, -154.83984973200612)","(1.0, 1.0, 1.0)","(127, 115, 234)",33.88916296205012,-917.4219325057861,1424.3633611622517,"(1.0, 1.0, 1.0)","(127, 115, 234)","(12, 11, 11, 105, 92, 212)",353640,3,"(np.float64(62.83112487275195), np.float64(55.6520190023753), np.float64(118.10600610790634))","(180.26323267040635, 182.8092455648753, -154.83112487275196)",135.61133765763176,-140.12605226967693,653.560763767707,0.35947512898887257,0.16038103360371764,48.102216120163554,299.9245923244165,212.46176126540982,211.19185590358356,119.09659944767525,216.08100332976983,353552.0,107.81543151275464,0.5099780373823206,47413.44555068363,0.13410600293785252,353640.0,48.63803722604348,190.77236598039147,7743435918.524925,2.9574628182863214,72.54334489357896,4.417739748516972,653.560763767707,46.565565754323764,135.61133765763176,156.24328884799905,-140.12605226967693,793.686816037384,31.348008285576118,147.97425542827904,-1.260946761964647,7743435918.524925,0.16794163931015124,3505.9453682613566,150.4315839622541,1253.2873725688185,-84.35883916964096,16.949561397776,2.2603817508834325,0.7628215245960928,0.9692787948150238,1.8454151550718618,1.2963101721639287,0.6488145394601718,0.6218421582914692,0.9979571211789638,0.9725064114517229,-0.23294285302723422,0.8460030527079074,0.4551281051203579,12.11435999595124,0.059988560367110484,5.050544033112093,0.7929197294830163,0.15326419905656372,24.22871999190249,3.7031106183842835,4.802485787164861,30899.18197762475,0.13731677347515373,6.737411919565097,139.3890312087361,4.067651652890489,649.9014907753061,0.03050302897783223,0.010076051033914278,4.558329443598517,114732.89997904784,0.5070319180388241,0.6338862641712998,1.4638662593719762,0.7388060647941431,98.25857578913067,0.008154370078475843,1421.2050032916393,0.09356188303434096,12.473475754335798,86.21283739302173,626035.1537853851,109883750.10026333,3666.485361899346,0.024094235093327605,3897.9456221198157,0.2566126150177627,0.5123161338182218,39.30670067561118,0.014161827176973148,6.255036058052288,0.04295328582739509,625493.143889231,46.85352215936706,3.18788210146497e-05,408.2724175236434,0.007294657091962102,0.03369610358980868,case_00234
3.1.1.dev111+g8ed579383,2.0.2,2.5.5,1.8.0,3.12.13,"{'minimumROIDimensions': 2, 'minimumROISize': 50, 'normalize': False, 'normalizeScale': 1, 'removeOutliers': 3, 'resampledPixelSpacing': [1, 1, 1], 'interpolator': 'sitkBSpline', 'preCrop': False, 'padDistance': 10, 'distances': [1], 'force2D': False, 'force2Ddimension': 0, 'resegmentRange': None, 'label': 1, 'additionalInfo': True, 'binWidth': 25}",{'Original': {}},680022e1049b065605ea6a2e077739ed614c349f,3D,"(3.0, 0.78125, 0.78125)","(159, 512, 512)",-306.21595941699525,-1024.0,1338.0,a90cc9c643034d55b0e14c0fe94b60780a5a28c0,"(3.0, 0.78125, 0.78125)","(159, 512, 512)","(41, 198, 81, 40, 137, 355)",329390,7,"(np.float64(59.92379550077416), np.float64(267.9723701387413), np.float64(257.512401712256))","(201.1815638377, 209.35341417089165, -179.77138650232249)","(1.0, 1.0, 1.0)","(142, 129, 300)",-5.4649177374550275,-617.0339691934144,1154.6148736932435,"(1.0, 1.0, 1.0)","(142, 129, 300)","(12, 11, 11, 120, 107, 278)",603096,7,"(np.float64(69.77118568188149), np.float64(65.25797385490867), np.float64(149.0964274344383))","(201.2058024344383, 209.36734885490864, -179.7711856818815)",95.88474242430433,-134.3631608645313,215.3634050178169,0.32259180452626335,0.14396932911031243,55.370830247871694,384.60157166840276,273.11719096387907,277.5193686934301,140.2640367307315,279.6587205863604,603434.4583333334,124.06931502814706,0.42338578843223174,81564.51395073185,0.135167146695617,603096.0,22.402115188528278,145.21622678658372,7017598744.435077,2.8244265223776432,57.960403402383264,4.0749709833007985,215.3634050178169,38.32176740450317,95.88474242430433,109.534979044137,-134.3631608645313,349.72656588234815,25.039395467951504,107.87009025911513,-1.1719812123778979,7017598744.435077,0.17796925911320186,2442.072542734459,112.59497132061091,550.965797844976,-45.42383995650625,11.49480538967265,1.9747043128744228,0.7044151462420115,0.9712521441463224,1.800965308456744,1.0042547449371855,0.6330770387520857,0.604079817947767,0.9916128845323939,0.9426754910930946,-0.1858473379725199,0.7778811654963559,0.4779332606125069,10.498272708086713,0.0555997185734206,4.949886492303663,0.7285908951704,0.11787784765029205,20.996545416173426,3.5675834859408533,3.367377425636768,61706.09235554825,0.1537304197842268,4.67465552412672,106.48352079386191,3.506485994616993,409.0805150354278,0.03547499643241548,0.012491990849060984,4.307758472774143,212180.80846570808,0.5239939363800782,0.6634597528037379,1.1132196000754595,0.7498169601565976,77.19597782828777,0.010041964646118711,1941.0905964535195,0.10430363226510046,10.696306764518797,69.12799570123589,1595545.2381515314,199772121.8861902,13113.17504430897,0.03054150346687175,4196.393551853842,0.2254913246563053,0.4723905256512622,28.63666556029339,0.01715308650332897,6.305062554082439,0.030857442264581425,1594495.0184773633,272.83002164007,1.721613366071913e-05,70.74479853959343,0.025415337458107274,0.002091577715568357,case_00235
3.1.1.dev111+g8ed579383,2.0.2,2.5.5,1.8.0,3.12.13,"{'minimumROIDimensions': 2, 'minimumROISize': 50, 'normalize': False, 'normalizeScale': 1, 'removeOutliers': 3, 'resampledPixelSpacing': [1, 1, 1], 'interpolator': 'sitkBSpline', 'preCrop': False, 'padDistance': 10, 'distances': [1], 'force2D': False, 'force2Ddimension': 0, 'resegmentRange': None, 'label': 1, 'additionalInfo': True, 'binWidth': 25}",{'Original': {}},ecde745a70b79cc8a2579050c67f4f8e56517da7,3D,"(5.0, 0.921875, 0.921875)","(64, 512, 512)",-455.0497601032257,-1024.0,2958.0,d27ad7f31fa6ef90e61131c00cec67ba5cfb6bc6,"(5.0, 0.921875, 0.921875)","(64, 512, 512)","(26, 201, 148, 34, 147, 254)",121063,37,"(np.float64(44.58194493775968), np.float64(277.4740507008747), np.float64(258.14144701519047))","(237.97414646712872, 255.79639048986888, -222.9097246887984)","(1.0, 1.0, 1.0)","(192, 158, 257)",37.02418592092141,-1060.0524082261302,1240.4109293690885,"(1.0, 1.0, 1.0)","(192, 158, 257)","(13, 11, 11, 170, 136, 235)",514525,37,"(np.float64(107.92978961177785), np.float64(81.75834021670472), np.float64(112.8740197269326))","(237.9130822269326, 255.7974027167047, -222.92978961177784)",73.42804091528386,-113.75706036918763,321.29299634532947,0.3322063355635406,0.17921188606344382,58.936858497504595,328.8669060524257,245.15301344262525,226.97356674291393,176.207264322445,246.7670966721455,514210.125,109.25166974779552,0.45097635311611534,68826.77758880812,0.13384951840224485,514525.0,17.839705379254575,119.68951857029991,3618891105.7245326,2.7021620420855004,50.16128120706322,3.637398043006036,321.29299634532947,31.535452845531598,73.42804091528386,78.89401189134622,-113.75706036918763,435.0500567145171,21.191306571150236,83.86572716459844,-0.7013570259163865,3618891105.7245326,0.18498602589762775,1641.783000190265,74.2418175219067,262.87961652795957,-18.258169698090192,8.411626927955744,1.6236751841117743,0.6752328120724791,0.9180427026021051,1.6866546963314404,0.7460040176084559,0.6364808118323934,0.6083900801707486,0.995087497430537,0.953459266802133,-0.18091740406971163,0.7541441766576925,0.48745686828210677,8.517300387339068,0.05332551040476329,4.826817458219834,0.708316951720573,0.11282828389868398,17.034600774678136,3.4912541384600377,2.5088255280168803,58454.39683048573,0.17058634553271113,3.0533247429547785,72.63815115657073,3.952334885550619,300.2906519293226,0.06133973660244399,0.017690242162812453,4.169449369295403,181574.6323128346,0.5177471897683322,0.6641724069623588,1.3083480564979995,0.7393248014799598,53.050460102503514,0.013589159532502627,950.9119902211357,0.10566862876109964,9.287933277914433,63.53339259917769,2676563.743860429,213418478.35603955,35191.44413785352,0.03677760885832222,1273.8076452939215,0.14154991057827776,0.3359142421277417,18.354403381429897,0.015678894562413476,6.9160491437257425,0.017489917885428308,2673294.6720623015,237.576599449608,1.8590560203222586e-05,100.29535586360927,0.011564823165301654,0.003298219766481838,case_00236
3.1.1.dev111+g8ed579383,2.0.2,2.5.5,1.8.0,3.12.13,"{'minimumROIDimensions': 2, 'minimumROISize': 50, 'normalize': False, 'normalizeScale': 1, 'removeOutliers': 3, 'resampledPixelSpacing': [1, 1, 1], 'interpolator': 'sitkBSpline', 'preCrop': False, 'padDistance': 10, 'distances': [1], 'force2D': False, 'force2Ddimension': 0, 'resegmentRange': None, 'label': 1, 'additionalInfo': True, 'binWidth': 25}",{'Original': {}},e0552c0a8b8ca25fe0d412ef58a2909d8814b17b,3D,"(2.5, 0.7773439884185791, 0.7773439884185791)","(175, 512, 512)",-805.8171561758859,-2048.0,1730.0,7bfeb78cfd3a75f18dc9dfc4eaae5bba13b9e729,"(2.5, 0.7773439884185791, 0.7773439884185791)","(175, 512, 512)","(26, 303, 140, 50, 84, 236)",198719,2,"(np.float64(49.95392488891349), np.float64(342.25223556881826), np.float64(247.89649706369295))","(192.70085174248567, 266.0477178422403, -124.88481222228373)","(1.0, 1.0, 1.0)","(147, 87, 205)",89.56058924367257,-1107.7179560164345,1672.7628257332915,"(1.0, 1.0, 1.0)","(147, 87, 205)","(12, 11, 11, 125, 65, 183)",299775,3,"(np.float64(72.45334000500375), np.float64(40.94401801351013), np.float64(94.52740889000083))","(192.63873689579154, 266.0553460193008, -124.70334000500375)",134.2556904104884,-135.73959970907563,320.37694958667333,0.48091143064516456,0.19843912060453844,47.810242829863384,240.93153952814853,186.60117898877274,183.84776310850236,121.67168939404104,187.83503400590635,299362.4166666667,115.86673136202393,0.36194361470380326,59791.767149685555,0.19973037302228336,299775.0,30.745796807048045,206.70342347933922,6752660789.235174,3.336977783759938,85.73141019419585,3.2305420196982046,320.37694958667333,53.46840537089426,134.2556904104884,149.8509171246284,-135.73959970907563,456.116549295749,36.914462213285816,150.08585416409403,-0.8391648915286793,6752660789.235174,0.11981731051297674,4501.1732125688,150.57587452659897,1698.5381469109645,-99.32999621470528,22.72471947659765,3.726098486947921,0.7170453671193566,1.3907556596573867,2.1621307089125112,1.7174100651323732,0.5493853008710867,0.5002416725298786,0.9901550349172717,0.9354840220761231,-0.17315813255216175,0.7981012276273649,0.44965974028061806,12.075786944011698,0.025739599434267513,5.965796810674854,0.751929101038895,0.060059785161391106,24.1515738880234,4.101025001895197,6.61270449088639,25611.89470913272,0.11212444655440602,7.796537912346476,145.73897397140314,2.313592446922125,351.0349849339708,0.02030004529933617,0.00990626345233119,4.421813473404512,145757.4808869268,0.6324417093826684,0.7611983346484222,0.5341160267831244,0.8211227352072616,118.01005043735502,0.00845801333652202,1435.1341078276562,0.08093470041888429,14.861179205682582,106.06626438078051,254490.89042409204,43829472.30684638,1550.8781243463457,0.021192042484051234,4799.713625084592,0.2706808947148992,0.5292445876470186,52.88856894913112,0.012765845451226913,6.451836636622878,0.059151029939121004,254205.08176785926,98.33405923340513,3.487694151450136e-05,152.07088147808116,0.04065093186744406,0.005418784383270935,case_00237
3.1.1.dev111+g8ed579383,2.0.2,2.5.5,1.8.0,3.12.13,"{'minimumROIDimensions': 2, 'minimumROISize': 50, 'normalize': False, 'normalizeScale': 1, 'removeOutliers': 3, 'resampledPixelSpacing': [1, 1, 1], 'interpolator': 'sitkBSpline', 'preCrop': False, 'padDistance': 10, 'distances': [1], 'force2D': False, 'force2Ddimension': 0, 'resegmentRange': None, 'label': 1, 'additionalInfo': True, 'binWidth': 25}",{'Original': {}},38c75d5fce992c22818ba5dcf4294649c6d8a77e,3D,"(5.0, 0.80078125, 0.80078125)","(96, 512, 512)",-443.46820759773254,-1024.0,1605.0,79418fdd25fd56361ef3e60376b1d023a8131d27,"(5.0, 0.80078125, 0.80078125)","(96, 512, 512)","(25, 231, 123, 24, 121, 294)",126458,2,"(np.float64(36.881351911306524), np.float64(286.4367853358427), np.float64(289.4400670578374))","(231.77817869865885, 229.37320700721781, -184.40675955653262)","(1.0, 1.0, 1.0)","(142, 119, 257)",7.281771963758347,-875.1488264219637,1261.4783580046064,"(1.0, 1.0, 1.0)","(142, 119, 257)","(13, 11, 10, 120, 97, 236)",405680,2,"(np.float64(74.39767797278644), np.float64(55.25755521593374), np.float64(143.7913503253796))","(231.8909597003796, 229.35716459093373, -184.39767797278643)",124.5294497667319,-147.28425082723615,307.1941628542194,0.34085423136823023,0.16043296952281422,54.14989733218515,337.5234996475261,236.4148895480147,234.17301296263838,136.60527076214885,239.34911739966788,405646.7083333333,115.04631304107262,0.37308425512519006,71030.11327376991,0.1751033887729766,405680.0,12.257575735109047,215.93600634143348,8743909415.936445,3.566340074717156,121.47544788886846,2.398420852956777,307.1941628542194,65.61748011650825,124.5294497667319,136.11031466495717,-147.28425082723615,454.47841368145555,49.749194814071856,146.8118212060266,-0.4876986427740109,8743909415.936445,0.09461347361355558,6046.126986625316,144.29452310062095,2505.920288430851,-88.24218869672458,32.467769989964765,3.232581229861332,0.817906734753293,1.234177934936502,2.0623766286437655,1.6552834283445879,0.5855703998634003,0.5454871683471361,0.9915028632878238,0.9425408916072594,-0.249968734071766,0.8964803803215357,0.45996338712902907,11.70397343285049,0.02153058727403809,6.132501359993948,0.8281367446531606,0.054925537002723325,23.40794686570098,4.420000909999486,8.92508780495652,26281.046106293423,0.09024413536342868,10.041439031211123,136.47024167225538,2.7787126829392292,415.58079006441255,0.027340591697047285,0.011751679613532705,4.7723832016960746,172183.21127727398,0.5866811227985838,0.7182032446945679,0.7864521427128138,0.7934499911294559,105.09442749305968,0.009834338886922287,1265.8812776601885,0.0811930779077794,12.766529715052105,86.08190622795202,423396.38984029245,71625826.86056058,2866.367992398081,0.026667442936427012,3530.866333140915,0.22646824021171924,0.4774437537562072,38.78053960028933,0.013350591693060514,6.723187332221847,0.03843176888187734,422719.3421638186,97.64842829746954,4.083101131324788e-05,111.64899074401578,0.04197255697435842,0.005341222283759357,case_00238
3.1.1.dev111+g8ed579383,2.0.2,2.5.5,1.8.0,3.12.13,"{'minimumROIDimensions': 2, 'minimumROISize': 50, 'normalize': False, 'normalizeScale': 1, 'removeOutliers': 3, 'resampledPixelSpacing': [1, 1, 1], 'interpolator': 'sitkBSpline', 'preCrop': False, 'padDistance': 10, 'distances': [1], 'force2D': False, 'force2Ddimension': 0, 'resegmentRange': None, 'label': 1, 'additionalInfo': True, 'binWidth': 25}",{'Original': {}},41634d7b686b74fa004e7686fc4b1dd3e621ddcd,3D,"(5.0, 0.8203125, 0.8203125)","(92, 512, 512)",-481.0655815705009,-1024.0,3070.0,008b0ac69151d6504b6062085308571fbbdfa4b7,"(5.0, 0.8203125, 0.8203125)","(92, 512, 512)","(14, 274, 116, 33, 132, 278)",170386,10,"(np.float64(30.687632786731303), np.float64(345.6514208913878), np.float64(258.3537321141408))","(211.93079587488114, 283.54218119996654, -153.4381639336565)","(1.0, 1.0, 1.0)","(187, 130, 250)",26.283717900667796,-1024.5537786780005,1230.7438594627192,"(1.0, 1.0, 1.0)","(187, 130, 250)","(13, 11, 11, 165, 108, 228)",573265,9,"(np.float64(98.44260507793079), np.float64(69.44583220674558), np.float64(127.85866047988277))","(211.94850422988276, 283.53567595674554, -153.4426050779308)",95.65032957077327,-125.98709446412998,539.0787828890656,0.42301710072217913,0.1755821930498592,56.53686920122719,321.99660010609784,231.0411218809327,225.07776433935007,150.05332385522155,251.55913817629445,573268.1666666666,136.21006821928043,0.4454232653055318,74923.22185511002,0.13069489326567646,573265.0,24.49133312708856,141.76303000958694,6492131743.922057,2.724925567458402,53.123549034676486,4.222709050254451,539.0787828890656,35.98176505291714,95.65032957077327,108.65890528333287,-125.98709446412998,665.0658773531956,23.33375926099501,106.41820973037589,-1.1936730331599528,6492131743.922057,0.19124320992821978,2175.8498152207358,111.7203681114755,528.009717809819,-45.45982176171925,10.93144223951423,1.5271758447639583,0.7530538746399204,0.8554744470350969,1.6545877717454216,0.7663200820952785,0.6582622792794954,0.6346006215359495,0.9980727848663864,0.9712422487653194,-0.221379244828731,0.8093194863899117,0.4792841688566416,10.457933516211881,0.06572737746980571,4.7010192378088735,0.7828502704871313,0.13141588870014426,20.915867032423765,3.474086178407002,3.1146545210695464,59852.12992049386,0.1640687975676842,4.162624774305081,105.75666217148593,4.6227922610365795,539.0662831977666,0.045574652847552605,0.012061026252957257,4.333849385257197,183345.07692525725,0.49422619403518375,0.6323813191509632,1.7483964713577305,0.725633294841555,74.36005345112247,0.009294809249370262,1209.3390569637504,0.10986999699861455,10.51361190578121,76.75697283546833,2663743.2064141002,330455886.55319345,22112.01659481993,0.02586301884757955,1671.4809666575816,0.15185617940016186,0.35767193825409727,22.389447904549318,0.011587481209680329,6.788471211740608,0.019200544250913627,2661030.6865855227,133.21379420046495,1.765621655996827e-05,204.54156410310924,0.007275421269331561,0.010130300495778172,case_00239
3.1.1.dev111+g8ed579383,2.0.2,2.5.5,1.8.0,3.12.13,"{'minimumROIDimensions': 2, 'minimumROISize': 50, 'normalize': False, 'normalizeScale': 1, 'removeOutliers': 3, 'resampledPixelSpacing': [1, 1, 1], 'interpolator': 'sitkBSpline', 'preCrop': False, 'padDistance': 10, 'distances': [1], 'force2D': False, 'force2Ddimension': 0, 'resegmentRange': None, 'label': 1, 'additionalInfo': True, 'binWidth': 25}",{'Original': {}},c7bac22c282bcf653cceddc3a1d7446fd2ec12db,3D,"(2.5, 0.703125, 0.703125)","(193, 512, 512)",-658.7401911878833,-2048.0,1545.0,b37ba681acd0e47d90d7ff0215515af04d4879c8,"(2.5, 0.703125, 0.703125)","(193, 512, 512)","(47, 248, 135, 54, 101, 267)",269941,22,"(np.float64(73.4534398257397), np.float64(300.8396131006405), np.float64(267.86204763263083))","(188.34050224169354, 211.52785296138788, -183.63359956434923)","(1.0, 1.0, 1.0)","(157, 93, 210)",61.77338671258976,-1053.4294945382342,1383.8000967819705,"(1.0, 1.0, 1.0)","(157, 93, 210)","(11, 10, 11, 135, 71, 188)",333492,14,"(np.float64(78.15587480359349), np.float64(47.34825423098605), np.float64(104.17001907092224))","(188.31845657092225, 211.49669173098604, -183.4058748035935)",137.8787061199796,-142.03392148948078,272.9843607917126,0.37133284143560624,0.19370102783917928,50.77451213303678,262.12825352270426,191.3765920900464,180.27756377319946,117.47765745025733,201.58620984581262,333432.9166666667,97.33682920113873,0.5267094891110177,44148.77213280896,0.13240675987891304,333492.0,56.694449174794336,191.16657819348933,7380598200.346564,2.9323597303709823,59.36012971495016,4.880505001090243,272.9843607917126,41.998128495570846,137.8787061199796,153.56821505907567,-142.03392148948078,415.01828228119336,25.99508178180464,148.7657894854257,-1.4046574716431592,7380598200.346564,0.17011287616839266,3120.7225199022796,151.19919648040806,1130.2410136803396,-83.32402511993483,14.957791979464057,2.5862815223021,0.7034318679839509,1.121464299878805,1.946009902252109,1.2929653192264925,0.6009479722954446,0.564817939848643,0.991469433188159,0.941575511263946,-0.168414169042376,0.7643482441632515,0.47380123447435185,12.169861067382827,0.048014262728920606,5.21670476151509,0.7323992323790273,0.11475787146499342,24.33972213476566,3.667319126605724,4.386018375441539,34976.30224483019,0.1491790659613766,5.839342984021069,145.07972842875114,2.9460074255760995,457.98333311614715,0.022781271975862775,0.009250295667071586,4.2812363923710235,133051.07401854536,0.5623377880769792,0.7012918773740622,0.8218176616092917,0.7759915718109827,109.79462434653144,0.007617097869228365,1430.1154092481106,0.09159186686615285,12.64354963996357,96.68150377866017,556397.4603560907,93730261.04201357,3382.1723837470754,0.021554452487160324,4328.718457794287,0.27723315343885535,0.5365409228203509,46.4324253668541,0.013530965788569216,6.200322321890411,0.04681971381622348,555941.2737914949,121.90908384633451,2.8325383854780034e-05,109.91408164687014,0.029472889463817077,0.004931453323336933,case_00240
3.1.1.dev111+g8ed579383,2.0.2,2.5.5,1.8.0,3.12.13,"{'minimumROIDimensions': 2, 'minimumROISize': 50, 'normalize': False, 'normalizeScale': 1, 'removeOutliers': 3, 'resampledPixelSpacing': [1, 1, 1], 'interpolator': 'sitkBSpline', 'preCrop': False, 'padDistance': 10, 'distances': [1], 'force2D': False, 'force2Ddimension': 0, 'resegmentRange': None, 'label': 1, 'additionalInfo': True, 'binWidth': 25}",{'Original': {}},375a8d1b4c58e5751b7fb5324b7792a9232ab8a9,3D,"(5.0, 0.826171875, 0.826171875)","(99, 512, 512)",-358.5633248993845,-1024.0,3071.0,997f82bc8576e184ee8d7c7d37dd0a70e760be5e,"(5.0, 0.826171875, 0.826171875)","(99, 512, 512)","(22, 228, 124, 27, 120, 276)",152231,22,"(np.float64(34.81427567315461), np.float64(299.1202514599523), np.float64(272.01630416932164))","(224.7322200461388, 247.1247389991403, -174.07137836577306)","(1.0, 1.0, 1.0)","(157, 122, 250)",33.81129134654015,-1013.2708671041269,1417.9230045224338,"(1.0, 1.0, 1.0)","(157, 122, 250)","(13, 11, 10, 135, 100, 228)",519960,21,"(np.float64(79.05747557504424), np.float64(70.0555619663051), np.float64(132.65248288329872))","(224.73939694579872, 247.1424760288051, -174.05747557504424)",97.80344022819003,-144.31167135186928,228.00648219735007,0.43508548565706856,0.19232443993520898,57.943443945920905,301.27967077632525,229.44498251214821,230.85276693165278,140.38874598770374,232.98283198553494,519761.4583333333,131.0824118783192,0.4165674063568437,75047.26790997811,0.14438790469502033,519960.0,30.62687927206816,149.88700509942714,6217297822.615997,2.8885971706875155,60.191499672927065,4.080431649457838,228.00648219735007,38.00601117591072,97.80344022819003,108.04529852419962,-144.31167135186928,372.31815354921935,25.346175889859694,109.34926499951916,-1.0351469974270742,6217297822.615997,0.1649243672255828,2391.748835465935,113.59350342970453,550.8163134287304,-39.72855904500788,11.683875104194094,1.993218438450611,0.7060947776354115,0.9790648154582756,1.7908403242628799,0.9954168641928223,0.6303668634074686,0.6006498969730778,0.9925319928091884,0.9454505380441387,-0.19507359802078225,0.7887369447714636,0.47790895518799925,10.54371667791411,0.047740301872556776,5.074511848011269,0.7242393637791191,0.10422170863586158,21.08743335582822,3.664337374944531,3.419273385661176,51925.21953883631,0.1490458715238705,4.481904781903335,108.98774050133474,3.75528349124086,439.95875206444447,0.037792834846881014,0.012034753428688844,4.345573136650325,186233.3301064515,0.5249248173811624,0.6679843715788789,1.2470198386073468,0.7473409949257509,79.45230148090216,0.009527724188173924,1285.4390648567119,0.09694110594696169,10.227594439098299,74.2710407239819,1525307.8001508296,188634209.16764706,12785.536892206072,0.028039704347802365,2310.7912518853695,0.17426781688426618,0.39562738412181453,25.628245320193724,0.012668319093393287,6.759456675590141,0.02550196168936072,1523770.1666871416,209.59907944535553,2.0888025009181904e-05,79.59812463864175,0.021942759377515074,0.0026335997214561382,case_00241
3.1.1.dev111+g8ed579383,2.0.2,2.5.5,1.8.0,3.12.13,"{'minimumROIDimensions': 2, 'minimumROISize': 50, 'normalize': False, 'normalizeScale': 1, 'removeOutliers': 3, 'resampledPixelSpacing': [1, 1, 1], 'interpolator': 'sitkBSpline', 'preCrop': False, 'padDistance': 10, 'distances': [1], 'force2D': False, 'force2Ddimension': 0, 'resegmentRange': None, 'label': 1, 'additionalInfo': True, 'binWidth': 25}",{'Original': {}},a1854ff679a14f27f30a89ccadc1e3c15ebde510,3D,"(5.0, 0.76171875, 0.76171875)","(82, 512, 512)",-506.3934392231267,-1024.0,1793.0,42fc5dfd24659b56a2ec25fd79d568e48d5c42d5,"(5.0, 0.76171875, 0.76171875)","(82, 512, 512)","(10, 271, 93, 25, 115, 292)",100409,6,"(np.float64(21.907040205559262), np.float64(331.3041360834188), np.float64(240.1853718292185))","(182.95370119803752, 252.36057240729167, -109.53520102779632)","(1.0, 1.0, 1.0)","(147, 109, 244)",26.968943986788062,-1033.3982121713818,1905.085736605436,"(1.0, 1.0, 1.0)","(147, 109, 244)","(13, 10, 11, 125, 88, 222)",290955,6,"(np.float64(74.56986475571824), np.float64(56.242391435101645), np.float64(122.7408190269973))","(182.85995965199731, 252.36153206010164, -109.56986475571824)",137.5820065466473,-143.73401776527464,290.3522879192413,0.3290996852314516,0.14791151263162666,46.52104796667643,314.5194524684296,222.44100341438852,222.32408776378685,106.97663296253066,222.89235069871734,290804.125,103.50825280652869,0.4167395617794465,50935.4056052244,0.17515365576476744,290955.0,35.97434356488684,213.1359455537261,6927954896.1817665,3.3545674217348203,97.25394152539062,3.2030367188565085,290.3522879192413,56.919294478858504,137.5820065466473,152.16313947494655,-143.73401776527464,434.08630568451593,40.92953818546579,154.30841606476062,-0.8512974513319755,6927954896.1817665,0.11582391647275056,4882.278743013569,154.897305339605,2001.0879114985398,-102.06043439193952,25.084945900606687,2.665585987217947,0.8064702749834957,1.0681086299968785,1.9321658083604765,1.484392346459682,0.6257823546048977,0.5942544987470613,0.9922427000233746,0.9475017278178617,-0.2612620277028213,0.8929859299043034,0.4583428939740426,12.21843201304384,0.0327099924657614,5.688334184680622,0.8200427022590712,0.08358929894343897,24.43686402608768,4.178780018100555,6.937632971956158,20338.911863863974,0.10450331363866175,8.697156735034733,144.79530141309485,3.493090234858852,566.3591372248421,0.028424484893593616,0.01053202592030297,4.774924537766191,105053.60056002837,0.5351011778863447,0.668115212106551,1.15941304480554,0.758419233127885,105.36700433530392,0.008655611127137995,989.943144954755,0.08450940284742658,11.368571413288112,86.16877240908315,354023.73356667237,63757697.957998976,2116.7316267920596,0.024862875452200287,3212.734676455523,0.27426452761273035,0.5352349994807721,42.36306537497181,0.014097199380848002,6.365820272285777,0.0402605213864687,353406.79600833263,68.96068494342963,5.342557263929506e-05,96.74330638377366,0.03506358245809107,0.0074820792164711795,case_00242
3.1.1.dev111+g8ed579383,2.0.2,2.5.5,1.8.0,3.12.13,"{'minimumROIDimensions': 2, 'minimumROISize': 50, 'normalize': False, 'normalizeScale': 1, 'removeOutliers': 3, 'resampledPixelSpacing': [1, 1, 1], 'interpolator': 'sitkBSpline', 'preCrop': False, 'padDistance': 10, 'distances': [1], 'force2D': False, 'force2Ddimension': 0, 'resegmentRange': None, 'label': 1, 'additionalInfo': True, 'binWidth': 25}",{'Original': {}},bc89eccd102f82a26f048bcfa153c3bc888f2872,3D,"(5.0, 0.873046875, 0.873046875)","(92, 512, 512)",-485.18630558511484,-1024.0,1430.0,a7fce9cb3e192c41f56796bd9731d392e0ec519e,"(5.0, 0.873046875, 0.873046875)","(92, 512, 512)","(22, 226, 115, 27, 98, 278)",122009,35,"(np.float64(34.31731265726299), np.float64(269.5110770516929), np.float64(257.5269939102853))","(224.8331372615186, 235.2958035978647, -171.58656328631494)","(1.0, 1.0, 1.0)","(157, 108, 265)",27.71592339131629,-927.7927459800281,1323.779677709066,"(1.0, 1.0, 1.0)","(157, 108, 265)","(13, 11, 11, 135, 86, 243)",465260,29,"(np.float64(76.57293771224691), np.float64(49.24877487856252), np.float64(135.8353071400937))","(224.8987837025937, 235.31225144106253, -171.57293771224693)",140.78373231895205,-125.25967801942245,250.74093648998493,0.33908296058255366,0.1472743522522017,50.18417708332491,340.75299816893045,242.16110340019515,239.40969069776602,137.43725841270262,246.95951085147541,465048.625,115.54353544650243,0.4659929096775741,62292.686175468785,0.13394875896142858,465260.0,30.518284110398827,201.15547680657698,11357108742.680128,3.044154112733345,78.8065348543874,3.8323065820347,250.74093648998493,53.803747791214334,140.78373231895205,168.090626392209,-125.25967801942245,376.0006145094074,35.87876542574616,156.23777082473782,-1.2849147501601816,11357108742.680128,0.16807078810429465,4590.18174662894,158.04532560917264,2145.3835165059672,-145.7061575670008,23.08773350926463,1.9458136468833709,0.842750577559769,0.8897428908495465,1.7619666482313825,1.1228419803416245,0.6685348401597859,0.6446225510016755,0.9935813652297958,0.9533502462201515,-0.2908282827597042,0.893520888376123,0.44553986396151024,12.359487607481018,0.06769992214878683,5.025488425689847,0.8602680372461278,0.19647303293858215,24.718975214962033,3.825365071526502,6.258386789037001,34881.09926213831,0.12292509515802018,8.756015489953837,141.6568116470266,4.917325325301084,843.5659897609311,0.03608000197956743,0.0109775528582505,4.766255228320072,138548.7823547717,0.48542114731025116,0.606240679322397,2.0190757699553337,0.722615109300546,95.19236455006957,0.008901231235254254,1088.2977152289116,0.09454415039778573,10.829030283747052,70.51072886803927,1489245.9075666755,276725038.6048128,8220.969824240894,0.030060406329149168,2127.6849100860045,0.18483927635183778,0.4205888593142072,26.286565078699105,0.014081634956136678,6.795536199535582,0.0247410050294459,1487612.2338390956,112.95840274801648,3.05848080208792e-05,75.6971044097184,0.030496670035834422,0.00539715640830956,case_00243
3.1.1.dev111+g8ed579383,2.0.2,2.5.5,1.8.0,3.12.13,"{'minimumROIDimensions': 2, 'minimumROISize': 50, 'normalize': False, 'normalizeScale': 1, 'removeOutliers': 3, 'resampledPixelSpacing': [1, 1, 1], 'interpolator': 'sitkBSpline', 'preCrop': False, 'padDistance': 10, 'distances': [1], 'force2D': False, 'force2Ddimension': 0, 'resegmentRange': None, 'label': 1, 'additionalInfo': True, 'binWidth': 25}",{'Original': {}},0ecbe484e55baf2f62a3a10df255643df940f54c,3D,"(2.0, 0.703125, 0.703125)","(88, 512, 512)",-664.672994743694,-2048.0,1457.0,9373aae77020276637e42f2d716db923da258019,"(2.0, 0.703125, 0.703125)","(88, 512, 512)","(13, 250, 93, 63, 126, 332)",447564,12,"(np.float64(44.36529300837422), np.float64(305.3499499512919), np.float64(260.7287047215594))","(183.32487050734645, 214.6991835595021, -88.73058601674845)","(1.0, 1.0, 1.0)","(147, 111, 255)",18.019880269242552,-1076.3036962154933,1484.7879649000406,"(1.0, 1.0, 1.0)","(147, 111, 255)","(11, 11, 10, 126, 88, 233)",442522,7,"(np.float64(74.22875020902916), np.float64(49.54375601665002), np.float64(128.1562905347079))","(183.3047280347079, 214.69219351665004, -88.72875020902916)",67.74979698297804,-135.58242560998275,316.85205980130064,0.3432748844383745,0.16244999213500616,52.52825875919274,323.35033119323543,231.48650068632512,231.5534495532295,129.1200991325518,235.1871595134394,442398.75,110.99804757346801,0.46499022724640104,60383.21416871896,0.1364904719299477,442522.0,16.572410993466985,111.87778601335712,2705475972.554222,2.657697159627231,50.29261277004824,3.774050733806798,316.85205980130064,30.58765087295247,67.74979698297804,72.94322342581131,-135.58242560998275,452.4344854112834,20.876298035334674,78.19057509203849,-0.6586515402461696,2705475972.554222,0.19045241604535415,1523.7310419889682,87.96969658706186,179.89488627894522,-10.591314623865317,7.162797382385571,1.833888822237153,0.591026902003707,0.9548116774460355,1.7669348808434129,0.8967422551030046,0.6323781007109326,0.6035714580196294,0.9950402374807111,0.9542311459206322,-0.14265056685883304,0.6950406177137973,0.4843996940501484,9.307912462912222,0.054215206673877595,4.80815896688439,0.6307863020066959,0.11948200447505522,18.615824925824437,3.4092037543776232,2.2491715511556807,51399.86966106828,0.17385778026154788,2.9408809134844964,85.8718941730952,3.343726230276256,297.7311655978994,0.042159125263819625,0.014056448185527594,4.113930164990503,156519.4818907662,0.5231698067665093,0.6672466175519131,0.9927059835661265,0.7482021097502913,63.21345094047824,0.010974351768459557,1828.9732677217714,0.1216234384706591,8.153709255522399,62.628474531187656,1143142.64888948,105754893.17203085,12848.628589144495,0.028672981668024594,4177.744779890943,0.27781252692452074,0.5374203512794592,30.25305777230743,0.017833522597936798,5.865545238967279,0.03398249126597096,1142276.7053586515,175.4274650310985,2.1355376726290952e-05,118.09259820801554,0.01016107348094017,0.0041314195537001846,case_00244
3.1.1.dev111+g8ed579383,2.0.2,2.5.5,1.8.0,3.12.13,"{'minimumROIDimensions': 2, 'minimumROISize': 50, 'normalize': False, 'normalizeScale': 1, 'removeOutliers': 3, 'resampledPixelSpacing': [1, 1, 1], 'interpolator': 'sitkBSpline', 'preCrop': False, 'padDistance': 10, 'distances': [1], 'force2D': False, 'force2Ddimension': 0, 'resegmentRange': None, 'label': 1, 'additionalInfo': True, 'binWidth': 25}",{'Original': {}},1662eee844c27af1b2e1fb0a3f2ff93b11f1e162,3D,"(3.0, 0.9760000109672546, 0.9760000109672546)","(149, 512, 512)",-652.0869547440701,-2048.0,5336.0,b9a9676edb017b5f10a34c411c57b56098b14ec1,"(3.0, 0.9760000109672546, 0.9760000109672546)","(149, 512, 512)","(20, 187, 168, 48, 138, 239)",129994,66,"(np.float64(37.08738864870686), np.float64(285.58761173592626), np.float64(267.4529901380064))","(261.0341213079193, 278.73351218637606, -111.26216594612059)","(1.0, 1.0, 1.0)","(166, 156, 255)",23.67684941266115,-1057.8828450050153,1371.2449917651336,"(1.0, 1.0, 1.0)","(166, 156, 255)","(12, 11, 11, 144, 134, 233)",370620,65,"(np.float64(64.31588149587178), np.float64(106.75004047272138), np.float64(108.53092115913874))","(261.54292115365513, 278.76204046723774, -111.31588149587178)",95.04090751035965,-108.70199106775036,212.7761612142547,0.4187883637374518,0.2785792183958867,80.34458090709285,288.40837938211104,214.96511344867102,242.33241632105268,156.1569723067145,249.64374616641211,365625.7916666667,120.78207328960451,0.22193074389712225,111418.64471846474,0.304734094962433,370620.0,9.755507635502351,151.2176889540077,4433380321.729351,2.956405443892976,74.16870688882346,2.944323920447929,212.7761612142547,44.32877875684632,95.04090751035965,111.04887140856147,-108.70199106775036,321.47815228200506,31.87688944517316,109.37122307644981,-0.8721869471891013,4433380321.729351,0.15641981534654484,2929.290336845809,95.2968049221682,704.0391480198213,-54.22504953026006,14.637518969626013,1.2522528087526414,0.8405537485832352,0.7349285513798356,1.5678167231609272,0.6957412871305351,0.6989388847732341,0.6810392062427766,0.9938259340781899,0.9530202929830243,-0.30689543481315706,0.8988404930259133,0.4469724959786152,9.588881882282168,0.06336478441149372,4.782840054631901,0.8511682972778166,0.1742615607387457,19.17776376456433,3.726988664487474,3.9724429445946634,28397.582450241905,0.12879139409326354,5.4190695016571295,83.58780692687112,4.790503999072653,481.40825083912193,0.060310523849030635,0.017864284647621412,4.661098347380054,103854.30866716636,0.4652838247410441,0.5937148976974135,1.8135157889581313,0.7061463942527235,54.546787652968106,0.014098827955844826,1110.1653609108953,0.11596838618101904,6.836516322058989,47.63595529092239,1037354.9393084717,115188504.25853965,9750.718754037927,0.04245135410297086,1817.4274522093388,0.18984931079174122,0.4310977607064837,18.728210095690063,0.020912452678476835,6.605344541137081,0.02582969078840861,1035856.0775281257,135.18280057188034,4.43960872126308e-05,41.47052947267941,0.02512267399980035,0.003824240132295985,case_00245
3.1.1.dev111+g8ed579383,2.0.2,2.5.5,1.8.0,3.12.13,"{'minimumROIDimensions': 2, 'minimumROISize': 50, 'normalize': False, 'normalizeScale': 1, 'removeOutliers': 3, 'resampledPixelSpacing': [1, 1, 1], 'interpolator': 'sitkBSpline', 'preCrop': False, 'padDistance': 10, 'distances': [1], 'force2D': False, 'force2Ddimension': 0, 'resegmentRange': None, 'label': 1, 'additionalInfo': True, 'binWidth': 25}",{'Original': {}},678ab8163dd907078a6e33c72ba0d7751acea1b1,3D,"(1.0, 0.7109375, 0.7109375)","(598, 512, 512)",-458.2683112677124,-1024.0,3071.0,2c8119e63eb9dcb117c6ee959b5ceb95bbfdf358,"(1.0, 0.7109375, 0.7109375)","(598, 512, 512)","(226, 265, 103, 119, 132, 289)",688116,11,"(np.float64(285.67719105499657), np.float64(311.24916583831794), np.float64(238.97135657360096))","(169.89369881404443, 221.27870383817915, -285.67719105499657)","(1.0, 1.0, 1.0)","(141, 115, 228)",24.785401671546527,-1007.299039175102,1685.7962196756648,"(1.0, 1.0, 1.0)","(141, 115, 228)","(11, 10, 11, 119, 94, 206)",347673,8,"(np.float64(70.6556103004835), np.float64(43.15454464396142), np.float64(107.78903164755388))","(169.93356289755388, 221.29907589396143, -285.6556103004835)",140.7436074805023,-132.5998655781775,290.65552976187325,0.3985177147894895,0.2067142826183504,56.383440868513034,272.76025707721357,206.9685966517626,204.24495097798624,119.33147112141039,208.5881108788322,345508.25,108.69979433580482,0.3065584050535904,77674.15031809373,0.2248112753258243,347673.0,24.01625085569809,212.68839894649489,8710960086.150156,3.3059954239360247,94.2063869516375,3.2605398791795848,290.65552976187325,58.53672583866935,140.7436074805023,164.83963868440242,-132.5998655781775,423.25539534005077,40.715754120717264,158.2878314846207,-1.0213369514134096,8710960086.150156,0.12730964761880323,5246.274549477969,159.48335259224984,2250.4403103750988,-138.4640712647824,25.469615999443384,3.7503673040361036,0.7422810889233605,1.305376668037746,2.139822326025526,2.0108563916676947,0.577335897907287,0.5363341228359906,0.9892138302638221,0.936900984943478,-0.1874438895469535,0.8240900414231123,0.4596153569061953,12.411762967985736,0.03342462084574639,5.806276276387875,0.7655518821416905,0.09511222203312122,24.82352593597147,4.068886307226183,7.304995825869872,28421.148073041557,0.11177081683652043,9.286800602262593,149.2900668445873,2.531456850268557,416.7555160527643,0.021143829111068956,0.010415972040723228,4.526037453302843,152893.31050672813,0.598936975534144,0.7307343837013958,0.6341343192897061,0.8015187695154893,115.58002082242024,0.008936337648232814,2098.036631479439,0.08263890938551438,12.873943825265004,96.14424137387742,255870.4259098787,49078807.20017331,1381.005483874965,0.021853683466056817,8058.184339057822,0.3174013053039949,0.5806294421249001,53.74916073387923,0.013971578811790517,6.164232530569768,0.07302263908902906,255682.88977938556,108.1669623278436,3.237339246010062e-05,128.47789158109833,0.0498330052744786,0.004865051702808716,case_00246
3.1.1.dev111+g8ed579383,2.0.2,2.5.5,1.8.0,3.12.13,"{'minimumROIDimensions': 2, 'minimumROISize': 50, 'normalize': False, 'normalizeScale': 1, 'removeOutliers': 3, 'resampledPixelSpacing': [1, 1, 1], 'interpolator': 'sitkBSpline', 'preCrop': False, 'padDistance': 10, 'distances': [1], 'force2D': False, 'force2Ddimension': 0, 'resegmentRange': None, 'label': 1, 'additionalInfo': True, 'binWidth': 25}",{'Original': {}},360a72a0cce20174d9fa4f5d1cd30cdcee800ef1,3D,"(2.0, 0.947265625, 0.947265625)","(284, 512, 512)",-705.4417021845428,-1024.0,3071.0,25d64d797488ed72839bfa568709e419dba4081c,"(2.0, 0.947265625, 0.947265625)","(284, 512, 512)","(122, 259, 158, 55, 94, 195)",105763,18,"(np.float64(144.98541077692576), np.float64(307.1595075782646), np.float64(252.85763452247005))","(239.52334520194916, 290.96164292081704, -289.9708215538515)","(1.0, 1.0, 1.0)","(131, 111, 206)",17.00694478815186,-1060.7804479869835,2576.434105211132,"(1.0, 1.0, 1.0)","(131, 111, 206)","(11, 11, 11, 110, 89, 184)",190384,15,"(np.float64(57.52080006723254), np.float64(56.889286914866794), np.float64(100.53024413816287))","(239.55661132566286, 290.9156541023668, -290.0208000672325)",104.97371579687281,-155.12699803149914,667.6725587372274,0.3143323738682129,0.17368002168680988,46.90677563667307,270.07582784195034,185.72291188757515,185.16209115258988,100.30453628824571,192.40322242623694,190498.5,84.89357608998303,0.3638127484336498,44008.23167206848,0.23101615851079396,190384.0,-2.454010666187582,184.37769480378105,3042459770.730011,3.3703555555122806,96.154301398676,2.9452447912155972,667.6725587372274,56.7143817981176,104.97371579687281,114.08230747438586,-155.12699803149914,822.7995567687266,40.88339522805092,126.41458946724765,-0.7322104265760201,3042459770.730011,0.11195065100305925,4961.167421970135,148.83731649033555,1646.116608003062,-78.30476383185604,23.17574939341952,4.186481515895935,0.6918987965303867,1.355351115772437,2.220478000887763,2.305286123070137,0.5825642508812221,0.5405782366472065,0.9964575398372898,0.9633450074692033,-0.18408834451585956,0.8215389833681276,0.42920210996773683,12.00363331999204,0.027774305199531613,5.930492569168859,0.7157712641259522,0.06668993549117815,24.00726663998408,4.150463331275283,6.840557727328861,13782.375668326818,0.10146695539199675,8.820170250062649,137.6901403454178,2.7914646911101633,432.1958782607895,0.023709171447965433,0.010851089222122207,4.609175889066597,80523.43342124233,0.5904943546563325,0.7130911938301214,0.7969745812740889,0.796414904656488,104.98980859332946,0.009295287183869702,1317.508076763772,0.09095044020183432,10.155723006034439,85.50593676653321,104993.96023747066,18457002.344746653,631.7955764075267,0.020948498083468024,4213.547701228773,0.29087033696180953,0.5543412645458582,45.43120631066866,0.012534719170315416,6.199126291997277,0.07608832675014707,104821.23176488522,30.27158987773063,6.705591129916101e-05,405.48455612708227,0.018785151128627796,0.03791281591807331,case_00247
3.1.1.dev111+g8ed579383,2.0.2,2.5.5,1.8.0,3.12.13,"{'minimumROIDimensions': 2, 'minimumROISize': 50, 'normalize': False, 'normalizeScale': 1, 'removeOutliers': 3, 'resampledPixelSpacing': [1, 1, 1], 'interpolator': 'sitkBSpline', 'preCrop': False, 'padDistance': 10, 'distances': [1], 'force2D': False, 'force2Ddimension': 0, 'resegmentRange': None, 'label': 1, 'additionalInfo': True, 'binWidth': 25}",{'Original': {}},ae831d4653fa4c863a91b9b049bd599d7dac0bf1,3D,"(5.0, 0.9765625, 0.9765625)","(66, 512, 512)",-529.2416911269679,-1024.0,1211.0,8d2dce84e1b39a92b880b21131071f81f3c60ecf,"(5.0, 0.9765625, 0.9765625)","(66, 512, 512)","(28, 235, 126, 35, 144, 287)",172507,30,"(np.float64(43.48372529810384), np.float64(315.4724793776484), np.float64(253.0691218327372))","(247.13781428978243, 308.0785931422348, -217.41862649051922)","(1.0, 1.0, 1.0)","(197, 162, 302)",-25.455810139153,-1031.6053820123832,999.9153476056346,"(1.0, 1.0, 1.0)","(197, 162, 302)","(13, 10, 11, 175, 141, 280)",821895,29,"(np.float64(92.34625469190104), np.float64(89.14653939980168), np.float64(135.27561306492922))","(247.28733181492922, 308.15825814980167, -217.34625469190104)",53.247552771830804,-131.74844961787554,181.17812665329419,0.4270841665696736,0.16357555386451908,64.92078213848504,396.8856018195449,280.07141946296485,279.94642344563005,199.98499943745782,294.2210053684135,821516.8333333334,169.50355647660365,0.36157266560076623,117318.41260046995,0.14280707082342595,821895.0,2.0210744378162087,95.77363201714263,3443047293.0679016,2.582992323427221,49.75278078289993,3.1693919790009653,181.17812665329419,29.473173380561953,53.247552771830804,58.56024967054778,-131.74844961787554,312.9265762711697,20.702997207049442,64.72369830551062,-0.5852176488134931,3443047293.0679016,0.19597771426492577,1353.8552461538513,77.55061627864784,157.826142263027,-10.089358546801703,7.211600647100378,0.9772018517404747,0.7603171217383115,0.6651448866827204,1.4304572471005828,0.5181846029183934,0.7113225784310451,0.6976440113363418,0.9951252868373757,0.956902652687935,-0.26443043606704725,0.8435228882029774,0.46183272417085924,8.717316558185482,0.07105628993348899,4.378762333787581,0.7717190597845314,0.13873161010195234,17.434633116370968,3.4059527738737407,2.0472006247102126,82416.27954228298,0.17831969608359358,2.6190614759117734,74.53325551833458,5.958846395454954,470.2525430744451,0.0844830168946065,0.01611464402491207,4.431942638207837,198490.06606816655,0.419484499593987,0.5614216115010012,2.343576252619438,0.6641960129660329,48.13457976518362,0.011299425116197574,1132.8334637308594,0.12661601248808085,7.6106041252906085,55.56007600312954,7288268.093327372,591094607.6694982,94384.39192735114,0.0334488337378678,1254.3973398904661,0.14020312282222713,0.3459750233549556,15.79771337846217,0.014246197899363764,6.800341119941132,0.010885818748136928,7279829.34952264,406.9027451636368,1.4734651518702539e-05,43.50195966298016,0.011841747592497587,0.0014059786578971892,case_00248
3.1.1.dev111+g8ed579383,2.0.2,2.5.5,1.8.0,3.12.13,"{'minimumROIDimensions': 2, 'minimumROISize': 50, 'normalize': False, 'normalizeScale': 1, 'removeOutliers': 3, 'resampledPixelSpacing': [1, 1, 1], 'interpolator': 'sitkBSpline', 'preCrop': False, 'padDistance': 10, 'distances': [1], 'force2D': False, 'force2Ddimension': 0, 'resegmentRange': None, 'label': 1, 'additionalInfo': True, 'binWidth': 25}",{'Original': {}},8b8bff8bdead4d0547f43cbfbaeaff950b5f4131,3D,"(1.0, 0.78515625, 0.78515625)","(258, 512, 512)",-540.6071078278297,-1024.0,1718.0,5c3a54b127442244270770a6e17691d49c1b5ff8,"(1.0, 0.78515625, 0.78515625)","(258, 512, 512)","(122, 232, 125, 108, 114, 321)",464194,116,"(np.float64(181.30560929266642), np.float64(286.98943114301346), np.float64(234.92078096657863))","(184.44951943079025, 225.33154554588165, -181.30560929266642)","(1.0, 1.0, 1.0)","(130, 112, 274)",3.079239188299003,-1036.0664176740258,1660.9215748652243,"(1.0, 1.0, 1.0)","(130, 112, 274)","(11, 11, 11, 108, 90, 252)",286112,99,"(np.float64(70.30616332065765), np.float64(54.21023585169444), np.float64(97.36119072251427))","(184.46861259751427, 225.31765772669445, -181.30616332065765)",163.10099075138442,-161.69105615678203,350.22525536641103,0.33124931803699864,0.1760399730990796,52.15566368345369,296.27170900610855,248.39484696748443,243.24884377936928,107.15409464878138,256.55019002136794,285666.6666666667,98.13980156192957,0.4325016735066223,48499.36402475368,0.16977607009832094,286112.0,50.07629488137177,247.5036385574456,9491071968.917786,3.5227664361414757,113.07772230252343,3.394881366951403,350.22525536641103,66.15627135131291,163.10099075138442,186.52238223255188,-161.69105615678203,511.91631152319303,46.979524514291846,182.13340074210808,-0.9445208266541973,9491071968.917786,0.10652059336046546,6570.642481802134,210.2510466333412,3182.2257760741313,-151.31458323970418,30.795039023274207,5.758118916719747,0.683868153425467,1.619498767783426,2.3883755275719007,3.0845727978077284,0.5321841675926816,0.48076846387764943,0.9889507888472397,0.9360209861139605,-0.15998583425648683,0.8038445342838222,0.4339270543681273,14.28253697448763,0.02233931942727506,6.315569601337179,0.7214784299974337,0.05858464117727959,28.565073948975265,4.280462761375913,9.138289484998486,21389.258171896738,0.09711832131520287,11.484953146266474,201.75957991927817,2.168210229153593,466.98722770568395,0.01369628080669654,0.007536155475069404,4.587559880539427,141885.87185713265,0.6424836132771454,0.769435100186694,0.46487441346334735,0.8288608236197963,163.46254353491352,0.006596897443275435,1774.2292771037028,0.06966777700960862,17.407383427401406,135.71347233674953,139587.28252248006,35590166.09404327,567.244683370162,0.015793285495367793,9003.286645462756,0.3535275707960402,0.6148331232516314,80.7747398800891,0.01050208538023276,6.197360141406513,0.0890105972486299,139461.06589552542,62.776666654106,3.907870687658061e-05,230.9539844337384,0.049839937777473024,0.008096892187757304,case_00249
3.1.1.dev111+g8ed579383,2.0.2,2.5.5,1.8.0,3.12.13,"{'minimumROIDimensions': 2, 'minimumROISize': 50, 'normalize': False, 'normalizeScale': 1, 'removeOutliers': 3, 'resampledPixelSpacing': [1, 1, 1], 'interpolator': 'sitkBSpline', 'preCrop': False, 'padDistance': 10, 'distances': [1], 'force2D': False, 'force2Ddimension': 0, 'resegmentRange': None, 'label': 1, 'additionalInfo': True, 'binWidth': 25}",{'Original': {}},2f0df039e2951d23ee49d4210ea0165402f9f3fb,3D,"(3.0, 0.8223433494567871, 0.8223433494567871)","(210, 512, 512)",-513.5394601004464,-1024.0,2410.0,3b4eb0dc2b76c170c89e1407587489cc14a1bae7,"(3.0, 0.8223433494567871, 0.8223433494567871)","(210, 512, 512)","(86, 208, 109, 52, 121, 308)",293909,23,"(np.float64(111.61890244939761), np.float64(269.2733703289113), np.float64(266.0271070297269))","(218.76562224112482, 221.43516527579476, -334.8567073481928)","(1.0, 1.0, 1.0)","(178, 122, 275)",18.834548113020908,-999.6753669931318,1185.0150548811916,"(1.0, 1.0, 1.0)","(178, 122, 275)","(12, 11, 11, 156, 100, 253)",596682,20,"(np.float64(89.8418956831277), np.float64(61.358336601405775), np.float64(139.61968686838216))","(218.70851519365377, 221.4471649266774, -334.8418956831277)",101.51522480720888,-106.41873055174848,213.3159787910059,0.37716098936671927,0.1632049908867254,57.56550711113782,352.7190363381223,253.78928267363852,252.9584946191766,142.68847185389575,259.2238414961093,597057.25,133.03186071376203,0.34966878635308335,98062.86464557247,0.16424365443275743,596682.0,7.5821037456332725,156.63596421978718,7991716575.0758505,2.9193971862209875,69.69196344806532,3.1219698579437507,213.3159787910059,44.86503459562106,101.51522480720888,119.32176436093803,-106.41873055174848,319.7347093427544,31.636789237746772,115.73069688314449,-1.001382085370637,7991716575.0758505,0.1631977745011606,3088.253333400107,98.76893778557573,859.8814160832426,-67.74317302022534,15.956881308998947,1.4881384363515708,0.828110319588866,0.8173317292391885,1.6585214986406929,0.7968510614574105,0.6760841105034796,0.6540755939042511,0.9926874225993669,0.9481163487993971,-0.28124242224667084,0.8816717036209526,0.4556427757963857,9.754484602226254,0.06026290829955487,4.861906417642453,0.8397645249547774,0.16060714679575433,19.50896920445251,3.706480112642505,4.361254936337629,49210.223804842164,0.1357048929845438,5.656822557230344,89.82157877448437,4.538724105720117,473.86340240106216,0.05643366755909307,0.01670820815133299,4.596228566892083,173343.36863954185,0.4724991565990144,0.6058574429415179,1.659479347411757,0.7117347571669661,59.996933466009594,0.013112281624109521,1343.6929518492673,0.11720978295963601,9.297331882469297,51.072400558269365,2372605.9719120725,272239222.94565594,22076.25177935946,0.04526540899532371,2116.6043265875787,0.18463052395216142,0.42213918375814163,19.51667505989009,0.022396555864850374,6.554713237779973,0.01921291408153757,2369896.94375679,240.7530199978552,2.372251067288506e-05,46.86601035873102,0.028979353211250725,0.0022804923823666985,case_00250
3.1.1.dev111+g8ed579383,2.0.2,2.5.5,1.8.0,3.12.13,"{'minimumROIDimensions': 2, 'minimumROISize': 50, 'normalize': False, 'normalizeScale': 1, 'removeOutliers': 3, 'resampledPixelSpacing': [1, 1, 1], 'interpolator': 'sitkBSpline', 'preCrop': False, 'padDistance': 10, 'distances': [1], 'force2D': False, 'force2Ddimension': 0, 'resegmentRange': None, 'label': 1, 'additionalInfo': True, 'binWidth': 25}",{'Original': {}},8f9dfaa6794674cbda0eb7ef7b41dc2d1ffaad33,3D,"(5.0, 0.6796875, 0.6796875)","(45, 512, 512)",-430.97732348971897,-1024.0,1534.0,b2f844a891b36eb14a331718112291866969af12,"(5.0, 0.6796875, 0.6796875)","(45, 512, 512)","(14, 230, 120, 22, 145, 304)",137956,28,"(np.float64(24.84603786714605), np.float64(293.1289686566731), np.float64(272.4749340369393))","(185.1978067282322, 199.23609588383252, -124.23018933573024)","(1.0, 1.0, 1.0)","(132, 121, 228)",1.737279574095107,-1046.6119774827714,1507.5878333857238,"(1.0, 1.0, 1.0)","(132, 121, 228)","(13, 11, 11, 110, 99, 206)",318225,21,"(np.float64(69.23835336632885), np.float64(54.027433419750174), np.float64(114.11188624400974))","(185.27204249400972, 199.18758966975017, -124.23835336632885)",81.2461395760746,-112.16049654535036,248.31966526759948,0.3223319384048819,0.1807120091309381,52.916724250482396,292.82350688791604,205.73040611440985,206.194083329275,126.82271089990152,208.14898510441986,318001.125,94.38636858569726,0.40072097510610843,56224.78714114495,0.1768068812371181,318225.0,25.84818737835266,121.51955525066298,2600779609.341306,2.5550762476698528,48.74720706706122,4.2532616472916365,248.31966526759948,30.846646598689283,81.2461395760746,91.19111840005499,-112.16049654535036,360.48016181294986,20.55536740263499,90.40337167730814,-1.1297817045736744,2600779609.341306,0.2127192366335033,1571.8344146105273,80.4867865730586,255.3130279627978,-23.415464073212824,7.746941284137618,1.1234485784943051,0.744457928490228,0.6954296376373624,1.5004250700498345,0.6239974341656856,0.7076421179997634,0.6922787429607706,0.9951465601254892,0.9580128240213344,-0.2438641376170968,0.8199522412192203,0.4523232707011734,8.878627171944137,0.08506082174046153,4.3202821791841695,0.7589695563211442,0.19851620434500397,17.757254343888278,3.320447760168574,2.21759746565798,31959.33054201054,0.1763393058657716,3.1800759163544523,74.71700852736886,5.794223658431933,491.31019560418883,0.07787670191867613,0.017586591692869018,4.406123796251787,80131.9841353235,0.43561182989813096,0.5674937302464996,2.372656927308604,0.6816077581024318,48.548750312369975,0.013135491839834352,716.6935913367655,0.12723124291439117,7.002235974138474,46.56506302148056,1812534.6172554588,159262080.75323984,21379.469148776454,0.04524318831622902,1054.7070832593645,0.18723718857790955,0.42788924128019473,16.59904572206299,0.02244418770158718,6.40404984896496,0.017701311964804775,1809343.159590452,140.7723297100124,3.667644226943448e-05,51.364257183916514,0.012292113387632694,0.004134177835777032,case_00251
3.1.1.dev111+g8ed579383,2.0.2,2.5.5,1.8.0,3.12.13,"{'minimumROIDimensions': 2, 'minimumROISize': 50, 'normalize': False, 'normalizeScale': 1, 'removeOutliers': 3, 'resampledPixelSpacing': [1, 1, 1], 'interpolator': 'sitkBSpline', 'preCrop': False, 'padDistance': 10, 'distances': [1], 'force2D': False, 'force2Ddimension': 0, 'resegmentRange': None, 'label': 1, 'additionalInfo': True, 'binWidth': 25}",{'Original': {}},5494a02a19f0a48b7a5245fa87cc2d983106b2bc,3D,"(5.0, 0.853515625, 0.853515625)","(51, 512, 512)",-566.4839867984547,-1024.0,1445.0,13f097181846e1b07326ee969a946009241aba54,"(5.0, 0.853515625, 0.853515625)","(51, 512, 512)","(27, 188, 111, 23, 163, 293)",121110,43,"(np.float64(35.98580629180084), np.float64(260.20452481215426), np.float64(261.84459582198))","(223.48845385586966, 222.08862762287384, -179.9290314590042)","(1.0, 1.0, 1.0)","(133, 161, 272)",-11.69869530680536,-1076.15754300584,1482.325743672775,"(1.0, 1.0, 1.0)","(133, 161, 272)","(13, 10, 11, 115, 140, 250)",441175,40,"(np.float64(59.915509718365726), np.float64(72.03810279367598), np.float64(139.4085680285601))","(223.4818102160601, 222.111344981176, -179.91550971836574)",81.13341538395684,-129.66638541674558,304.44969068442526,0.3075350207652793,0.14971866862582317,54.08740972968492,361.26029055775365,250.3197954617253,253.81095327034254,140.80127840328723,257.9554225055174,440981.375,111.1001909583496,0.3724157103360887,75232.06152663023,0.17060144893110335,441175.0,14.207967217972858,141.02040882735048,4042677446.2872114,3.0143399887820492,73.83228601792024,3.037708874075739,304.44969068442526,41.45038808608611,81.13341538395684,86.93837325453754,-129.66638541674558,434.11607610117085,30.022511390598552,95.72582074007096,-0.5385894629973054,4042677446.2872114,0.1423041393196854,2580.801664494511,100.78817192223597,520.7316051092824,-22.91782674249165,13.364241299156422,1.7013082159503043,0.7726675622390979,0.8895203800949762,1.7114344018994623,0.88468268104018,0.652683753492949,0.6280489955229835,0.9954142308788717,0.9573249666744553,-0.2494067657438767,0.8633507198743702,0.4787588337385466,9.89298415339624,0.04143737686219175,5.146303584784862,0.7846571485555732,0.08166668930776001,19.78596830679248,3.8364145574718527,3.7663873787766806,37979.24626336283,0.13377818612982456,4.642803416226566,96.17080854669969,3.740536336426788,385.27459560004843,0.0440044838482564,0.013744275713234798,4.519235893320711,143429.1360121464,0.49898644301157985,0.6436251095195957,1.2153898486747232,0.7311219437649719,68.33484577239386,0.010650859141894859,946.7057654075546,0.10456215655042574,9.597427144664595,63.52109564833223,1370498.7041086813,147733543.55964214,13666.26384653171,0.0318934643783844,1655.2370223105809,0.18281831481230185,0.4195072114680459,23.683383219562423,0.015002148848383915,6.734195164553111,0.020522468408228026,1368124.3755930536,119.10305574734947,3.252835737397525e-05,94.82748815626906,0.014109270146685468,0.005153935431062112,case_00252
3.1.1.dev111+g8ed579383,2.0.2,2.5.5,1.8.0,3.12.13,"{'minimumROIDimensions': 2, 'minimumROISize': 50, 'normalize': False, 'normalizeScale': 1, 'removeOutliers': 3, 'resampledPixelSpacing': [1, 1, 1], 'interpolator': 'sitkBSpline', 'preCrop': False, 'padDistance': 10, 'distances': [1], 'force2D': False, 'force2Ddimension': 0, 'resegmentRange': None, 'label': 1, 'additionalInfo': True, 'binWidth': 25}",{'Original': {}},4bf381d9ce46f83e93a84c35f128f7b09ed2db72,3D,"(1.0, 0.763671875, 0.763671875)","(491, 512, 512)",-564.8318644288601,-1024.0,3071.0,9bccc81cc1f71e49ff9e7d7973962378df9b0142,"(1.0, 0.763671875, 0.763671875)","(491, 512, 512)","(89, 327, 129, 116, 86, 250)",625135,47,"(np.float64(145.2303086533309), np.float64(370.6690378878162), np.float64(268.84830636582495))","(205.311890212964, 283.06951916823465, -145.2303086533309)","(1.0, 1.0, 1.0)","(138, 88, 213)",84.48694131767297,-1033.0295328192633,1302.3656486803898,"(1.0, 1.0, 1.0)","(138, 88, 213)","(11, 11, 11, 116, 65, 190)",364356,48,"(np.float64(67.2132200375457), np.float64(43.98273666414166), np.float64(117.21132354071293))","(205.3294876032129, 283.1009007266416, -145.21322003754568)",131.04731445067372,-131.79102531778318,277.32793538103107,0.5227696085181633,0.2613277407004636,53.3012394198361,203.96318920053153,194.03092537015846,188.06647760831805,116.66190466471906,194.23954283306992,364004.1666666667,106.62575657047796,0.4738527867674532,52028.93329585907,0.14293499377303576,364356.0,53.34367845399564,183.2828579437433,7212079658.566887,2.9005550224493093,59.417936009469315,4.065955838577823,277.32793538103107,39.69590277015175,131.04731445067372,144.27653637895727,-131.79102531778318,409.11896069881425,26.174142158295265,140.6913168704911,-1.112406824991028,7212079658.566887,0.16889978620129273,2620.6480180191566,143.36878415677285,722.40335823955,-56.22206057529493,13.365270436271565,2.284898372671662,0.7077193992912757,1.0865161605638494,1.8925217321702648,1.0817465496100653,0.6004137613365884,0.564689402418764,0.9931732087346341,0.9457463728167532,-0.16810465173913486,0.7706111952400297,0.48500122983809263,11.857421806764622,0.045535710161765636,5.202581205119019,0.7410888063836308,0.11431930886881968,23.714843613529244,3.6717830188322216,3.912542202235808,39059.48192569558,0.1512940721924459,4.7416489919693685,138.99326149884294,2.726106457755996,399.69288779757414,0.02159164436341899,0.008895382088751323,4.208106281710648,146681.36022508662,0.564862406608928,0.70813266315193,0.695604464018808,0.7784189741290706,106.19756281008965,0.007202305331626089,1546.0644642971913,0.09936785553680773,11.153868602329798,106.57985731730831,658405.5710521241,104632196.65261264,4263.869598878285,0.016845193114542138,5014.769008291021,0.3223066397770436,0.5858221323936563,61.566401961784415,0.010693888565667982,5.966669847842547,0.04270274127501674,657857.182361676,123.21227998157812,2.6585928796322734e-05,115.50070924372363,0.02102665491179155,0.004755354614647585,case_00253
3.1.1.dev111+g8ed579383,2.0.2,2.5.5,1.8.0,3.12.13,"{'minimumROIDimensions': 2, 'minimumROISize': 50, 'normalize': False, 'normalizeScale': 1, 'removeOutliers': 3, 'resampledPixelSpacing': [1, 1, 1], 'interpolator': 'sitkBSpline', 'preCrop': False, 'padDistance': 10, 'distances': [1], 'force2D': False, 'force2Ddimension': 0, 'resegmentRange': None, 'label': 1, 'additionalInfo': True, 'binWidth': 25}",{'Original': {}},a7457e0bd4d6deab3b66c8afb58a58cdd28070e2,3D,"(1.0, 0.75390625, 0.75390625)","(250, 512, 512)",-454.86776361083986,-1024.0,1767.0,ff85e6f5055f00b403c349202dad1083bacecfcd,"(1.0, 0.75390625, 0.75390625)","(250, 512, 512)","(89, 250, 111, 145, 109, 311)",926838,7,"(np.float64(160.2465608876632), np.float64(307.2031379809632), np.float64(267.5670656576446))","(201.72048309345863, 231.60236574346055, -160.2465608876632)","(1.0, 1.0, 1.0)","(167, 104, 256)",36.66450407790311,-1029.6952865461624,1763.353642515046,"(1.0, 1.0, 1.0)","(167, 104, 256)","(11, 10, 11, 145, 83, 234)",527049,6,"(np.float64(82.19782031651707), np.float64(53.527717536699626), np.float64(128.54622814956485))","(201.66927502456485, 231.65076441169964, -160.19782031651707)",190.54312326182435,-183.02851799838567,504.81954715780404,0.3908662425744253,0.16992844245871744,55.00258557269004,323.6808669393437,234.17301296263838,234.13671220037236,138.85243966167826,238.10291892372928,527398.5416666666,126.51592425381378,0.41215850742865734,76591.2467338051,0.14522460849391827,527049.0,49.99354869193368,303.8683053982342,24732956963.521385,3.8697525524486225,170.9766149990648,2.42855361843328,504.81954715780404,88.63490592552081,190.54312326182435,220.91087389736936,-183.02851799838567,687.8480651561897,68.52946308042603,216.62696943647467,-0.5924865214092964,24732956963.521385,0.08124018489013926,10620.562064860529,278.8974570470252,6841.333429606287,-223.17594216784394,54.770081884585075,8.152895173949332,0.7404516957747482,1.9283855287186809,2.595412984469964,4.353839252688269,0.49550473014725677,0.43586386509835956,0.9908941330082514,0.9414819679500298,-0.17243855023360702,0.8440268408792858,0.4072078430015742,16.34755942119168,0.013855544768979459,6.95900980622079,0.7751595079083441,0.03934032623544489,32.695118842383344,4.681286386179969,15.730744264633598,32126.582172991482,0.07622526613568117,17.581575055365946,272.4052239679817,1.9412183663612044,550.8462657092236,0.009734175159524358,0.00555435762463694,4.807315180992321,287178.74496906897,0.6795952428665669,0.7994695282309906,0.36521921397051776,0.8505961104657787,228.45716334202172,0.00487993303711869,3281.166972243905,0.05956336290311517,23.112417845068443,202.50471073029934,127338.22878356055,46331671.0748997,368.8563335971084,0.009764990970557743,21135.915388385645,0.38368245481485,0.6425177126887791,125.31399980211114,0.006698685489556429,6.3535092396479795,0.10451969361482519,127246.69029357807,71.20874885270518,2.2569512926501088e-05,471.4448612769259,0.0534124230925205,0.007655213157687454,case_00254
3.1.1.dev111+g8ed579383,2.0.2,2.5.5,1.8.0,3.12.13,"{'minimumROIDimensions': 2, 'minimumROISize': 50, 'normalize': False, 'normalizeScale': 1, 'removeOutliers': 3, 'resampledPixelSpacing': [1, 1, 1], 'interpolator': 'sitkBSpline', 'preCrop': False, 'padDistance': 10, 'distances': [1], 'force2D': False, 'force2Ddimension': 0, 'resegmentRange': None, 'label': 1, 'additionalInfo': True, 'binWidth': 25}",{'Original': {}},d2d9a273eed217a508f79365f455d6cd6aad10d0,3D,"(2.5, 0.8203120231628418, 0.8203120231628418)","(180, 512, 512)",-618.9043242348565,-2048.0,1475.0,33ffac2123aac9f13996e57c0dce1644efc8efba,"(2.5, 0.8203120231628418, 0.8203120231628418)","(180, 512, 512)","(54, 212, 122, 44, 116, 268)",234472,3,"(np.float64(74.26785287795558), np.float64(270.5099585451568), np.float64(251.96423027056537))","(206.68928749791561, 221.90257137987402, -185.66963219488895)","(1.0, 1.0, 1.0)","(132, 117, 242)",41.51270437968414,-1006.9005180199299,1244.6981331720492,"(1.0, 1.0, 1.0)","(132, 117, 242)","(12, 11, 11, 110, 95, 220)",394853,2,"(np.float64(63.19213732705589), np.float64(58.83113462478441), np.float64(117.61425391221543))","(206.704097900634, 221.92097861320303, -185.4421373270559)",155.53146554934563,-135.93141886336312,311.5895867793067,0.34410083986077444,0.17687066854711134,54.86746161381114,310.2123266933693,220.32702966272657,220.44500447957535,119.20151005754919,220.62864727863425,395085.2083333333,106.74432215035333,0.4331715466583014,60110.644290168624,0.15214602577440278,394853.0,48.55250077630788,224.47745404642714,11499369324.949272,3.2743691383648748,82.06718096228254,3.970478631782323,311.5895867793067,54.65740327243829,155.53146554934563,176.13175157446761,-135.93141886336312,447.5210056426698,35.86975075228645,170.6551072963458,-1.1943859906857448,11499369324.949272,0.13116310133410977,4933.128870400004,173.1747303981303,2337.813390092897,-139.92992832324705,23.494922571414687,3.336466138691033,0.7490799171847271,1.2653207427069448,2.0928713519834923,1.6925749551156004,0.5784850473686194,0.5369332624958979,0.9912122380170015,0.9411521940069344,-0.18876992728365624,0.8189092230739374,0.45995139017959424,12.96659751666217,0.03330244992353992,5.749556322533143,0.7641543467587357,0.08443400809344277,25.933195033324335,4.042813581300283,6.70784717752643,33308.363530587354,0.11619810853391997,8.981041525391031,163.5879155446707,2.644600322093275,472.4506205964244,0.01947919231474025,0.009237653183685503,4.522370695309351,170426.34298337702,0.591184523498529,0.7246724146025911,0.6916633968344256,0.7961486857401192,126.18151602368471,0.007883147368997754,1732.4152491861905,0.07942851080584065,14.254830583321558,100.25322085186374,402387.234468846,80425335.44005318,2068.0668391344493,0.021907207494520804,5692.433496859383,0.26098911085504484,0.5185906016689161,48.04087429444694,0.012956343569370667,6.508609947760338,0.055238278549232245,402059.50180457626,102.59476973934794,2.9817656756541362e-05,133.79160090478902,0.038184333623488505,0.005332106367031918,case_00255
3.1.1.dev111+g8ed579383,2.0.2,2.5.5,1.8.0,3.12.13,"{'minimumROIDimensions': 2, 'minimumROISize': 50, 'normalize': False, 'normalizeScale': 1, 'removeOutliers': 3, 'resampledPixelSpacing': [1, 1, 1], 'interpolator': 'sitkBSpline', 'preCrop': False, 'padDistance': 10, 'distances': [1], 'force2D': False, 'force2Ddimension': 0, 'resegmentRange': None, 'label': 1, 'additionalInfo': True, 'binWidth': 25}",{'Original': {}},642294de58c91b9d9d9a1d24dd6fa71898f5c46a,3D,"(3.75, 0.9042969942092896, 0.9042969942092896)","(75, 512, 512)",-739.8932939656576,-2048.0,1301.0,38a8da35f7de50e9606683e0661e431a0fa59ee1,"(3.75, 0.9042969942092896, 0.9042969942092896)","(75, 512, 512)","(31, 165, 108, 38, 144, 253)",137651,6,"(np.float64(48.614183696449714), np.float64(243.55485975401558), np.float64(232.1836020079767))","(209.9629334004993, 220.24592760062134, -182.30318886168644)","(1.0, 1.0, 1.0)","(164, 152, 250)",-25.726797069208757,-1023.1094955065587,1320.1838966729495,"(1.0, 1.0, 1.0)","(164, 152, 250)","(12, 11, 11, 143, 130, 228)",422174,4,"(np.float64(79.51533964668596), np.float64(82.19532467655516), np.float64(122.9999076210283))","(210.04775912392364, 220.24317617945053, -182.14033964668596)",87.55101002549543,-119.78663746604433,219.30943411991535,0.3348370409766041,0.1862360634818984,62.444264029075306,335.2963054609706,233.8482413874434,229.17242417009948,125.8729518204765,242.95061226512684,422032.3333333333,112.26962277093898,0.3750987608133106,72538.56810010046,0.17187917221216176,422174.0,13.945350269734865,148.22843363560924,4405778632.842853,3.0380522340311273,75.78272236832606,2.9282010769932123,219.30943411991535,43.09932046061852,87.55101002549543,95.83446316950631,-119.78663746604433,339.0960715859597,31.219214956815613,102.15640342339842,-0.6493498545371436,4405778632.842853,0.13991020788273914,2770.751403919725,87.26536634456474,575.4321633083646,-32.88454000427734,14.077900925477657,1.8472097920192136,0.7664191107542174,0.965729198632245,1.7709394304821706,0.8834216383494449,0.6291881406918894,0.5994004923351725,0.9909439881083558,0.9390424464362622,-0.22883038460106045,0.8444083996026037,0.48277536203927257,9.176380686961444,0.038777181848471516,5.2356881700045825,0.7778197126822699,0.09151394175955994,18.35276137392289,3.839183806058131,3.981277679374217,37099.97676674378,0.1300953775704075,4.949278155839538,82.35233588198017,3.3380734888260863,300.29452008395305,0.048452889113981934,0.018008952036304964,4.429458959504796,153687.3408124999,0.5327352409326106,0.6748868767562481,1.0289603607692357,0.7556300013835285,60.22771815528312,0.014600672507057584,977.9584336031503,0.10697423250964234,10.379991213762814,51.366878144826075,1216543.7989499015,117219997.790746,13684.875199373073,0.054934635283299664,1681.2170203456574,0.18390035225833049,0.4197200908908436,18.51493910409724,0.028283778277534585,6.654309428609309,0.021654578443959127,1214411.2425157968,210.6092447336122,3.1567318156048705e-05,52.89962023165202,0.030832152383784124,0.002458308520536338,case_00256
3.1.1.dev111+g8ed579383,2.0.2,2.5.5,1.8.0,3.12.13,"{'minimumROIDimensions': 2, 'minimumROISize': 50, 'normalize': False, 'normalizeScale': 1, 'removeOutliers': 3, 'resampledPixelSpacing': [1, 1, 1], 'interpolator': 'sitkBSpline', 'preCrop': False, 'padDistance': 10, 'distances': [1], 'force2D': False, 'force2Ddimension': 0, 'resegmentRange': None, 'label': 1, 'additionalInfo': True, 'binWidth': 25}",{'Original': {}},b5641f79441940f23816501d9604423b3adda6d4,3D,"(5.0, 0.64453125, 0.64453125)","(32, 512, 512)",-458.37288880348206,-1024.0,1510.0,712faa622d4f9dd27ebdfd39251dd4109269b0b1,"(5.0, 0.64453125, 0.64453125)","(32, 512, 512)","(5, 246, 98, 23, 119, 300)",143146,4,"(np.float64(16.094791331926842), np.float64(305.02415715423416), np.float64(253.6792016542551))","(163.5041729412191, 196.597601290815, -80.47395665963421)","(1.0, 1.0, 1.0)","(137, 98, 216)",20.596233081032146,-1054.4055105139823,1501.741627802269,"(1.0, 1.0, 1.0)","(137, 98, 216)","(13, 11, 11, 115, 76, 194)",297500,6,"(np.float64(70.50445378151261), np.float64(48.40956302521008), np.float64(111.2615462184874))","(163.4392805934874, 196.58729740021008, -80.50445378151261)",85.1960233635047,-117.72024799832404,344.1890197497118,0.3843078201681577,0.19147697922392262,50.02643803178857,261.2660709112462,194.48650338776724,192.37463450257678,113.64858116140297,196.13260820169603,297481.375,100.40659419580034,0.3743173558721104,57572.79939061144,0.1935341309707589,297500.0,19.925038685549463,145.15175731001756,2903601947.2162795,2.9849593978490305,76.16874659200214,2.896733350404308,344.1890197497118,41.43213404852278,85.1960233635047,89.71490408793971,-117.72024799832404,461.90926774803586,30.739474343125853,98.7927454080754,-0.4398401406271329,2903601947.2162795,0.1434683123508227,2501.644148309974,84.35148951660466,503.3907907490541,-18.40424170192265,13.566244991614848,1.5089774225458874,0.7989515520392231,0.8130101484913563,1.6481592846450988,0.8253228721637058,0.6771399739496011,0.6560956071343317,0.9959276758584747,0.9608949115037206,-0.27963805742919917,0.886629820766539,0.46109090763521515,9.018677153722296,0.04509420541244513,5.0349494775464905,0.8144560209973111,0.10109514951296224,18.037354307444584,3.8265685074653635,3.768805603540185,24552.296142915755,0.13527747936779094,4.458673566507284,80.74145926256938,4.5315643116759725,391.6782098219115,0.0658873122630046,0.017396299814487023,4.607903644292552,86692.8665343308,0.46982982993190353,0.6100744667097608,1.6455497707832238,0.7084350957634751,55.42943309582359,0.013224410668343716,720.9017883318675,0.1056730853608718,7.830377125035915,54.52081501026092,810614.6235708004,73438621.30958663,9982.675561539121,0.04169760955438907,1498.3655819407797,0.2196372884697713,0.47038150673639534,22.803876055825928,0.022453942898552817,6.417240852569183,0.02293109243697479,808712.8863351113,86.46994250008746,4.8709605779086165e-05,93.73978194662338,0.01316265790849815,0.008186918228970429,case_00257
3.1.1.dev111+g8ed579383,2.0.2,2.5.5,1.8.0,3.12.13,"{'minimumROIDimensions': 2, 'minimumROISize': 50, 'normalize': False, 'normalizeScale': 1, 'removeOutliers': 3, 'resampledPixelSpacing': [1, 1, 1], 'interpolator': 'sitkBSpline', 'preCrop': False, 'padDistance': 10, 'distances': [1], 'force2D': False, 'force2Ddimension': 0, 'resegmentRange': None, 'label': 1, 'additionalInfo': True, 'binWidth': 25}",{'Original': {}},5dbe6f8e17c6b5681117a8e1778bf9f191e17c93,3D,"(3.0, 0.7699999809265137, 0.7699999809265137)","(107, 512, 512)",-608.1027966793453,-2048.0,1382.0,1ed8575bb7adb652232991b36ca26ac114ef0b5b,"(3.0, 0.7699999809265137, 0.7699999809265137)","(107, 512, 512)","(40, 256, 109, 39, 106, 296)",224218,10,"(np.float64(58.95551204631207), np.float64(305.70763275026985), np.float64(242.4902327199422))","(186.71747456922137, 235.39487138679743, -176.86653613893623)","(1.0, 1.0, 1.0)","(139, 104, 250)",24.46750645873541,-943.5530763238821,1271.3571942237418,"(1.0, 1.0, 1.0)","(139, 104, 250)","(12, 11, 11, 117, 82, 228)",398958,10,"(np.float64(69.87082850826403), np.float64(49.277427699156306), np.float64(113.6511888469463))","(186.76618885648304, 235.39242770869302, -176.87082850826403)",131.1868603750373,-120.48107458376799,234.9943740214045,0.3676018454109291,0.1647311523735667,49.683422465450725,301.6030771932066,229.24441105510076,226.56566377101365,126.65701717630967,229.90432792794485,397986.625,110.86984775783768,0.40309846774466135,64911.049142486976,0.16309856931118472,398958.0,40.4033489230874,184.76335229879788,8199054219.078106,2.914021254489312,61.02401047978691,4.398317231083385,234.9943740214045,44.07647080713723,131.1868603750373,149.3617316979223,-120.48107458376799,355.47544860517246,27.83039635856576,143.35679735910526,-1.376506961819055,8199054219.078106,0.17287388307935098,3341.1790140000303,123.72715920248177,1198.320072877952,-89.11156244096713,15.858794828450083,1.9800169961856093,0.7755146884727482,0.9081257243106523,1.7870415485383369,1.1300954816944175,0.6636216881531376,0.6388183812856405,0.9916655372505429,0.9467869679492573,-0.2363783776341585,0.8422387346530926,0.44686522001417306,10.966100518717763,0.06197509294275602,4.93478059180598,0.7865970086955302,0.15250364468965966,21.932201037435526,3.6839287218662147,4.459702956158923,34534.8503067952,0.13991954262796888,6.623735866321963,112.52504687915213,4.250919822726482,554.5526937766291,0.04105429925784599,0.014019105144544365,4.59516042142597,120132.48741373273,0.48306710588690005,0.6162887012976496,1.5032674007306566,0.72051543251729,75.76914969364456,0.01145394068080143,1418.0425846413739,0.09981295028094418,9.66977345377153,59.929260223833325,920060.2785950588,130831175.52643064,6626.478992584017,0.04020175953763,3222.3301893432813,0.2268128520689295,0.47843052631226485,25.506078131834585,0.023276137834671053,6.40627387154298,0.03561026473964678,919271.6916280176,141.7220156094745,3.203413887197614e-05,60.86323158384312,0.030432774491373014,0.004044422062943274,case_00258
3.1.1.dev111+g8ed579383,2.0.2,2.5.5,1.8.0,3.12.13,"{'minimumROIDimensions': 2, 'minimumROISize': 50, 'normalize': False, 'normalizeScale': 1, 'removeOutliers': 3, 'resampledPixelSpacing': [1, 1, 1], 'interpolator': 'sitkBSpline', 'preCrop': False, 'padDistance': 10, 'distances': [1], 'force2D': False, 'force2Ddimension': 0, 'resegmentRange': None, 'label': 1, 'additionalInfo': True, 'binWidth': 25}",{'Original': {}},de1d36d7a44a874440704fb71ed221c19080974b,3D,"(5.0, 0.77734375, 0.77734375)","(82, 512, 512)",-549.6189338870165,-1024.0,3071.0,d279b338f6e7373337cf9cf9db65d1c07803d3f0,"(5.0, 0.77734375, 0.77734375)","(82, 512, 512)","(12, 145, 127, 29, 174, 266)",113590,22,"(np.float64(26.73679901399771), np.float64(249.81347829914606), np.float64(252.4858262170966))","(196.26827897344617, 194.1909460216018, -133.68399506998855)","(1.0, 1.0, 1.0)","(167, 157, 229)",37.691448437718876,-1102.2894701111063,3280.035545073285,"(1.0, 1.0, 1.0)","(167, 157, 229)","(13, 11, 11, 145, 135, 206)",343415,23,"(np.float64(88.68519138651486), np.float64(92.03848113798175), np.float64(108.10587772811321))","(196.21720585311323, 194.14980926298173, -133.68519138651487)",152.2627847777493,-405.95447969944973,318.7491128226048,0.3303185328417847,0.2003588774032096,62.07204925589346,309.80433739892334,203.00246303924493,203.02709178826356,131.54847015454038,226.85017081765665,343550.2083333333,102.3341141976336,0.4170947126594675,56873.45135598907,0.1655462577999865,343415.0,32.325967696803836,241.70743255517326,10114752698.691542,3.541493608838627,119.45352968749498,2.650880857427635,318.7491128226048,65.92040728334833,152.2627847777493,166.05183665843342,-405.95447969944973,724.7035925220546,49.25017566066579,171.62004206504264,-0.6515346227024837,10114752698.691542,0.09842020720779461,6269.483210131795,572.6464996915836,3286.889662704834,-138.2288711150945,35.49423718558119,2.4784568324563567,0.8689656354173871,1.049857607379972,1.9014853114435535,1.3405016267152166,0.623840624783768,0.5923388721247247,0.9973026683970289,0.9674696993538665,-0.30383089045875067,0.9312225731684017,0.4668683999112311,23.756916596381338,0.026303761432112764,5.923848137449931,0.9253423436034878,0.08085177623192741,47.51383319276268,4.418679182275597,9.49317350450939,21310.55254852863,0.09219836771842144,10.356249172022935,553.8021097486316,3.3282063218780027,1951.7459428097982,0.0061418380928376926,0.0019789132463953235,4.91480474078812,125195.66678492745,0.5366946021373895,0.6733418525914487,1.0526552232616675,0.7594385498694188,413.14334930314214,0.0015361262858609981,839.0381616365471,0.07696891676328292,13.697814291310793,442.8044216126961,459851.72910742136,288838739.44775707,757.7573122092795,0.002788870211369768,2759.6825061920927,0.2531586557372803,0.5105014482556673,219.39565520691036,0.0015539206154047116,6.6412364058735385,0.03174293493295284,458859.28549188614,19.310960089708402,5.32973448519349e-05,310.559916974084,0.01587098238227887,0.03691003695617112,case_00259
3.1.1.dev111+g8ed579383,2.0.2,2.5.5,1.8.0,3.12.13,"{'minimumROIDimensions': 2, 'minimumROISize': 50, 'normalize': False, 'normalizeScale': 1, 'removeOutliers': 3, 'resampledPixelSpacing': [1, 1, 1], 'interpolator': 'sitkBSpline', 'preCrop': False, 'padDistance': 10, 'distances': [1], 'force2D': False, 'force2Ddimension': 0, 'resegmentRange': None, 'label': 1, 'additionalInfo': True, 'binWidth': 25}",{'Original': {}},81943f72ec75c6b7bebed4c6898fd93230cf7cd5,3D,"(5.0, 0.75, 0.75)","(54, 512, 512)",-495.6011272006565,-1024.0,3070.0,c93be469faf0f19bc9bd1571e7e336328ec1955c,"(5.0, 0.75, 0.75)","(54, 512, 512)","(18, 246, 128, 25, 116, 258)",104033,28,"(np.float64(27.01087155037344), np.float64(299.0613939807561), np.float64(261.2272355887074))","(195.92042669153057, 224.2960454855671, -135.0543577518672)","(1.0, 1.0, 1.0)","(147, 109, 216)",55.06280110093513,-1099.2872798387648,1434.4487371475718,"(1.0, 1.0, 1.0)","(147, 109, 216)","(13, 10, 11, 125, 87, 193)",292575,28,"(np.float64(60.05579765871999), np.float64(50.027599760745105), np.float64(110.70043578569597))","(195.82543578569596, 224.1525997607451, -135.05579765872)",112.71740942742663,-116.51045958668868,208.89738003362598,0.41199671880827704,0.19531181362049307,48.226040395448365,246.91819456018942,196.70282153543198,187.6006396577581,119.95415791042844,197.89138435010253,292076.5,101.72948597286181,0.41630048043689166,51137.75085092637,0.1750834142799108,292575.0,41.44363154327505,157.94312536552076,4357113590.34792,2.6965337188036673,52.28986422156552,4.379169386598598,208.89738003362598,35.91144372330472,112.71740942742663,126.43161957342039,-116.51045958668868,325.4078396203147,23.074400637569173,122.03399649803804,-1.2966511765867534,4357113590.34792,0.19711699089477877,2187.081913253034,105.2989496399931,592.20324461908,-51.5642869294469,11.43165141662063,1.3413937217506167,0.7885931697384054,0.7582341710207519,1.5778753419964056,0.7454600923795366,0.6915077130678776,0.673535469164038,0.9934430486878584,0.9516794707738089,-0.25452043238344463,0.8429001539217248,0.4596430136860809,10.137827971508134,0.07480308501459336,4.566239989923146,0.8091583877318267,0.18321543852219296,20.275655943016268,3.4781688602398995,3.1932612845928117,28550.12190707725,0.16495437310668035,4.194181796650691,98.69512806426502,5.2159794748094095,573.8535371330679,0.05595744077208834,0.013553656606896839,4.474920181540219,79105.51581064567,0.44966224141515726,0.589148870440847,2.0091792870128415,0.6919561402257046,65.37689376004585,0.01018145352197448,679.2579178171187,0.11032287117380522,8.075705942461838,60.993828163066425,1297362.2421633913,152264406.62725353,11414.64061759804,0.03378781265795708,1189.120513236966,0.19313310268588046,0.4299682652201676,22.579846324493616,0.016990660122755314,6.439420004204648,0.02104417670682731,1295104.178822094,129.85431980749607,3.946802979904592e-05,51.23166870558661,0.021160648306698594,0.004650438483566652,case_00260
3.1.1.dev111+g8ed579383,2.0.2,2.5.5,1.8.0,3.12.13,"{'minimumROIDimensions': 2, 'minimumROISize': 50, 'normalize': False, 'normalizeScale': 1, 'removeOutliers': 3, 'resampledPixelSpacing': [1, 1, 1], 'interpolator': 'sitkBSpline', 'preCrop': False, 'padDistance': 10, 'distances': [1], 'force2D': False, 'force2Ddimension': 0, 'resegmentRange': None, 'label': 1, 'additionalInfo': True, 'binWidth': 25}",{'Original': {}},9a98a1704d61ca2c09d045ad3c79a85a4cd07d43,3D,"(0.5, 0.84375, 0.84375)","(615, 512, 512)",-621.4807679215098,-1024.0,2854.0,73dff7e32b13acbcbfbe90e8ec565973a492c17b,"(0.5, 0.84375, 0.84375)","(615, 512, 512)","(14, 274, 146, 314, 98, 268)",961137,133,"(np.float64(158.45423597260327), np.float64(325.00462473091767), np.float64(273.65396712435376))","(230.89553476117348, 274.2226521167118, -79.22711798630164)","(1.0, 1.0, 1.0)","(175, 105, 248)",32.287827873188995,-1045.0291534560426,1578.6558030241558,"(1.0, 1.0, 1.0)","(175, 105, 248)","(7, 11, 11, 157, 83, 226)",342396,50,"(np.float64(78.87153471419059), np.float64(54.09235797147163), np.float64(119.01781270809238))","(231.09593770809238, 274.17048297147164, -79.12153471419059)",139.81731488306178,-176.05430043321797,540.4127863019921,0.27905100017287476,0.16980647701596818,52.409945575659755,308.645150035892,233.0772404161333,209.61393083476108,102.23991392797629,247.88101984621574,340981.9583333333,86.12773781602266,0.41933226438081905,56287.692553760164,0.16507528090015564,342396.0,27.043385401755714,224.91579489465676,8939776875.305033,3.5737585634933082,124.18760172231153,3.095136246083353,540.4127863019921,67.23921476915679,139.81731488306178,162.1882563213257,-176.05430043321797,716.4670867352102,49.864603527649734,161.58423949141093,-0.4886040080682375,8939776875.305033,0.1028933508608522,6560.584910908395,209.7611638381362,3233.1770922545115,-92.89298537190994,33.33714950266046,6.081871058282032,0.6910920449968182,1.6790872923367606,2.431001982185004,3.226109568372233,0.5198680480855722,0.4652183421456056,0.9935608216883035,0.949746729632963,-0.15734309720157863,0.8109705151463944,0.42896380391882233,14.245951638843403,0.019579297893939772,6.4897437970055165,0.7434052817699156,0.05525483583766212,28.49190327768682,4.36325035380491,9.854755140235623,25588.753015669492,0.09548909753203337,11.161194065833248,206.4275901615847,2.0441226145825873,436.0592310917779,0.012456742439349473,0.006670466204499153,4.586992971388339,176155.02705565622,0.6562765817424753,0.7825812576890276,0.40530193077030624,0.8373335607476325,170.96622967292038,0.005749799049338467,2035.1235610383612,0.06712813144566947,20.630833681698068,174.55546393112775,141392.44074281756,36023107.97176502,580.2342280398026,0.010910387196912437,11650.696935712636,0.3842958384969699,0.6434615042943658,110.61015399549032,0.0073071988818513706,6.238015362778386,0.08854367457563757,141264.88943456247,49.93227553453431,3.240446263797039e-05,467.4374412369045,0.027220834068399372,0.013690824537388816,case_00261
3.1.1.dev111+g8ed579383,2.0.2,2.5.5,1.8.0,3.12.13,"{'minimumROIDimensions': 2, 'minimumROISize': 50, 'normalize': False, 'normalizeScale': 1, 'removeOutliers': 3, 'resampledPixelSpacing': [1, 1, 1], 'interpolator': 'sitkBSpline', 'preCrop': False, 'padDistance': 10, 'distances': [1], 'force2D': False, 'force2Ddimension': 0, 'resegmentRange': None, 'label': 1, 'additionalInfo': True, 'binWidth': 25}",{'Original': {}},f10e5a378a1b53dadb335a1d67937df84aae895e,3D,"(5.0, 0.681640625, 0.681640625)","(63, 512, 512)",-425.061956678118,-1024.0,3071.0,4fad2e4e06dbbf1d5342139af79e3fb411798794,"(5.0, 0.681640625, 0.681640625)","(63, 512, 512)","(19, 191, 116, 35, 224, 318)",142556,126,"(np.float64(32.505036617189035), np.float64(340.8743090434636), np.float64(258.92727770139453))","(176.49535140192714, 232.3537770628297, -162.52518308594517)","(1.0, 1.0, 1.0)","(197, 175, 239)",6.816682060378426,-1131.903668364468,1356.9663564497312,"(1.0, 1.0, 1.0)","(197, 175, 239)","(13, 11, 11, 175, 153, 217)",331280,109,"(np.float64(82.47215346534654), np.float64(113.21175440714804), np.float64(108.32407631007003))","(176.48325599757004, 232.37093409464802, -162.47215346534654)",89.73067862667203,-184.5448094867825,257.2240359065631,0.6616942829902834,0.27870524096731636,71.20125073278095,255.47151709691275,214.84180226389836,214.67417171145672,197.70938268074178,231.38928237928394,330510.25,169.0440423298816,0.24845960628578942,93043.26749790816,0.2815140150658207,331280.0,9.725709002614087,152.19800960052282,3655418162.8802657,3.0808168539129803,77.43887550361455,2.8697283770595705,257.2240359065631,44.57600969790307,89.73067862667203,99.12538790408918,-184.5448094867825,441.7688453933456,32.14575854305583,105.0439208930769,-0.6688225993925048,3655418162.8802657,0.13594791929029018,2982.6306297878987,154.67686388400338,687.4314781620342,-40.55300742256274,15.442726925454773,1.8686050038816535,0.7826714401150336,0.950313007998929,1.7695881898678185,0.9327720744798838,0.6368818013432876,0.6085139885246701,0.9949561627887753,0.9545333357941388,-0.24382778835935476,0.860654284962301,0.47752972212052114,12.299627137234753,0.039132552936423565,5.267764847879852,0.7936890002886303,0.09800686613681814,24.5992542744695,3.893249115635663,4.327832982334106,28230.042070257263,0.1261009368822472,5.256768331536519,145.391642975934,3.382901235833261,539.2044450703389,0.02432789758421133,0.008293467706293455,4.466261326658881,121891.5212955242,0.5371855671047835,0.6754404826036075,1.065756274140622,0.758327941021848,106.96372834368125,0.0065714393235393785,1017.5684335443038,0.10062978970968194,8.938853824507293,101.47290348101266,499318.6841376582,87004267.27185522,3005.096197052492,0.014480794477653413,1820.8473101265822,0.18006796975144207,0.41601175051882533,37.69811218223462,0.006803620954332695,6.772281719173158,0.030524028012557353,498245.39604029804,77.18746250599972,4.115913185497734e-05,106.10884126878166,0.017796459953268038,0.007180457563719204,case_00262
3.1.1.dev111+g8ed579383,2.0.2,2.5.5,1.8.0,3.12.13,"{'minimumROIDimensions': 2, 'minimumROISize': 50, 'normalize': False, 'normalizeScale': 1, 'removeOutliers': 3, 'resampledPixelSpacing': [1, 1, 1], 'interpolator': 'sitkBSpline', 'preCrop': False, 'padDistance': 10, 'distances': [1], 'force2D': False, 'force2Ddimension': 0, 'resegmentRange': None, 'label': 1, 'additionalInfo': True, 'binWidth': 25}",{'Original': {}},29466fca3dae8514f4f99b0fba18e81ccf15d90d,3D,"(0.5, 0.7890625, 0.7890625)","(653, 512, 512)",-372.4450515232992,-1024.0,3071.0,fad12aedbc9c11ee1076fd8ca743671e157cfd4d,"(0.5, 0.7890625, 0.7890625)","(653, 512, 512)","(116, 288, 102, 281, 141, 312)",1485985,106,"(np.float64(251.50664037658524), np.float64(348.6209995390263), np.float64(267.6092362978092))","(211.16041301624008, 275.0837574487629, -125.75332018829262)","(1.0, 1.0, 1.0)","(163, 134, 268)",2.4376824563208137,-1035.498294704374,1485.1209520507286,"(1.0, 1.0, 1.0)","(163, 134, 268)","(11, 11, 10, 140, 112, 247)",462086,55,"(np.float64(78.28612422795757), np.float64(58.95473569854962), np.float64(141.1923343273763))","(211.2978030773763, 275.0602044485496, -125.53612422795757)",79.99593930021875,-182.18099132375352,353.1616418594041,0.38482032198791855,0.1870323027402913,61.54395076455083,329.0551945457749,244.72433471152803,241.7457341919398,148.07092894960846,249.6177077052027,461234.8333333333,126.62712591690229,0.30120546359547057,95844.97422211104,0.20780081488954696,462086.0,-2.4993436510415727,152.62940055444818,4621709470.030203,3.296386517979279,84.96955132061467,2.8136816348938245,353.1616418594041,48.74402904677214,79.99593930021875,85.93484625559879,-182.18099132375352,535.3426331831577,34.989591195119814,100.00919126519172,-0.31042279488641206,4621709470.030203,0.11697674329056412,3602.4880329934094,143.6584072643141,774.6235721171686,-22.967680278292942,16.801608331064866,4.991922223104997,0.5415093671453748,1.703554487212829,2.3815301128702044,2.070283468577277,0.4903438752691058,0.4256032267572908,0.9908755681038343,0.9340475804982559,-0.0838920198015558,0.6377347959763148,0.4152202273339566,11.861940011179948,0.018582496784198342,6.223436355342591,0.561360603964157,0.041165399226313584,23.723880022359893,4.043133333372376,5.448382638542467,42757.258551510626,0.11279105726238875,6.1874825636361175,141.61241544252084,1.7742843978205405,256.4323256019195,0.014801419737357971,0.008843639181219607,4.15457754097281,266419.9001865042,0.7022618490446999,0.820384916693829,0.2863841001819277,0.8639046294583161,121.57390993285358,0.007778487777762208,3296.9320467518346,0.08146808783888494,13.947303515786901,127.0974078924609,230532.52840445773,35966193.01813734,1564.2182719768566,0.013417064549115447,15356.691022758161,0.3794680131151785,0.6399900982610407,81.47111607419883,0.00901587660833848,5.955215911780603,0.08757893552282475,230402.15149696288,143.77141969526284,1.8804223470197728e-05,283.2342936003976,0.0271256980487451,0.0042324113881485725,case_00263
3.1.1.dev111+g8ed579383,2.0.2,2.5.5,1.8.0,3.12.13,"{'minimumROIDimensions': 2, 'minimumROISize': 50, 'normalize': False, 'normalizeScale': 1, 'removeOutliers': 3, 'resampledPixelSpacing': [1, 1, 1], 'interpolator': 'sitkBSpline', 'preCrop': False, 'padDistance': 10, 'distances': [1], 'force2D': False, 'force2Ddimension': 0, 'resegmentRange': None, 'label': 1, 'additionalInfo': True, 'binWidth': 25}",{'Original': {}},2f7b54763c66cfc3077b9373b2ab9daa5ad7bf37,3D,"(1.0, 0.7265625, 0.7265625)","(411, 512, 512)",-608.3263429423608,-1024.0,2067.0,d4237f20a5766c8dc0d4785b40fadbca1a52a462,"(1.0, 0.7265625, 0.7265625)","(411, 512, 512)","(88, 242, 128, 115, 130, 262)",531311,18,"(np.float64(155.01024447075253), np.float64(312.03901293216217), np.float64(257.29388625494295))","(186.940089232107, 226.71584533352407, -155.01024447075253)","(1.0, 1.0, 1.0)","(137, 116, 212)",67.50633532886071,-1054.383530701374,1828.7825507421726,"(1.0, 1.0, 1.0)","(137, 116, 212)","(11, 11, 11, 115, 94, 190)",280189,14,"(np.float64(78.03197841457016), np.float64(61.561542387459895), np.float64(104.81699852599495))","(186.95371727599496, 226.6982611374599, -155.03197841457018)",122.55585913817377,-117.28729661538276,238.11194547143327,0.3517108230532761,0.19054160038321,49.75166216211206,261.10656183244714,191.44189719076647,185.4561942885705,98.2700361249552,196.97207923967295,279830.7083333333,91.83400376670113,0.5417542337232255,38189.62481229641,0.13647403117318013,280189.0,66.40530446320925,163.41623990331485,4701639090.184699,2.5780709918822473,42.177658652179346,5.746597336438003,238.11194547143327,30.67187656762368,122.55585913817377,132.2622127962768,-117.28729661538276,355.399242086816,18.556874208813092,129.53857153839402,-1.4874047056518225,4701639090.184699,0.21763540626844644,1760.3029071117317,111.91518676491697,460.4243565707836,-40.80847871600292,8.624240475642674,1.874095128113879,0.642193151585662,0.9819954666092107,1.786128820793644,0.8949868354664865,0.6219677880422245,0.5916207543907108,0.9919674846235046,0.941686678914619,-0.13490372891156863,0.6867738897495677,0.49299923238328935,10.49892484347512,0.06699171217932155,4.684673743712635,0.6969424326528684,0.1575279464442077,20.99784968695024,3.2900384350240657,2.6245839009391383,36069.083932698406,0.18816693579862567,3.394365292672852,108.5980901345049,2.99725862431196,343.2613330670886,0.029942329504233454,0.011499562688152186,3.9975050902091827,103939.10904309998,0.5395025250868241,0.6837329857291383,0.8257152363378594,0.7612155841558683,81.07710570682048,0.009187640727851654,1354.0515869116637,0.133050170670302,10.026863592722654,90.50417608332515,795175.1747076742,96472049.24270414,6673.172629818911,0.023057126717875687,3211.4349022305196,0.31555811164690184,0.578969739519847,52.36390613118976,0.01435641605992166,5.7197177711592015,0.036321911281313686,794417.1862133775,144.5741684275517,3.0247972742786423e-05,76.59784101589484,0.01919964018242252,0.004214761520123816,case_00264
3.1.1.dev111+g8ed579383,2.0.2,2.5.5,1.8.0,3.12.13,"{'minimumROIDimensions': 2, 'minimumROISize': 50, 'normalize': False, 'normalizeScale': 1, 'removeOutliers': 3, 'resampledPixelSpacing': [1, 1, 1], 'interpolator': 'sitkBSpline', 'preCrop': False, 'padDistance': 10, 'distances': [1], 'force2D': False, 'force2Ddimension': 0, 'resegmentRange': None, 'label': 1, 'additionalInfo': True, 'binWidth': 25}",{'Original': {}},e76ea6ee5f4a7e5a2179b8328bf0816fb7a03266,3D,"(5.0, 0.703125, 0.703125)","(91, 512, 512)",-464.8465860387781,-1024.0,2620.0,f4b0b03abec3329c27ef0e9ffc250e36ac6bae2e,"(5.0, 0.703125, 0.703125)","(91, 512, 512)","(14, 244, 111, 24, 127, 290)",150922,9,"(np.float64(25.116762301056173), np.float64(303.23148381283045), np.float64(260.7013689190443))","(183.305650021203, 213.2096370558964, -125.58381150528086)","(1.0, 1.0, 1.0)","(142, 111, 226)",21.9701044061337,-951.1916215713588,1875.8651924820285,"(1.0, 1.0, 1.0)","(142, 111, 226)","(13, 11, 11, 120, 89, 204)",373145,9,"(np.float64(70.5936700210374), np.float64(52.06005708236744), np.float64(116.15420278980021))","(183.3026402898002, 213.20849458236745, -125.5936700210374)",103.58187290986373,-196.6375122936054,1875.8651924820285,0.3698616045641871,0.19117300755309638,53.949180806129306,282.20082686697003,202.03217565526538,204.79257799051214,120.83045973594572,207.27517941133232,373184.0833333333,104.3752506343579,0.36964901162253855,67812.53558648503,0.18171336510596545,373145.0,8.823543842998108,155.51698902475346,6801489170.227828,3.126851707657968,64.18678276612947,84.66730799923253,1875.8651924820285,47.86244540739676,103.58187290986373,112.54334433318529,-196.6375122936054,2072.502704775634,28.85141599652066,135.0091466182125,6.117754727303399,6801489170.227828,0.15318699755419746,7498.265275062845,174.64483773430965,163782.4655429606,1800.179350214097,40.40291682817296,4.286997928468939,0.807058075964664,1.1504067455983598,1.9824648579709734,2.9118954468939098,0.6210038234624334,0.5891802981123524,0.999409492758262,0.9868487996981157,-0.21622994031589274,0.8331074173385715,0.4591827719827537,12.869074606503263,0.047366708221076886,5.386869037244448,0.8530759647594892,0.11638859140949441,25.738149213006537,3.8968838011367017,11.172478689160481,32642.70324293394,0.1292640281712959,16.248186146325864,170.88292062972266,3.5593093308988015,622.6366979628366,0.023899095088646335,0.008083392761248148,4.60008518631419,138693.59935033307,0.5445996711696893,0.6740073203137159,1.2176932771567361,0.7646358461059173,130.47981440118812,0.006524670722187699,832.8506862111087,0.05984412489840545,131.8245434887126,341.8193576201768,686283.0051735288,123668393.59359057,3888.770549009752,0.012303888101907324,3191.8809369835453,0.22935122059233637,0.4823851997560933,227.49779164276555,0.005663274801020569,7.555069920692179,0.03729649332029104,685564.1125974015,15.81581966680831,3.3032641042170455e-05,3611.81880244086,0.002523885805642033,0.9105874684276082,case_00265
3.1.1.dev111+g8ed579383,2.0.2,2.5.5,1.8.0,3.12.13,"{'minimumROIDimensions': 2, 'minimumROISize': 50, 'normalize': False, 'normalizeScale': 1, 'removeOutliers': 3, 'resampledPixelSpacing': [1, 1, 1], 'interpolator': 'sitkBSpline', 'preCrop': False, 'padDistance': 10, 'distances': [1], 'force2D': False, 'force2Ddimension': 0, 'resegmentRange': None, 'label': 1, 'additionalInfo': True, 'binWidth': 25}",{'Original': {}},3f620bc3d33677ba5525c02d0ef228595b4720d7,3D,"(5.0, 0.666015625, 0.666015625)","(88, 512, 512)",-539.2143577228893,-1024.0,1471.0,de4f3bcc895afdb42f961c615bd3ce85af804eea,"(5.0, 0.666015625, 0.666015625)","(88, 512, 512)","(17, 301, 129, 21, 124, 271)",118714,19,"(np.float64(26.04536954360901), np.float64(377.43580369627847), np.float64(258.4063294977846))","(172.10265304442296, 251.3781426961542, -130.22684771804504)","(1.0, 1.0, 1.0)","(127, 104, 203)",48.763526669322616,-1046.179513112024,1016.9385531211751,"(1.0, 1.0, 1.0)","(127, 104, 203)","(13, 10, 11, 105, 83, 180)",263795,15,"(np.float64(60.216361189560075), np.float64(61.126139615989686), np.float64(96.96455581038306))","(172.13154799788305, 251.29313180348964, -130.21636118956008)",128.6542210339621,-123.79990750248746,264.59662225721434,0.3959290065464823,0.17887549767937896,42.764551901585435,239.0743978710696,173.44163283364233,182.78949641595932,103.07764064044152,190.52296449509703,263545.3333333333,94.65648883979102,0.4937235461618675,40262.787455517864,0.15277366875092155,263795.0,21.683393987293478,203.31807651815896,5601410479.226973,3.3105272319395462,99.15680937129184,2.798474347981369,264.59662225721434,56.41420324267602,128.6542210339621,143.7731170362134,-123.79990750248746,388.3965297597018,41.50281782857025,145.71874423782356,-0.7677675988332384,5601410479.226973,0.11742247481914198,4682.043832392659,122.95374575867565,1749.5642203995396,-95.31998573150337,25.05408226481105,2.461173148839033,0.8200839343258571,1.0482512201197418,1.9014826854672682,1.3215559712251936,0.6259073160362638,0.5945854040996931,0.9909271799857179,0.9424600679417303,-0.26418147619193094,0.892955167416903,0.46293366363708066,10.830690302722086,0.03264346611965762,5.628498119691792,0.8282602510591707,0.09496672282444868,21.661380605444176,4.150179449328035,6.8788138534125185,19170.812774238035,0.10884074271457521,7.88413953685838,115.32955557174945,3.517423742292744,453.5408844342604,0.040249225480443476,0.014331139484513469,4.711234704765105,94967.65074356584,0.5329782025080688,0.6674845123034057,1.1634304595886205,0.7562131479651678,83.78498113309823,0.011713580304095044,818.8170188463735,0.09352564464264689,9.81824305993377,63.69434608794975,401591.7913192462,58499690.41816105,3077.5721889927727,0.04029540468325932,1873.6592804111935,0.21401019764833737,0.456867446533261,26.340100423421248,0.020981458012577343,6.523071157127244,0.03318865027767774,400683.92727060424,82.05164791047861,5.969055231199885e-05,70.70077776793349,0.040464576898194285,0.006329683260784609,case_00266
3.1.1.dev111+g8ed579383,2.0.2,2.5.5,1.8.0,3.12.13,"{'minimumROIDimensions': 2, 'minimumROISize': 50, 'normalize': False, 'normalizeScale': 1, 'removeOutliers': 3, 'resampledPixelSpacing': [1, 1, 1], 'interpolator': 'sitkBSpline', 'preCrop': False, 'padDistance': 10, 'distances': [1], 'force2D': False, 'force2Ddimension': 0, 'resegmentRange': None, 'label': 1, 'additionalInfo': True, 'binWidth': 25}",{'Original': {}},1500e43850e2829fe950f478e802fcb5cecabff6,3D,"(5.0, 0.72265625, 0.72265625)","(46, 512, 512)",-437.61906416519827,-1024.0,1640.0,05c57858b21618458ccd5102235e380589562e9d,"(5.0, 0.72265625, 0.72265625)","(46, 512, 512)","(14, 255, 119, 30, 140, 275)",154036,4,"(np.float64(28.796534576332807), np.float64(334.27734425718666), np.float64(256.88284556856837))","(185.63799386791072, 241.56761206085756, -143.98267288166403)","(1.0, 1.0, 1.0)","(172, 124, 221)",-22.380596848827903,-1105.5877642650385,1546.1365852428728,"(1.0, 1.0, 1.0)","(172, 124, 221)","(13, 11, 11, 150, 101, 199)",402120,4,"(np.float64(88.99886849696608), np.float64(68.41536108624291), np.float64(110.45817169004278))","(185.59684356504278, 241.5540329612429, -143.99886849696608)",68.8283995967739,-363.2991505231985,213.5774604703224,0.36692093457996877,0.19236600849709462,53.72395714887386,279.27988717240174,200.8606482116395,187.45132701584163,127.47156545677157,220.2952564173818,401814.0416666667,102.47363721068587,0.5034876183516928,52301.250060172795,0.13016282318864406,402120.0,17.51152166859876,116.74155291784338,2560675549.659581,2.707346737361016,56.90809475441384,3.763884234097322,213.5774604703224,32.50421196754724,68.8283995967739,73.19913410548841,-363.2991505231985,576.8766109935209,23.254466157668062,79.79936590297453,-0.6387246234566188,2560675549.659581,0.17760762273835076,1630.5902074636283,338.25309214969843,211.30808063606813,-11.23117436472748,8.118930733712103,1.5380023003910628,0.6797803270529008,0.8684802756975911,1.6598212697641606,0.7555812725068786,0.6527606251311743,0.6283926864109589,0.9973637649179863,0.9662483434743299,-0.19536256403609464,0.777127064884279,0.48485050559910103,18.346863829120192,0.0525981137167398,4.765583893836698,0.7286002713564166,0.1011314501448204,36.69372765824039,3.4903188275603707,2.4142332585257913,42880.600589941154,0.16607248946259956,3.0679070728906024,332.21676172723744,4.129851780437115,1403.796628698195,0.012509701483016923,0.0031475243193661412,4.245721408692012,130319.82363197999,0.4942545482277778,0.6413791520326882,1.3942860800052754,0.7241550269606501,238.07222493757536,0.0023177975994703682,973.8131362094038,0.1180093475774847,8.673358229348006,270.01357246728065,1604108.3029568589,556788155.0325981,4683.120817960235,0.0045189136845793275,1410.2872031022782,0.17090247250391158,0.3925035503785097,96.46902272083832,0.0020989950190622203,6.566761049079082,0.020521237441559734,1601733.68958444,53.939223116828664,2.6704539505226386e-05,207.24607103532077,0.0059982454638643126,0.016244452702162123,case_00267
3.1.1.dev111+g8ed579383,2.0.2,2.5.5,1.8.0,3.12.13,"{'minimumROIDimensions': 2, 'minimumROISize': 50, 'normalize': False, 'normalizeScale': 1, 'removeOutliers': 3, 'resampledPixelSpacing': [1, 1, 1], 'interpolator': 'sitkBSpline', 'preCrop': False, 'padDistance': 10, 'distances': [1], 'force2D': False, 'force2Ddimension': 0, 'resegmentRange': None, 'label': 1, 'additionalInfo': True, 'binWidth': 25}",{'Original': {}},5284cdae1efe99333a2d9868af37353d2fa05e75,3D,"(0.800000011920929, 0.673828125, 0.673828125)","(177, 512, 512)",-397.41550126587606,-1024.0,1358.0,246166aa37e2ca05b818798e7dca610d9ce7fbd3,"(0.800000011920929, 0.673828125, 0.673828125)","(177, 512, 512)","(14, 208, 95, 149, 143, 335)",1334362,20,"(np.float64(85.0632834268362), np.float64(281.96664323474437), np.float64(254.47917206874897))","(171.4752233666375, 189.99705452341172, -68.05062775550232)","(1.0, 1.0, 1.0)","(142, 119, 248)",28.87360171436344,-1037.0128897393502,1355.9918317844244,"(1.0, 1.0, 1.0)","(142, 119, 248)","(11, 12, 11, 119, 95, 226)",484869,16,"(np.float64(67.9650070431395), np.float64(60.825429136529664), np.float64(118.32589008577574))","(171.48897602327574, 189.98851507402966, -68.06500703717903)",66.88857226345459,-109.50625468241181,582.7428004919802,0.3587543721486475,0.19487862641055698,61.05723292238553,313.3090275059427,225.37524265100637,225.97787502319778,125.41929676090518,228.05262550560562,484863.0,112.4009834513978,0.4627243848232638,64502.18610219603,0.13303177619697942,484869.0,13.411628100706547,118.05192610823501,2991055125.8917017,2.7655026608261304,55.33280148957676,3.3494885604337106,582.7428004919802,32.74678005074813,66.88857226345459,69.65415522201543,-109.50625468241181,692.2490551743921,22.881683658139526,78.54164615168906,-0.38290647435052905,2991055125.8917017,0.1713400808872833,1694.7090807737488,69.89358266354976,228.37810952863867,-6.337326077355177,8.660926357950519,1.6857244078084812,0.673677891990721,0.875033805624269,1.7181533718713229,0.909638866271152,0.6584381464110572,0.6350297400079972,0.9980208173098409,0.9716604335242933,-0.1949503320167706,0.7999829426029165,0.47643490236854513,8.255283443406936,0.04939448112862796,4.901670727482931,0.6925674514684519,0.0967828171612375,16.51056688681388,3.5861577988548614,2.5866626914397495,49224.107991980425,0.1610299828086662,3.1672835640684913,68.25061855297257,3.725739304581903,264.4871364239939,0.06226422285446608,0.01908268253111505,4.331293220655053,149487.99670527346,0.4866142182891356,0.6303398047085518,1.176923991683694,0.7232160771554523,48.376915892295756,0.014593688727140609,1676.3561378942454,0.11177943174596557,7.264927636012855,50.87317463492698,1384155.6045209041,102565891.2834567,20115.459346640855,0.0408445269888129,4440.265186370608,0.29607689447026786,0.5606372751470491,28.369539196733164,0.025045764634715483,5.959564614302162,0.030930003774215304,1383110.3066784192,137.40150835268702,2.3417273850917752e-05,214.44513521649995,0.006277120236463607,0.013876621648370073,case_00268
3.1.1.dev111+g8ed579383,2.0.2,2.5.5,1.8.0,3.12.13,"{'minimumROIDimensions': 2, 'minimumROISize': 50, 'normalize': False, 'normalizeScale': 1, 'removeOutliers': 3, 'resampledPixelSpacing': [1, 1, 1], 'interpolator': 'sitkBSpline', 'preCrop': False, 'padDistance': 10, 'distances': [1], 'force2D': False, 'force2Ddimension': 0, 'resegmentRange': None, 'label': 1, 'additionalInfo': True, 'binWidth': 25}",{'Original': {}},7ab92ab047a0440d1fee968446a6e4809f691bd2,3D,"(5.0, 0.896484375, 0.896484375)","(101, 512, 512)",-502.5362269713147,-1024.0,1563.0,1d9b7a774bc00f52311f5ff7b95875d9d7a17aab,"(5.0, 0.896484375, 0.896484375)","(101, 512, 512)","(26, 243, 118, 22, 124, 308)",89327,21,"(np.float64(36.46808915557446), np.float64(308.307286710625), np.float64(224.1201092614775))","(200.92017607620735, 276.3926652347205, -182.3404457778723)","(1.0, 1.0, 1.0)","(132, 133, 298)",-11.258469371332401,-890.9887264353788,1169.7157727519605,"(1.0, 1.0, 1.0)","(132, 133, 298)","(13, 11, 11, 110, 111, 276)",358785,20,"(np.float64(67.33621806931728), np.float64(69.32233789038003), np.float64(105.94081413659991))","(200.9925719490999, 276.37409570288, -182.33621806931728)",87.01224261246833,-130.21265470123936,232.42396017748825,0.335231098801611,0.14566016681320723,49.77928653133337,341.74948182758646,267.02996086581743,279.15766154630256,121.03718436910205,279.6301128276424,358551.625,114.565054307943,0.37784988416361254,64595.05829179561,0.1801555307183327,358785.0,0.6679039701777103,151.64111807338136,3895337419.012495,3.1420419397005706,79.25471016756703,2.8706620572855175,232.42396017748825,46.627016304186554,87.01224261246833,98.07939680413352,-130.21265470123936,362.63661487872764,33.369180732822954,104.19704494885352,-0.6929149636559951,3895337419.012495,0.13140884274393141,3285.8938116223517,107.50136790611768,800.035603493386,-48.20567350353138,16.370796963521435,2.2470972185676716,0.7566386000964412,1.0849650330956553,1.8758644656294823,1.0278858882958906,0.6010548386857879,0.5645930786851253,0.9915309963063349,0.9397183636525562,-0.21082932909457003,0.8301628337530726,0.47830095042997733,10.196451006831724,0.033826582135344355,5.46317210902124,0.7703599994223972,0.08056907593534596,20.39290201366345,3.926960058944938,4.654473545522278,31004.10537734364,0.12175482727630943,5.800009891940527,101.21673262208502,2.97637358154612,330.02804171933434,0.034491695806323726,0.014010097906293357,4.410102891934912,147279.9680918548,0.5717803799300271,0.7090181499312317,0.8744265239083066,0.7823527864624326,76.98084901965821,0.01157106548860999,915.8605315176807,0.10057769948579845,12.80198683933846,68.8528442784977,989005.2408302218,120627496.87689435,8639.149383025893,0.035365846740450874,1603.3773336261806,0.17607921520164513,0.40595159751680826,23.403678011802974,0.0175053246940039,6.770287269227421,0.025380102289672087,987452.8064080692,148.75910013891797,3.369097658162269e-05,81.67362794529315,0.03218259084813482,0.0035507069389466178,case_00269
3.1.1.dev111+g8ed579383,2.0.2,2.5.5,1.8.0,3.12.13,"{'minimumROIDimensions': 2, 'minimumROISize': 50, 'normalize': False, 'normalizeScale': 1, 'removeOutliers': 3, 'resampledPixelSpacing': [1, 1, 1], 'interpolator': 'sitkBSpline', 'preCrop': False, 'padDistance': 10, 'distances': [1], 'force2D': False, 'force2Ddimension': 0, 'resegmentRange': None, 'label': 1, 'additionalInfo': True, 'binWidth': 25}",{'Original': {}},3b26829571b6a34c5f25b4dcbf601f4b49508599,3D,"(5.0, 0.72265625, 0.72265625)","(93, 512, 512)",-364.58804911951864,-1024.0,1384.0,2472fd2c9e9d4760015d7becade451286c76771a,"(5.0, 0.72265625, 0.72265625)","(93, 512, 512)","(23, 243, 100, 27, 143, 318)",166256,46,"(np.float64(35.08133841786161), np.float64(325.8281806370898), np.float64(261.2959051101915))","(188.82711892728682, 235.46177116352195, -175.40669208930805)","(1.0, 1.0, 1.0)","(157, 125, 252)",30.149220569728673,-937.9687761573249,1305.814317105521,"(1.0, 1.0, 1.0)","(157, 125, 252)","(13, 11, 11, 135, 103, 230)",434125,37,"(np.float64(75.41894615606104), np.float64(70.31676360495248), np.float64(127.61483443708609))","(188.75350631208607, 235.45543547995248, -175.41894615606105)",62.947165892454066,-115.92177848145457,168.95177059550232,0.36083491870540757,0.18720884808666752,61.809748549653925,330.1646753418373,234.88720697390056,225.39077177204928,134.6142637315972,234.9914892075881,434136.5833333333,119.13494378636916,0.31427277952756466,88225.66636189153,0.20322099023419826,434125.0,-2.750576288293929,104.91638583601339,2464670726.0316086,2.587902116121793,48.754243897046116,3.52456787989158,168.95177059550232,32.52805832830323,62.947165892454066,74.54409767955667,-115.92177848145457,284.8735490769569,21.686001099542665,75.34805658369362,-1.0411938031918502,2464670726.0316086,0.20902152063141197,1714.983937047362,68.7537329234808,253.30059058855028,-25.90488243879578,8.08937328641539,1.4199457831844315,0.6981360578706174,0.830304741616511,1.6257223050952196,0.7047396979265946,0.6639424981519093,0.6412426373468416,0.9905366785997807,0.9391763606178599,-0.19320358964658713,0.7574877477441255,0.4775871842741044,8.190528515548243,0.0771901686769117,4.4736308249842756,0.7299316205210187,0.18959347785030095,16.38105703109649,3.2924608543095277,2.377329767399955,47598.9132658311,0.17218664717033713,3.3220203060052236,63.575387881275965,4.538239950563346,327.88649053752044,0.07513067475156356,0.021837307928863122,4.181647627520044,140486.33628113003,0.4998804888241173,0.6339599105185053,1.7356430100345674,0.7300024983016233,44.50537413108505,0.017236855830193583,1102.9806987539703,0.13473988501758738,7.8429851302919324,41.24138773515759,2261673.5251649157,172017209.62496945,30984.999813024373,0.05915838921304912,1227.4646958221354,0.149946823335223,0.35415474629220217,11.808936780040717,0.026996468331493915,6.489657900474752,0.01885632018427872,2258861.066734834,334.77105789733434,2.317057541113251e-05,38.710869286975,0.025338668409902065,0.0015943408138599912,case_00270
3.1.1.dev111+g8ed579383,2.0.2,2.5.5,1.8.0,3.12.13,"{'minimumROIDimensions': 2, 'minimumROISize': 50, 'normalize': False, 'normalizeScale': 1, 'removeOutliers': 3, 'resampledPixelSpacing': [1, 1, 1], 'interpolator': 'sitkBSpline', 'preCrop': False, 'padDistance': 10, 'distances': [1], 'force2D': False, 'force2Ddimension': 0, 'resegmentRange': None, 'label': 1, 'additionalInfo': True, 'binWidth': 25}",{'Original': {}},cf0c9557343e6a96ec77f80fffb75f51ce3d1a38,3D,"(0.5, 0.60546875, 0.60546875)","(468, 512, 512)",-500.8206089215401,-1024.0,1847.0,6ec088d30cbcb478af4c25e493cf8b9049ebac1e,"(0.5, 0.60546875, 0.60546875)","(468, 512, 512)","(82, 262, 93, 218, 154, 326)",1469332,74,"(np.float64(174.465730685781), np.float64(351.8340817459907), np.float64(250.9770024745939))","(151.95873196703926, 213.02454168214283, -87.2328653428905)","(1.0, 1.0, 1.0)","(131, 115, 219)",55.14852155133717,-1030.2674051458648,1803.7894010695559,"(1.0, 1.0, 1.0)","(131, 115, 219)","(11, 11, 10, 107, 93, 198)",269356,37,"(np.float64(56.74972527064554), np.float64(64.81923550988283), np.float64(105.78140082270303))","(151.97866644770303, 213.01650113488284, -86.99972527064554)",175.03192852387585,-170.9319955328068,617.3284101191664,0.40856630046724207,0.19077538638154112,48.703068992228815,255.29010799551017,198.25236442474022,198.25236442474022,116.3872845288522,198.76367877456886,267593.6666666667,104.30293496960829,0.3421645633674743,58690.29810423483,0.219326185239442,269356.0,31.73265218293011,304.72701346175376,11506808121.53649,3.932744706415269,198.05787299467485,1.9323672001863017,617.3284101191664,97.69107129591472,175.03192852387585,195.43385865532167,-170.9319955328068,788.2604056519732,79.91094842803068,206.68745065553694,-0.25577112431017635,11506808121.53649,0.07511825531169354,12083.526255697827,230.1565788607798,7794.787893237916,-131.3581565984913,65.21483047583828,9.099281113775483,0.7549509309398765,2.059274892248744,2.694119813233541,4.786112207250693,0.48415987626046697,0.42235688504738417,0.9915697678231177,0.943063285364289,-0.17069766089999655,0.8493082740929775,0.39307201295373057,14.70127444074056,0.012169797038367727,7.102586877434452,0.7816359003518946,0.03514099467667062,29.402548881481135,4.779596938061506,18.578527897403433,15454.402402602089,0.07082727078401403,19.38838985182179,227.1324633572072,1.8679281975088524,435.0331877055347,0.012809163705132003,0.007330680271255981,4.819319795369877,152118.09076651168,0.6962369533256283,0.8099832420805407,0.339138266481384,0.8602321716370006,193.39081665022007,0.006451356600402394,2229.111727371491,0.06372896470271287,21.142973582136552,183.36628738063925,39879.90485447996,12387734.911144149,162.67279579955715,0.011163915898543852,13490.818514494826,0.38569439403324446,0.6450324698680584,115.99456014464188,0.007609050645605939,6.348670728645512,0.12985788324744948,39820.6036709233,36.70626221519575,4.363510705441245e-05,629.35124842058,0.051566423395583115,0.01958685711181743,case_00271
3.1.1.dev111+g8ed579383,2.0.2,2.5.5,1.8.0,3.12.13,"{'minimumROIDimensions': 2, 'minimumROISize': 50, 'normalize': False, 'normalizeScale': 1, 'removeOutliers': 3, 'resampledPixelSpacing': [1, 1, 1], 'interpolator': 'sitkBSpline', 'preCrop': False, 'padDistance': 10, 'distances': [1], 'force2D': False, 'force2Ddimension': 0, 'resegmentRange': None, 'label': 1, 'additionalInfo': True, 'binWidth': 25}",{'Original': {}},bbfdfd429232b824d98c5eb81fa582371ebf5fad,3D,"(0.5, 0.896484375, 0.896484375)","(673, 512, 512)",-589.4891244908144,-1024.0,3071.0,c847f9838cb254c7a38bcb374dd9de6dd3720a94,"(0.5, 0.896484375, 0.896484375)","(673, 512, 512)","(205, 287, 137, 241, 69, 237)",659955,37,"(np.float64(323.45748270715427), np.float64(321.3556545522043), np.float64(257.42632755263617))","(230.7786803645703, 288.0903231239488, -161.72874135357713)","(1.0, 1.0, 1.0)","(142, 84, 234)",4.145663656602118,-1021.2892179373471,1551.5719309143583,"(1.0, 1.0, 1.0)","(142, 84, 234)","(10, 11, 11, 121, 62, 212)",264626,24,"(np.float64(69.23362783702282), np.float64(42.02342551374392), np.float64(118.71035725892392))","(230.76211507142392, 288.0751833262439, -161.48362783702282)",95.34602697268586,-160.98802282298524,564.0320329501616,0.3957622428198773,0.13120499969423322,37.206674328645846,283.57665039712026,212.94130646729863,212.60291625469299,123.2233744059949,212.96243800257358,264414.5,112.22893117251257,0.4061528417068848,49051.407444316734,0.18550952177099492,264626.0,-2.510173077780516,181.4202662028818,3831553769.232137,3.549701942570262,110.17802428217811,3.231969474815246,564.0320329501616,60.53505655377369,95.34602697268586,102.70315497544371,-160.98802282298524,725.0200557731469,44.863118850710165,120.32924899161885,-0.05623861360782957,3831553769.232137,0.09774156747319393,5388.263303410872,137.83093107599694,2136.0920025463683,-9.101795611221364,26.140292985921317,6.173649584728421,0.6174723588218819,1.8060877255471748,2.4897292584922166,2.8713129057748215,0.48916011739305404,0.4256234136694101,0.9933809227764188,0.9457143219998139,-0.11760459087518206,0.7365060777827046,0.4096662590140859,11.525559358413156,0.015260762866620304,6.580998234702052,0.6512249426663262,0.03452566418286112,23.051118716826313,4.324904165528268,8.078485642662432,20334.25262753702,0.09427446717744445,9.163560100697502,135.25284421561088,1.8141354155216725,252.1125223130756,0.017877472555228684,0.010762653055319895,4.425210612199869,150478.64084412737,0.69684278673764,0.8150731162528946,0.30538349529289166,0.8607502069167816,115.37594145004081,0.009523509963928516,1726.4768062739863,0.07202055757859112,19.4957693477782,121.13853662606374,85019.31678625062,13968588.987777406,553.7840448878188,0.01869965412540304,8066.205156015351,0.3364844466884428,0.6008241939894016,74.1671774840626,0.0120773490322986,6.397521277896346,0.09058822640254548,84897.45810150915,50.43499377569232,4.071318613012247e-05,526.5244732105938,0.023168123822529373,0.019807410779383295,case_00272
3.1.1.dev111+g8ed579383,2.0.2,2.5.5,1.8.0,3.12.13,"{'minimumROIDimensions': 2, 'minimumROISize': 50, 'normalize': False, 'normalizeScale': 1, 'removeOutliers': 3, 'resampledPixelSpacing': [1, 1, 1], 'interpolator': 'sitkBSpline', 'preCrop': False, 'padDistance': 10, 'distances': [1], 'force2D': False, 'force2Ddimension': 0, 'resegmentRange': None, 'label': 1, 'additionalInfo': True, 'binWidth': 25}",{'Original': {}},7bba9a2eb071b9cf14149ed99f95d968e3b752b1,3D,"(1.0, 0.69921875, 0.69921875)","(238, 512, 512)",-569.1549327273328,-1024.0,3071.0,fd274647dd3ee2d1fbf71ef4181cc045a8fe4c8f,"(1.0, 0.69921875, 0.69921875)","(238, 512, 512)","(76, 255, 131, 135, 107, 263)",513804,40,"(np.float64(133.8264960957875), np.float64(316.8420428801644), np.float64(261.59275716031794))","(182.91056067069107, 221.54189717011496, -133.8264960957875)","(1.0, 1.0, 1.0)","(157, 97, 206)",71.35075993840404,-1028.855710588836,1559.0479585010694,"(1.0, 1.0, 1.0)","(157, 97, 206)","(11, 11, 11, 135, 75, 183)",251670,40,"(np.float64(68.82417054078753), np.float64(54.39318552072158), np.float64(101.6788413398498))","(182.8292319648498, 221.54357614572157, -133.82417054078752)",159.78557944377158,-150.7403741827918,416.9688866735699,0.3492991416753039,0.18298605902989026,47.044992971054654,257.09604994208865,184.5453873712372,180.62391868188442,113.21660655575224,191.5202339179858,251138.0,89.80342957288264,0.5013821267239701,38393.42860884529,0.15287781462321626,251670.0,39.801564421237224,262.52470161669453,8491073208.971166,3.688736738669215,152.83708832088803,2.3121698430322364,416.9688866735699,78.82612304534794,159.78557944377158,181.90973378953908,-150.7403741827918,567.7092608563617,62.11280023436089,183.68156377596839,-0.4950217769846354,8491073208.971166,0.09079678286653925,8207.48547300331,206.71391044535727,3935.236133762138,-122.77980401478963,42.81297749583872,6.427520400485686,0.7384436657724394,1.7061052081507133,2.462268318157267,3.4533463411381167,0.5248085038872076,0.47151079294454845,0.9895901651127235,0.9380031381209857,-0.18071785905532656,0.8442426412669727,0.4216608857695797,14.057641460881054,0.017225267318459043,6.608468116502842,0.76545932131005,0.05139088408021618,28.11528292176211,4.518172416671508,12.3101244740811,16490.429187652244,0.08496317319128815,13.461535673873332,203.2433478322537,2.1632626592595137,454.7730487479857,0.014784010164595506,0.007527566966247918,4.722514297006306,125754.99470574317,0.6460192600275849,0.7710023198877651,0.4666063067734478,0.83096860270974,166.71827631616586,0.006462373962835954,1553.2946464874633,0.07017369082843747,17.152722410160578,154.23148859272646,82122.57149311046,22085580.938016716,337.4813751848241,0.01316230730893775,8231.361779986446,0.37187087327700236,0.6322878316876582,94.11004982472106,0.008737088803886612,6.192071606381522,0.0879524774506298,81993.29967835522,50.255154939492364,4.676080928555361e-05,279.0532899227591,0.0531042256378369,0.01084395702191553,case_00273
3.1.1.dev111+g8ed579383,2.0.2,2.5.5,1.8.0,3.12.13,"{'minimumROIDimensions': 2, 'minimumROISize': 50, 'normalize': False, 'normalizeScale': 1, 'removeOutliers': 3, 'resampledPixelSpacing': [1, 1, 1], 'interpolator': 'sitkBSpline', 'preCrop': False, 'padDistance': 10, 'distances': [1], 'force2D': False, 'force2Ddimension': 0, 'resegmentRange': None, 'label': 1, 'additionalInfo': True, 'binWidth': 25}",{'Original': {}},7e0ccfbbaf9ff3067668f0cd5cc07004e25df7ee,3D,"(5.0, 0.86328125, 0.86328125)","(125, 512, 512)",-612.9416942138672,-1024.0,3071.0,d3f107457ab84c575a48178cc865cd9942f94828,"(5.0, 0.86328125, 0.86328125)","(125, 512, 512)","(45, 202, 151, 28, 142, 269)",94910,127,"(np.float64(58.77573490675377), np.float64(278.0985670635339), np.float64(244.97907491307555))","(211.4858420148035, 240.07727859781636, -293.87867453376884)","(1.0, 1.0, 1.0)","(162, 145, 255)",39.37211310273718,-1051.8204192751505,1357.9430705488403,"(1.0, 1.0, 1.0)","(162, 145, 255)","(13, 11, 11, 140, 123, 233)",353955,111,"(np.float64(83.8602364707378), np.float64(77.0303710923705), np.float64(92.41154949075448))","(211.47990886575445, 240.0987304673705, -293.8602364707378)",111.52433217714837,-100.57076892777191,289.7018995065587,0.5078685600479873,0.23018674395657307,59.389199287768584,258.00442834785014,231.16444363266598,237.19190542680835,156.40012787718558,241.92767514279964,353078.7916666667,131.03233751102675,0.3212867228842987,75192.13796763161,0.21296135520543735,353955.0,20.859830339474932,181.68696163362833,5681139459.014206,3.1756593898624867,86.42603496980294,2.690172238702128,289.7018995065587,48.99124777763166,111.52433217714837,122.5197241817281,-100.57076892777191,390.27266843433057,35.589575466256974,126.69039767559619,-0.6643679477948056,5681139459.014206,0.12538653602197583,3612.7801956417757,107.96804047783627,1112.3446102893931,-61.93244552134353,19.948123828883816,1.4007448928711763,0.8680069241985015,0.7674458152345369,1.6075784271999303,0.7901849924176999,0.6925743061299356,0.673671467075995,0.9952980879858206,0.9590839772062553,-0.34355779128830116,0.9321537940122696,0.4484104267195726,10.165077005762017,0.04412235840709345,5.141639703863224,0.8744517601996579,0.09187875503449329,20.33015401152403,4.017801190841196,5.337217180438748,23849.310318075062,0.11422450789370552,6.297370452743319,97.62029302925596,5.21816804351154,602.6462486837352,0.05903133921050379,0.015117302956553206,4.85808836383492,97790.41365573554,0.46145850315473325,0.5893780500128765,2.1093177943073185,0.7032087963705629,64.78177453037914,0.0115513858844866,695.5529940553864,0.10084862897714751,9.069598188166486,63.70349427287226,1160268.234739742,155498071.52834564,9419.471491882476,0.03219516097416847,1075.2264752791068,0.1558977055646088,0.37528713535165686,21.204210744266252,0.013209824201537431,6.939698888077416,0.01948552782133322,1157634.4780531633,102.98049156785824,4.974710396151505e-05,58.21069469473402,0.024860989109950004,0.005342301571450747,case_00274
3.1.1.dev111+g8ed579383,2.0.2,2.5.5,1.8.0,3.12.13,"{'minimumROIDimensions': 2, 'minimumROISize': 50, 'normalize': False, 'normalizeScale': 1, 'removeOutliers': 3, 'resampledPixelSpacing': [1, 1, 1], 'interpolator': 'sitkBSpline', 'preCrop': False, 'padDistance': 10, 'distances': [1], 'force2D': False, 'force2Ddimension': 0, 'resegmentRange': None, 'label': 1, 'additionalInfo': True, 'binWidth': 25}",{'Original': {}},38bcb6670c1a1946e9df29ea8089d56f7f519350,3D,"(5.0, 0.958984375, 0.958984375)","(94, 512, 512)",-560.3417786943152,-1024.0,1747.0,58ff6454fe03305fad9c2121e00a8bbe4db572c0,"(5.0, 0.958984375, 0.958984375)","(94, 512, 512)","(25, 245, 126, 26, 121, 255)",121603,64,"(np.float64(38.03065713839297), np.float64(300.10521944359925), np.float64(262.5884229829856))","(251.8181946965741, 287.7962163023579, -190.15328569196484)","(1.0, 1.0, 1.0)","(152, 138, 266)",-8.744577542794724,-1072.5380626877677,1366.4687461306862,"(1.0, 1.0, 1.0)","(152, 138, 266)","(13, 11, 11, 130, 116, 244)",560575,60,"(np.float64(80.11434687597556), np.float64(63.85375730276948), np.float64(141.89935334255006))","(251.91986115505006, 287.8742651152695, -190.11434687597557)",91.43781886743052,-151.6457108640092,1248.6098375788938,0.348178667465643,0.1928585891559457,62.60079017794489,324.59425557306037,251.28867861485523,241.53053637169774,146.64924138910504,258.3060200614767,559862.25,113.01679537243054,0.40660022899326953,80792.42226314949,0.14430767972505645,560575.0,21.844393032686973,144.82309767821488,6158647987.528649,2.917807223663147,65.75646614140018,14.203643109320208,1248.6098375788938,39.848957459869105,91.43781886743052,102.15683046019468,-151.6457108640092,1400.255548442903,27.417399354357862,104.81557666146199,-0.18691555714901817,6158647987.528649,0.15952051815636478,2625.43039164179,130.92717392304957,3047.885793493594,2.4803027410792597,13.17866693713691,1.7205715356989424,0.7671394318916008,0.8719271871615634,1.691643010852297,0.9320224140229515,0.658958496974199,0.6353522979219696,0.9994747751777353,0.9852037862289765,-0.24321467049839415,0.8477729970243408,0.4750037248966381,11.316418417039067,0.05094039700464699,4.968853372336692,0.8092627292988794,0.11373886008281553,22.63283683407813,3.706477950336449,3.724809618208961,50531.277207127125,0.14250646886394502,5.029616490686726,124.15341717730922,4.233959734931802,571.7601851467277,0.03592211760919218,0.010120308053118686,4.504479917220193,176252.86389446305,0.48950003529259783,0.6310464186841122,1.4999219732873827,0.7230549527392033,87.03979847491405,0.007777772268959282,1147.4686714619984,0.09944264420331038,18.695470241085143,95.04844440592773,2030621.5456278706,288985017.94418925,14838.82149728583,0.021749938976580587,1993.4003813155387,0.17275330455980056,0.40070446279501976,39.50512235441556,0.009813877293121269,6.887447827879292,0.02058422155822147,2028261.4418260043,41.28364785494901,2.2711475251256226e-05,1132.3647632126522,0.0018236924587601935,0.1603447451947689,case_00275
3.1.1.dev111+g8ed579383,2.0.2,2.5.5,1.8.0,3.12.13,"{'minimumROIDimensions': 2, 'minimumROISize': 50, 'normalize': False, 'normalizeScale': 1, 'removeOutliers': 3, 'resampledPixelSpacing': [1, 1, 1], 'interpolator': 'sitkBSpline', 'preCrop': False, 'padDistance': 10, 'distances': [1], 'force2D': False, 'force2Ddimension': 0, 'resegmentRange': None, 'label': 1, 'additionalInfo': True, 'binWidth': 25}",{'Original': {}},b133edad68ea2872b529597878f3bed97ed75ff9,3D,"(0.5, 0.85546875, 0.85546875)","(727, 512, 512)",-543.3993730558162,-1024.0,3071.0,ea6442b309f6288507d8cd7f8c5500c377987d38,"(0.5, 0.85546875, 0.85546875)","(727, 512, 512)","(55, 225, 114, 219, 115, 279)",1066535,19,"(np.float64(161.72609525238272), np.float64(287.96186435513135), np.float64(257.7420891016235))","(220.49030278615447, 246.34237614755378, -80.86304762619136)","(1.0, 1.0, 1.0)","(131, 120, 260)",23.734934995677886,-1025.206327846595,3483.8751538375996,"(1.0, 1.0, 1.0)","(131, 120, 260)","(10, 10, 11, 110, 99, 238)",390651,17,"(np.float64(63.382732925296494), np.float64(64.23580382489742), np.float64(133.30355227556055))","(220.37581790056055, 246.3080694498974, -80.6327329252965)",85.1309797194236,-170.12937085017373,368.0453358038488,0.320956331155396,0.15730878371640622,52.60125875772,334.3822100395151,235.10423220350586,237.7414562082095,116.40017182117903,242.11773995310628,391064.75,107.32208733791579,0.45909902552784215,56330.49067584946,0.14404389727238126,390651.0,7.771050946711962,145.41623177160454,4020951163.1069016,3.1083335001291212,75.89337414778049,3.3173382267285465,368.0453358038488,44.40516391022043,85.1309797194236,96.7184166423858,-170.12937085017373,538.1747066540225,31.286325046789898,101.45417625120089,-0.6316319664907861,4020951163.1069016,0.13967619930050135,3045.6661708208226,124.80444552075775,641.6962638958883,-32.951616437283974,14.169439624274505,3.6539895108119365,0.5892022294842227,1.3621233120157918,2.1675052545743796,1.7805477303264587,0.5542647888537494,0.5072359677375268,0.9927433991551494,0.944543796672566,-0.12001870983034478,0.7098189319918973,0.459413317619283,11.053291738638222,0.030542497830045142,5.714756662435377,0.6363193518864612,0.07731455670769075,22.106583477276445,3.8404151903600496,4.455857283771613,38057.85125224699,0.1291751925941199,5.4450110265733835,121.95071352751069,2.2579621907996144,286.06901974880526,0.021577743577719927,0.010639411301638126,4.230728837213038,182871.38128719135,0.6197458360396741,0.7541712915896011,0.49431260589683834,0.8152439548605559,98.13595180137585,0.008985168489113255,2140.9832903815777,0.08899257171758158,12.968942523423856,101.6776540028265,360080.5460553662,50682721.78547677,2653.1693248566676,0.019220695018269854,8126.487904231441,0.3377873432634234,0.602382926026661,61.573914770609754,0.012281879052525023,6.0774054706312155,0.0615843809436044,359816.87719648454,114.50200501575574,2.4929266450592687e-05,208.61008216633584,0.020056494685054025,0.005490385988514274,case_00276
3.1.1.dev111+g8ed579383,2.0.2,2.5.5,1.8.0,3.12.13,"{'minimumROIDimensions': 2, 'minimumROISize': 50, 'normalize': False, 'normalizeScale': 1, 'removeOutliers': 3, 'resampledPixelSpacing': [1, 1, 1], 'interpolator': 'sitkBSpline', 'preCrop': False, 'padDistance': 10, 'distances': [1], 'force2D': False, 'force2Ddimension': 0, 'resegmentRange': None, 'label': 1, 'additionalInfo': True, 'binWidth': 25}",{'Original': {}},7c47b0b0ca64580fff64a3f23794b54e61352513,3D,"(5.0, 0.625, 0.625)","(79, 512, 512)",-388.33892426309706,-1024.0,2207.0,071c0bd7483c109d1aba078ec81a06ab9f5ca511,"(5.0, 0.625, 0.625)","(79, 512, 512)","(13, 296, 116, 23, 112, 280)",118015,11,"(np.float64(24.15984408761598), np.float64(348.2099987289751), np.float64(289.47180443164007))","(180.91987776977504, 217.63124920560944, -120.7992204380799)","(1.0, 1.0, 1.0)","(137, 92, 197)",12.264727963305344,-1083.4681814534456,1387.2807092081414,"(1.0, 1.0, 1.0)","(137, 92, 197)","(13, 11, 10, 115, 70, 175)",230430,9,"(np.float64(70.80284685153843), np.float64(43.36167165733628), np.float64(118.67430456103806))","(180.86180456103807, 217.54917165733627, -120.80284685153843)",137.675685991849,-132.54158462112568,443.8381461147188,0.38086023365560073,0.2038024411213167,48.46932121175337,237.82502773311347,183.73078130786905,169.84993376507393,107.35455276791944,185.28086787361505,230294.04166666666,90.57809563158332,0.4626172443526161,39275.11285476052,0.17054333047664472,230430.0,38.166804248120094,213.05874983887972,5422786099.402186,3.3431833840312093,84.73566792487993,3.502116220110642,443.8381461147188,53.105257244634494,137.675685991849,149.51484573094513,-132.54158462112568,576.3797307358445,36.24827409442064,153.4057813927176,-0.8698193783032554,5422786099.402186,0.11685964425365605,4578.739251384052,155.26102223346442,1881.0109180587335,-89.28609815990563,23.010127789531964,2.4819682729798354,0.803394405399068,0.9896948612480784,1.8702931122293838,1.4652570607447926,0.6504727538205954,0.6233650231877929,0.9958414939390006,0.9624864216328499,-0.2848412575418282,0.9069432260507699,0.44642409267009503,12.25258259050628,0.035851604988963046,5.5682458834774415,0.8229549991382477,0.0735429357677987,24.505165181012565,4.165910024934951,6.37302401562795,15195.603027645386,0.10399957705285698,8.492567264850205,141.87497177906073,4.248867714379675,699.5866198123791,0.03250287990155581,0.010556822021371863,4.892930920730054,74724.7485644891,0.5066082490173645,0.6325254791209745,1.5934188204254136,0.7382588905038112,99.137859635432,0.0085800648733913,751.7341503653075,0.0885852168707645,10.728262543194766,80.36990337025689,436150.4685364129,79257600.35906199,2532.0547509055286,0.02491499561291721,1982.6589677115248,0.23363881306994166,0.4849167433832393,35.37041743441667,0.013085557141030681,6.534132296649186,0.03682680206570325,435413.1214223213,34.53832161439818,7.023342033886786e-05,174.29272205721227,0.017459091505436775,0.01780514872100023,case_00277
3.1.1.dev111+g8ed579383,2.0.2,2.5.5,1.8.0,3.12.13,"{'minimumROIDimensions': 2, 'minimumROISize': 50, 'normalize': False, 'normalizeScale': 1, 'removeOutliers': 3, 'resampledPixelSpacing': [1, 1, 1], 'interpolator': 'sitkBSpline', 'preCrop': False, 'padDistance': 10, 'distances': [1], 'force2D': False, 'force2Ddimension': 0, 'resegmentRange': None, 'label': 1, 'additionalInfo': True, 'binWidth': 25}",{'Original': {}},50c5c5055b3ba14e97240fee6ca9e7647d74a33d,3D,"(2.5, 0.6640625, 0.6640625)","(165, 512, 512)",-401.1449754888361,-1024.0,2926.0,aa6a2e76bb4fccfbc3daf5211bc170af35b91b9d,"(2.5, 0.6640625, 0.6640625)","(165, 512, 512)","(34, 208, 101, 56, 143, 349)",346446,137,"(np.float64(60.835939800142015), np.float64(285.3359773240274), np.float64(250.42810712203345))","(166.29991488572534, 189.48092244173694, -152.08984950035503)","(1.0, 1.0, 1.0)","(162, 117, 254)",33.20699732578418,-1050.7561638072555,1230.2578100440737,"(1.0, 1.0, 1.0)","(162, 117, 254)","(12, 11, 11, 140, 95, 232)",381317,129,"(np.float64(79.64402321428103), np.float64(62.25410878612808), np.float64(110.03341838942403))","(166.201387139424, 189.42207753612809, -151.89402321428105)",152.59305202439725,-125.88488095629856,389.5213125463294,0.4033769339913983,0.22554824681792135,62.592784358965844,277.51394764551287,229.53213282675696,232.01939574095957,131.36970731489052,236.37681781426875,380212.8333333333,111.94272534109642,0.367827933827987,69001.29865350868,0.1814807197552301,381317.0,28.008023321567535,235.72944445671587,11329114462.363413,3.4973628391467892,117.11209214491984,2.837799419467193,389.5213125463294,66.61112762753372,152.59305202439725,175.49918920251667,-125.88488095629856,515.406193502628,48.82333586416473,172.3673078402621,-0.8030226421419713,11329114462.363413,0.10834786469590776,6425.849285979276,172.19096871527623,3222.788060962154,-155.59583490562198,33.16329361134735,4.004874111856233,0.7833366735075042,1.3254131544194516,2.179207535632317,2.197500827017932,0.5832798103617695,0.5422783206399053,0.9921393990341353,0.9466725607732136,-0.2225353712915624,0.8726062908572005,0.4411816526666765,12.841317627227024,0.02798950481332889,6.084490170270843,0.7942999798209747,0.08569437729154646,25.682635254454052,4.317877356969869,9.29204193080089,26157.478663545233,0.09620432152501367,10.967246480391312,161.4561889083039,2.8405076411938284,513.7093320364669,0.0223438395949859,0.009837548973780088,4.753463285034003,160299.8971312647,0.5865976616197315,0.7122253017426848,0.8226434075592535,0.7936526759553172,123.37944279609329,0.008327105776208038,1916.325944870702,0.077795069413823,13.061824646666388,106.1424511833719,248623.4541874721,52842825.84626314,1255.477631235363,0.019003894670867355,7293.438761011651,0.2960840645074352,0.5589126232231231,55.59798038852413,0.011443285432655126,6.377291283988155,0.06459979492128597,248383.82610007157,72.55632831893347,3.6908846394690005e-05,172.93046774289454,0.03659288675145652,0.007332958364115925,case_00278
3.1.1.dev111+g8ed579383,2.0.2,2.5.5,1.8.0,3.12.13,"{'minimumROIDimensions': 2, 'minimumROISize': 50, 'normalize': False, 'normalizeScale': 1, 'removeOutliers': 3, 'resampledPixelSpacing': [1, 1, 1], 'interpolator': 'sitkBSpline', 'preCrop': False, 'padDistance': 10, 'distances': [1], 'force2D': False, 'force2Ddimension': 0, 'resegmentRange': None, 'label': 1, 'additionalInfo': True, 'binWidth': 25}",{'Original': {}},a5908a08ce019dfc4ee5f59e56feacd527b8f11a,3D,"(3.0, 0.5370000004768372, 0.5370000004768372)","(60, 512, 512)",-624.1739514668783,-2048.0,1570.0,defd2b442055de7d67ec1e03ad082248db185b62,"(3.0, 0.5370000004768372, 0.5370000004768372)","(60, 512, 512)","(8, 268, 99, 43, 139, 350)",301281,13,"(np.float64(27.77762952194131), np.float64(328.19969397340026), np.float64(270.9582781522897))","(145.50459549698255, 176.24323582021376, -83.33288856582394)","(1.0, 1.0, 1.0)","(151, 97, 210)",57.04129903524592,-2329.5187282486677,1490.9500241697626,"(1.0, 1.0, 1.0)","(151, 97, 210)","(12, 11, 11, 129, 75, 188)",260700,10,"(np.float64(72.32367088607594), np.float64(43.02006904487917), np.float64(103.2842002301496))","(145.51570022991118, 176.25156904464075, -83.32367088607594)",178.71304812000216,-257.440988712145,495.4903987306905,0.40106933387291455,0.2198276197024272,53.56322246667595,243.6601121332368,193.6930561481232,181.13530854032848,105.47511554864494,198.15650380444242,259713.25,97.72459886467696,0.3774959757894287,52147.62528326193,0.20078923691133174,260700.0,89.75799564145753,252.61954690872227,9478951937.903395,3.3143288069627634,83.8513977126531,4.2483590485729765,495.4903987306905,51.533387565510864,178.71304812000216,187.1560364870786,-257.440988712145,752.9313874428356,35.06422145600823,190.68197654510016,-1.0211120386711596,9478951937.903395,0.11997172956053964,4421.262610803909,359.56397370133135,2069.6110107490526,-100.60712433478855,22.354055442590745,3.115832542205055,0.7539375118137497,1.193693880791924,2.04101733046725,1.6545364021994167,0.59537160063329,0.5578147606473659,0.996826826715518,0.964380865421589,-0.2104946430826674,0.8500882808146136,0.4628662342330075,18.834890268350637,0.028756012097878016,5.799104868961526,0.7742236143645989,0.06681620422568471,37.66978053670128,4.137683056368833,6.367471996198952,20819.83318879966,0.11253498120265745,7.894394488550125,347.13118173527107,2.8082808932365757,1025.8414403189026,0.008401686102420992,0.0032792424672805,4.589461192017631,106948.79211993159,0.5742476565438953,0.7093865628042842,0.7728556157915333,0.785242864371425,267.4404555601153,0.0026576484350684074,1154.4838016055046,0.08274683211048628,12.465224473547249,255.63696961009174,235259.36439220182,91214955.48071961,622.0394050435837,0.005238124481086407,3775.350344036697,0.27059563819070365,0.5294471027454679,128.8678793604255,0.0030520742473308274,6.4607305295280115,0.0535174530111239,234910.21673909173,26.45193127543638,5.092368361158462e-05,293.1440467938065,0.01567344710681985,0.02545845888939626,case_00279
3.1.1.dev111+g8ed579383,2.0.2,2.5.5,1.8.0,3.12.13,"{'minimumROIDimensions': 2, 'minimumROISize': 50, 'normalize': False, 'normalizeScale': 1, 'removeOutliers': 3, 'resampledPixelSpacing': [1, 1, 1], 'interpolator': 'sitkBSpline', 'preCrop': False, 'padDistance': 10, 'distances': [1], 'force2D': False, 'force2Ddimension': 0, 'resegmentRange': None, 'label': 1, 'additionalInfo': True, 'binWidth': 25}",{'Original': {}},06c4c5efda5a11d3f2d623d966a1086c55618289,3D,"(5.0, 0.7578125, 0.7578125)","(79, 512, 512)",-541.3728813943984,-1024.0,3071.0,438bc15698fe2be2ed2f7e4566ddb51d04768904,"(5.0, 0.7578125, 0.7578125)","(79, 512, 512)","(16, 247, 74, 25, 157, 309)",137424,85,"(np.float64(27.101823553382232), np.float64(317.1239230410991), np.float64(268.9435178716964))","(203.8087596371449, 240.3204729295829, -135.50911776691117)","(1.0, 1.0, 1.0)","(147, 141, 256)",41.52297861129686,-1084.8808987191192,3283.285068513896,"(1.0, 1.0, 1.0)","(147, 141, 256)","(13, 11, 11, 125, 119, 234)",394915,85,"(np.float64(70.52834154185078), np.float64(64.19957459200081), np.float64(158.61271412835674))","(203.73380787835674, 240.32066834200083, -135.52834154185078)",90.61562142834957,-209.72229052567198,202.05832280958214,0.4679043506604363,0.2456853135496966,62.51521879736781,254.45240455824964,234.17301296263838,233.6193485137736,127.47548783981962,234.5229199886442,393690.6666666667,119.05938712881442,0.37152598963619343,69919.50378122472,0.17760010511101282,394915.0,37.25917307906312,134.53390793204616,3873802342.7577252,2.636412565591783,51.40826838102541,3.9579896864278967,202.05832280958214,31.37232772361954,90.61562142834957,97.85490973161941,-209.72229052567198,411.7806133352541,21.397310307494784,99.04143264458196,-0.9433820269080234,3873802342.7577252,0.19258168634408154,1598.014533445297,176.3203377068264,270.71620223839324,-22.03575087398796,8.295067917271137,1.3098483933465468,0.7257424421792094,0.7836490757845346,1.5715333248127268,0.6710991852297088,0.6771376204575483,0.657482121291317,0.99603938886315,0.9600697955933539,-0.22328819716660078,0.8053460997869574,0.47718424530668113,13.212631571387487,0.06435074245661655,4.579445191784775,0.7406937213827599,0.14236911952660936,26.425263142774977,3.4335095813114713,2.4012290776544205,42375.40298354597,0.1743489602863854,3.0469495530505286,170.9767867489563,4.860412613967479,876.4541550873655,0.02846691403025683,0.006384641785120703,4.297960814292866,116458.87767993106,0.4680605035027343,0.6138828316512123,1.7774866062092125,0.7029449667286578,117.99953041310263,0.004619457767239214,836.7414102387195,0.11546038501983158,7.22381063968667,140.44197599006486,1902706.6812474127,356557871.255968,10345.533304630302,0.009037628779673892,1039.4194839243826,0.14342755401191976,0.3457110785857373,44.49486103048745,0.003463771071111069,6.840423584688864,0.018350784345998506,1899737.1305990939,121.82231362852254,2.7162744552151932e-05,74.99938209468891,0.012362362947781874,0.004834985367406604,case_00280
3.1.1.dev111+g8ed579383,2.0.2,2.5.5,1.8.0,3.12.13,"{'minimumROIDimensions': 2, 'minimumROISize': 50, 'normalize': False, 'normalizeScale': 1, 'removeOutliers': 3, 'resampledPixelSpacing': [1, 1, 1], 'interpolator': 'sitkBSpline', 'preCrop': False, 'padDistance': 10, 'distances': [1], 'force2D': False, 'force2Ddimension': 0, 'resegmentRange': None, 'label': 1, 'additionalInfo': True, 'binWidth': 25}",{'Original': {}},f32ac1624895fb3e6da206acf185a5a994140d1b,3D,"(1.0, 0.81640625, 0.81640625)","(266, 512, 512)",-539.4439988387259,-1024.0,3071.0,47914e60c4eeaf47e8b123dd44dc3384ed6f76a5,"(1.0, 0.81640625, 0.81640625)","(266, 512, 512)","(130, 248, 109, 112, 118, 295)",657631,7,"(np.float64(183.13081500111764), np.float64(305.018911821371), np.float64(240.92893279057708))","(196.69588653605706, 249.01934597916616, -183.13081500111764)","(1.0, 1.0, 1.0)","(134, 118, 263)",72.22339055089893,-1532.437471653877,3896.81085991954,"(1.0, 1.0, 1.0)","(134, 118, 263)","(11, 10, 11, 112, 97, 241)",438174,8,"(np.float64(64.13580677995499), np.float64(56.927832322319446), np.float64(118.59892417167609))","(196.6907210466761, 249.01962919731943, -183.13580677995498)",142.8516842792685,-223.24214420431693,566.4941421252628,0.3398172490928779,0.15802052389584192,51.85694446836133,328.16588117719726,241.29857024027308,241.59884105682295,123.84264209067892,241.61746625606352,438063.25,111.51642698777543,0.4441030918159541,62809.43330544986,0.14337982769714158,438174.0,24.92217233090679,261.6340477595487,12555192921.995035,3.8763477385014906,139.05573450325258,2.4111628002928356,566.4941421252628,75.65345018994611,142.8516842792685,141.17651738530077,-223.24214420431693,789.7362863295797,56.44920587402801,169.27327358132655,-0.12957453918222694,12555192921.995035,0.07553885471838598,8246.837447514814,245.7244959134742,4419.8965447659375,-18.15434895033176,43.93851700258693,6.617434791784644,0.7379160950564665,1.8349711410066751,2.5081933898144624,3.184966947187502,0.48952905983364187,0.4265623109981774,0.9937711467470604,0.9482189895161905,-0.1723698501983321,0.8460785913716309,0.4095078419167652,15.375106195521479,0.010833537428291271,7.017990747976053,0.761873685954896,0.021749575251299506,30.75021239104295,4.724522332679113,12.63898794859289,26379.493739460362,0.07421428766365805,13.651646431205467,242.54589269176432,1.8457699479941623,458.0289218129531,0.009625881805296627,0.0055257353637204205,4.753514117545354,246293.45256029468,0.6911406784553719,0.8112446372726535,0.31761522769701267,0.8572289154318518,206.3608214479453,0.004824047604456803,2309.4350086655113,0.06064374267805029,21.073574485520357,204.4547555275458,141124.90200094532,34884061.5059083,647.2482898832142,0.008396259133353021,13907.98792080248,0.36521159394996267,0.6260054632671813,125.58688453691109,0.0054826817651308325,6.395658212971548,0.08691067931917458,140992.5124494193,58.54533491536561,2.8542501599467364e-05,531.4558945111233,0.034687993999830136,0.011056843667700038,case_00281
3.1.1.dev111+g8ed579383,2.0.2,2.5.5,1.8.0,3.12.13,"{'minimumROIDimensions': 2, 'minimumROISize': 50, 'normalize': False, 'normalizeScale': 1, 'removeOutliers': 3, 'resampledPixelSpacing': [1, 1, 1], 'interpolator': 'sitkBSpline', 'preCrop': False, 'padDistance': 10, 'distances': [1], 'force2D': False, 'force2Ddimension': 0, 'resegmentRange': None, 'label': 1, 'additionalInfo': True, 'binWidth': 25}",{'Original': {}},5f7979dcd60e752f955c5e5ab4994ba570ea6219,3D,"(5.0, 0.689453125, 0.689453125)","(86, 512, 512)",-473.2562952263411,-1024.0,3053.0,8e5fd397a30532ce798913dc917db8b22d414905,"(5.0, 0.689453125, 0.689453125)","(86, 512, 512)","(16, 232, 96, 26, 145, 313)",194662,8,"(np.float64(26.324567712239677), np.float64(306.2002907603949), np.float64(263.7429955512632))","(181.8384324796795, 211.1107473406629, -131.6228385611984)","(1.0, 1.0, 1.0)","(152, 122, 238)",57.894932124371266,-1103.8828936701377,1601.3680034072804,"(1.0, 1.0, 1.0)","(152, 122, 238)","(13, 11, 11, 130, 100, 216)",462480,9,"(np.float64(66.63817894827885), np.float64(61.95883065213631), np.float64(126.70262497837744))","(181.85789841587746, 211.1141040896363, -131.63817894827883)",108.52719195758793,-101.0905402777489,235.95427623449285,0.4699420213053936,0.2272497308546395,61.28186783937438,269.6675045946408,217.9380645963435,214.59729728027799,139.9428454762872,218.52459815773602,462118.7083333333,126.72809218958699,0.36572761141272964,79036.6896465079,0.1710311403136216,462480.0,45.22577259769842,154.65588363169667,6355460161.5864105,2.7138321358667,52.79960628194216,4.25199582948891,235.95427623449285,34.141333811809844,108.52719195758793,117.8738804158292,-101.0905402777489,337.04481651224177,22.573018887709623,117.2268302854348,-1.13841062379229,6355460161.5864105,0.1870160756901392,1963.9783445709816,101.71922004973122,439.59469851894715,-35.823759854128866,9.961341105439406,1.274479153745827,0.7710908542059172,0.7407555556209083,1.5523130858217382,0.7045667244360962,0.6955933981067416,0.6783889538580608,0.9945268628089601,0.9555220078316192,-0.25716481078310555,0.8449558205252165,0.45885056468282853,9.977298442302697,0.06832874767845518,4.581937884439993,0.7846014082297786,0.15982502989151348,19.954596884605394,3.501251372177951,2.808955064796308,44045.27199554204,0.16279774866211116,3.8232900140621444,95.69698925753036,5.422746757556439,572.1231203318105,0.05901894909994892,0.013453091852793345,4.499974916882616,122987.20391951516,0.4454071935162541,0.5834294705467513,2.113622707241544,0.6869631216256533,63.2543530556139,0.009935936251271446,745.7283497884345,0.10518030321416565,8.186028196808712,66.4660084626234,2609490.559661495,290720637.7291961,24161.286962791877,0.028961704378275555,994.5887165021156,0.14028049598055228,0.33860187581900314,20.767685189351287,0.010829982605440424,6.994194681164447,0.015330392665628785,2605235.6196418796,182.65879026568794,2.6355452893189772e-05,55.308445301388645,0.01600588956142419,0.0031433115685615682,case_00282
3.1.1.dev111+g8ed579383,2.0.2,2.5.5,1.8.0,3.12.13,"{'minimumROIDimensions': 2, 'minimumROISize': 50, 'normalize': False, 'normalizeScale': 1, 'removeOutliers': 3, 'resampledPixelSpacing': [1, 1, 1], 'interpolator': 'sitkBSpline', 'preCrop': False, 'padDistance': 10, 'distances': [1], 'force2D': False, 'force2Ddimension': 0, 'resegmentRange': None, 'label': 1, 'additionalInfo': True, 'binWidth': 25}",{'Original': {}},702e9e7f120293c3ea3a9a74f200613635c51f37,3D,"(1.0, 0.775390625, 0.775390625)","(337, 512, 512)",-402.08173812956767,-1024.0,1345.0,3418f819698363f63267a2384568482131fd0689,"(1.0, 0.775390625, 0.775390625)","(337, 512, 512)","(132, 264, 98, 116, 120, 321)",821410,26,"(np.float64(187.91849867910057), np.float64(322.9788400433401), np.float64(262.42817715878795))","(203.4843483047633, 250.4347646429805, -187.91849867910057)","(1.0, 1.0, 1.0)","(138, 115, 271)",-7.831644436748845,-1017.7994050869011,1349.3058643753257,"(1.0, 1.0, 1.0)","(138, 115, 271)","(11, 11, 11, 116, 93, 249)",493639,29,"(np.float64(66.91216455750052), np.float64(56.32697578594884), np.float64(138.3893513275896))","(203.5016560150896, 250.4392804734488, -187.91216455750052)",128.15221628569577,-151.74659787966218,321.3390851270387,0.3189662815793683,0.15259783186445133,53.76131827018415,352.307222280451,248.58197842965205,249.23081671414553,126.40015822774906,250.61723803441774,492575.7916666667,112.37412466435144,0.41058399943447754,73462.23656799493,0.1491389504129507,493639.0,12.459587428314096,218.50994725604872,11276025517.232973,3.5482355802700365,130.8611147137253,2.2587519204910858,321.3390851270387,68.98937778066521,128.15221628569577,148.89711398700942,-151.74659787966218,473.08568300670083,53.479332873426344,151.13786850134747,-0.5196509685626501,11276025517.232973,0.09832771333612353,6419.664756194849,172.16688729276459,2506.653442508853,-101.91766241576012,33.729149108792136,4.393496061283772,0.7690323995644197,1.477158988480785,2.265883386254807,2.1658548953981,0.5417526351024357,0.4916622930914582,0.9896100771467198,0.935258577143734,-0.1924845784766955,0.8494047047953484,0.444726944565614,12.838695866347766,0.020008302974465257,6.307681688665311,0.7912868395144783,0.05556909128842123,25.67739173269553,4.363860035251636,9.530661292518975,34597.881711299066,0.09188139932832082,10.708149569373074,165.7194112558294,2.2221520905843954,390.4595875660792,0.017421876687726948,0.00879366556944945,4.616904295278514,239490.93007426645,0.6339719548785349,0.762633453565491,0.4877203221849037,0.8236021194184904,133.74841959730483,0.007514031189780734,2574.2440613707718,0.0762467881455711,14.979642056398012,120.91496356850898,254219.56954564303,54308326.90279012,1301.404607351774,0.015676403504743554,10116.319116166103,0.29963625129335064,0.5627295819749804,66.7128010370951,0.009484618131928964,6.378446764541738,0.06839410986571158,254005.79174897107,127.67319706128093,2.5744350835118565e-05,164.36491828120919,0.051365391933873863,0.00413611499544595,case_00283
3.1.1.dev111+g8ed579383,2.0.2,2.5.5,1.8.0,3.12.13,"{'minimumROIDimensions': 2, 'minimumROISize': 50, 'normalize': False, 'normalizeScale': 1, 'removeOutliers': 3, 'resampledPixelSpacing': [1, 1, 1], 'interpolator': 'sitkBSpline', 'preCrop': False, 'padDistance': 10, 'distances': [1], 'force2D': False, 'force2Ddimension': 0, 'resegmentRange': None, 'label': 1, 'additionalInfo': True, 'binWidth': 25}",{'Original': {}},3c605e296a394aaf7c940dc43f53deae2c9d512e,3D,"(2.5, 0.734375, 0.734375)","(244, 512, 512)",-510.8168483171307,-1024.0,3070.0,c57e92b377ead533beb55ead9f7a1875c39f8525,"(2.5, 0.734375, 0.734375)","(244, 512, 512)","(126, 202, 112, 46, 148, 288)",213903,57,"(np.float64(150.18895480661794), np.float64(277.5072252376077), np.float64(259.20282557981886))","(190.35207503517947, 203.79436853386815, -375.4723870165449)","(1.0, 1.0, 1.0)","(137, 131, 234)",36.78101864396271,-1023.9412349341566,1601.3024032060703,"(1.0, 1.0, 1.0)","(137, 131, 234)","(12, 11, 11, 115, 109, 212)",288358,38,"(np.float64(72.99724647833595), np.float64(66.67337129540363), np.float64(119.20748513999959))","(190.3402976399996, 203.80618379540363, -375.24724647833597)",116.28946791368607,-111.71130951292767,216.9937688010914,0.4109771524634377,0.2238732302300805,61.91965769795587,276.5835720256477,213.92755783208483,207.78113485107352,115.43396380615195,221.01809880640997,287775.7916666667,113.6695288492668,0.308405831200689,68348.82430045538,0.23750720623374896,288358.0,25.181590093655586,170.66849251616844,4824990635.851676,2.912001475373063,66.59010474567725,3.77466085851105,216.9937688010914,44.50145039757243,116.28946791368607,134.24259356033053,-111.71130951292767,328.70507831401903,29.781768433940638,129.3547065497608,-1.2035882951571777,4824990635.851676,0.17098222448504496,3209.3997589265123,111.33584898554172,971.8343121590993,-75.69488885809098,15.519593490150896,1.8726608644908043,0.7825684543199463,0.8768324784115998,1.7582027159389402,1.0797271029721434,0.6720007691883297,0.6481625349025472,0.9910025789361955,0.9452629601382182,-0.25114071687146294,0.8543501695858254,0.4400854946811669,10.388534806552116,0.06667580431880897,4.884579851051828,0.7973408237765238,0.1810854505302551,20.77706961310423,3.6721592480728376,4.348063588660425,23839.097136716246,0.13417234322216598,6.155663198394763,99.36025112086926,4.598876899271099,551.7872963694338,0.04813173762673542,0.015633103646746735,4.564026083667075,88975.90307695157,0.49759462264242516,0.614047602152666,1.820249543668201,0.7321108449509368,67.85626027950626,0.012841583057138244,993.8381154049762,0.10522372847061685,8.31298365814062,52.4225516146109,679261.7022763367,87769441.6599259,5416.0687931844395,0.04289016839724305,2216.804976177872,0.2347067206117387,0.48796041308007787,22.11771669482947,0.024733330486350513,6.2750097216108145,0.03275442332101069,678329.607476973,117.53033158258432,4.520293393984715e-05,52.31759340999391,0.033543197170425844,0.004724369434803412,case_00284
3.1.1.dev111+g8ed579383,2.0.2,2.5.5,1.8.0,3.12.13,"{'minimumROIDimensions': 2, 'minimumROISize': 50, 'normalize': False, 'normalizeScale': 1, 'removeOutliers': 3, 'resampledPixelSpacing': [1, 1, 1], 'interpolator': 'sitkBSpline', 'preCrop': False, 'padDistance': 10, 'distances': [1], 'force2D': False, 'force2Ddimension': 0, 'resegmentRange': None, 'label': 1, 'additionalInfo': True, 'binWidth': 25}",{'Original': {}},4c1b13a8e366125c961a55eda11988ee332cc2a2,3D,"(5.0, 0.650390625, 0.650390625)","(41, 512, 512)",-391.939804914521,-1024.0,1183.0,a970e608158be2757de31d12504c6a150c1a44d9,"(5.0, 0.650390625, 0.650390625)","(41, 512, 512)","(9, 270, 97, 25, 106, 307)",172115,12,"(np.float64(20.582610463933996), np.float64(330.18968712779247), np.float64(253.2195334514714))","(164.6916106237109, 214.7522769795994, -102.91305231966999)","(1.0, 1.0, 1.0)","(147, 91, 222)",19.61577120514427,-1130.3251535041195,1188.525367202923,"(1.0, 1.0, 1.0)","(147, 91, 222)","(13, 12, 11, 125, 68, 200)",363880,8,"(np.float64(72.91084973068044), np.float64(49.57505221501594), np.float64(112.45895624931296))","(164.63376093681296, 214.74985690251594, -102.91084973068044)",131.464785472225,-130.7007907093688,398.04212112786223,0.3888752836892336,0.17244909888017493,46.26562230314611,268.2856715609367,199.90497742677644,200.63897926375125,116.70903992407786,202.44999382563586,363857.5416666667,104.3296666380158,0.4594902901391376,53640.8156983573,0.1474225749249363,363880.0,21.733531853805122,213.78082778165978,8341116246.521515,3.4509463579613975,117.8908763155725,2.482325183128503,398.04212112786223,63.548587922452946,131.464785472225,151.47287031266464,-130.7007907093688,528.7429118372311,48.13535757763665,151.40248168790077,-0.6364961419555054,8341116246.521515,0.10689819015334696,5639.721641996983,150.08406176884338,2257.196142789713,-105.35395320606841,30.083229919119397,2.9090168091357778,0.8225144487825246,1.1537119048825448,2.0066880760745693,1.5274343278319784,0.6057058860504777,0.5693738813716762,0.9941948960196224,0.9527403287242505,-0.25644690734281694,0.8941774600351446,0.45409617410479075,11.970301881852805,0.028305594162705696,5.897529617728862,0.8313395484623208,0.08385337134599621,23.940603763705607,4.298288148984271,8.248061682063792,24332.426421146738,0.0970939994939854,9.42737302158533,139.75601639641187,3.312650613084126,530.0859342564868,0.02875524698656292,0.010875729622064269,4.773892669015565,142156.40307580202,0.5623372149176176,0.688319691191517,1.1111350568477243,0.7772624076017443,104.32289016644467,0.008975563835240017,1010.9779935275081,0.08179433604591489,12.216608304269958,90.28155339805825,461430.26796116505,83191521.99724919,2833.5307108636407,0.02287426053604864,2499.7911003236245,0.20224847089996964,0.44399081801959306,37.09529205607631,0.01103497475005898,6.862169179689033,0.03396724194789491,460563.54673914186,64.60741337252674,4.458346644072245e-05,146.93935377378457,0.026714182705659822,0.008822198068767332,case_00285
3.1.1.dev111+g8ed579383,2.0.2,2.5.5,1.8.0,3.12.13,"{'minimumROIDimensions': 2, 'minimumROISize': 50, 'normalize': False, 'normalizeScale': 1, 'removeOutliers': 3, 'resampledPixelSpacing': [1, 1, 1], 'interpolator': 'sitkBSpline', 'preCrop': False, 'padDistance': 10, 'distances': [1], 'force2D': False, 'force2Ddimension': 0, 'resegmentRange': None, 'label': 1, 'additionalInfo': True, 'binWidth': 25}",{'Original': {}},f5925e7cddfac985c29666976550e7e73e275dbc,3D,"(5.0, 0.8203125, 0.8203125)","(106, 512, 512)",-248.95810461944004,-1024.0,3067.0,c497773d259387f11920e94b3fce2465f70ced93,"(5.0, 0.8203125, 0.8203125)","(106, 512, 512)","(27, 184, 122, 30, 165, 302)",158811,127,"(np.float64(41.17701544603334), np.float64(256.4187556277588), np.float64(275.8137975329165))","(226.2535057887206, 210.3435104758959, -205.8850772301667)","(1.0, 1.0, 1.0)","(172, 157, 270)",14.368737115401084,-1052.0217145596096,1132.801898972888,"(1.0, 1.0, 1.0)","(172, 157, 270)","(13, 11, 11, 150, 135, 248)",534150,121,"(np.float64(85.90625292520828), np.float64(70.2236450435271), np.float64(137.2518861742956))","(226.3417299242956, 210.31348879352709, -205.90625292520826)",69.27536790518658,-191.2105746264105,345.07280348727056,0.38087659480837455,0.17196539703786307,58.70551763922668,341.37982786328223,237.2172000509238,251.70021851400924,187.6832437912346,253.84247083575278,532769.8333333334,130.023586372836,0.3473395969353514,91500.38313498397,0.1717446773637721,534150.0,-1.6492237505967153,135.78750165204045,4127708426.123129,3.166151877551035,70.67778053403252,3.2044317700694105,345.07280348727056,42.72991216209303,69.27536790518658,71.91516402176194,-191.2105746264105,536.283378113681,29.43774065313862,87.90688471487073,-0.23300053786679548,4127708426.123129,0.13181362766710536,2928.5437818746186,131.5028909683313,493.5139243440516,-13.20566404004217,12.13131379510094,5.726480393946621,0.3564696181471427,1.8177562053282221,2.411221623700313,2.254061392266404,0.483078000811818,0.4154861167727202,0.9886259768030485,0.927405522262678,-0.06449283755772733,0.42803463137481984,0.38827201863758404,11.397403847728238,0.022616431858122454,6.038777322761752,0.38575461398040645,0.047197367939984164,22.794807695456484,3.823724339369892,4.464448547261893,54726.91826962905,0.12578542844066828,5.132545131802006,131.28157326207355,2.119489503351146,281.81375870653216,0.018648519133720783,0.009321788747703754,4.05127068816754,311668.253201805,0.7031980451521758,0.8142810648118146,0.4706565612457156,0.8585521600699392,112.43408821491613,0.008120910539329639,3487.9579428629163,0.08810421942617688,12.855872315580543,124.65568718583445,335982.4177423022,45240043.59195736,2570.007803859182,0.013633710946229503,9316.936093359267,0.23534153662278073,0.48727904965218655,59.589776357181464,0.007103576071366491,6.572347726667504,0.07411588505101563,335800.3733096024,214.5688731876482,1.3432901319032182e-05,289.75308965486175,0.027141739729360268,0.002823460050013757,case_00286
3.1.1.dev111+g8ed579383,2.0.2,2.5.5,1.8.0,3.12.13,"{'minimumROIDimensions': 2, 'minimumROISize': 50, 'normalize': False, 'normalizeScale': 1, 'removeOutliers': 3, 'resampledPixelSpacing': [1, 1, 1], 'interpolator': 'sitkBSpline', 'preCrop': False, 'padDistance': 10, 'distances': [1], 'force2D': False, 'force2Ddimension': 0, 'resegmentRange': None, 'label': 1, 'additionalInfo': True, 'binWidth': 25}",{'Original': {}},74b3baf5fb125960d816b159f462d2456d0e17e5,3D,"(3.0, 0.736328125, 0.736328125)","(54, 512, 512)",-449.01901442916306,-1024.0,1505.0,f49b6c43f796184e436d55ab5c35c1039570e556,"(3.0, 0.736328125, 0.736328125)","(54, 512, 512)","(8, 242, 109, 40, 137, 298)",240221,23,"(np.float64(29.475828507915626), np.float64(305.8570025101885), np.float64(258.78391148151076))","(190.54987232134678, 225.2111131764474, -88.42748552374688)","(1.0, 1.0, 1.0)","(142, 123, 242)",14.114554081673917,-1003.607678647535,1504.0164402932546,"(1.0, 1.0, 1.0)","(142, 123, 242)","(12, 11, 11, 120, 101, 220)",390780,17,"(np.float64(77.43394748963611), np.float64(58.09305235682481), np.float64(121.33835406110855))","(190.47018999860853, 225.22488829432484, -88.43394748963611)",140.2003814732455,-158.4189025670133,346.3288003515677,0.341026957384398,0.17748605720759258,55.73259184482699,314.0110987965698,220.6558406206371,219.20994502987313,144.61673485458036,222.40953216982405,390471.875,107.0862496075258,0.386570818619734,66831.55447285625,0.1711558725525526,390780.0,19.949963668379503,238.83834771901982,10530501027.557827,3.6564601477313547,138.44127682000556,2.3323476236382064,346.3288003515677,73.10429823309006,140.2003814732455,155.73895448166942,-158.4189025670133,504.747702918581,56.475561432311,164.15660177474814,-0.49939793270215604,10530501027.557827,0.09015202935467427,7291.242940989692,187.36314848640606,3168.6095973364304,-107.78556055171637,37.50032586765461,4.720641046061689,0.7752305876786875,1.4958096700000483,2.2938404536109536,2.418822661489794,0.5466505589516544,0.4973813436711589,0.9899151112087682,0.937609320967719,-0.2053181121586731,0.8636337209975977,0.43604300639191834,13.385253306495388,0.018629277428358185,6.425010881734816,0.7943120566040757,0.0526821954654058,26.770506612990776,4.47375097221993,10.55524172842908,24897.028180320573,0.08443215942021398,12.128625956267712,177.5897424671419,2.387304615109711,461.39367382413,0.017367503459744915,0.008553833573456794,4.741614861527774,186960.2736995667,0.6312083389464244,0.7543587381450116,0.5966865355273808,0.8218753124198218,142.19521052319746,0.007366570128585424,2032.0172034479028,0.07328658720553621,15.258015055568176,115.63851119847081,171651.13477837486,39794899.856169075,814.6242742979304,0.01730171001314166,8002.771846936199,0.28862739737209936,0.5483007109882002,59.64679031522681,0.01044141924124567,6.449528128629319,0.0709529658631455,171452.4983524757,86.60028974280269,3.5454299469844555e-05,178.24080378757586,0.05280302883844552,0.00601890440960951,case_00287
3.1.1.dev111+g8ed579383,2.0.2,2.5.5,1.8.0,3.12.13,"{'minimumROIDimensions': 2, 'minimumROISize': 50, 'normalize': False, 'normalizeScale': 1, 'removeOutliers': 3, 'resampledPixelSpacing': [1, 1, 1], 'interpolator': 'sitkBSpline', 'preCrop': False, 'padDistance': 10, 'distances': [1], 'force2D': False, 'force2Ddimension': 0, 'resegmentRange': None, 'label': 1, 'additionalInfo': True, 'binWidth': 25}",{'Original': {}},8b01818991ba37b8400548272a4c43699c4651a7,3D,"(1.0, 0.83984375, 0.83984375)","(276, 512, 512)",-564.5861005783081,-1024.0,3071.0,e9907bfeeace2dcfe86df9093ece200138938b3f,"(1.0, 0.83984375, 0.83984375)","(276, 512, 512)","(94, 170, 164, 122, 131, 211)",382570,47,"(np.float64(143.37676765036463), np.float64(244.2629950074496), np.float64(262.7218365266487))","(220.64529239542762, 205.14274971328774, -143.37676765036463)","(1.0, 1.0, 1.0)","(144, 132, 199)",34.73369973911533,-1227.374301442369,3402.655749150409,"(1.0, 1.0, 1.0)","(144, 132, 199)","(11, 11, 11, 122, 110, 177)",270152,49,"(np.float64(60.396269507536495), np.float64(73.0260964197933), np.float64(93.58224629097693))","(220.66232441597694, 205.10617454479333, -143.3962695075365)",194.16879272134298,-343.084599793613,1967.9493236543965,0.39160626122059994,0.27398625797918336,64.82052558254438,236.58312668903727,174.04022523543227,179.7386992275175,114.28035701729323,192.94040530692374,272976.5,92.64743371057341,0.37283464952418893,54582.24129605895,0.1999521618016897,270152.0,56.1638363348707,269.3414752460405,12379279118.556852,3.471753765123112,79.07024017158079,9.138857662058516,1967.9493236543965,64.05084486190943,194.16879272134298,218.43120944823266,-343.084599793613,2311.0339234480093,37.26954861284146,214.06397420387927,-0.6004825078192757,12379279118.556852,0.1253730199712278,8121.864985095237,518.6587751386588,14069.486635349256,-105.60726661754846,36.14879932545761,7.146040407424743,0.6680357885989368,1.7277988403615063,2.4654327695489786,4.104654189103659,0.5255846859770099,0.4736079361878438,0.999181995221856,0.9821897211189193,-0.13233541242201594,0.7493978371558564,0.4298467979751716,22.614288098218513,0.027940166302832234,6.24847689189938,0.7282486061052756,0.07656077724752952,45.228576196437025,4.185758192607188,10.823709933220583,23170.052366303888,0.11038634172679229,14.939171602927983,498.94303216486963,2.1262589914496326,1113.377526701105,0.0045424321893468836,0.002366819007617348,4.555580253289519,137667.22137298045,0.6542201401177336,0.7764010915792136,0.45305908155773145,0.8357109989387095,410.24598346702925,0.0020414831483844594,1805.4860613767946,0.060422544806960764,30.086468921794676,399.1517017502761,126945.32505605569,72077132.30698436,225.00378844687071,0.003470597688788253,10891.574211037114,0.36449831702543806,0.625709355945197,247.75001062250212,0.002241333053869041,6.488315497515896,0.11060810210548136,126863.58665853924,12.46493977729472,3.5062241867438666e-05,2596.497528091076,0.009014818318852215,0.22195779409574665,case_00288
3.1.1.dev111+g8ed579383,2.0.2,2.5.5,1.8.0,3.12.13,"{'minimumROIDimensions': 2, 'minimumROISize': 50, 'normalize': False, 'normalizeScale': 1, 'removeOutliers': 3, 'resampledPixelSpacing': [1, 1, 1], 'interpolator': 'sitkBSpline', 'preCrop': False, 'padDistance': 10, 'distances': [1], 'force2D': False, 'force2Ddimension': 0, 'resegmentRange': None, 'label': 1, 'additionalInfo': True, 'binWidth': 25}",{'Original': {}},e8b43bae0f8fc0d29981b40d16fdbc34674ec77c,3D,"(5.0, 0.77734375, 0.77734375)","(86, 512, 512)",-427.63137236306835,-1024.0,2983.0,bf7997d24c353da3b714ef08373e74707f6943a0,"(5.0, 0.77734375, 0.77734375)","(86, 512, 512)","(17, 238, 127, 23, 121, 277)",116253,7,"(np.float64(28.450629231073606), np.float64(293.13072350821056), np.float64(261.655879848262))","(203.3965628507974, 227.86333585208556, -142.25314615536803)","(1.0, 1.0, 1.0)","(137, 116, 237)",23.897402208816864,-1071.4610317860927,1103.4930993642204,"(1.0, 1.0, 1.0)","(137, 116, 237)","(13, 11, 11, 115, 94, 215)",351000,6,"(np.float64(72.26866096866097), np.float64(53.7712962962963), np.float64(115.2551282051282))","(203.36645633012822, 227.8826244212963, -142.26866096866098)",102.7752086966446,-145.48908730613593,228.40689500055822,0.33688883006841963,0.18506464773331532,55.39562940500474,299.33123415787,215.45533179756774,215.23243250030885,122.77621919573839,215.73594971631408,350895.9166666667,100.841349278381,0.4073196736477138,59065.55380331814,0.16832784594477745,351000.0,22.83806916972528,155.8315297470776,4696177541.506221,2.9177127340980396,62.08459179444952,3.9974999465055316,228.40689500055822,41.247692587947476,102.7752086966446,117.37878543981844,-145.48908730613593,373.8959823066941,27.13516247006885,115.66945662176519,-1.1612092468071236,4696177541.506221,0.16679261579045626,2816.679672535566,119.57125152683223,749.7354061031162,-58.509809557314334,13.317104513569149,2.129431662943275,0.7214307651355706,1.0247591455138354,1.8394219899538227,1.0412848627932068,0.6193059431263805,0.5869785990726869,0.992009297263481,0.9430485900520847,-0.190202897743339,0.7845224551725246,0.47631926215758735,10.806125122888092,0.050828915801076596,5.089752540868374,0.7432444244058125,0.13149935316338723,21.61225024577619,3.650702274079947,3.861634044128105,34740.81899678134,0.14408860032762053,5.269377493737318,112.22517414782398,3.4916017587012567,435.76072790855113,0.03375052954986732,0.012230641600829843,4.3181736533712405,133926.3351001532,0.5491541035847924,0.6838590839360071,1.165538660431054,0.7666387190153489,83.1761852864156,0.010030214871617222,1004.5386162510056,0.1010195712239547,10.880301369082794,68.3984312148029,960795.4302091714,128330443.3012872,7423.005642974926,0.031855773286341586,1826.2188254223652,0.18365032435864492,0.41087509714273157,23.52471832860645,0.01591105022931096,6.591201175770897,0.02833048433048433,959549.5049181287,140.24229465593393,3.032176276913993e-05,82.56566810916377,0.026660331999570616,0.003962396905817643,case_00289
3.1.1.dev111+g8ed579383,2.0.2,2.5.5,1.8.0,3.12.13,"{'minimumROIDimensions': 2, 'minimumROISize': 50, 'normalize': False, 'normalizeScale': 1, 'removeOutliers': 3, 'resampledPixelSpacing': [1, 1, 1], 'interpolator': 'sitkBSpline', 'preCrop': False, 'padDistance': 10, 'distances': [1], 'force2D': False, 'force2Ddimension': 0, 'resegmentRange': None, 'label': 1, 'additionalInfo': True, 'binWidth': 25}",{'Original': {}},dc590fe0242bb5ae163d125ff4bd67bd41b6cef9,3D,"(0.5, 0.8359375, 0.8359375)","(683, 512, 512)",-563.859385913497,-1024.0,1883.0,eaadaeafdee7a85ca3980529244b9fac4c66d55b,"(0.5, 0.8359375, 0.8359375)","(683, 512, 512)","(216, 264, 127, 222, 100, 272)",1015493,14,"(np.float64(329.87065297348187), np.float64(316.7026055324852), np.float64(252.15198824610312))","(210.78330267447683, 264.74358431231184, -164.93532648674093)","(1.0, 1.0, 1.0)","(133, 105, 250)",17.929713245865354,-1029.3967266769648,1582.134722140266,"(1.0, 1.0, 1.0)","(133, 105, 250)","(11, 11, 11, 111, 83, 228)",354764,14,"(np.float64(67.42055845576213), np.float64(54.67160140262259), np.float64(115.76802043048336))","(210.85005168048335, 264.75363265262257, -164.67055845576215)",136.18770475629893,-139.0146700182477,458.00564350541976,0.3074596400678399,0.18959377736694807,58.592078229448006,309.04009109985896,224.50167037240502,227.16733920174352,109.63576058932597,229.43626565998673,354136.5,95.01735517609507,0.4137954190211119,58498.6135549943,0.16518662593376932,354764.0,17.43149335400892,226.51685929445915,9054072958.801317,3.55434868892283,140.00623376255186,2.3271624487884712,458.00564350541976,72.07314895475665,136.18770475629893,162.56839484221626,-139.0146700182477,597.0203135236675,56.08022966554162,159.7541774325828,-0.5752907159173734,9054072958.801317,0.10185382419306643,6974.3062803723205,155.3102647498725,2971.4467597180023,-125.95523877993263,36.0078343055163,5.621710256491212,0.7295078882450766,1.6011745079172073,2.4006008195133353,3.017451269436606,0.5402680257441317,0.49027050755179097,0.9914623334687668,0.9434563433546652,-0.17211562131327524,0.8282327056063946,0.42640037303414347,12.1537332653105,0.021354023446548204,6.386261274141149,0.7535115550308421,0.0672799321152884,24.307466530620996,4.378220652663729,10.407386140501877,24897.78005918007,0.09290202555912185,11.559922373598884,149.82433508192827,2.2849954480145986,365.00866974146,0.022178512934676767,0.011315031003526684,4.655544916940614,168740.7171332372,0.6283875084542946,0.7552901907486927,0.5234384855741324,0.8204887208597373,120.05952647734004,0.009755502470892406,2324.280470959679,0.07644150729986447,14.615654445220335,108.50210484772742,146468.76004735907,30086566.162467934,774.3124532910117,0.02173172588190792,10303.049200815629,0.33884921399775136,0.6020279659628209,64.26183335938859,0.014218506312031169,6.231846618133143,0.0857076817264435,146332.62796004757,73.75666298117831,3.265584343392184e-05,297.51438354321857,0.03860406500268317,0.008801772368462335,case_00290
3.1.1.dev111+g8ed579383,2.0.2,2.5.5,1.8.0,3.12.13,"{'minimumROIDimensions': 2, 'minimumROISize': 50, 'normalize': False, 'normalizeScale': 1, 'removeOutliers': 3, 'resampledPixelSpacing': [1, 1, 1], 'interpolator': 'sitkBSpline', 'preCrop': False, 'padDistance': 10, 'distances': [1], 'force2D': False, 'force2Ddimension': 0, 'resegmentRange': None, 'label': 1, 'additionalInfo': True, 'binWidth': 25}",{'Original': {}},d5fde787e14f24b4cbe10b0469cedd475c85e14b,3D,"(5.0, 0.8203125, 0.8203125)","(131, 512, 512)",-483.0270181321006,-1024.0,3071.0,6a9b73c0a9289b845d2431288fc323edd3892b5d,"(5.0, 0.8203125, 0.8203125)","(131, 512, 512)","(54, 224, 102, 26, 128, 288)",134978,44,"(np.float64(65.61522618500793), np.float64(287.60157951666196), np.float64(266.2942109084443))","(218.44446988583323, 235.92317069726175, -328.07613092503965)","(1.0, 1.0, 1.0)","(152, 127, 258)",34.08783211520292,-1044.3452694806886,1251.9689595032423,"(1.0, 1.0, 1.0)","(152, 127, 258)","(13, 11, 11, 130, 105, 236)",453885,42,"(np.float64(73.07831278848167), np.float64(62.79945360608965), np.float64(145.2981151613294))","(218.3879589113294, 235.88929735608966, -328.07831278848164)",122.34197934999762,-115.5835143262035,250.05756741981264,0.37610258862354223,0.18459044625572815,56.31122185891389,305.06032679991125,240.66574330386118,232.07757323791543,127.76932339180638,243.61034460794147,453187.5833333333,114.73397859579039,0.411288705970426,69372.81892042977,0.15307749256979078,453885.0,33.3637180341602,175.45063539352412,8205613016.941517,2.9073585627125302,63.44112346589422,3.9166951765181106,250.05756741981264,43.53748385448832,122.34197934999762,140.40467362161806,-115.5835143262035,365.64108174601614,28.544507206381244,134.45674719990785,-1.2271241845040681,8205613016.941517,0.1732919690204488,3111.0569563046856,115.4140954688769,1071.5495472186506,-83.05136779650329,15.754588144928345,1.7063600180648417,0.8026692666184861,0.8947319372585523,1.7194237157677816,0.8759926709033645,0.6523066703299035,0.6268939354531772,0.993557962273639,0.9498352723819227,-0.24195032591450166,0.8453695398441019,0.4728542383050642,10.578283558562797,0.060265054479634914,4.9399472140021015,0.8223771601507768,0.1570402541103539,21.156567117125597,3.6676178360871674,4.365237040748297,41663.63326339365,0.14273656838268944,5.824386061813157,107.07300379375391,4.241251670447941,516.5639095756845,0.043758857618125764,0.013824895489673457,4.487140008074456,149754.58410176172,0.5070525848877689,0.6398815016680774,1.5784263528337306,0.7369300886082398,75.6005132718636,0.011052477738244592,892.8139877817569,0.09403981333281619,10.775451318937524,65.48620181167053,1766883.4749315358,232781556.7143459,13838.020139999813,0.03837527134644517,1605.3901411417737,0.16909523289885967,0.39346972181379447,22.219397198767915,0.01825925298047247,6.878742458521835,0.02091719268096544,1764597.9118829786,161.778525654553,2.6446831343912684e-05,70.12824508647451,0.02508341604729498,0.003539764671497981,case_00291
3.1.1.dev111+g8ed579383,2.0.2,2.5.5,1.8.0,3.12.13,"{'minimumROIDimensions': 2, 'minimumROISize': 50, 'normalize': False, 'normalizeScale': 1, 'removeOutliers': 3, 'resampledPixelSpacing': [1, 1, 1], 'interpolator': 'sitkBSpline', 'preCrop': False, 'padDistance': 10, 'distances': [1], 'force2D': False, 'force2Ddimension': 0, 'resegmentRange': None, 'label': 1, 'additionalInfo': True, 'binWidth': 25}",{'Original': {}},589a2411c56f9f3a546077bf8782a015e9127222,3D,"(5.0, 0.890625, 0.890625)","(95, 512, 512)",-575.5645234358938,-1024.0,3071.0,10d6b7fdea39993b1ccdf55f59dbb2989e70c901,"(5.0, 0.890625, 0.890625)","(95, 512, 512)","(54, 205, 120, 37, 171, 305)",184562,146,"(np.float64(75.15874340330079), np.float64(314.0505358632871), np.float64(261.6363606809636))","(233.01988373148322, 279.70125850324007, -375.79371701650393)","(1.0, 1.0, 1.0)","(207, 174, 294)",3.3609871236821367,-1160.4287576684073,1416.6277214612628,"(1.0, 1.0, 1.0)","(207, 174, 294)","(13, 11, 11, 185, 152, 272)",731315,138,"(np.float64(120.81486773825233), np.float64(107.63288049609265), np.float64(136.98294852423373))","(233.03763602423373, 279.68756799609264, -375.81486773825236)",38.33287254964913,-121.15087966130521,131.52887115954667,0.4583755950536138,0.25767176767490013,84.95598689456295,329.7062292123148,281.8865019826242,276.00724628168734,185.06485349736184,282.1010457265269,729781.625,151.12928900807796,0.268237938048087,146136.66944907917,0.2002471211152777,731315.0,-1.4221953203726287,69.97086580052068,1678796259.111936,2.204732781702205,33.08633882451217,4.089075201153376,131.52887115954667,21.90708850978974,38.33287254964913,42.88929171450349,-121.15087966130521,252.6797508208519,14.219716720047781,47.91227091244929,-0.902269185727455,1678796259.111936,0.2662364747875535,826.1765860802901,51.481566335855554,63.983031019695666,-7.1859871642988455,3.823771674869903,1.083414604355685,0.5552596401885513,0.7322428944513993,1.4705867204374623,0.5228036715579572,0.685718344596386,0.668452874480391,0.9913276580459834,0.9411512250638467,-0.14520064534735339,0.6316355131470469,0.4843432356588797,7.127131660331563,0.10167632162363975,3.931571774934488,0.6182116427055633,0.18204641368932778,14.254263320663126,2.8764560058039197,1.2267965698063967,102851.07724382164,0.2297263484410141,1.71534191735368,49.53557807386955,5.391751165613958,284.1186842350833,0.11307654049355562,0.02457389710386309,3.912468987318665,213661.68518298605,0.4638627900531761,0.6091750424288386,2.027836388593808,0.6955146201418907,33.74327152045539,0.01801289849229604,1971.8506383633287,0.1516574864146538,5.4062768519443285,41.20719889247808,4945227.283571758,267506126.2515767,94067.13944574077,0.049184287042529265,1576.7055837563453,0.12126638853686704,0.3042362385631656,10.208764133841518,0.02082589555320741,6.71664675367125,0.017778932470959845,4942063.632052874,823.9925308470467,1.1240144918106704e-05,30.89700230905469,0.014051084483879149,0.0006816504208398307,case_00292
3.1.1.dev111+g8ed579383,2.0.2,2.5.5,1.8.0,3.12.13,"{'minimumROIDimensions': 2, 'minimumROISize': 50, 'normalize': False, 'normalizeScale': 1, 'removeOutliers': 3, 'resampledPixelSpacing': [1, 1, 1], 'interpolator': 'sitkBSpline', 'preCrop': False, 'padDistance': 10, 'distances': [1], 'force2D': False, 'force2Ddimension': 0, 'resegmentRange': None, 'label': 1, 'additionalInfo': True, 'binWidth': 25}",{'Original': {}},fa312c29a0f1d385aee15b7a560df5f7a02ce013,3D,"(0.5, 0.703125, 0.703125)","(591, 512, 512)",-477.4341646701148,-1024.0,1433.0,498510b7134e8d45c0c59afa168e0dc2a8708abd,"(0.5, 0.703125, 0.703125)","(591, 512, 512)","(77, 271, 298, 260, 137, 129)",1206227,14,"(np.float64(201.69742179540003), np.float64(334.4352580401533), np.float64(355.4747315389226))","(249.94317061330494, 235.1497908094828, -100.84871089770002)","(1.0, 1.0, 1.0)","(152, 118, 112)",30.08475630232901,-1034.8764302281106,1328.9547348294786,"(1.0, 1.0, 1.0)","(152, 118, 112)","(11, 11, 11, 129, 96, 90)",298184,4,"(np.float64(72.35294314919646), np.float64(54.98599857805919), np.float64(50.79531765621227))","(249.94375515621226, 235.1344360780592, -100.60294314919646)",114.41799755658272,-134.17588205868492,450.2794161168057,0.5484747177902007,0.47002260880743624,69.113555903765,147.04304560821706,120.30378215168466,91.41115905621152,149.37536610833797,149.58943812983588,297911.6666666667,80.64939294297847,0.40136195209669767,53745.1894756751,0.1804064610058074,298184.0,34.64595886390269,181.23451974774588,4919925378.915188,3.2067695025720697,86.74713525702653,3.4980649152337753,450.2794161168057,47.517074491343024,114.41799755658272,122.85070843548496,-134.17588205868492,584.4552981754906,34.924803844939404,128.450881730602,-0.11050884300798516,4919925378.915188,0.12576630858509955,3408.150852510931,127.92842305948831,1116.5907389429387,-10.042297585315735,18.491470861856612,3.01755728162269,0.7193020058069423,1.221382842843804,2.0446252362341215,1.5095762754561108,0.57925916989089,0.538542564303757,0.995311360454206,0.9553760072830957,-0.18309723554383098,0.8233365635326588,0.47326338420985026,11.138217613858668,0.027009940932093714,5.779758780158127,0.7447676644844664,0.060697493448790316,22.276435227717343,4.053003254612491,5.377257035869824,26383.402304452615,0.12082322328792086,5.834396057793191,127.30246745184377,2.4406527343967315,316.33712294424464,0.022967541428670805,0.009943905070652846,4.388127825543611,129433.7689499281,0.5914510442365664,0.7322943603226919,0.5671473276228931,0.7971147128572108,100.85856356163293,0.008087580355766478,1354.0289766475119,0.0827747265342653,13.056799459926186,119.05942046704976,497587.61193299916,71097186.21720259,3697.594722314433,0.014937170607604704,6174.978359212618,0.37748981288743233,0.6380328449203903,74.52608971407756,0.009995701938979485,5.982624233457526,0.054858744936012664,497255.3288242872,65.89481329156804,3.7540453148566044e-05,247.2352083807348,0.01528772632561191,0.012389446858403435,case_00293
3.1.1.dev111+g8ed579383,2.0.2,2.5.5,1.8.0,3.12.13,"{'minimumROIDimensions': 2, 'minimumROISize': 50, 'normalize': False, 'normalizeScale': 1, 'removeOutliers': 3, 'resampledPixelSpacing': [1, 1, 1], 'interpolator': 'sitkBSpline', 'preCrop': False, 'padDistance': 10, 'distances': [1], 'force2D': False, 'force2Ddimension': 0, 'resegmentRange': None, 'label': 1, 'additionalInfo': True, 'binWidth': 25}",{'Original': {}},dc2d537714f1fbbec49bdd08601767c9f22cc92f,3D,"(0.5, 0.767578125, 0.767578125)","(623, 512, 512)",-536.9266049674387,-1024.0,3071.0,14e76cf8cea89b47c29478c015cf696129e3bb4c,"(0.5, 0.767578125, 0.767578125)","(623, 512, 512)","(133, 284, 99, 236, 119, 101)",871557,11,"(np.float64(256.1802303234327), np.float64(346.7945642109466), np.float64(146.85191788947824))","(112.72031978625967, 266.1919213572305, -128.09011516171634)","(1.0, 1.0, 1.0)","(140, 113, 100)",15.85104194352189,-1050.8783069125275,976.5871301422478,"(1.0, 1.0, 1.0)","(140, 113, 100)","(10, 11, 11, 118, 91, 78)",256106,12,"(np.float64(71.63794678765824), np.float64(59.052927303538375), np.float64(47.63289028761528))","(112.7491012251153, 266.16913824103835, -127.88794678765824)",102.36362601218941,-140.91599514197682,377.5540751663062,0.5385261182889565,0.3833020443906055,47.56124004412487,124.08292817676026,108.04628637764465,76.05918747922567,129.8345100502944,134.97777594848716,256147.20833333334,66.82189765695807,0.6090270057378282,32026.341118483117,0.12503099810014762,256106.0,22.09595768503679,168.42231470262925,3540671248.6839213,3.1992051663403314,84.84958569983624,2.929018948516195,377.5540751663062,47.42714168233753,102.36362601218941,112.64208233035009,-140.91599514197682,518.470070308283,34.52138785372452,117.57985644545572,-0.4815984515830653,3540671248.6839213,0.12699649574661584,3346.710711370587,117.85254467977032,785.0530215428751,-31.62901768627552,16.834777141321805,3.5910806955361845,0.6481517450461243,1.3806390495182002,2.1662715247348063,1.6652003377630042,0.5462979737763101,0.4970053024440974,0.9928280644517071,0.9436462857373988,-0.13661076899628113,0.7511060628533499,0.45807775388906163,10.702405973922165,0.02523540376607492,5.880535523663148,0.6771613012055488,0.06294698726644607,21.40481194784433,3.988834265787101,5.106464459214497,23562.994489947407,0.12060877070507092,5.792102298318757,116.17792458819592,2.1764928717592578,260.85499750937834,0.022881185105910966,0.011513202177695128,4.275489329792639,122850.83150388989,0.6279310539137085,0.762840987115311,0.45325321425432963,0.8203521005299002,94.28849331581796,0.009739382532471579,1332.1338707545924,0.08802258958336145,12.936656333066475,96.77031848817232,437280.6850799524,58060885.94799788,3555.651211071874,0.021561693686379856,5293.313994978194,0.34976304975407657,0.6129250134042048,59.347192479932026,0.014261168349290892,5.975051064931241,0.059092719420864796,436994.31209452474,76.08765603332668,3.989109145678325e-05,208.0153051139733,0.021873971366120296,0.008599270221195738,case_00294
3.1.1.dev111+g8ed579383,2.0.2,2.5.5,1.8.0,3.12.13,"{'minimumROIDimensions': 2, 'minimumROISize': 50, 'normalize': False, 'normalizeScale': 1, 'removeOutliers': 3, 'resampledPixelSpacing': [1, 1, 1], 'interpolator': 'sitkBSpline', 'preCrop': False, 'padDistance': 10, 'distances': [1], 'force2D': False, 'force2Ddimension': 0, 'resegmentRange': None, 'label': 1, 'additionalInfo': True, 'binWidth': 25}",{'Original': {}},c6746a4d9adeb27dbf30bc112625c1f94d988e89,3D,"(0.5, 0.919921875, 0.919921875)","(564, 512, 512)",-368.5384620707086,-1024.0,3071.0,ef37b2de7129cc35fad33e2bf70bcb11bfd4b099,"(0.5, 0.919921875, 0.919921875)","(564, 512, 512)","(72, 234, 136, 252, 117, 272)",1204744,19,"(np.float64(202.82004475639638), np.float64(298.39642612870455), np.float64(279.08328574369324))","(256.7348195024991, 274.50139981761686, -101.41002237819819)","(1.0, 1.0, 1.0)","(148, 130, 272)",14.691318845126979,-964.3657296513834,1180.9321933801778,"(1.0, 1.0, 1.0)","(148, 130, 272)","(11, 11, 11, 126, 108, 250)",510442,13,"(np.float64(75.91695040768589), np.float64(70.43838085424005), np.float64(142.75872479145525))","(256.7987638539553, 274.47841991674005, -101.16695040768589)",79.34173575534126,-161.55341388163637,299.42690542172903,0.3226884669741505,0.16283296844414247,58.0303815105708,356.3798048088603,248.03225596683993,251.3483638299641,122.494897852931,256.39422770413535,510580.5416666667,114.99965287431812,0.44288529901257545,69753.98649774151,0.13661700908155744,510442.0,17.093258586339527,135.08544783495782,4369602834.438238,2.955150179000014,60.349320579077386,3.6421672218539007,299.42690542172903,37.15774386248716,79.34173575534126,84.09773193480446,-161.55341388163637,460.9803193033654,25.228037243630194,92.52258997640408,-0.5642167327274717,4369602834.438238,0.15474885877797956,2265.3186232713956,117.45808144732861,355.6800755649799,-17.484475873457818,9.976956489193885,3.659199793176347,0.4627583251877221,1.4476277592533047,2.188558110544137,1.5500196807509785,0.5269524679667685,0.4719453714738661,0.9902285216678244,0.9324772221001619,-0.06529862901949876,0.548230265541619,0.4493287221203417,10.764690552367263,0.029778200434039764,5.617417738031197,0.482121603506359,0.06192068859079646,21.529381104734526,3.664794744327612,3.409039070592559,58565.747181228115,0.1460016743585819,4.071549206572727,116.95107295639642,1.9991610874207097,237.1300079132763,0.019474379129336913,0.010387632492538497,3.9593219110655236,263374.73786505946,0.6559212041905274,0.7858763732065694,0.3770852324823651,0.8373165188792036,97.41354199008555,0.008888414668162396,3432.08956236905,0.10128041910966006,11.675717289287906,105.07433529081949,510475.6243397173,63230245.35423614,4265.252813679475,0.017180589033557094,12446.911175376988,0.3673063763501339,0.629065201030283,66.33089554623442,0.011480973286976113,5.760929949446719,0.06638756215201727,510248.72848689376,222.5589339722888,1.5671965550685734e-05,165.93894238346698,0.021949205784843703,0.002511483135055924,case_00295
3.1.1.dev111+g8ed579383,2.0.2,2.5.5,1.8.0,3.12.13,"{'minimumROIDimensions': 2, 'minimumROISize': 50, 'normalize': False, 'normalizeScale': 1, 'removeOutliers': 3, 'resampledPixelSpacing': [1, 1, 1], 'interpolator': 'sitkBSpline', 'preCrop': False, 'padDistance': 10, 'distances': [1], 'force2D': False, 'force2Ddimension': 0, 'resegmentRange': None, 'label': 1, 'additionalInfo': True, 'binWidth': 25}",{'Original': {}},48a209a55f9020cf77710ddd6bc5c3517540ec7a,3D,"(5.0, 0.62109375, 0.62109375)","(83, 512, 512)",-540.3424342511648,-1024.0,1646.0,2390afec8947920e89b5c5edaefa72eae94eed14,"(5.0, 0.62109375, 0.62109375)","(83, 512, 512)","(15, 209, 101, 21, 119, 268)",141642,3,"(np.float64(24.27644342779684), np.float64(266.54442891232827), np.float64(236.72083845187163))","(147.02583325721716, 165.54907889476638, -121.38221713898419)","(1.0, 1.0, 1.0)","(127, 96, 188)",53.898601733065036,-1096.300086160013,1434.0762628790721,"(1.0, 1.0, 1.0)","(127, 96, 188)","(13, 11, 11, 105, 74, 166)",273165,3,"(np.float64(61.36318708472901), np.float64(46.383779034649386), np.float64(94.85898632694526))","(147.04843945194526, 165.57323215964936, -121.36318708472902)",100.6834011119339,-195.20491421716923,224.57444742560975,0.41785241066629636,0.22691127313417722,52.05419622775072,229.40330600926129,166.5893153836704,169.24833824885843,103.07764064044152,170.56670249494772,272974.2083333333,95.85672443078789,0.4656800678006796,43699.60905855711,0.16008695226325115,273165.0,47.353650550386305,135.15422008298535,3156878488.199774,2.3734371111920733,38.96289861144659,5.311654599591725,224.57444742560975,28.028434145940366,100.6834011119339,111.6482376212128,-195.20491421716923,419.779361642779,17.19208455395713,107.50196586004283,-1.507855585434497,3156878488.199774,0.2461875024815398,1419.525404307242,160.97372632797908,324.0871075063796,-32.43932952177618,7.731731591682747,0.866491790905441,0.7973536410101895,0.5887022949097769,1.3701452432551517,0.5071456763535058,0.7428931924866489,0.7322175834577718,0.9970524814339657,0.968069534840714,-0.2840901884134294,0.8417686300884674,0.4227034561947964,12.619706595256151,0.11015911166379158,3.95027684276842,0.821393405160741,0.21713179971704227,25.239413190512302,3.1472082934163574,2.1495558456470474,28471.12289232313,0.2028577200305562,2.924920156759444,151.56463094444487,7.687349385036216,1294.0437698573637,0.04803155910734999,0.007304782314476413,4.477251830958826,54743.81167873337,0.3823288491390204,0.5111359857172828,3.317541921743186,0.6334157204812811,91.9263909506433,0.004905060562041384,285.1937106918239,0.11957807576177103,7.577579297584044,112.94758909853249,3736629.976939203,644974493.9312369,21926.27598685162,0.012393140425506433,317.7102725366876,0.13321185431307658,0.3241589782358629,35.566655032524125,0.0046459491641028085,6.800375898381752,0.008730986766240184,3723511.804359005,81.072952013948,3.9629896641112035e-05,60.24102352106109,0.008558335734803487,0.009581823221351265,case_00296
3.1.1.dev111+g8ed579383,2.0.2,2.5.5,1.8.0,3.12.13,"{'minimumROIDimensions': 2, 'minimumROISize': 50, 'normalize': False, 'normalizeScale': 1, 'removeOutliers': 3, 'resampledPixelSpacing': [1, 1, 1], 'interpolator': 'sitkBSpline', 'preCrop': False, 'padDistance': 10, 'distances': [1], 'force2D': False, 'force2Ddimension': 0, 'resegmentRange': None, 'label': 1, 'additionalInfo': True, 'binWidth': 25}",{'Original': {}},ea6df5ec7dc73a37f7c738c4fe40f811a24b51c9,3D,"(5.0, 0.7400000095367432, 0.7400000095367432)","(102, 512, 512)",-814.5477864882525,-2048.0,5598.0,af62aa040d10a5ef03e97e234d75b6776aaccb75,"(5.0, 0.7400000095367432, 0.7400000095367432)","(102, 512, 512)","(15, 239, 127, 22, 116, 231)",90809,25,"(np.float64(25.445330308669845), np.float64(300.29979407327465), np.float64(255.93172482903677))","(189.38947881424232, 222.22185047810524, -127.22665154334922)","(1.0, 1.0, 1.0)","(132, 108, 193)",-4.247557184186082,-1154.280872183818,1520.9847914054048,"(1.0, 1.0, 1.0)","(132, 108, 193)","(13, 11, 11, 110, 86, 171)",248760,22,"(np.float64(67.25257276089404), np.float64(56.13965267727931), np.float64(106.28609905129441))","(189.41609904652603, 222.26965267251094, -127.25257276089404)",80.58773499453456,-333.1535819599766,194.09654973795577,0.43792921214305697,0.2436980797015328,53.71749291722842,220.42641034766658,169.57889019568444,169.75570682601514,110.67971810589327,175.2170083068422,248463.45833333334,96.53116421907579,0.35744141317498,53471.32426322574,0.21520800129687376,248760.0,8.926452016878462,133.1540061201541,2172933622.82553,2.863036641596993,62.621048161865616,3.201450264398263,194.09654973795577,37.914709864159484,80.58773499453456,89.64086651947233,-333.1535819599766,527.2501316979324,26.6599252756351,93.46154498423772,-0.7956707680845498,2172933622.82553,0.16139895147013933,2240.6773592913587,322.0608661517971,437.72126095895203,-31.396499288460202,11.752041080734019,1.391914660426798,0.7867943866227765,0.7963053935621838,1.6125136653016838,0.7319641308919802,0.6782208793813904,0.6575974739783373,0.997166701949063,0.9664078749664614,-0.2624344671276041,0.8611854556546354,0.4648627972694248,17.87371301347542,0.053490111514980836,4.846543081852076,0.803436910086725,0.12001088770644114,35.74742602695083,3.682294699021211,3.285988935290203,22464.204474534872,0.14701967732080037,4.075097325471389,309.38635716485385,4.543248266232287,1490.440216410882,0.01445482508054531,0.0034385938267494556,4.496237206226928,73097.84767858061,0.4690866758539191,0.6131915841033062,1.6199829651732771,0.7059374684445442,213.2739947432648,0.0025002039904235543,490.0698358245528,0.12008572306409038,8.188151341845636,236.38985542759127,1138066.9772114677,388228132.8799314,3386.7594299399625,0.005120680658265837,582.0575839255084,0.14262621512509396,0.35523286312663427,77.384699383186,0.0021515962207619044,6.857430153394976,0.016405370638366296,1134351.386173073,34.05571814790146,5.6363849160571946e-05,123.95020146790965,0.010017862797469497,0.021303867914833293,case_00297
3.1.1.dev111+g8ed579383,2.0.2,2.5.5,1.8.0,3.12.13,"{'minimumROIDimensions': 2, 'minimumROISize': 50, 'normalize': False, 'normalizeScale': 1, 'removeOutliers': 3, 'resampledPixelSpacing': [1, 1, 1], 'interpolator': 'sitkBSpline', 'preCrop': False, 'padDistance': 10, 'distances': [1], 'force2D': False, 'force2Ddimension': 0, 'resegmentRange': None, 'label': 1, 'additionalInfo': True, 'binWidth': 25}",{'Original': {}},1143eb22dc045d74548a9260c29f3e263cb01411,3D,"(0.5, 0.734375, 0.734375)","(617, 512, 512)",-517.7443915294481,-1024.0,1402.0,802ee528c62cdf587c534315603993a5ac0dde9c,"(0.5, 0.734375, 0.734375)","(617, 512, 512)","(44, 239, 110, 224, 132, 291)",1452977,63,"(np.float64(150.19868999991053), np.float64(322.8690715682354), np.float64(254.37542989324677))","(186.8069563278531, 237.1069744329229, -75.09934499995526)","(1.0, 1.0, 1.0)","(134, 119, 236)",-6.017001856079169,-1038.5767551278402,1331.8894837185328,"(1.0, 1.0, 1.0)","(134, 119, 236)","(11, 11, 11, 112, 96, 213)",392072,64,"(np.float64(63.60937531881899), np.float64(71.9667790609888), np.float64(116.7031336081128))","(186.8359461081128, 237.0995915609888, -74.85937531881899)",121.73530354085611,-142.86953788331675,411.94319823330835,0.34295265959908094,0.1907579959729282,56.20840466232765,294.65818392380567,214.03270778084362,212.46176126540982,109.41663493271945,214.478437144623,391788.7083333333,101.0538078493043,0.3993202313520367,64843.14746199267,0.1655054014645675,392072.0,25.34500316313085,200.20436143554556,7747399501.3798485,3.4485655846198364,105.70641272804636,2.861184549073867,411.94319823330835,58.15517965411918,121.73530354085611,136.4832417865726,-142.86953788331675,554.812736116625,42.750427282282565,140.57078225526988,-0.4695957142954389,7747399501.3798485,0.10800671692092116,4940.6606956741225,138.4381336311231,1700.2288675376017,-52.016179668051635,24.900850236457114,4.332860002307134,0.7030779669970106,1.4584323492837885,2.2551639079512276,2.180830912486024,0.5439763646561259,0.49483295866081745,0.992175310993005,0.9435163862135252,-0.16685992350318488,0.8154676068343527,0.45048443933878496,11.54537943304634,0.021485732991692215,6.207999824558807,0.7335342852683344,0.05502357701842833,23.090758866092678,4.249175428784864,7.308427559691062,30469.635443228013,0.1017567253350627,8.495504300494348,134.62911472610963,2.1832836450781574,307.9582929981414,0.021176585487553364,0.01110246027628171,4.522338342455135,189563.3442480496,0.63200456867859,0.7636846921366091,0.462394056428671,0.8227833011718814,108.96318682062875,0.009546992285730973,2246.9015499914835,0.07654237949213025,14.83791085816235,101.91023675694089,201264.56072219383,33285161.42306251,1295.6224522406385,0.022473935853015964,10108.241628342701,0.3443448008292523,0.6069141259379132,60.75525636219185,0.014856347735653462,6.1587181957721135,0.07487145218225225,201086.1719621798,95.19405074400527,2.976549266817514e-05,229.9567358334551,0.030629408042025,0.006336385708393486,case_00298
3.1.1.dev111+g8ed579383,2.0.2,2.5.5,1.8.0,3.12.13,"{'minimumROIDimensions': 2, 'minimumROISize': 50, 'normalize': False, 'normalizeScale': 1, 'removeOutliers': 3, 'resampledPixelSpacing': [1, 1, 1], 'interpolator': 'sitkBSpline', 'preCrop': False, 'padDistance': 10, 'distances': [1], 'force2D': False, 'force2Ddimension': 0, 'resegmentRange': None, 'label': 1, 'additionalInfo': True, 'binWidth': 25}",{'Original': {}},79ccd60875ca9940b5c2774226c9d2773e8d7285,3D,"(0.5, 0.751953125, 0.751953125)","(624, 512, 512)",-525.7213701223716,-1024.0,1736.0,fdeac96e6442b5265d25c77f704aa7b5519ef474,"(0.5, 0.751953125, 0.751953125)","(624, 512, 512)","(103, 283, 148, 203, 97, 272)",932868,10,"(np.float64(205.68989288945488), np.float64(333.3090437232277), np.float64(283.52280386935774))","(213.19585837832565, 250.6327770184427, -102.84494644472744)","(1.0, 1.0, 1.0)","(123, 95, 227)",3.783672264288262,-1037.5995134335064,1554.1543793101253,"(1.0, 1.0, 1.0)","(123, 95, 227)","(10, 11, 11, 102, 72, 205)",262673,7,"(np.float64(61.35052708119982), np.float64(48.47170055544346), np.float64(113.3386377739623))","(213.4626612114623, 250.59572399294342, -102.60052708119983)",106.29320721771147,-165.7634831973655,396.02046922260064,0.3116024924203778,0.16815828609835287,49.487337215104645,294.29020932195016,207.4825293850063,203.24615617521528,98.0612053770501,207.56926554767207,262762.625,91.70156271963435,0.4887586602611261,40591.21521291298,0.1544786486012346,262673.0,12.483086270398315,184.8715092835736,4182382238.3861904,3.3761846682889076,109.29122830088475,2.4379475044404284,396.02046922260064,57.77350519881741,106.29320721771147,120.32219641326454,-165.7634831973655,561.7839524199661,44.13105062582674,126.18395739441377,-0.4756845935351109,4182382238.3861904,0.10987551562925951,4624.145203087879,146.57444818050809,1241.0923211173492,-50.520830076005616,23.16217043825892,4.6519124568194705,0.6651508996726617,1.5652711860513118,2.324898892038222,2.172247342264928,0.5223166251745561,0.46699018130543407,0.9915465242457702,0.9394383147495649,-0.13638682067550661,0.7620184979812488,0.4352393391292961,11.914134552878293,0.020304443465994818,6.191948394669779,0.6913157074751377,0.05585684283994429,23.82826910575659,4.164583494669552,6.953520723769599,21489.039175373386,0.10434889842038197,7.761251308019273,143.09199112503572,2.0250614299778174,302.42487287205273,0.017573486310103408,0.009482747469161121,4.364834975389894,135366.0401485687,0.656483302391604,0.7839762161142736,0.39375684252357546,0.8375825550682175,118.11931476307866,0.008175804730413702,1643.897108622037,0.08564194366356015,13.13131955585866,108.8774680906486,139150.44256316748,24771056.11346705,842.5794395753954,0.016741828112438135,6560.156551185204,0.34176382136937766,0.6053310146619464,65.57839480606842,0.010820328945030419,6.029993674272323,0.0730756491911997,138963.17841667356,66.10199865154392,4.0876266881097875e-05,244.15878782034395,0.029903202889386752,0.00892538437541472,case_00299
