diagnostics_Versions_PyRadiomics,diagnostics_Versions_Numpy,diagnostics_Versions_SimpleITK,diagnostics_Versions_PyWavelet,diagnostics_Versions_Python,diagnostics_Configuration_Settings,diagnostics_Configuration_EnabledImageTypes,diagnostics_Image-original_Hash,diagnostics_Image-original_Dimensionality,diagnostics_Image-original_Spacing,diagnostics_Image-original_Size,diagnostics_Image-original_Mean,diagnostics_Image-original_Minimum,diagnostics_Image-original_Maximum,diagnostics_Mask-original_Hash,diagnostics_Mask-original_Spacing,diagnostics_Mask-original_Size,diagnostics_Mask-original_BoundingBox,diagnostics_Mask-original_VoxelNum,diagnostics_Mask-original_VolumeNum,diagnostics_Mask-original_CenterOfMassIndex,diagnostics_Mask-original_CenterOfMass,diagnostics_Image-interpolated_Spacing,diagnostics_Image-interpolated_Size,diagnostics_Image-interpolated_Mean,diagnostics_Image-interpolated_Minimum,diagnostics_Image-interpolated_Maximum,diagnostics_Mask-interpolated_Spacing,diagnostics_Mask-interpolated_Size,diagnostics_Mask-interpolated_BoundingBox,diagnostics_Mask-interpolated_VoxelNum,diagnostics_Mask-interpolated_VolumeNum,diagnostics_Mask-interpolated_CenterOfMassIndex,diagnostics_Mask-interpolated_CenterOfMass,diagnostics_Mask-interpolated_Mean,diagnostics_Mask-interpolated_Minimum,diagnostics_Mask-interpolated_Maximum,original_shape_Elongation,original_shape_Flatness,original_shape_LeastAxisLength,original_shape_MajorAxisLength,original_shape_Maximum2DDiameterColumn,original_shape_Maximum2DDiameterRow,original_shape_Maximum2DDiameterSlice,original_shape_Maximum3DDiameter,original_shape_MeshVolume,original_shape_MinorAxisLength,original_shape_Sphericity,original_shape_SurfaceArea,original_shape_SurfaceVolumeRatio,original_shape_VoxelVolume,original_firstorder_10Percentile,original_firstorder_90Percentile,original_firstorder_Energy,original_firstorder_Entropy,original_firstorder_InterquartileRange,original_firstorder_Kurtosis,original_firstorder_Maximum,original_firstorder_MeanAbsoluteDeviation,original_firstorder_Mean,original_firstorder_Median,original_firstorder_Minimum,original_firstorder_Range,original_firstorder_RobustMeanAbsoluteDeviation,original_firstorder_RootMeanSquared,original_firstorder_Skewness,original_firstorder_TotalEnergy,original_firstorder_Uniformity,original_firstorder_Variance,original_glcm_Autocorrelation,original_glcm_ClusterProminence,original_glcm_ClusterShade,original_glcm_ClusterTendency,original_glcm_Contrast,original_glcm_Correlation,original_glcm_DifferenceAverage,original_glcm_DifferenceEntropy,original_glcm_DifferenceVariance,original_glcm_Id,original_glcm_Idm,original_glcm_Idmn,original_glcm_Idn,original_glcm_Imc1,original_glcm_Imc2,original_glcm_InverseVariance,original_glcm_JointAverage,original_glcm_JointEnergy,original_glcm_JointEntropy,original_glcm_MCC,original_glcm_MaximumProbability,original_glcm_SumAverage,original_glcm_SumEntropy,original_glcm_SumSquares,original_glrlm_GrayLevelNonUniformity,original_glrlm_GrayLevelNonUniformityNormalized,original_glrlm_GrayLevelVariance,original_glrlm_HighGrayLevelRunEmphasis,original_glrlm_LongRunEmphasis,original_glrlm_LongRunHighGrayLevelEmphasis,original_glrlm_LongRunLowGrayLevelEmphasis,original_glrlm_LowGrayLevelRunEmphasis,original_glrlm_RunEntropy,original_glrlm_RunLengthNonUniformity,original_glrlm_RunLengthNonUniformityNormalized,original_glrlm_RunPercentage,original_glrlm_RunVariance,original_glrlm_ShortRunEmphasis,original_glrlm_ShortRunHighGrayLevelEmphasis,original_glrlm_ShortRunLowGrayLevelEmphasis,original_glszm_GrayLevelNonUniformity,original_glszm_GrayLevelNonUniformityNormalized,original_glszm_GrayLevelVariance,original_glszm_HighGrayLevelZoneEmphasis,original_glszm_LargeAreaEmphasis,original_glszm_LargeAreaHighGrayLevelEmphasis,original_glszm_LargeAreaLowGrayLevelEmphasis,original_glszm_LowGrayLevelZoneEmphasis,original_glszm_SizeZoneNonUniformity,original_glszm_SizeZoneNonUniformityNormalized,original_glszm_SmallAreaEmphasis,original_glszm_SmallAreaHighGrayLevelEmphasis,original_glszm_SmallAreaLowGrayLevelEmphasis,original_glszm_ZoneEntropy,original_glszm_ZonePercentage,original_glszm_ZoneVariance,original_ngtdm_Busyness,original_ngtdm_Coarseness,original_ngtdm_Complexity,original_ngtdm_Contrast,original_ngtdm_Strength,case_id
3.1.1.dev111+g8ed579383,2.0.2,2.5.5,1.8.0,3.12.13,"{'minimumROIDimensions': 2, 'minimumROISize': 50, 'normalize': False, 'normalizeScale': 1, 'removeOutliers': 3, 'resampledPixelSpacing': [1, 1, 1], 'interpolator': 'sitkBSpline', 'preCrop': False, 'padDistance': 10, 'distances': [1], 'force2D': False, 'force2Ddimension': 0, 'resegmentRange': None, 'label': 1, 'additionalInfo': True, 'binWidth': 25}",{'Original': {}},dba15cf9ef674ba380a149b516128b31963911b7,3D,"(5.0, 0.810546875, 0.810546875)","(119, 512, 512)",-550.8068507539124,-1024.0,3071.0,60776eb754381c08a3c443c8884e898db1db7a98,"(5.0, 0.810546875, 0.810546875)","(119, 512, 512)","(43, 302, 154, 22, 100, 216)",74085,9,"(np.float64(53.23764594722279), np.float64(358.302017952352), np.float64(262.35947897685094))","(212.6546558113147, 290.4205809574728, -266.18822973611395)","(1.0, 1.0, 1.0)","(132, 103, 197)",29.032756795368666,-1008.2352203334456,1293.0166981530397,"(1.0, 1.0, 1.0)","(132, 103, 197)","(13, 11, 11, 110, 81, 175)",243415,8,"(np.float64(66.20760840539819), np.float64(56.309697430314486), np.float64(98.56927469547891))","(212.6640012579789, 290.4044239928145, -266.2076084053982)",79.02773127045405,-110.84505090167274,193.74777063613985,0.37188884617822,0.21138978834552788,51.38352660117141,243.07478144205479,175.64737401965337,175.72990639046048,98.48857801796105,175.78964702166053,243323.41666666666,90.39680000550875,0.4093395144380954,46045.76843847755,0.1892368974152476,243415.0,-5.795458804235491,138.3392918372347,2225325009.0667133,3.0057993872494237,74.9007381491121,2.7169576772611186,193.74777063613985,43.93827137682657,79.02773127045405,92.26426162862178,-110.84505090167274,304.5928215378126,31.570526533135514,95.61434531532984,-0.7291543933627704,2225325009.0667133,0.1460322672460485,2896.7207203240328,81.96526261103274,635.2451792644534,-44.261252837479546,14.769086625753733,1.6805150676228826,0.7938397342920159,0.8975521832444027,1.7142323067078284,0.8449678199182791,0.6499252328115139,0.6240356737985299,0.9904998716389818,0.9393426403976954,-0.251841342551095,0.8612297835324607,0.4745961098503654,8.870772377922798,0.04586392693680341,5.09988795471025,0.8043363905230054,0.10697528869511266,17.74154475584559,3.81158506602159,4.112400423344155,20579.472115814784,0.1302648633482855,5.169591308940584,74.98899297293231,3.949143837053636,342.84288839198837,0.06087127769553498,0.02053067990043768,4.500458894721142,81842.83201476114,0.5104720838185963,0.6480398306785341,1.3800869232069615,0.7388658299338454,52.77546061741917,0.016441272699557922,496.0762994754411,0.11828237946481666,10.205783451118602,46.618979494515976,938274.2434430139,86657784.69384836,11058.21606312013,0.06150760920979148,639.3090128755365,0.15243419477242168,0.3608582344822464,14.025189622272446,0.028422624046088744,6.690893648599124,0.017229833822895054,934905.7335872669,135.95734823801095,5.5807279554714145e-05,42.616272049559726,0.0352871647067477,0.003933906363943179,case_00400
3.1.1.dev111+g8ed579383,2.0.2,2.5.5,1.8.0,3.12.13,"{'minimumROIDimensions': 2, 'minimumROISize': 50, 'normalize': False, 'normalizeScale': 1, 'removeOutliers': 3, 'resampledPixelSpacing': [1, 1, 1], 'interpolator': 'sitkBSpline', 'preCrop': False, 'padDistance': 10, 'distances': [1], 'force2D': False, 'force2Ddimension': 0, 'resegmentRange': None, 'label': 1, 'additionalInfo': True, 'binWidth': 25}",{'Original': {}},a97d045861f90e8d8623bddcf6d6b7068ae38b13,3D,"(5.0, 0.9765625, 0.9765625)","(144, 512, 512)",-453.2652522193061,-1024.0,2138.0,9940fbd99af2d04026023418cf60c73cb16d63d3,"(5.0, 0.9765625, 0.9765625)","(144, 512, 512)","(64, 230, 121, 29, 118, 283)",135775,6,"(np.float64(77.80589946602835), np.float64(286.7689633584975), np.float64(258.6914306757503))","(252.62835026928744, 280.0478157797827, -389.02949733014174)","(1.0, 1.0, 1.0)","(167, 137, 299)",-14.724975396968281,-974.0390255101227,1239.788546751202,"(1.0, 1.0, 1.0)","(167, 137, 299)","(13, 11, 11, 145, 115, 277)",648225,6,"(np.float64(84.12364533919549), np.float64(65.91203671564658), np.float64(145.87417177677503))","(252.88589052677503, 279.9237554656466, -389.1236453391955)",34.96863493959288,-126.37891442497762,152.28650130301102,0.3413381532781793,0.1695372268832553,66.95557077279713,394.93137881099875,275.049086528205,277.5211703636319,148.66068747318505,278.2247293106779,648157.4166666666,134.8051475149514,0.33052138832187705,109581.74689536882,0.16906656327242853,648225.0,-12.397844715511546,75.29015162932939,1548217796.8554313,2.4940394292078274,44.34459069105414,3.182741647573142,152.28650130301102,27.011764919077237,34.96863493959288,38.8517815418753,-126.37891442497762,278.66541572798866,18.59357339866088,48.87121536331857,-0.515985766708294,1548217796.8554313,0.2096913185035184,1165.590261549347,65.19447222997792,102.73355219978703,-6.548579059483277,5.654222704539169,1.3043678169204265,0.6230850870163529,0.8104944352964212,1.572029902764594,0.6212575768731778,0.6642889308346529,0.6426476439159917,0.9925067613667837,0.9443557282087447,-0.16686626325534779,0.7086501637260809,0.4886135437630782,8.00664484932578,0.0680819315566085,4.434204055511141,0.6347818918993303,0.13378809602555425,16.01328969865156,3.248980951162487,1.7396476303648996,78287.8495874158,0.19024662541187165,2.254987815465091,62.76640568385108,4.446568682161369,295.19003971374025,0.0749708756384598,0.01914685731197163,4.075085053305475,204648.66562876137,0.4856823205344105,0.633441142528265,1.5549447188854733,0.715647213637508,44.02720509313842,0.01430402907707842,1535.387457370216,0.14545163483992193,7.01334217470734,48.94988632057598,3879660.771978022,261235230.52084124,60127.486418027744,0.03827226359105788,1548.525956801819,0.14669628237986157,0.3503529339800718,13.807446139084075,0.016733329326962497,6.487177812049827,0.016284469127232058,3875889.8044760847,480.6961219006186,1.4813771262361077e-05,45.18389694277212,0.014592087693112626,0.001151034894466118,case_00401
3.1.1.dev111+g8ed579383,2.0.2,2.5.5,1.8.0,3.12.13,"{'minimumROIDimensions': 2, 'minimumROISize': 50, 'normalize': False, 'normalizeScale': 1, 'removeOutliers': 3, 'resampledPixelSpacing': [1, 1, 1], 'interpolator': 'sitkBSpline', 'preCrop': False, 'padDistance': 10, 'distances': [1], 'force2D': False, 'force2Ddimension': 0, 'resegmentRange': None, 'label': 1, 'additionalInfo': True, 'binWidth': 25}",{'Original': {}},b4c02732d742ea7d42584783bf39fcc3acc0714b,3D,"(5.0, 0.82421875, 0.82421875)","(49, 512, 512)",-581.1490659908372,-1024.0,1636.0,430b76d31c595f0fc5903ce9caacadcb64d66df2,"(5.0, 0.82421875, 0.82421875)","(49, 512, 512)","(21, 215, 134, 21, 87, 240)",72325,2,"(np.float64(29.41370203940546), np.float64(256.90870376771517), np.float64(246.2342205323194))","(202.95086145437264, 211.74897068354647, -147.0685101970273)","(1.0, 1.0, 1.0)","(127, 94, 219)",22.975640102022247,-1073.948470444545,1630.0651687464213,"(1.0, 1.0, 1.0)","(127, 94, 219)","(13, 11, 10, 105, 72, 198)",245100,2,"(np.float64(57.06680946552427), np.float64(45.65448796409629), np.float64(102.84514483884129))","(202.9330354638413, 211.7423785890963, -147.06680946552427)",168.36808890363417,-175.01506882493885,398.5153134463638,0.35384039650407223,0.1528005874985783,41.89007664570221,274.14866219733585,196.2065238466856,197.29419656948858,111.80339887498948,199.40160480798542,245093.41666666666,97.00487133296629,0.43216441152500534,43825.09723901359,0.17880976908742044,245100.0,16.950322113301716,295.9575976543648,9692239322.472866,4.000516435994609,170.43167093037857,2.2612122487599304,398.5153134463638,89.67922710563813,168.36808890363417,181.53149684151253,-175.01506882493885,573.5303822713026,68.71177916981476,198.8567828451638,-0.42015380927302953,9692239322.472866,0.06867592800946698,11196.206722466562,256.44175656143,7878.472676913975,-186.38499970885562,59.062147286496696,5.790373435308141,0.820185529166266,1.652047286323677,2.3933889911766744,2.961006536562174,0.5236357922721063,0.4693077627284751,0.9905555838932506,0.9394571297044739,-0.233217000298979,0.9033202722285343,0.4263063564421979,15.592194975475989,0.01213373105802035,6.942477054368654,0.8308663778127569,0.03642675010715673,31.184389950951974,4.854395191222402,16.213130180451206,12731.054833618184,0.06675116724963424,18.121149742528228,242.24560034224805,2.1681653978878597,570.6976630523784,0.012353190377314657,0.0065164155820973185,4.973886900688084,126859.96005251101,0.6624394651581172,0.7783880990490537,0.4971558351775838,0.840489750908658,198.59435937562515,0.00568922994117848,1008.7641096233262,0.06311876546260332,19.720982328996982,156.18758603428859,87106.99048930046,27401545.91359029,310.16700730660796,0.012424301068959118,4444.5473657865095,0.2780970695649174,0.5393908916738935,82.75136406707762,0.006692468057860537,6.756894269931547,0.06520603835169318,86871.79750118082,32.55980405319478,7.750996349720549e-05,213.82161534718497,0.0581661550388879,0.01610887275219745,case_00402
3.1.1.dev111+g8ed579383,2.0.2,2.5.5,1.8.0,3.12.13,"{'minimumROIDimensions': 2, 'minimumROISize': 50, 'normalize': False, 'normalizeScale': 1, 'removeOutliers': 3, 'resampledPixelSpacing': [1, 1, 1], 'interpolator': 'sitkBSpline', 'preCrop': False, 'padDistance': 10, 'distances': [1], 'force2D': False, 'force2Ddimension': 0, 'resegmentRange': None, 'label': 1, 'additionalInfo': True, 'binWidth': 25}",{'Original': {}},b44c6ffb400e6a296458a316f29be30baa71f513,3D,"(5.0, 0.9765625, 0.9765625)","(59, 512, 512)",-501.16464323916676,-1024.0,2772.0,beba5621c9b7cbeb40f002e4395a03b104e3da67,"(5.0, 0.9765625, 0.9765625)","(59, 512, 512)","(29, 185, 140, 23, 104, 250)",77417,4,"(np.float64(40.468114238474755), np.float64(227.85583269824457), np.float64(273.8027694175698))","(267.3855170093455, 222.51546161937947, -202.34057119237377)","(1.0, 1.0, 1.0)","(137, 123, 266)",-7.335920950222846,-1016.5247847804677,1205.2088722556832,"(1.0, 1.0, 1.0)","(137, 123, 266)","(13, 11, 11, 115, 101, 244)",368715,4,"(np.float64(72.3071342364699), np.float64(52.336031894552704), np.float64(141.40555713762663))","(267.4172758876266, 222.34775064455272, -202.3071342364699)",80.1267881261144,-122.27757496709938,213.39701735649146,0.2697587559769534,0.21100670391874066,73.6981803449234,349.2693785373985,242.7447218787671,244.3460660620506,122.42957159118053,244.37880431821415,368792.8333333333,94.21847305509226,0.4030135149554234,61709.61393747614,0.16732866899748,368715.0,3.4653873451989234,143.9621676625634,3437491940.729936,3.0891459511531463,77.2612583587214,2.7804042662180724,213.39701735649146,44.11937654008859,80.1267881261144,86.41405756599586,-122.27757496709938,335.67459232359084,32.01154220685129,96.55514966996624,-0.5536774070061802,3437491940.729936,0.13363198317994437,2902.5947523823493,82.17083947857307,621.1140203288348,-29.283271693501067,15.023562337897314,1.7827323322407158,0.786316952714809,0.9110568535575168,1.736100131221359,0.9244256858295353,0.6483240659172615,0.6225055274360152,0.9913456343094211,0.9425768453253547,-0.2570328126120664,0.8737863538483441,0.4763396425153801,8.88025207448296,0.038502009973165364,5.250893567263936,0.7974336550167754,0.08159424697747725,17.76050414896592,3.916970927671628,4.201573667534506,29907.539117374636,0.1252466779043817,5.157188494260548,77.05106821361935,3.7393918969908615,317.83957317325246,0.059324480234481294,0.020141513841357223,4.572280600638125,122276.75973380872,0.5052322996579113,0.6476498942794049,1.2258964894839908,0.7354798368778879,54.50058610996803,0.016058253926825965,698.0553675792064,0.10736009959692501,9.72184674786198,46.6991694863119,1274494.5138418947,113919635.1704091,15790.969330905344,0.06385661845540914,1041.5053829590895,0.16018231051354806,0.38406745942553877,15.919646550905227,0.02932555973486393,6.859382227852691,0.017634216128988515,1271278.723834282,173.9991315700424,4.088137065685618e-05,47.6193092482092,0.029955015750696475,0.002952508009907965,case_00403
3.1.1.dev111+g8ed579383,2.0.2,2.5.5,1.8.0,3.12.13,"{'minimumROIDimensions': 2, 'minimumROISize': 50, 'normalize': False, 'normalizeScale': 1, 'removeOutliers': 3, 'resampledPixelSpacing': [1, 1, 1], 'interpolator': 'sitkBSpline', 'preCrop': False, 'padDistance': 10, 'distances': [1], 'force2D': False, 'force2Ddimension': 0, 'resegmentRange': None, 'label': 1, 'additionalInfo': True, 'binWidth': 25}",{'Original': {}},da2eee6d2b2d48d13f574bdda0714b0f5d2e4c4d,3D,"(5.0, 0.8984379768371582, 0.8984379768371582)","(137, 512, 512)",-802.3695845499526,-2048.0,1932.0,9ca77e9391fce27276afbada8c704b8e6e87b432,"(5.0, 0.8984379768371582, 0.8984379768371582)","(137, 512, 512)","(57, 252, 107, 27, 104, 280)",122392,3,"(np.float64(70.1991470030721), np.float64(301.9038254134257), np.float64(307.039978103144))","(275.85637673511405, 271.2418621038368, -350.9957350153605)","(1.0, 1.0, 1.0)","(157, 116, 274)",13.688939839898502,-993.9256509066646,1201.4805799689966,"(1.0, 1.0, 1.0)","(157, 116, 274)","(13, 11, 11, 135, 94, 252)",494505,3,"(np.float64(81.0249643582977), np.float64(56.15999838222061), np.float64(190.75183264072152))","(275.8026136523029, 271.210779393802, -351.02496435829767)",65.78915174719164,-103.46940544585028,177.73909648922435,0.45315904507526494,0.22052334670115867,62.66520854724072,284.16586944039636,250.15395259719563,254.2833065696606,148.97650821522163,260.6568625607237,494620.9583333333,128.77233403859242,0.40669294814780693,74370.23586308907,0.1503580360073819,494505.0,-4.024732063510495,117.71971237174807,3180144789.531509,2.823089554581454,64.8404192697686,2.718792761491945,177.73909648922435,37.56032514759831,65.78915174719164,74.6454669743857,-103.46940544585028,281.20850193507465,27.249860511221957,80.19330330046719,-0.6627354560356769,3180144789.531509,0.16251650595709582,2102.753406625712,70.79401900067153,348.39106483723623,-25.274398562855147,11.194626864458643,1.2864833417977446,0.7925911711621052,0.785398222629304,1.5681652032325428,0.6416094612354584,0.6759574541955599,0.6555954473168749,0.9926264158025973,0.9461654814749577,-0.26786629174544896,0.8615499038854354,0.47461172277946323,8.265348098588179,0.054165908748099935,4.777564712304732,0.8036926108591784,0.11795431504488865,16.530696197176358,3.6410234188652577,3.1202775515640964,44616.083079706215,0.14745602937402705,3.799693451818581,66.17992191406447,4.844044680771353,361.4779029805385,0.0815320348623864,0.021049217044816163,4.45920312255454,145156.10302932703,0.4676043828295023,0.6113112335334557,1.7796263342286642,0.7016799954622089,44.654208268,0.015816964217281074,671.0421749017986,0.1387310677903243,9.534870775283332,45.82571842050858,5824211.5507546,465139656.4612363,78970.22363990919,0.05776481162918416,579.0574736406863,0.11971417689491139,0.3042177238584161,10.915234294129336,0.02308548139250437,6.897318950754075,0.00978149867038756,5813759.796267648,284.954983612629,2.6589404129953273e-05,39.621389600304646,0.023438147968117773,0.0018598231420858548,case_00404
3.1.1.dev111+g8ed579383,2.0.2,2.5.5,1.8.0,3.12.13,"{'minimumROIDimensions': 2, 'minimumROISize': 50, 'normalize': False, 'normalizeScale': 1, 'removeOutliers': 3, 'resampledPixelSpacing': [1, 1, 1], 'interpolator': 'sitkBSpline', 'preCrop': False, 'padDistance': 10, 'distances': [1], 'force2D': False, 'force2Ddimension': 0, 'resegmentRange': None, 'label': 1, 'additionalInfo': True, 'binWidth': 25}",{'Original': {}},3ace894e2fefa549b4eeaae4406cbc656e17d5df,3D,"(2.0, 0.775390625, 0.775390625)","(97, 512, 512)",-255.76054685140394,-1024.0,1188.0,220cf787d01951593c5dd27fa45090f63850a804,"(2.0, 0.775390625, 0.775390625)","(97, 512, 512)","(19, 174, 139, 66, 143, 283)",355739,3,"(np.float64(54.68822929169981), np.float64(252.41104292753957), np.float64(283.9026786492344))","(220.13547543700403, 195.71715633248672, -109.37645858339963)","(1.0, 1.0, 1.0)","(153, 133, 241)",-1.333019845833782,-968.0990063802519,1148.3885907752958,"(1.0, 1.0, 1.0)","(153, 133, 241)","(11, 11, 11, 132, 111, 219)",427640,2,"(np.float64(82.90179590309606), np.float64(71.58840613600225), np.float64(123.00870825928351))","(220.1210129467835, 195.70071082350225, -109.40179590309606)",86.14944747875332,-162.14563353997673,316.8624553634075,0.3854250010170534,0.18621735796223512,55.90274162914877,300.2015614488841,219.92044015961773,216.18741869035765,125.39936203984452,224.7776679298902,427712.4166666667,115.70518712675717,0.43242663500247774,63485.26359109576,0.14842978860857423,427640.0,5.495633499127379,153.88896186415687,4606011247.375027,3.2217280024281765,79.6570681682853,2.990449863065861,316.8624553634075,46.63134973191563,86.14944747875332,94.2872348685129,-162.14563353997673,479.0080889033842,32.9750174542289,103.78231085512262,-0.5197261196713657,4606011247.375027,0.12501450880619144,3349.0407455348263,126.0527161524958,674.6965484292288,-32.310813407333434,15.243687994860531,4.416304901634625,0.5492810752611426,1.5950270627686851,2.2911523081888876,1.8200830412361688,0.5067249368758941,0.4461145336163304,0.9893760228837715,0.9296421947127986,-0.09575537786846061,0.6435995177536198,0.4272938843195637,11.106077071430096,0.02222957222813548,6.009420161115309,0.5788659685431026,0.050208229540636196,22.212154142860193,3.9399774067669426,4.914998224123789,40829.219560732876,0.11904834900361773,5.840466684784205,123.94563810941334,1.9299928585595458,245.63552327605032,0.01875293969350902,0.010569487598389625,4.152121489631045,234308.07901719707,0.6804795288416676,0.801923076923077,0.35750341556356374,0.8507782889492291,104.55365657653928,0.009228868169457323,2597.7549335013764,0.08615816833608757,14.420173048681404,105.56880368810322,304311.7938376837,42118233.84925873,2321.9779187824174,0.019288305660591653,9840.53931876223,0.3263752220079676,0.5887869975103964,61.727020871929774,0.012473486757749782,6.086151237368625,0.07050556542886541,304110.62847694993,167.77327436834176,2.0304727665640106e-05,197.61856788958826,0.03174311017405259,0.003281777720619665,case_00405
3.1.1.dev111+g8ed579383,2.0.2,2.5.5,1.8.0,3.12.13,"{'minimumROIDimensions': 2, 'minimumROISize': 50, 'normalize': False, 'normalizeScale': 1, 'removeOutliers': 3, 'resampledPixelSpacing': [1, 1, 1], 'interpolator': 'sitkBSpline', 'preCrop': False, 'padDistance': 10, 'distances': [1], 'force2D': False, 'force2Ddimension': 0, 'resegmentRange': None, 'label': 1, 'additionalInfo': True, 'binWidth': 25}",{'Original': {}},e1653eb67845db2b1df6f2d1c9809a3ba28d780a,3D,"(5.0, 0.951171875, 0.951171875)","(91, 512, 512)",-567.162109542679,-1024.0,2961.0,a92396eaf269ca46e0ded25a5e789e3e26ce51da,"(5.0, 0.951171875, 0.951171875)","(91, 512, 512)","(24, 219, 167, 26, 104, 199)",79782,3,"(np.float64(37.101940287282844), np.float64(276.66779474066834), np.float64(269.14035747411697))","(255.9987384568261, 263.15862507559666, -185.50970143641422)","(1.0, 1.0, 1.0)","(152, 121, 211)",30.193767282555886,-1024.321521820055,1120.702832763125,"(1.0, 1.0, 1.0)","(152, 121, 211)","(13, 11, 11, 130, 99, 189)",360755,3,"(np.float64(80.46409613172375), np.float64(66.14958905628474), np.float64(108.06060900056825))","(256.08502306306826, 263.17400311878475, -185.46409613172375)",104.73777144310252,-120.60628549572631,198.24966682285608,0.3736645492855579,0.20356183362977465,54.58848101112904,268.1665813170612,195.757503049053,182.01373574541017,114.58621208504974,200.30227157973022,360791.875,100.20434474128858,0.4945753680954827,49555.227478132954,0.1373512845269394,360755.0,5.299855214762838,160.03886600337344,5286817282.223992,2.881748045516234,82.65014129942797,3.0754789975354675,198.24966682285608,50.23283413839027,104.73777144310252,131.22280783839165,-120.60628549572631,318.8559523185824,36.33355011526425,121.05729653642936,-1.0745353460765545,5286817282.223992,0.17651559487134239,3684.868277841412,102.17659452418546,1213.90288965189,-95.07638405376363,19.514239752124098,1.5888825900108423,0.8482195913910762,0.7789024093996394,1.6549764946968606,0.9611503521839619,0.7000092490876698,0.6805624011638032,0.9912133753826204,0.9477898488333114,-0.3105423964613615,0.8983630332252299,0.42421446884312947,9.883987352362748,0.07755694539616036,4.712364137389949,0.8652462623019748,0.1679157935182696,19.767974704725493,3.6538614162807264,5.275780585533737,27053.297746815697,0.13329569037178493,6.674648014846282,88.8691680215488,6.1595839680099225,705.8312504963885,0.07317633430869731,0.019211375400662256,4.74136837925158,93009.23321845187,0.45537931249810176,0.5605457784582122,2.8148952728265204,0.7003361522610224,56.854234378486986,0.015276023740284096,601.2270634077223,0.10648725883948322,9.221456066125517,49.46953595465816,1974239.773467942,244835424.8413036,17000.29871283271,0.0549802856692609,932.712008501594,0.16519872626666562,0.38892084429574036,17.868411567147817,0.022913563144609534,6.740340890020612,0.015650510734431956,1970157.1157553229,165.39032859147326,3.6899737328785694e-05,40.46344633935145,0.03918290506302046,0.003854998248684062,case_00406
3.1.1.dev111+g8ed579383,2.0.2,2.5.5,1.8.0,3.12.13,"{'minimumROIDimensions': 2, 'minimumROISize': 50, 'normalize': False, 'normalizeScale': 1, 'removeOutliers': 3, 'resampledPixelSpacing': [1, 1, 1], 'interpolator': 'sitkBSpline', 'preCrop': False, 'padDistance': 10, 'distances': [1], 'force2D': False, 'force2Ddimension': 0, 'resegmentRange': None, 'label': 1, 'additionalInfo': True, 'binWidth': 25}",{'Original': {}},ce92e267b3fb04ec8086154d108c563bf5a8f22e,3D,"(5.0, 0.771484375, 0.771484375)","(95, 512, 512)",-449.1885826913934,-1024.0,1385.0,a1e7e7f968ef7d8881cf156bee523cba4e788493,"(5.0, 0.771484375, 0.771484375)","(95, 512, 512)","(30, 239, 106, 22, 121, 311)",108835,7,"(np.float64(41.124665778472), np.float64(307.1697431892314), np.float64(258.6295952588781))","(199.52869165479854, 236.9766573432547, -205.62332889236)","(1.0, 1.0, 1.0)","(132, 116, 262)",-14.317126175497599,-1055.3387674828907,1178.278872474162,"(1.0, 1.0, 1.0)","(132, 116, 262)","(13, 11, 11, 110, 94, 240)",323890,7,"(np.float64(70.6352465343172), np.float64(63.84689246349069), np.float64(128.40493686128008))","(199.51919467378008, 236.9611502759907, -205.63524653431722)",104.67243436379722,-129.98070006798983,258.2483488187064,0.2562005029346195,0.1618859557623962,58.25612624696547,359.8590499874452,240.2019983264086,235.54405108174564,111.0,241.79950372157506,324011.9166666667,92.19606959235783,0.42444646679109393,53748.7692164353,0.16588516178474494,323890.0,6.363189450652594,183.64703944094637,5041257197.091041,3.375394646960816,102.26748637256344,2.5753804508351075,258.2483488187064,56.61200199888888,104.67243436379722,115.06576271231307,-129.98070006798983,388.2290488866962,42.147783312198264,124.75864744396448,-0.5629069399149055,5041257197.091041,0.10889982140281354,4608.4015964039945,124.53511836370028,1434.2957118886645,-62.673564407414965,23.62102870374323,2.734016247963058,0.7909310221945335,1.17813785711768,1.9854299336268197,1.3018041309901898,0.5869377537900589,0.5473118223634285,0.9909449158841722,0.938704835444936,-0.229353791680672,0.8677473300758354,0.47054405914705516,10.922916831862372,0.02582312067958672,5.832834114490672,0.8026347864917519,0.06591047336653588,21.845833663724747,4.1903613275680085,6.588761237926575,23974.157926350195,0.10266916138493255,7.871933215835049,117.20371124694519,2.75529998630928,354.23834815686564,0.029654772462019828,0.012991298328114577,4.58278322568213,138226.71065121234,0.58714151335855,0.7210612814892046,0.7687007553754219,0.7935354671246608,90.230739756153,0.01090804619698669,929.1225142400319,0.09284725834316299,12.630080099121981,71.39202558209253,482032.12851004297,69098296.92235436,3705.223878843895,0.03296149097219699,1852.8201259118616,0.18515240590705123,0.4225198336249815,27.06032929049083,0.01598027958388877,6.835493108424882,0.03089629195097101,480984.5483146309,104.67045699797579,4.4987535702596914e-05,89.90336109376344,0.03980534335299338,0.004959825614477099,case_00407
3.1.1.dev111+g8ed579383,2.0.2,2.5.5,1.8.0,3.12.13,"{'minimumROIDimensions': 2, 'minimumROISize': 50, 'normalize': False, 'normalizeScale': 1, 'removeOutliers': 3, 'resampledPixelSpacing': [1, 1, 1], 'interpolator': 'sitkBSpline', 'preCrop': False, 'padDistance': 10, 'distances': [1], 'force2D': False, 'force2Ddimension': 0, 'resegmentRange': None, 'label': 1, 'additionalInfo': True, 'binWidth': 25}",{'Original': {}},2e41df51593b3002e9dd5737be0bd295e5df7209,3D,"(5.0, 0.83203125, 0.83203125)","(93, 512, 512)",-514.5561347059024,-1024.0,1533.0,0d3c28d4474fd2fff2a546d649fdf1b235a19d86,"(5.0, 0.83203125, 0.83203125)","(93, 512, 512)","(22, 145, 92, 27, 190, 320)",159200,11,"(np.float64(36.68123743718593), np.float64(247.47000628140702), np.float64(305.5891457286432))","(254.25971890703516, 205.90277866382695, -183.40618718592964)","(1.0, 1.0, 1.0)","(157, 180, 288)",17.614747629360462,-1065.8473470758322,1475.2172377784525,"(1.0, 1.0, 1.0)","(157, 180, 288)","(13, 11, 11, 135, 158, 266)",550890,11,"(np.float64(88.43171958104159), np.float64(95.70932491059921), np.float64(187.94720361596688))","(254.03118799096688, 205.7933092855992, -183.4317195810416)",98.98688001286882,-110.28146773774412,201.8533122581864,0.352836960463467,0.1812301711637901,59.20179435026937,326.66632697027393,260.10959228755866,265.03584663211126,144.25324953012324,272.6774651488458,550711.6666666666,115.25995389395653,0.43424024316837595,74823.30831468345,0.13586657563943041,550890.0,10.374292307064964,154.24849368662237,7009387414.043144,2.922024237672277,66.30281014633685,3.33476260608429,201.8533122581864,42.85856564739328,98.98688001286882,113.0408774339597,-110.28146773774412,312.13477999593056,29.4879007939939,112.79960731144241,-1.0275438976266702,7009387414.043144,0.15990716867899163,2925.348994933527,96.31026456664478,824.5606868749928,-62.95250433250466,15.27354606492094,1.2724275096029936,0.8448004051696004,0.7318739001855993,1.5547099937243667,0.7174280322192275,0.7003183360298363,0.6834702002343142,0.9937604666908809,0.9532850565613895,-0.31580203677124036,0.9036406625492265,0.45175306757703243,9.633700550175943,0.060625357546513096,4.775531490859178,0.8543580581899074,0.14728022339072896,19.26740110035189,3.7307992500267035,4.136493393630985,42752.543878832446,0.13567790017292325,5.5232891425091815,87.57011948582368,5.5883155549306105,571.2195488044273,0.06961518854167768,0.01739974878348364,4.738420124696246,138905.29213326884,0.43533770781372894,0.5699676188321835,2.24885168936325,0.6820594893219322,55.91624849734228,0.013246346207933577,711.753761574074,0.10297363448698989,10.35605948909974,53.39019097222222,4235822.065104167,484724697.79383683,39138.102170154074,0.05090237341688626,998.6707175925926,0.1444836107628172,0.35724713315345685,16.144839562227098,0.02229396757559234,6.971300445503329,0.012546969449436366,4229469.892083062,216.12076048840106,2.686821158577184e-05,43.75686439000855,0.025502106767227094,0.0025927317889966536,case_00408
3.1.1.dev111+g8ed579383,2.0.2,2.5.5,1.8.0,3.12.13,"{'minimumROIDimensions': 2, 'minimumROISize': 50, 'normalize': False, 'normalizeScale': 1, 'removeOutliers': 3, 'resampledPixelSpacing': [1, 1, 1], 'interpolator': 'sitkBSpline', 'preCrop': False, 'padDistance': 10, 'distances': [1], 'force2D': False, 'force2Ddimension': 0, 'resegmentRange': None, 'label': 1, 'additionalInfo': True, 'binWidth': 25}",{'Original': {}},b20d00f800a3e767eede83bb8c89c3619c4776cf,3D,"(5.0, 0.95703125, 0.95703125)","(109, 512, 512)",-492.0782241821289,-1024.0,1337.0,140663119e821d0802b9e829a7a484960cc2c4ba,"(5.0, 0.95703125, 0.95703125)","(109, 512, 512)","(21, 242, 110, 32, 119, 291)",151552,34,"(np.float64(36.36353858741554), np.float64(312.82958324535474), np.float64(274.04787135768584))","(262.27237688528527, 299.3876870902809, -181.8176929370777)","(1.0, 1.0, 1.0)","(182, 136, 301)",5.472068150240126,-974.7092996673987,1172.1875016088138,"(1.0, 1.0, 1.0)","(182, 136, 301)","(13, 11, 11, 160, 113, 279)",694460,33,"(np.float64(91.76432047922127), np.float64(78.37459320911212), np.float64(168.24712006451057))","(262.26860443951057, 299.39607758411216, -181.76432047922128)",70.66034797621492,-154.38830798594782,234.44140855136894,0.4269070123247472,0.18138056724019483,63.25392474367797,348.73595174015196,275.6555822035897,279.30807363912703,172.19175357722565,280.09105662266336,694140.0416666666,148.87782324761548,0.3942561889209519,96162.04045536635,0.13853406327702442,694460.0,11.441630884519583,121.06657772894266,4823750202.041256,2.825427359231569,54.7206451903222,3.7193428701583313,234.44140855136894,34.33336674025548,70.66034797621492,76.48842572002201,-154.38830798594782,388.82971653731676,23.01440870331615,83.34293431082288,-0.7284025158355245,4823750202.041256,0.17030155635892383,1953.159923418359,110.79143228484999,303.6455762878329,-20.076570237136657,8.93560215829012,2.4202445554184124,0.5709324793840942,1.148478072649497,1.9097397406063945,1.0439308410856154,0.5857599698050904,0.5446305721131265,0.9918752909131183,0.9396930636403392,-0.12523433805302087,0.6488387765905972,0.46866080747024663,10.448053064394314,0.042599716682543066,5.157115505573741,0.6015582628284051,0.09182068919807398,20.896106128788624,3.5458375591334668,2.838961678427133,78895.81366267461,0.1570838774904964,3.619422523017766,108.1273985125552,3.1369730951459407,353.4135483830503,0.031423977977712556,0.01112925547316544,4.081013365049025,299517.2451533672,0.5840593224978686,0.7211834762593626,0.9389929332716949,0.7857520708303306,83.97535893620368,0.00901352628877698,2037.8626560726448,0.10057062903186323,10.841765935623108,88.71805754330553,1797941.7383408183,209336207.7041899,15899.435593584169,0.020591624805433563,3368.327937620293,0.1662304662498294,0.37975638311186044,29.89316906721016,0.009371556768817643,6.792489847538804,0.029178066411312386,1796767.1464908319,328.21991881356286,1.2331725528130277e-05,109.69802967336099,0.019359308143591998,0.001728487552741704,case_00409
3.1.1.dev111+g8ed579383,2.0.2,2.5.5,1.8.0,3.12.13,"{'minimumROIDimensions': 2, 'minimumROISize': 50, 'normalize': False, 'normalizeScale': 1, 'removeOutliers': 3, 'resampledPixelSpacing': [1, 1, 1], 'interpolator': 'sitkBSpline', 'preCrop': False, 'padDistance': 10, 'distances': [1], 'force2D': False, 'force2Ddimension': 0, 'resegmentRange': None, 'label': 1, 'additionalInfo': True, 'binWidth': 25}",{'Original': {}},12b0f1e1bb0eddd3724a4cf39eb8fbbe09df63c3,3D,"(5.0, 0.9765625, 0.9765625)","(89, 512, 512)",-574.3420268283801,-1024.0,1556.0,189a38b2ac5f05d6936160aae443532517d01ccd,"(5.0, 0.9765625, 0.9765625)","(89, 512, 512)","(18, 221, 127, 24, 87, 245)",107678,4,"(np.float64(29.364800609223796), np.float64(265.4170025446238), np.float64(257.51618715057856))","(251.48065151423688, 259.1962915474842, -146.82400304611897)","(1.0, 1.0, 1.0)","(142, 107, 261)",-1.822548164279841,-618.2385180613591,1077.1670055504924,"(1.0, 1.0, 1.0)","(142, 107, 261)","(13, 11, 11, 120, 85, 239)",511525,4,"(np.float64(71.75670788329016), np.float64(54.23906944919603), np.float64(138.46471824446508))","(251.47643699446508, 259.25078819919605, -146.75670788329018)",123.98837990233088,-126.0615596412746,245.800011981779,0.35521848858502236,0.17682933655322486,60.025123887855266,339.45229370799547,239.1693960355296,239.13385373049965,129.71121771072848,240.83396770389348,511405.6666666667,120.57973071767326,0.4233275991721387,73055.21640349325,0.14285179294094624,511525.0,15.961160226095709,182.40379701670753,9992509086.667597,2.9988521270878987,75.53031688788823,3.5983794275262118,245.800011981779,51.44243085623103,123.98837990233088,149.3033228169438,-126.0615596412746,371.8615716230536,34.479206563347994,139.76674268900146,-1.223844130176018,9992509086.667597,0.1691945314047207,4161.62401108882,141.65755561151866,1705.678825380418,-122.7592803121685,20.762776974742106,1.7863658539459715,0.8395308880521829,0.8723238736547663,1.7326957961010885,0.9953032722512228,0.6684426488843562,0.6448142475398894,0.993309039392108,0.9514170536553015,-0.28369262941592227,0.8849598152830933,0.45107114389170005,11.700860892243615,0.06664680259827123,4.959296044500793,0.8548060925026364,0.18355183999226302,23.401721784487236,3.7711817680110253,5.63728570717202,40081.95143073441,0.12766768232705555,7.930078304871467,126.83907973203667,4.806603555522217,732.5794574179895,0.0395713777512646,0.012030268090754203,4.703105637287799,152802.61133840648,0.4833396514763643,0.6098802600068424,1.9200237266086508,0.7207774209094707,84.97174908150701,0.009684069794567964,988.4725340220523,0.09818938452588181,11.217238975865772,68.27247442137677,2085528.3747889143,346628810.7622926,12875.269831891004,0.03175996230611321,1683.5298500049666,0.16723252706913347,0.39592045910495904,23.106347719751696,0.014365310117567314,6.924435123788905,0.019680367528468794,2082946.5094284308,145.7375448992012,2.7173811171415834e-05,65.98668937611485,0.030706343132181436,0.004210627939380008,case_00410
3.1.1.dev111+g8ed579383,2.0.2,2.5.5,1.8.0,3.12.13,"{'minimumROIDimensions': 2, 'minimumROISize': 50, 'normalize': False, 'normalizeScale': 1, 'removeOutliers': 3, 'resampledPixelSpacing': [1, 1, 1], 'interpolator': 'sitkBSpline', 'preCrop': False, 'padDistance': 10, 'distances': [1], 'force2D': False, 'force2Ddimension': 0, 'resegmentRange': None, 'label': 1, 'additionalInfo': True, 'binWidth': 25}",{'Original': {}},2208b485c4d3dda715221f0947f39aac504b1da8,3D,"(5.0, 0.734375, 0.734375)","(97, 512, 512)",-478.6549088389603,-1024.0,1390.0,27b2c0bb9301a7a24be1ff12c7ea7b2a6636b599,"(5.0, 0.734375, 0.734375)","(97, 512, 512)","(21, 259, 110, 24, 111, 293)",147802,2,"(np.float64(33.1473187101663), np.float64(310.4562793466936), np.float64(260.77938728839933))","(191.50986253991826, 227.9913301452281, -165.73659355083151)","(1.0, 1.0, 1.0)","(142, 104, 237)",22.721200916640463,-742.6519137875789,1294.2501458043132,"(1.0, 1.0, 1.0)","(142, 104, 237)","(13, 11, 11, 120, 82, 215)",398690,2,"(np.float64(75.72205222102386), np.float64(48.84158117835913), np.float64(121.38073440517695))","(191.51354690517695, 227.97439367835912, -165.72205222102386)",88.65144474408481,-120.28941431562212,190.3026425437929,0.34966075766315075,0.18282513438935952,55.30199862597408,302.48575400031365,215.55741694499866,215.3346233191495,122.09013064126027,216.7971402025405,398663.3333333333,105.76739792605909,0.4528742931921454,57842.091000489345,0.1450900701523157,398690.0,7.2418554443593415,137.347147255362,4168517667.9972496,2.7761683116269236,64.2824033224556,3.4990367023996147,190.3026425437929,40.95701099927811,88.65144474408481,106.94840161578652,-120.28941431562212,310.59205685941504,28.207966632280073,102.25231562443318,-1.1244268076937187,4168517667.9972496,0.1847806460562516,2596.4573953451813,88.02287534511927,600.0633816633085,-52.79285424319038,12.820659632172594,1.5339952115604114,0.7840632434572788,0.8327104469706519,1.658236023919824,0.8165150861260001,0.6698423010936002,0.6480668507938689,0.9913440495525342,0.9435908584898431,-0.250326954826081,0.8437825506464408,0.4692257577392498,9.230351475549803,0.07061252561562391,4.677512090298841,0.8068584704757343,0.14162531092372418,18.460702951099606,3.5137197142608168,3.5886637109332518,37557.63276400906,0.15226060684207154,4.910428721262013,80.01976574232955,4.745809189886843,448.30423799537306,0.06364055823645846,0.01911046948585286,4.438623508471833,120310.86798265859,0.48298064635020815,0.6153990858523202,1.8594380512075972,0.7198893903811171,54.28376428648874,0.015266873005507874,949.9162176724138,0.12795207673389195,10.685383074348804,49.50915948275862,1878574.412176724,192441422.32610452,19202.528158223722,0.05895195377384506,1107.8539870689656,0.1492260219651085,0.35341862759481935,13.633701554933227,0.02732295584403984,6.526750416451572,0.01862098372168853,1875690.415476759,230.8405826134773,2.7738841045987308e-05,44.931758964914266,0.03141357352402484,0.002531554515550469,case_00411
3.1.1.dev111+g8ed579383,2.0.2,2.5.5,1.8.0,3.12.13,"{'minimumROIDimensions': 2, 'minimumROISize': 50, 'normalize': False, 'normalizeScale': 1, 'removeOutliers': 3, 'resampledPixelSpacing': [1, 1, 1], 'interpolator': 'sitkBSpline', 'preCrop': False, 'padDistance': 10, 'distances': [1], 'force2D': False, 'force2Ddimension': 0, 'resegmentRange': None, 'label': 1, 'additionalInfo': True, 'binWidth': 25}",{'Original': {}},808d21312f5bc779a095cfc00f0459a58cf4e061,3D,"(3.0, 0.83984375, 0.83984375)","(472, 512, 512)",-691.4839532334926,-1024.0,3071.0,f58c54adc2dbf7b86bb8aa07ea5e4c4afb96f18d,"(3.0, 0.83984375, 0.83984375)","(472, 512, 512)","(104, 209, 132, 50, 128, 266)",206002,2,"(np.float64(129.12283375889555), np.float64(274.0289997184493), np.float64(260.7165173153659))","(218.9611375890768, 230.1415427322914, -387.36850127668663)","(1.0, 1.0, 1.0)","(172, 129, 245)",31.98944718246298,-1016.7202004854382,1726.5997027485823,"(1.0, 1.0, 1.0)","(172, 129, 245)","(12, 11, 11, 150, 107, 223)",435774,2,"(np.float64(88.38335926420575), np.float64(65.04008729295461), np.float64(118.8427418799653))","(218.9228200049653, 230.12016541795464, -387.38335926420575)",140.12159714705248,-137.9536882349757,432.4663291810582,0.3723559925543287,0.17812100631686326,57.41323519260392,322.3271436636187,221.14474897677312,223.4390297150433,126.17844506887855,233.5508509939538,435718.6666666667,120.02044350606846,0.45554866638559777,61012.682852497295,0.14002770025726988,435774.0,32.91911247632197,227.42326269158247,11330983117.341856,3.5118401819980427,130.80750655372998,2.551137927537628,432.4663291810582,68.14948659041643,140.12159714705248,161.53595705604062,-137.9536882349757,570.4200174160339,52.33701288564741,161.25126813309112,-0.6109525476280664,11330983117.341856,0.10413431593060746,6367.909487489199,159.33204664220122,2611.55243127688,-104.45516987072769,33.06100536338834,3.696357434777762,0.7977546633325446,1.2346536180068368,2.1098923651607326,2.120886799058268,0.6050645583531173,0.5683770618678919,0.9938681901065579,0.9539813145365093,-0.24964172320354294,0.8944130159105802,0.4383950305654778,12.328379901548901,0.02787943602883747,6.007910198975512,0.8214250659427785,0.08833140377458873,24.656759803097806,4.342432941922547,9.189340699541525,27625.096918986164,0.09308124848253334,10.793762675276408,149.6984416324014,3.273383478834503,543.5922698948137,0.02834918611976985,0.011003593759405773,4.869790134883616,165952.8939180991,0.5558401659929019,0.6804206202862387,1.0524910194661727,0.773350346871892,111.20134906952829,0.009198165163113363,1847.0194704376652,0.07750490833106732,13.270900092663435,90.01691074650665,310225.96298938355,61779670.96412236,1714.2966451843185,0.02600779670172503,6768.907011875289,0.2840378923198896,0.5450853746321653,46.11272485663018,0.015502888339579069,6.419438360305776,0.05468660360645656,309891.5846808137,67.11885077840499,3.7183426833994865e-05,192.54120057965315,0.027327349159674365,0.00875356205039628,case_00412
3.1.1.dev111+g8ed579383,2.0.2,2.5.5,1.8.0,3.12.13,"{'minimumROIDimensions': 2, 'minimumROISize': 50, 'normalize': False, 'normalizeScale': 1, 'removeOutliers': 3, 'resampledPixelSpacing': [1, 1, 1], 'interpolator': 'sitkBSpline', 'preCrop': False, 'padDistance': 10, 'distances': [1], 'force2D': False, 'force2Ddimension': 0, 'resegmentRange': None, 'label': 1, 'additionalInfo': True, 'binWidth': 25}",{'Original': {}},cfa92ba0f2a66e08c51b7218a74508fe73e1ec49,3D,"(5.0, 0.78125, 0.78125)","(97, 512, 512)",-448.12053338276974,-1024.0,1747.0,fcea91e1d62f96818a55af00a2df54d59ddb03fd,"(5.0, 0.78125, 0.78125)","(97, 512, 512)","(19, 261, 85, 25, 104, 323)",131317,6,"(np.float64(30.74151861525926), np.float64(314.39528773883046), np.float64(249.39124408873184))","(194.83690944432175, 245.6213185459613, -153.7075930762963)","(1.0, 1.0, 1.0)","(147, 103, 274)",-0.8592454669010278,-1015.5697203558849,1439.3967641272027,"(1.0, 1.0, 1.0)","(147, 103, 274)","(13, 11, 10, 125, 81, 253)",400115,5,"(np.float64(73.72861552303712), np.float64(52.50496732189495), np.float64(138.755907676543))","(194.865282676543, 245.61434232189492, -153.7286155230371)",135.8306561278344,-168.40880441317572,337.94676632563204,0.3084566015394033,0.15452182635352493,58.516869347679226,378.696464626302,254.2833065696606,252.7864711569826,122.42957159118053,256.1835279638408,399770.4166666667,116.81142449361596,0.3500214738124793,74977.31269716355,0.18755092816105132,400115.0,12.390494460540696,247.25135237457724,10607134915.384998,3.786562448297783,143.2966925480018,2.3245441136344684,337.94676632563204,75.78825777049381,135.8306561278344,142.9799204988023,-168.40880441317572,506.3555707388077,57.72976557843653,162.81957990818265,-0.37473704306046324,10607134915.384998,0.07951076750537252,8060.2484573590455,184.45121826654741,3954.403198014749,-87.97723127828547,41.767715392023995,4.895973220582745,0.7886751400515362,1.4993053476475449,2.2871812619016563,2.566542674690732,0.5478504577607356,0.49921218677458506,0.9896502111846698,0.9376616563997947,-0.22617528519003066,0.8866335980678423,0.4384137813766955,13.23738358900633,0.015336871147751303,6.584090623584945,0.8047392500129734,0.04143793636827709,26.474767178012662,4.626104191047838,11.665922153151687,23367.42314763423,0.07741262272134983,13.180604912172273,174.78100221882875,2.398617657920261,454.14230978214584,0.018947784638144432,0.009208318126072026,4.84412627681648,192380.6822098765,0.6337498520115783,0.7549337257846063,0.6118936973351153,0.823361700629255,140.36195021151732,0.00793975402254156,1649.2113390690492,0.0727646741261438,15.006465253289491,109.16880652989191,190107.64654754027,41450725.528568275,983.8203488593474,0.019316360229896606,5960.091109640414,0.26296453164087424,0.5212181254767375,55.46241706936367,0.010185568055068314,6.625738486347017,0.05664621421341364,189796.00294267753,80.4049884852551,4.2597300668390405e-05,157.1897769874342,0.05345572960318987,0.006477152690278781,case_00413
3.1.1.dev111+g8ed579383,2.0.2,2.5.5,1.8.0,3.12.13,"{'minimumROIDimensions': 2, 'minimumROISize': 50, 'normalize': False, 'normalizeScale': 1, 'removeOutliers': 3, 'resampledPixelSpacing': [1, 1, 1], 'interpolator': 'sitkBSpline', 'preCrop': False, 'padDistance': 10, 'distances': [1], 'force2D': False, 'force2Ddimension': 0, 'resegmentRange': None, 'label': 1, 'additionalInfo': True, 'binWidth': 25}",{'Original': {}},c9a9382b5e98a55cb6d1007b1202f7fb03832f38,3D,"(5.0, 0.78125, 0.78125)","(94, 512, 512)",-311.8416799180051,-1024.0,1501.0,28be7363c75e6f58098bb33d35d0c070e4679026,"(5.0, 0.78125, 0.78125)","(94, 512, 512)","(19, 250, 97, 26, 123, 320)",165266,8,"(np.float64(30.917950455629107), np.float64(312.50714605545), np.float64(254.36133869035373))","(198.71979585183885, 244.1462078558203, -154.58975227814554)","(1.0, 1.0, 1.0)","(152, 119, 272)",-0.34096781258695374,-886.7404104337916,1441.9253256222455,"(1.0, 1.0, 1.0)","(152, 119, 272)","(13, 11, 11, 130, 96, 250)",504060,6,"(np.float64(74.57842320358688), np.float64(60.03138515256121), np.float64(133.60300361068127))","(198.71237861068127, 244.1407601525612, -154.57842320358685)",86.59063542622472,-148.34096991845507,229.71235059322387,0.3454488271609548,0.1610541580237596,55.62744637130306,345.3959031787095,242.404620418011,252.03571175529868,132.82319074619463,252.51336598287227,503978.125,119.3166096592839,0.3946713663461133,77599.03066244812,0.15397301353595083,504060.0,13.626595072659141,145.04426381356552,5154744533.763012,3.0212920557265193,67.27030989566373,3.510047272616332,229.71235059322387,41.25806243774094,86.59063542622472,95.39638263537995,-148.34096991845507,378.053320511679,28.25571021553163,101.1259130547744,-0.8271476697437833,5154744533.763012,0.14629611933908235,2728.512147644424,105.54199913436725,579.590927457294,-36.05900044090057,12.851170801236892,2.3580446887389463,0.6870106317440341,1.0887610194790276,1.891925889950719,1.1273407347177176,0.6040564499375077,0.5683564628947334,0.991187660193632,0.9397564799500925,-0.1797518377506267,0.7770121425300953,0.47593376948351496,10.144797524759854,0.038158426282286426,5.326806522448466,0.7019319927405534,0.0810035613584189,20.2895950495197,3.780139679838434,3.80230387249396,47663.88859094224,0.13451659515783346,5.011902968743038,100.54713425898177,3.198987255479169,346.672811330759,0.03626045825549798,0.013793777985683238,4.335677875850209,202454.22224666708,0.5636069460083696,0.7011947600865587,0.9912620658393153,0.7760164555729177,76.07580632486813,0.011360813065009486,1562.5392414570033,0.09779316819733405,10.675351439622647,64.11403179371636,1052705.918137439,120941563.39548129,9634.462111066607,0.03615440907947139,3081.234071848792,0.19284228763604908,0.42788947525597293,22.89351147670018,0.01880944965868404,6.631489550873444,0.03169860730865373,1051710.6968965542,221.9975913063081,2.1645151461359775e-05,85.1529814464041,0.02774433492935326,0.0023608418983848984,case_00414
3.1.1.dev111+g8ed579383,2.0.2,2.5.5,1.8.0,3.12.13,"{'minimumROIDimensions': 2, 'minimumROISize': 50, 'normalize': False, 'normalizeScale': 1, 'removeOutliers': 3, 'resampledPixelSpacing': [1, 1, 1], 'interpolator': 'sitkBSpline', 'preCrop': False, 'padDistance': 10, 'distances': [1], 'force2D': False, 'force2Ddimension': 0, 'resegmentRange': None, 'label': 1, 'additionalInfo': True, 'binWidth': 25}",{'Original': {}},510b7769b7a8e24e99f89ab8015bd38a01390718,3D,"(2.0, 0.923828125, 0.923828125)","(150, 512, 512)",-510.95484375,-1024.0,1342.0,331dfe91e683c0b0da14e81b89a156726207bc0e,"(2.0, 0.923828125, 0.923828125)","(150, 512, 512)","(67, 254, 139, 65, 95, 237)",293452,2,"(np.float64(98.9069660455543), np.float64(302.332729032346), np.float64(262.3732296934422))","(242.38776883788705, 279.30347818808525, -197.8139320911086)","(1.0, 1.0, 1.0)","(151, 109, 241)",27.243600973472418,-1004.0595166110475,1277.0299152915659,"(1.0, 1.0, 1.0)","(151, 109, 241)","(11, 11, 11, 130, 87, 219)",501236,2,"(np.float64(75.33901395749707), np.float64(55.24137133007206), np.float64(125.40509061599725))","(242.44317655349727, 279.27945726757207, -197.83901395749706)",85.33161710488191,-160.7117653563618,312.22138752703165,0.4136807009451171,0.1820408127572068,52.73402014681742,289.68240334737646,219.92044015961773,219.14607000811125,131.0267148332736,220.06589922111968,501088.625,119.83601966820883,0.5126433114457332,59513.00208861002,0.11876741781677845,501236.0,14.510491624118261,146.1661602660857,5034219662.510139,3.0822561202167362,70.21813464996302,3.330778050538067,312.22138752703165,41.8253647922766,85.33161710488191,92.54812030602241,-160.7117653563618,472.93315288339346,29.106917630755504,100.21782035820472,-0.5968059872109137,5034219662.510139,0.13967207790095876,2762.1266396152128,124.0591899183584,511.3094781302538,-25.675139613146783,12.668984077361358,3.6263314780769127,0.5535541193862804,1.42465515889598,2.1690412174118268,1.5517356302643213,0.534604980371027,0.4813894428947988,0.9912375510810592,0.9365613080259118,-0.10257460885240291,0.6490243571467513,0.4483837308626378,11.036217396765828,0.02750919716489906,5.730704302266378,0.5774819388317148,0.06327390642258876,22.072434793531663,3.813777969216937,4.073828888859568,51231.4196191118,0.13200519172728023,4.910586372413776,122.25246609719555,2.141984554330235,268.9993888206655,0.020237365211563788,0.010279638151097604,4.122789689963967,251561.7781325309,0.6447751610801077,0.774169790738832,0.4471753657761462,0.8295424393822102,100.48715750963939,0.00876332185059357,2583.580465956043,0.08970454032693459,12.96004309480818,103.2347835144613,506633.51133641193,67760240.35224472,3950.348016184732,0.018477169058984923,8843.052289851046,0.3070397656279659,0.568641750686196,57.615342350776565,0.01145852081565108,6.140549059920079,0.05745995898139798,506330.63218716177,186.8634105762864,1.7529406624548958e-05,179.26108061243116,0.02344068164175209,0.003058270815595806,case_00415
3.1.1.dev111+g8ed579383,2.0.2,2.5.5,1.8.0,3.12.13,"{'minimumROIDimensions': 2, 'minimumROISize': 50, 'normalize': False, 'normalizeScale': 1, 'removeOutliers': 3, 'resampledPixelSpacing': [1, 1, 1], 'interpolator': 'sitkBSpline', 'preCrop': False, 'padDistance': 10, 'distances': [1], 'force2D': False, 'force2Ddimension': 0, 'resegmentRange': None, 'label': 1, 'additionalInfo': True, 'binWidth': 25}",{'Original': {}},fda31d8ce730ee89b1cd5005159513ca548ad56f,3D,"(5.0, 0.7409999966621399, 0.7409999966621399)","(56, 512, 512)",-701.6242062704904,-2048.0,1469.0,bd722e34b98e7f4d32375314974cacf1ae6c3143,"(5.0, 0.7409999966621399, 0.7409999966621399)","(56, 512, 512)","(26, 197, 98, 21, 112, 334)",140553,3,"(np.float64(36.020106294422746), np.float64(256.4671405092741), np.float64(269.11864563545424))","(199.4169155175912, 190.04215026132067, -180.10053147211374)","(1.0, 1.0, 1.0)","(127, 105, 269)",8.134038995595521,-1097.510446862577,1517.9899299294466,"(1.0, 1.0, 1.0)","(127, 105, 269)","(13, 11, 11, 105, 83, 247)",385505,2,"(np.float64(65.09156820274704), np.float64(54.93997483819925), np.float64(137.21113863633417))","(199.3406386380031, 190.06947483986818, -180.09156820274706)",61.48876649095164,-106.27624234535944,227.94858604028877,0.2600988137619991,0.17491915165388258,63.698242932728164,364.1581972611533,247.39644298170498,245.34465553584002,111.0,247.59846526180246,385393.0,94.71711512933403,0.3840739604423924,66681.46644882325,0.17302199689362094,385505.0,0.9626540907106349,112.56548442692791,2153947152.636648,2.777710120679619,57.98899665740549,2.9117238489660857,227.94858604028877,34.226187703232675,61.48876649095164,65.71810999747154,-106.27624234535944,334.2248283856482,24.26466406986901,74.74850554733277,-0.5363207878281205,2153947152.636648,0.16735874885372443,1806.4706769808577,67.67614289248613,253.21540360439283,-13.723068393630589,9.328333149583004,1.2341356657902642,0.7645680610548524,0.7547038146820338,1.5526141843223173,0.6427443064656764,0.6869600888675299,0.6684129714459295,0.9946540182156443,0.9545040710250104,-0.2580823689615078,0.8510118759626784,0.4672946794099357,8.102558073534613,0.05589281970830278,4.702641772239636,0.7720759388114717,0.10634047703301394,16.205116147069226,3.5935065046223835,2.6406172038433167,35480.40636661504,0.15381754488111113,3.378855466486023,63.36910589044514,4.778875250998956,333.22499696306306,0.08269578706817568,0.021321186873184975,4.461895800489117,106890.94327790415,0.45417222453037215,0.5979311851687048,1.7253932737149396,0.6937786821501718,42.122120125179705,0.015974968918409858,632.2255434782609,0.14316701618620037,8.565187854442344,41.56521739130435,2721557.009737319,192808184.4977355,41443.901145120384,0.05866396150728727,579.9406702898551,0.13132714454027516,0.33323848403204126,11.956799834594488,0.024092145665799813,6.780118983525003,0.011455104343653131,2713936.1862790915,172.9241722200353,3.611978960567504e-05,50.48189498818746,0.014072019040433679,0.003390551761208957,case_00416
3.1.1.dev111+g8ed579383,2.0.2,2.5.5,1.8.0,3.12.13,"{'minimumROIDimensions': 2, 'minimumROISize': 50, 'normalize': False, 'normalizeScale': 1, 'removeOutliers': 3, 'resampledPixelSpacing': [1, 1, 1], 'interpolator': 'sitkBSpline', 'preCrop': False, 'padDistance': 10, 'distances': [1], 'force2D': False, 'force2Ddimension': 0, 'resegmentRange': None, 'label': 1, 'additionalInfo': True, 'binWidth': 25}",{'Original': {}},307dacc83ab1abc7b32b8c8bce5be4c9149c2482,3D,"(3.0, 0.947265625, 0.947265625)","(142, 512, 512)",-714.428839831285,-1024.0,3071.0,47580b6965aae1ff3a4e19d1729f990eab3b3beb,"(3.0, 0.947265625, 0.947265625)","(142, 512, 512)","(26, 305, 121, 37, 83, 249)",114333,13,"(np.float64(43.57203082224729), np.float64(352.3163391146913), np.float64(243.59383555054097))","(230.74806687893042, 333.73715716918997, -130.71609246674188)","(1.0, 1.0, 1.0)","(133, 101, 258)",32.51921776130368,-1066.619937420794,1524.4701094230911,"(1.0, 1.0, 1.0)","(133, 101, 258)","(12, 11, 11, 111, 79, 235)",308421,13,"(np.float64(65.67734687326738), np.float64(55.70593442080792), np.float64(126.60903440427208))","(230.63540159177205, 333.7323016083079, -130.67734687326737)",107.38206841956081,-149.0364294400941,291.41622918482415,0.32041906195016184,0.16871726121762712,58.530804908528864,346.91651871369834,235.61409125941512,235.68835355188853,113.84638773364749,236.46141334264243,308195.75,111.158665501259,0.3316887265260762,66522.90055987296,0.2158462618640035,308421.0,8.150143085400556,177.828481764827,4859320883.209448,3.2736696083419314,90.09690899856626,2.9301414721517967,291.41622918482415,53.03165300052699,107.38206841956081,122.55495830273303,-149.0364294400941,440.4526586249183,38.14652683239882,125.52083474478336,-0.7854626744577673,4859320883.209448,0.12218857240430717,4224.571336963975,126.8682737013224,1276.6833269012618,-74.14883547940772,20.45411694423281,3.0668957080359793,0.7370328285405842,1.2024867186597392,2.0493236407210293,1.5714730725157773,0.594040488171614,0.5550293168999846,0.9909940096904315,0.9411263969497484,-0.19854407781442152,0.825994276864588,0.4529239882637924,11.068788321812276,0.03184050962814101,5.714938577248219,0.7529227816684766,0.09143312466326388,22.137576643624552,4.054795562195126,5.880253163067197,24095.93190037298,0.11002090112316619,7.468922693788614,117.19295959346708,2.902143252675174,385.43214572236053,0.02923024704901273,0.013003898242489915,4.544776432883099,128001.52165786781,0.5796135631003139,0.709288976381684,0.8439920642211902,0.7883671706676902,88.67887650434783,0.011022356728852375,1383.647917503683,0.09265085827666285,10.690235948938241,70.36467122003482,312733.599638409,45828610.87237177,2256.070417885738,0.03128797381990646,3452.828980849069,0.23120590470396873,0.4859844932714279,30.87088852391288,0.01774929379473583,6.551357439450486,0.04842082737556781,312307.083382754,94.67622680241874,4.199910827101266e-05,108.70666271788082,0.03456537436868293,0.005351083644773893,case_00417
3.1.1.dev111+g8ed579383,2.0.2,2.5.5,1.8.0,3.12.13,"{'minimumROIDimensions': 2, 'minimumROISize': 50, 'normalize': False, 'normalizeScale': 1, 'removeOutliers': 3, 'resampledPixelSpacing': [1, 1, 1], 'interpolator': 'sitkBSpline', 'preCrop': False, 'padDistance': 10, 'distances': [1], 'force2D': False, 'force2Ddimension': 0, 'resegmentRange': None, 'label': 1, 'additionalInfo': True, 'binWidth': 25}",{'Original': {}},4b679fa1afc3ff75133b757cbfeb36c18e371501,3D,"(5.0, 0.87890625, 0.87890625)","(49, 512, 512)",-462.7647067478725,-1024.0,1453.0,017d835d26230460dc6e187044712b9171227649,"(5.0, 0.87890625, 0.87890625)","(49, 512, 512)","(9, 179, 80, 31, 179, 326)",143309,32,"(np.float64(24.09115268406032), np.float64(295.8352022552666), np.float64(292.6929920660949))","(257.2497000580912, 260.0114082321679, -120.4557634203016)","(1.0, 1.0, 1.0)","(177, 180, 309)",6.2797947969506955,-1050.5667627114585,1477.8456438997082,"(1.0, 1.0, 1.0)","(177, 180, 309)","(13, 11, 12, 155, 158, 286)",553065,33,"(np.float64(90.42214748718506), np.float64(113.95150660410621), np.float64(198.1258803214812))","(257.1864271964812, 260.0120534791062, -120.42214748718506)",68.28869188662382,-129.13359559691642,237.44619595779818,0.42503518416451014,0.2152837275269241,73.37658950933488,340.8366733159531,283.43605980891,279.03404810166086,163.37074401495514,297.48445337529824,552824.7083333334,144.8675782128651,0.33869785544373043,96175.24647850457,0.1739706004973178,553065.0,1.9691239258575077,124.19615806233617,3804082459.287386,2.927086354547333,66.02170993061593,2.8861786483724092,237.44619595779818,38.124082700370955,68.28869188662382,73.48624305386262,-129.13359559691642,366.5797915547146,27.290070359226892,82.93481369456555,-0.504507145898774,3804082459.287386,0.151170780287397,2214.8378829660514,90.27367252515214,381.1091049956077,-18.22280174221197,11.654962424807085,1.503377052724937,0.7701774467117095,0.8295455312466117,1.6428912392902266,0.7875569494944472,0.668706354532707,0.6468637418544059,0.9943135160774612,0.9532535834743467,-0.2565278139270737,0.861407318255848,0.47232425637997977,9.366682535100013,0.04669319181110952,4.989649173087711,0.782143931684386,0.09531492662828839,18.733365070200026,3.756025594744169,3.289584869383005,48485.757919169955,0.1408055521799668,4.043695639706046,85.95690822465211,4.433959788956927,410.6201883705397,0.056895466623099994,0.01506326394275276,4.525941532594758,168044.81647726925,0.4781631545114221,0.6220613935349093,1.570953117515417,0.7130255439744548,59.567904376042115,0.011355399894762173,1005.5382899628253,0.10680173021378919,8.651189881571678,59.32320764737121,2674500.502496017,270852606.5913967,28154.204313016264,0.03337415700006979,1476.5362719065322,0.15682806924126735,0.37653411573212214,19.27987850628879,0.014857815761052611,6.882626419315436,0.017023315523491813,2671049.766752132,211.9129233974637,2.4262692720959e-05,64.90941292816206,0.01713247080416373,0.0025933929767227946,case_00418
3.1.1.dev111+g8ed579383,2.0.2,2.5.5,1.8.0,3.12.13,"{'minimumROIDimensions': 2, 'minimumROISize': 50, 'normalize': False, 'normalizeScale': 1, 'removeOutliers': 3, 'resampledPixelSpacing': [1, 1, 1], 'interpolator': 'sitkBSpline', 'preCrop': False, 'padDistance': 10, 'distances': [1], 'force2D': False, 'force2Ddimension': 0, 'resegmentRange': None, 'label': 1, 'additionalInfo': True, 'binWidth': 25}",{'Original': {}},6cae3a09d1031ea508123866fc72e21c59689ad3,3D,"(3.0, 0.6662688255310059, 0.6662695407867432)","(81, 512, 651)",-466.35016867005413,-8192.0,2641.0,987d1bcf30caa488f6560cd53e84710f7e9297ab,"(3.0, 0.6662688255310059, 0.6662695407867432)","(81, 512, 651)","(39, 252, 182, 36, 125, 330)",292385,4,"(np.float64(56.52919951433897), np.float64(316.2161054773672), np.float64(340.7549395488825))","(227.03463709404835, 210.68493321039412, -169.5875985430169)","(1.0, 1.0, 1.0)","(130, 105, 242)",28.090602502683964,-1100.809810697674,1670.0206671820215,"(1.0, 1.0, 1.0)","(130, 105, 242)","(12, 11, 11, 108, 83, 220)",388677,2,"(np.float64(65.61247771285669), np.float64(53.6420935635502), np.float64(116.72845576146774))","(226.89532099107436, 210.8089591507847, -169.61247771285667)",112.50320715455489,-143.02165434764424,273.9670191143618,0.3723433545585135,0.1791903180223194,51.37964017732661,286.73223388624666,218.21548982599745,217.9380645963435,117.88553770501282,221.0995251012539,388729.7916666667,106.76284182526135,0.46139624725964956,55826.69916554507,0.14361312243702717,388677.0,29.49067275980334,180.91212555396214,6421557476.781906,3.190141598082226,98.38243925859715,2.8350733019226544,273.9670191143618,52.322961793034544,112.50320715455489,128.25639251500922,-143.02165434764424,416.98867346200603,39.453403587486164,128.5362916409167,-0.7018751961467405,6421557476.781906,0.1289418079004544,3864.6066487380913,129.1781062860703,957.0342776771062,-50.41505083070196,19.562305941394307,2.6187261143558844,0.7626382038865682,1.045998897647847,1.9270055414405018,1.4920306993338703,0.6348666948952114,0.6048285343647252,0.9914680804516404,0.9459570046812396,-0.23798030992895097,0.8672222474052427,0.45114591391321335,11.177701868252388,0.03753377740391976,5.474143101988369,0.7956489510693429,0.1086372043225335,22.355403736504776,3.9944979660797837,5.545258013937547,29294.776576095588,0.11580368967261337,6.826712845412343,122.06738455929485,3.6323830665614714,483.8458759000893,0.03477029401051947,0.01180795520334332,4.670985028787214,131908.775779524,0.5177817844851638,0.650256758578064,1.200466873812632,0.7465840151002768,87.6266017726416,0.009540857978147941,1676.3325494148608,0.09386486082170675,9.766374166620242,69.50103589226721,444684.16871045413,67688766.07643205,3164.1150127475803,0.030174045284384804,4804.986225432555,0.26905124729450447,0.5270213942649404,32.75831581104897,0.0189659193949696,6.182992523535758,0.045948178050154755,444210.51231091656,109.64573512608426,3.8214299977737885e-05,83.00749897872277,0.03031530236277188,0.00455440295702085,case_00419
3.1.1.dev111+g8ed579383,2.0.2,2.5.5,1.8.0,3.12.13,"{'minimumROIDimensions': 2, 'minimumROISize': 50, 'normalize': False, 'normalizeScale': 1, 'removeOutliers': 3, 'resampledPixelSpacing': [1, 1, 1], 'interpolator': 'sitkBSpline', 'preCrop': False, 'padDistance': 10, 'distances': [1], 'force2D': False, 'force2Ddimension': 0, 'resegmentRange': None, 'label': 1, 'additionalInfo': True, 'binWidth': 25}",{'Original': {}},cef5c992ce043545292814b2e58c6f05087790dd,3D,"(5.0, 0.7421875, 0.7421875)","(92, 512, 512)",-459.40376377105713,-1024.0,3071.0,310fbd711092d2f7f8f29f922382e48fe782b6a9,"(5.0, 0.7421875, 0.7421875)","(92, 512, 512)","(18, 235, 107, 25, 142, 278)",129358,26,"(np.float64(32.58898560583806), np.float64(302.91168694630403), np.float64(243.28788323876375))","(180.56522584126998, 224.81726765546003, -162.9449280291903)","(1.0, 1.0, 1.0)","(147, 127, 228)",34.20006447202383,-1081.487230373212,1595.175100283225,"(1.0, 1.0, 1.0)","(147, 127, 228)","(13, 10, 10, 125, 106, 207)",356415,25,"(np.float64(87.92103306538726), np.float64(60.71262432838124), np.float64(111.55547606021071))","(180.6843823102107, 224.84153057838125, -162.92103306538726)",112.62298423115253,-148.21645186882802,245.90242975704885,0.38210200445597303,0.18247198680135499,51.716103963725395,283.41941615413685,207.4728897952694,205.70367036103173,151.2084653714864,210.88622524954067,356271.2916666667,108.29512701423728,0.38362080162971657,63353.29316463713,0.17782317757983016,356415.0,10.972748359409023,177.00233646441887,5974976274.725004,3.1484948133536044,83.3680897613768,3.2559767876303933,245.90242975704885,51.57933180448065,112.62298423115253,132.17506369713138,-148.21645186882802,394.11888162587684,36.21022200619941,129.47624802483926,-1.0015561631258527,5974976274.725004,0.13974419653739176,4080.1622254592567,130.9610327902586,1400.7465622640552,-94.2780519794377,20.20338257649079,2.3881952940068008,0.786458969852942,1.029065255467969,1.876295188967975,1.2901808760267826,0.6286482509270106,0.5983221460666616,0.9912231290023263,0.9434113343140038,-0.2392348899752705,0.8594371757691754,0.46770069881890747,11.247397396934975,0.0439659902080672,5.362198608097161,0.8040351117601058,0.12865157414376768,22.49479479386995,3.9230167754645415,5.647894467624397,28527.593320618387,0.11935307415770045,7.375853820444432,120.48204519782333,3.5439497760135805,490.46761620873775,0.03359117982677003,0.012613496102653991,4.587572148304304,129153.49312100375,0.5357433632953098,0.6688976441680453,1.190466783567099,0.7586250082331367,87.19325081256869,0.010390761736697203,1044.6491888500493,0.09363172796002951,10.926866871763687,68.64981625885095,697052.4150757372,107850640.01936004,4695.622016698462,0.03229931081308208,2292.968988079233,0.20551841786136352,0.44880493766054325,27.673491545770872,0.015742320669042957,6.6177794575275986,0.03130339632170363,696031.90550847,117.10979752541438,3.74037903113097e-05,77.23743544234524,0.03692053550968832,0.004577960302702675,case_00420
3.1.1.dev111+g8ed579383,2.0.2,2.5.5,1.8.0,3.12.13,"{'minimumROIDimensions': 2, 'minimumROISize': 50, 'normalize': False, 'normalizeScale': 1, 'removeOutliers': 3, 'resampledPixelSpacing': [1, 1, 1], 'interpolator': 'sitkBSpline', 'preCrop': False, 'padDistance': 10, 'distances': [1], 'force2D': False, 'force2Ddimension': 0, 'resegmentRange': None, 'label': 1, 'additionalInfo': True, 'binWidth': 25}",{'Original': {}},efbfcad057f9a42cf4be701f69cd65d976b0850b,3D,"(5.0, 0.83984375, 0.83984375)","(118, 512, 512)",-556.3361043121855,-1024.0,1556.0,e02aa8e43575e993f14e44dbe6ad315dd0662869,"(5.0, 0.83984375, 0.83984375)","(118, 512, 512)","(16, 237, 91, 28, 111, 302)",201594,2,"(np.float64(29.15425062253837), np.float64(295.38291318193995), np.float64(241.74068672678752))","(203.02440486820046, 248.07549349264488, -145.77125311269185)","(1.0, 1.0, 1.0)","(162, 115, 275)",16.121763921158255,-1048.9984918468617,1257.5983378876524,"(1.0, 1.0, 1.0)","(162, 115, 275)","(13, 11, 10, 140, 93, 254)",710955,2,"(np.float64(80.76425371507338), np.float64(59.99824883431441), np.float64(136.96848605045327))","(203.04856417545327, 248.07832695931444, -145.76425371507338)",91.46146399040748,-131.16268994841423,200.2572174640264,0.40045171097250665,0.18057792869480546,61.72393567509319,341.81328870713065,251.67637950352037,252.57276179350774,151.53877391611692,255.43296576597157,710992.375,136.87971629590984,0.4078409731246569,94457.52580016044,0.13285307848788172,710955.0,19.916432755641125,138.04775360580612,7580806499.668338,2.737310632343111,57.291933878403654,4.168441338542172,200.2572174640264,37.42635071289048,91.46146399040748,106.23035151190973,-131.16268994841423,331.41990741244064,24.7219581796633,103.26107673727232,-1.2386398024764858,7580806499.668338,0.18860893679378768,2297.6505736722434,108.94054148902241,521.2221100614578,-44.733993303447996,10.999092821608297,1.5490463047867316,0.7501542667663438,0.816923301378288,1.648546185005089,0.8553329455292318,0.6775089147416435,0.6568511637926543,0.9934028698609638,0.9514041234147167,-0.23796452560656423,0.8263625405880879,0.46203030488531405,10.323593560684195,0.07014826012125454,4.641575570688718,0.7728698895356813,0.1467097573999017,20.64718712136839,3.477230716855868,3.137034781598757,67986.02798365956,0.1581188455216194,4.540019144692097,101.13464831891211,5.165393517314393,591.6197508801644,0.05223385464837087,0.013214416043164427,4.464963555826449,203680.06825475115,0.46701468425055204,0.6013158898404801,2.0591799268904505,0.7063355715088449,68.14149419016522,0.010180600688410868,1540.685282183696,0.11366176924999602,9.930413674578247,65.2552563629657,3317521.0298045003,404924427.1831796,28043.49535942826,0.031729909077168834,2057.4854297307265,0.15178793284623582,0.36268660907548905,19.745959918478288,0.013458553234380746,6.759534413058131,0.01906590431180595,3314770.0640638755,296.3270774731173,1.5646665025950404e-05,60.94713582030259,0.020500361040338918,0.001996480978982788,case_00421
3.1.1.dev111+g8ed579383,2.0.2,2.5.5,1.8.0,3.12.13,"{'minimumROIDimensions': 2, 'minimumROISize': 50, 'normalize': False, 'normalizeScale': 1, 'removeOutliers': 3, 'resampledPixelSpacing': [1, 1, 1], 'interpolator': 'sitkBSpline', 'preCrop': False, 'padDistance': 10, 'distances': [1], 'force2D': False, 'force2Ddimension': 0, 'resegmentRange': None, 'label': 1, 'additionalInfo': True, 'binWidth': 25}",{'Original': {}},b7fe83b519af0dd9c67b9d64993f363daf8aa99e,3D,"(5.0, 0.669921875, 0.669921875)","(40, 512, 512)",-367.76691455841063,-1024.0,3071.0,31a83c17a41853e4e8f839f7c81f3877a57e9688,"(5.0, 0.669921875, 0.669921875)","(40, 512, 512)","(9, 266, 70, 20, 101, 341)",126081,2,"(np.float64(17.310712954370604), np.float64(315.17456238449887), np.float64(216.95441819148007))","(145.34251062437045, 211.14233378492796, -86.55356477185302)","(1.0, 1.0, 1.0)","(122, 90, 251)",16.54956610684661,-939.1085740236203,1443.671108543496,"(1.0, 1.0, 1.0)","(122, 90, 251)","(13, 11, 11, 100, 68, 228)",281775,2,"(np.float64(56.481501197764175), np.float64(43.99038239730281), np.float64(109.28670038151007))","(145.45173944401006, 211.15542145980282, -86.48150119776417)",68.05644657356326,-145.0944688266487,691.927199156915,0.28510183017504315,0.1397595780045985,44.68419518097788,319.721881097177,229.83689869122406,226.2675407565124,109.27488274987991,229.85647695899283,281699.125,91.15329344781269,0.4670437983106135,44495.57740653669,0.15795426203946034,281775.0,11.33998623885168,113.50904391686623,1788935467.5478787,2.6767720169367744,54.77278796933286,5.88031640179958,691.927199156915,32.75675782270422,68.05644657356326,74.62190928965012,-145.0944688266487,837.0216679835637,22.826110504962134,79.67940970718325,-0.5707597277352364,1788935467.5478787,0.18468507506342266,1717.1284110648996,89.46404785174686,433.52730074300985,-11.672645772158363,8.477162629389142,1.269264116374214,0.7372837201500572,0.744339127733955,1.5562735390665527,0.6966940741770897,0.6932561751165875,0.6757389582841041,0.9989106868750613,0.9791336685288026,-0.24280371405441442,0.8290763837644304,0.4616113781195738,9.362744273549309,0.06579847985452336,4.538879862906655,0.7737356650593773,0.12185758344272063,18.725488547098617,3.4551911801107105,2.4366066864408378,27320.351429005616,0.16519905849388758,3.3655459588812726,83.94613754685135,5.10031013151559,472.41246927093084,0.062332781410415976,0.014841528356867693,4.425382352381901,74783.58518461014,0.4454922801174686,0.585670509066836,1.9362991823429125,0.6892303677266491,55.500367957537236,0.011012647283833932,662.2127037191809,0.13836454319247407,10.163028082499295,57.39490179690765,1520998.4995821144,146096464.42561638,16582.075796229543,0.034019045937920774,796.2498955286252,0.16637064260940768,0.38683200955955405,20.31304113582338,0.01567996723924384,6.433971599903644,0.016985183213556916,1517532.2524093466,41.63010618778979,4.419622323403471e-05,371.34967662179366,0.002609249007783573,0.07827883441347587,case_00422
3.1.1.dev111+g8ed579383,2.0.2,2.5.5,1.8.0,3.12.13,"{'minimumROIDimensions': 2, 'minimumROISize': 50, 'normalize': False, 'normalizeScale': 1, 'removeOutliers': 3, 'resampledPixelSpacing': [1, 1, 1], 'interpolator': 'sitkBSpline', 'preCrop': False, 'padDistance': 10, 'distances': [1], 'force2D': False, 'force2Ddimension': 0, 'resegmentRange': None, 'label': 1, 'additionalInfo': True, 'binWidth': 25}",{'Original': {}},f166aa4f9c5237aef0f99b8ee175c7cea3ffeed2,3D,"(5.0, 0.6875, 0.6875)","(47, 512, 512)",-418.6953633896848,-1024.0,3056.0,83c62dd83731727171937e999e9a1fff8f2a7f62,"(5.0, 0.6875, 0.6875)","(47, 512, 512)","(16, 250, 123, 18, 96, 283)",109336,2,"(np.float64(24.40219140996561), np.float64(300.29127643228213), np.float64(267.65612424087215))","(184.0135854155996, 206.45025254719397, -122.01095704982805)","(1.0, 1.0, 1.0)","(112, 88, 216)",64.27564499514939,-1066.44243652958,1387.0916389967879,"(1.0, 1.0, 1.0)","(112, 88, 216)","(13, 11, 11, 90, 66, 194)",257920,3,"(np.float64(57.00827776054591), np.float64(45.26603210297767), np.float64(109.80928194789082))","(183.96553194789084, 206.42228210297768, -122.00827776054591)",186.13083781755486,-162.57852130345861,467.9148794982833,0.3161087684940058,0.16623485707334906,43.373509429048106,260.9170555000393,194.48650338776724,193.31321734428818,98.79271228182775,195.33048917155764,257759.625,82.47816909319958,0.5364929017180902,36508.731064096246,0.14163867232541266,257920.0,44.93815075293302,312.1907467751214,11706343034.015678,3.9964853796668427,164.46522522825984,2.4276916006434224,467.9148794982833,87.11009603877402,186.13083781755486,197.93112896967313,-162.57852130345861,630.4934008017419,66.07276460665075,213.04341401393611,-0.43515530915283573,11706343034.015678,0.06926862922443298,10742.80746804847,244.01601498828455,7454.742822607881,-165.2787529990565,56.54279476114985,6.532726705348275,0.7916877784498255,1.739205085609283,2.4496212568130713,3.395388248749456,0.5131352614572993,0.4564591351962548,0.9909603675522151,0.9410516998785096,-0.21802190875673164,0.8898821797559541,0.4195884228486967,15.215440934366805,0.011304717932776522,7.008764216141405,0.8054413852907486,0.029012086051977512,30.430881868733614,4.849618913037669,15.76888036662453,13856.751556374134,0.0684622797980201,17.2887607458642,235.7671688340078,2.1134445481633963,525.9094553718883,0.01328114633340068,0.007009053686537582,4.9387859713598345,136274.49794047125,0.6706143958993525,0.7852634686963161,0.4726964482925045,0.8453307285753057,196.06259926061395,0.006133155946263068,1046.546769527483,0.05936506719198384,21.254583310472963,157.67337909127008,81172.26399682341,24667563.81797039,295.7084035586186,0.014578274532630161,5477.633955414374,0.3107172247668259,0.5738744373864262,88.99335788591814,0.008165924665417663,6.657941174254445,0.06835065136476427,80958.21426664645,32.52776473886229,6.873065106076743e-05,272.0365227012748,0.050956703887839856,0.015896472308359964,case_00423
3.1.1.dev111+g8ed579383,2.0.2,2.5.5,1.8.0,3.12.13,"{'minimumROIDimensions': 2, 'minimumROISize': 50, 'normalize': False, 'normalizeScale': 1, 'removeOutliers': 3, 'resampledPixelSpacing': [1, 1, 1], 'interpolator': 'sitkBSpline', 'preCrop': False, 'padDistance': 10, 'distances': [1], 'force2D': False, 'force2Ddimension': 0, 'resegmentRange': None, 'label': 1, 'additionalInfo': True, 'binWidth': 25}",{'Original': {}},8ffeff541f72950dd04cdccb4deaefff0f6325ff,3D,"(5.0, 0.60546875, 0.60546875)","(85, 512, 512)",-269.9297160877901,-1024.0,1691.0,e58d6e3fa71e9d0312ce0a7f4359ba0bde2acc5b,"(5.0, 0.60546875, 0.60546875)","(85, 512, 512)","(17, 235, 77, 21, 131, 314)",169003,2,"(np.float64(27.013413963065744), np.float64(294.9199481666006), np.float64(226.12691490683596))","(136.91278050999833, 178.56481236649645, -135.06706981532872)","(1.0, 1.0, 1.0)","(127, 102, 212)",31.03811901375173,-1095.759683767391,1411.8213609116124,"(1.0, 1.0, 1.0)","(127, 102, 212)","(13, 11, 11, 105, 80, 190)",309515,2,"(np.float64(65.06800962796633), np.float64(47.38513480768299), np.float64(100.63071256643458))","(136.82797819143457, 178.582400432683, -135.06800962796632)",136.21435874695175,-142.41237425864622,309.6614522926422,0.401633484691259,0.17299828187194546,44.59370552431216,257.769643962827,190.9476368012969,190.4442175546425,117.13667231059623,191.8879881597595,309567.2083333333,103.52892035241534,0.43142673091945005,51295.63079079708,0.1657011124239082,309515.0,26.869505519448214,224.6905120493793,7550740941.695434,3.537902519959237,111.51216972176195,2.8319317546268525,309.6614522926422,62.83601081672161,136.21435874695175,146.75239327394078,-142.41237425864622,452.07382655128845,45.83461787692612,156.1902552480017,-0.6396330576955089,7550740941.695434,0.09838816145467369,5841.044305592649,155.1761039880742,2441.9233547372173,-95.28272014721819,29.535683060638583,3.7454917926047417,0.7732399080625609,1.3125897044200652,2.1305282970106014,1.9588766425266801,0.5743244770437792,0.5318412690732889,0.9902893822976088,0.9394389088216243,-0.2234977211478289,0.8701795160782725,0.45503110387919027,12.195303982203374,0.021818198678268307,6.142020038017558,0.786308407007948,0.05811669455316309,24.390607964406747,4.357834339042125,8.320293713310834,21063.31539310356,0.09342565881641687,9.957662994389445,147.20129360524498,2.6633353015443024,425.1224353869899,0.023931304362872385,0.010940507876806225,4.718268888560656,135671.6519728267,0.5969540678545618,0.7285370784813462,0.7222591493093257,0.7999002648967772,114.5155362226758,0.009300881870989765,1131.0748544496812,0.07839443127596903,13.701520600864734,88.74216800665373,264192.63106459664,46998933.11935126,1635.8581881789105,0.027345423397692154,3653.7421680066536,0.2532396845028177,0.5104143087794254,41.99910247575322,0.015194706051905682,6.599071487860032,0.046614865192317015,263732.426274465,76.84061626368042,4.902550539908334e-05,122.58634588625138,0.04432533222214975,0.006594555950048038,case_00424
3.1.1.dev111+g8ed579383,2.0.2,2.5.5,1.8.0,3.12.13,"{'minimumROIDimensions': 2, 'minimumROISize': 50, 'normalize': False, 'normalizeScale': 1, 'removeOutliers': 3, 'resampledPixelSpacing': [1, 1, 1], 'interpolator': 'sitkBSpline', 'preCrop': False, 'padDistance': 10, 'distances': [1], 'force2D': False, 'force2Ddimension': 0, 'resegmentRange': None, 'label': 1, 'additionalInfo': True, 'binWidth': 25}",{'Original': {}},db66f270fd03d4bca954eb518a11c49edb104bb6,3D,"(5.0, 0.47171834111213684, 0.47171875834465027)","(40, 512, 632)",-258.00007386026505,-8192.0,4688.0,7f9b6faa837ab207bfb5049fe03fb24cc788cf2c,"(5.0, 0.47171834111213684, 0.47171875834465027)","(40, 512, 632)","(7, 231, 131, 31, 179, 373)",236274,2,"(np.float64(22.605648526710514), np.float64(327.45781169320367), np.float64(323.10940687506877))","(152.41676822058383, 154.46785571612853, -113.02824263355257)","(1.0, 1.0, 1.0)","(177, 107, 198)",20.015049831686387,-1164.0622835001675,1382.320878043145,"(1.0, 1.0, 1.0)","(177, 107, 198)","(13, 11, 11, 155, 84, 176)",262960,2,"(np.float64(93.02004107088531), np.float64(56.19206343170064), np.float64(101.14779814420444))","(152.41193876503212, 154.45620426114456, -113.02004107088531)",155.9478273526215,-154.10616694024068,366.89404452555783,0.32591507916195317,0.18216659534913204,49.068745290337425,269.36192772497367,184.76200908195386,163.47782724271815,109.20164833920778,201.00497506280783,262838.4583333333,87.78911399770111,0.5239878758925576,37869.43511490466,0.14407874462145268,262960.0,45.80259867955577,258.3248125077608,8321730452.028763,3.6748830661596275,143.07644012623075,2.3895378962276475,366.89404452555783,73.27686836392526,155.9478273526215,166.18149999133627,-154.10616694024068,521.0002114657985,57.00877825157104,177.89427700406773,-0.432918929416722,8321730452.028763,0.08814753541484005,7326.648934796912,203.22878250112782,3255.9801946466428,-85.62960622743806,38.68870419801259,4.505319316819838,0.7904156206735101,1.4283877896695765,2.2367653748398224,2.3911794891385565,0.5598133429503463,0.5139094308201723,0.9912386622885923,0.9427713305949024,-0.22752617848617207,0.8838000224684824,0.4431064512975263,13.952806466354135,0.018473803661143172,6.3931448736575005,0.8138094851339776,0.049705026004754335,27.90561293270827,4.504766966272279,10.79850587870811,16289.04248106622,0.08386092132075447,12.103077578564658,196.50346683295336,2.5790083423060155,530.188646312104,0.017083671808461036,0.007442751770628657,4.807820897050008,120033.13770097488,0.6140707731674309,0.738723643256652,0.7010133599162487,0.8110860010981209,156.41031967094176,0.006287006251491743,1161.1648802596926,0.07111930423590938,15.665888488538071,127.48741348686225,127683.92074477859,31341130.778342623,589.0499090939716,0.015475977942432967,4714.397439823605,0.28874854166862285,0.5486918913145739,64.66531867896333,0.009224287536845465,6.468299588651749,0.0620892911469425,127424.52276068708,46.61154910475332,5.979527935282006e-05,179.81817711959405,0.043958032276125984,0.011098718261358779,case_00425
3.1.1.dev111+g8ed579383,2.0.2,2.5.5,1.8.0,3.12.13,"{'minimumROIDimensions': 2, 'minimumROISize': 50, 'normalize': False, 'normalizeScale': 1, 'removeOutliers': 3, 'resampledPixelSpacing': [1, 1, 1], 'interpolator': 'sitkBSpline', 'preCrop': False, 'padDistance': 10, 'distances': [1], 'force2D': False, 'force2Ddimension': 0, 'resegmentRange': None, 'label': 1, 'additionalInfo': True, 'binWidth': 25}",{'Original': {}},aba5c578f7d30d2dc30a60f37a6eb2a66e420a6e,3D,"(5.0, 0.888671875, 0.888671875)","(97, 512, 512)",-583.4695758622946,-1024.0,1697.0,c28678060254e7e7d5841fa6f2a2e7e567b9e009,"(5.0, 0.888671875, 0.888671875)","(97, 512, 512)","(28, 205, 108, 25, 117, 286)",106862,2,"(np.float64(40.13285358686905), np.float64(257.8726488368176), np.float64(228.62000524040351))","(203.16816871949922, 229.16417035303124, -200.66426793434522)","(1.0, 1.0, 1.0)","(147, 126, 276)",60.66282542947021,-1113.0577923735302,1588.1723176954308,"(1.0, 1.0, 1.0)","(147, 126, 276)","(13, 11, 11, 125, 104, 254)",421080,2,"(np.float64(75.67617792343498), np.float64(58.10761612995155), np.float64(118.0726346537475))","(203.1282987162475, 229.16328019245157, -200.67617792343498)",125.78171975588208,-191.8582303025315,314.29350417517935,0.29825677242455345,0.162236892943146,58.52198439054919,360.71933657566734,254.2833065696606,256.2654873368632,123.2233744059949,256.2967030611202,421447.3333333333,107.58698507818472,0.3841225251378827,70769.0267165225,0.16791902835590963,421080.0,15.651619291576342,208.336038337307,8910237899.879992,3.457537022073155,104.504989065825,2.7821172659499025,314.29350417517935,59.82139397572271,125.78171975588208,139.11762711533316,-191.8582303025315,506.1517344777109,43.4842028482271,145.46628332243196,-0.6986121653096902,8910237899.879992,0.10445557481601161,5339.398558894777,195.16446699463887,2260.9250935880386,-105.10345882684653,28.405324278914375,2.863752821365604,0.8156905559748358,1.1487017883031443,1.9853136691804936,1.4940626878484289,0.6024791493450343,0.5662992099915495,0.9937671009822299,0.9508507662076321,-0.25504602217451255,0.8938853919284172,0.4645798978584846,13.739604112371115,0.025854014126288558,5.918897086957202,0.8254701127796236,0.06610873924247937,27.47920822474223,4.303535358644543,7.817269275069993,28810.863848025703,0.09789089265342965,9.14760004728809,184.6210000040578,3.034438256073254,614.8869785023315,0.01865963952639588,0.0071836630258319805,4.753851825178512,166996.1077324286,0.5614133108802236,0.6987283615026562,0.8961555878736812,0.7758186143085282,138.93730820071573,0.0058411301406566096,1106.972397762766,0.08040767035394537,12.77591833355987,126.34924093847607,594521.1549357158,135433747.01518124,2777.3377780128317,0.012925190210122775,2843.52676690637,0.20654658000336823,0.44938581563396635,53.72396696610559,0.005962234190733503,6.852677346889697,0.03269449985750926,593585.6402623857,71.75853552356021,3.814971284574705e-05,139.71296153946776,0.028620442686642756,0.007407573794200346,case_00426
3.1.1.dev111+g8ed579383,2.0.2,2.5.5,1.8.0,3.12.13,"{'minimumROIDimensions': 2, 'minimumROISize': 50, 'normalize': False, 'normalizeScale': 1, 'removeOutliers': 3, 'resampledPixelSpacing': [1, 1, 1], 'interpolator': 'sitkBSpline', 'preCrop': False, 'padDistance': 10, 'distances': [1], 'force2D': False, 'force2Ddimension': 0, 'resegmentRange': None, 'label': 1, 'additionalInfo': True, 'binWidth': 25}",{'Original': {}},b449c854793fbaef552a326eb577bc12934057d4,3D,"(5.0, 0.703125, 0.703125)","(47, 512, 512)",-389.6366720808313,-1024.0,1415.0,af766c40e34707263915829f518ee7d5935d3d57,"(5.0, 0.703125, 0.703125)","(47, 512, 512)","(13, 266, 88, 25, 123, 327)",134128,53,"(np.float64(23.841024991053324), np.float64(335.9566980794465), np.float64(297.94146636049146))","(209.49009353472056, 236.2195533371108, -119.20512495526663)","(1.0, 1.0, 1.0)","(147, 109, 252)",37.88922344080511,-958.2379345702856,1463.316965541336,"(1.0, 1.0, 1.0)","(147, 109, 252)","(13, 11, 13, 125, 87, 228)",331735,38,"(np.float64(69.18850890017634), np.float64(60.08523369557026), np.float64(158.30979546927517))","(209.45823296927517, 236.23367119557025, -119.18850890017634)",125.1171985448785,-127.84275968368769,279.15085464073104,0.35159443525766765,0.1874643674098596,51.889397467667266,276.7960556163707,228.54321254414887,223.51733713517615,126.763559432512,231.2920232087566,331365.5416666667,97.31995285598784,0.42225794804422534,54841.735264707284,0.1655022275064276,331735.0,20.343545856480556,201.47555984514716,6773793009.495396,3.3519975971270832,95.70764185792154,2.959681337050919,279.15085464073104,56.136204130617905,125.1171985448785,137.84555610349364,-127.84275968368769,406.99361432441873,40.43082261991411,142.8960794484682,-0.7796502814010464,6773793009.495396,0.11401986041691706,4764.976150024398,143.25937809294857,1771.45653396796,-91.19946547996607,24.243343398324818,2.6088646106743743,0.8038818536887642,1.075549831346873,1.9258111652019996,1.408689942273209,0.6203844288535785,0.5881083110640577,0.992360466967907,0.9469957759238076,-0.25713836667955103,0.8885289690399119,0.46420515161899273,11.740854232170287,0.031438156835023254,5.690686495904661,0.8166438705420946,0.08781715867100125,23.481708464340578,4.168050647816912,6.713052002249798,23303.80028763116,0.10379574882382164,8.43309171585334,133.40547950893063,3.405990423520351,510.4862862889747,0.030229992281488767,0.01135064111089096,4.741924742927943,122751.20876888123,0.5408075792153676,0.6761010584212838,1.1019481778845988,0.7618187531470574,97.62401689864133,0.009313984097344678,895.9753133308013,0.08507171603976466,12.184349995723158,81.46800227876946,593991.0338966958,100436351.90438662,3757.900335295299,0.026771085669834237,2035.5438663121913,0.19327230025751913,0.43307849572663026,32.51529040452163,0.01254408792882751,6.851477473491628,0.0317482327761617,592998.9214726331,84.8474698244459,4.570130458512615e-05,97.3763670643398,0.03447763459543834,0.006122684691533588,case_00427
3.1.1.dev111+g8ed579383,2.0.2,2.5.5,1.8.0,3.12.13,"{'minimumROIDimensions': 2, 'minimumROISize': 50, 'normalize': False, 'normalizeScale': 1, 'removeOutliers': 3, 'resampledPixelSpacing': [1, 1, 1], 'interpolator': 'sitkBSpline', 'preCrop': False, 'padDistance': 10, 'distances': [1], 'force2D': False, 'force2Ddimension': 0, 'resegmentRange': None, 'label': 1, 'additionalInfo': True, 'binWidth': 25}",{'Original': {}},18b4e7ba3f3ae8c7288a605890485eda0145fe67,3D,"(5.0, 0.69921875, 0.69921875)","(93, 512, 512)",-482.4550920301868,-1024.0,3071.0,2a5f13876c4fab96110eddf5e87c3635edb3da27,"(5.0, 0.69921875, 0.69921875)","(93, 512, 512)","(21, 251, 100, 24, 105, 289)",126225,3,"(np.float64(31.963279857397506), np.float64(299.86089126559716), np.float64(235.52838185779362))","(164.68586075212914, 209.66835756461677, -159.81639928698752)","(1.0, 1.0, 1.0)","(142, 95, 224)",49.23822206579993,-888.0979105415562,1396.7353890033628,"(1.0, 1.0, 1.0)","(142, 95, 224)","(13, 11, 11, 120, 73, 202)",308830,3,"(np.float64(69.77795227147622), np.float64(44.501311401094455), np.float64(105.62869539876307))","(164.77908602376306, 209.65170202609445, -159.77795227147624)",88.75343651729115,-115.32921375197502,195.20759653958737,0.3657045269767656,0.18103814813882532,51.55871672725274,284.7947642930815,203.9730374338726,201.30076999355964,119.6202324023825,206.9806754264755,308452.4166666667,104.15073456126083,0.416341195064635,53026.56864925096,0.17191166541111866,308830.0,12.688013532054722,136.64361626427413,3147642690.4485254,2.763133999847992,55.23002931471828,3.8247379077265666,195.20759653958737,37.401206208992264,88.75343651729115,102.03109619269873,-115.32921375197502,310.5368102915624,24.684726564200673,100.9561947444974,-1.1527061975300215,3147642690.4485254,0.18329795093698914,2314.9807636600485,87.46332215117643,504.12500400009674,-44.03146940225016,11.070683672185975,1.695903103918667,0.7314185245626094,0.8879599558643514,1.7093670153232214,0.8771690124302297,0.6545294602682018,0.629719746036995,0.9904621562636489,0.9400998243413006,-0.21123193131795442,0.7982436823185888,0.47315784492420404,9.225941977165572,0.06264787501517335,4.759537488836268,0.7505877118957109,0.13587576379713687,18.451883954331144,3.500258436488634,3.1916466940261614,31189.293617560492,0.1571977579059874,4.420155158327586,81.26101490174106,4.403466691769383,405.1220771127771,0.05912592033950699,0.01786384002656684,4.338082708413461,101515.88113572921,0.5038092884575434,0.6392463864859681,1.6417628889344824,0.7333770078221052,57.107796543580356,0.014242974749434846,798.4949379723371,0.11385925252706931,9.697248366577732,55.27563097105376,1138525.6614858122,113022688.71481535,11858.625722499892,0.045048078037158525,1023.9006131470127,0.14600037261471735,0.35055360139697905,16.33396788317277,0.01908172625216656,6.743011483482672,0.022708286112100507,1136586.4227161675,192.51137367809685,3.3488614840410655e-05,49.017920830891335,0.030456523326089464,0.0029507004856047826,case_00428
3.1.1.dev111+g8ed579383,2.0.2,2.5.5,1.8.0,3.12.13,"{'minimumROIDimensions': 2, 'minimumROISize': 50, 'normalize': False, 'normalizeScale': 1, 'removeOutliers': 3, 'resampledPixelSpacing': [1, 1, 1], 'interpolator': 'sitkBSpline', 'preCrop': False, 'padDistance': 10, 'distances': [1], 'force2D': False, 'force2Ddimension': 0, 'resegmentRange': None, 'label': 1, 'additionalInfo': True, 'binWidth': 25}",{'Original': {}},1d61b281bd535f102f356dae525ab2907baea445,3D,"(5.0, 0.9765625, 0.9765625)","(96, 512, 512)",-576.9730123281479,-1024.0,2131.0,4c5b51c32e946d0c01e348df1b7486faae97c371,"(5.0, 0.9765625, 0.9765625)","(96, 512, 512)","(25, 245, 157, 21, 93, 220)",76357,2,"(np.float64(35.13359613394974), np.float64(290.16784315779825), np.float64(265.67180481160864))","(259.44512188633655, 283.36703433378733, -175.6679806697487)","(1.0, 1.0, 1.0)","(127, 113, 237)",5.559824045670055,-1028.1670234992357,1209.2668916071334,"(1.0, 1.0, 1.0)","(127, 113, 237)","(13, 11, 11, 105, 91, 215)",363990,2,"(np.float64(65.77646363911096), np.float64(55.25658671941537), np.float64(117.50168960685733))","(259.5134083568573, 283.2683054694154, -175.77646363911094)",123.72277328244523,-155.49994067343175,253.28370043508474,0.35622041689590683,0.1790027854986565,52.7560690654039,294.7220565224101,214.84180226389836,214.23818520515897,118.80235687897779,215.78924903711027,364053.9583333333,104.98601384283197,0.43878749798311334,56191.90009150204,0.15435047142119487,363990.0,17.522341695075564,187.15095563295972,7158567082.832178,3.142322332443506,76.9598540067702,3.7688323876405585,253.28370043508474,51.852235019621205,123.72277328244523,145.04363087856873,-155.49994067343175,408.78364110851646,34.386815119348384,140.23884406636952,-1.1922609168867464,7158567082.832178,0.14550331787830442,4359.608756372163,165.88701276692856,1788.9712350790946,-118.89333175014055,21.04048752237267,2.4965363196540484,0.7854036323270857,1.038179889272802,1.8947106442738486,1.3800279207006023,0.6298565482049666,0.5995505988976897,0.9927030928599273,0.9487731891574822,-0.23613238785063975,0.8555058498498481,0.4632544588960937,12.698330302475531,0.046269696013087086,5.3475689094720265,0.8031845929220511,0.1209611405003142,25.396660604951062,3.917974854345609,5.884255960506683,29470.171964292025,0.12168458614728918,8.122002596948949,152.68601763037879,3.661139173231303,641.6114894214186,0.025826459261449778,0.009365942482514693,4.62269229456884,129960.01081412574,0.5334941888140777,0.662838159121024,1.2747720565024734,0.757488174052172,110.18268149741,0.00770163687618773,1050.358016361643,0.08858547831337125,12.031668192029063,88.95656574175592,745040.6276461162,142362742.7007675,4002.623979245621,0.02167530305234299,2551.34865480307,0.21517657542405919,0.4618971835577044,36.673151866110835,0.010703890984364629,6.645081856093442,0.03257507074370175,744098.2406929748,92.1050268752977,3.522760377027443e-05,101.4228662066841,0.031045175896541096,0.006272064296126509,case_00429
3.1.1.dev111+g8ed579383,2.0.2,2.5.5,1.8.0,3.12.13,"{'minimumROIDimensions': 2, 'minimumROISize': 50, 'normalize': False, 'normalizeScale': 1, 'removeOutliers': 3, 'resampledPixelSpacing': [1, 1, 1], 'interpolator': 'sitkBSpline', 'preCrop': False, 'padDistance': 10, 'distances': [1], 'force2D': False, 'force2Ddimension': 0, 'resegmentRange': None, 'label': 1, 'additionalInfo': True, 'binWidth': 25}",{'Original': {}},3a4f1ca5ac546517d225a9901b429758566ca530,3D,"(5.0, 0.82421875, 0.82421875)","(60, 512, 512)",-514.9827337900798,-1024.0,2067.0,387e6a000c4dde98b2dd6c9cd74d2c2deb037fa4,"(5.0, 0.82421875, 0.82421875)","(60, 512, 512)","(22, 259, 140, 25, 88, 280)",81500,3,"(np.float64(32.8382208588957), np.float64(302.9853128834356), np.float64(226.32974233128834))","(186.54521731211656, 249.72617585314418, -164.19110429447852)","(1.0, 1.0, 1.0)","(147, 94, 253)",59.79598903587652,-966.1655928000085,1357.1165705935005,"(1.0, 1.0, 1.0)","(147, 94, 253)","(13, 10, 11, 125, 73, 231)",277040,5,"(np.float64(69.1883843488305), np.float64(46.640214409471554), np.float64(82.48386514582732))","(186.57175577082734, 249.72810503447155, -164.18838434883048)",119.21987450716583,-131.9314027657329,281.5448470771165,0.32896632499429235,0.17091807695667172,46.33109891804494,271.07196466872267,234.38643305447522,226.38462845343543,114.12712210513327,239.82910582329242,276823.5,89.17354802605234,0.4781075405366237,42962.92435046104,0.15519970071349087,277040.0,49.69697670555283,177.37648154418378,4685584967.050902,3.0277184240726163,67.1750052034968,3.815854012155345,281.5448470771165,40.825556494826444,119.21987450716583,126.97294589237131,-131.9314027657329,413.4762498428494,27.98223877948043,130.05009373613922,-0.8366986024008483,4685584967.050902,0.14655833091651865,2699.6484032742305,132.56378548482945,750.6776087971461,-42.57676012083588,14.279600496639931,1.910458456998395,0.7627583360440288,0.9363260355832298,1.7541309773699294,0.9971477846344787,0.6429927419700753,0.6161529894539455,0.9943236513977946,0.9530646280173054,-0.23980905215371603,0.8535247739493612,0.4770087805181944,11.378524681486027,0.04144261441661197,5.237779561166708,0.7753869863229597,0.09021054464745164,22.75704936297205,3.865356291378016,4.047514738409581,24810.02411819007,0.13702340773409455,4.898866669701109,128.26176369080983,3.8159755591681996,518.1181335262553,0.0329796650910901,0.009893272812560848,4.522572639085604,93320.2432035127,0.5052976182329215,0.652975410382283,1.2356221132613554,0.732747946145127,92.05936260085652,0.007597575115142397,531.7828008157716,0.09037777036297953,10.408299292785376,93.19850441876275,1031477.1852481305,150416930.40975526,7375.895207339504,0.02037933698058607,1023.1951053704962,0.17389447745929576,0.39904658573959745,34.18733294323674,0.008749151338694092,6.929872182468684,0.021238810280103958,1029260.3182971852,78.2018569549453,4.61170817387872e-05,93.11682339942222,0.017996982455344736,0.007158367099986093,case_00430
3.1.1.dev111+g8ed579383,2.0.2,2.5.5,1.8.0,3.12.13,"{'minimumROIDimensions': 2, 'minimumROISize': 50, 'normalize': False, 'normalizeScale': 1, 'removeOutliers': 3, 'resampledPixelSpacing': [1, 1, 1], 'interpolator': 'sitkBSpline', 'preCrop': False, 'padDistance': 10, 'distances': [1], 'force2D': False, 'force2Ddimension': 0, 'resegmentRange': None, 'label': 1, 'additionalInfo': True, 'binWidth': 25}",{'Original': {}},f9f2b1284ac37eac347afe592005df2169a19f09,3D,"(5.0, 0.76171875, 0.76171875)","(127, 512, 512)",-587.2129131827768,-1024.0,3071.0,0be22b3a351cc4399c6d543fd2661a64643ab05e,"(5.0, 0.76171875, 0.76171875)","(127, 512, 512)","(57, 276, 112, 25, 131, 303)",123615,8,"(np.float64(70.27632568863002), np.float64(342.2585689438984), np.float64(309.2596125065728))","(235.568845463991, 260.7047693127351, -351.38162844315013)","(1.0, 1.0, 1.0)","(147, 122, 253)",55.58026329859033,-1059.3014728372968,1553.8110310211955,"(1.0, 1.0, 1.0)","(147, 122, 253)","(13, 11, 11, 125, 100, 231)",357930,5,"(np.float64(81.38281228173106), np.float64(61.603623613555726), np.float64(161.55503869471684))","(235.67417931971684, 260.72276423855567, -351.38281228173105)",97.8965064230692,-309.69917799150886,206.57716844610087,0.38612818412267097,0.15921725713964038,45.582537598682585,286.2914386139986,215.8633827215723,233.20591759215716,132.4235628579748,240.22697600394508,357654.5833333333,110.54519332189041,0.48602765808740167,50133.997724136665,0.1401743471505072,357930.0,38.72789005292692,139.83594203654485,4057523951.1819944,2.5986876337136415,46.90530275767907,5.090774562340391,206.57716844610087,31.678443187949107,97.8965064230692,108.12521874124248,-309.69917799150886,516.2763464376097,20.300496867877058,106.47103990211137,-1.3380823921750749,4057523951.1819944,0.2075067448212243,1752.356367994965,308.71485546697375,372.5934389068076,-32.44510455676237,8.8213642517623,1.2502296107911346,0.7499009487950382,0.7257076481702659,1.5382567011477097,0.7019250157248668,0.7011473739741965,0.684704223151619,0.9974611058546579,0.9693439216796461,-0.2449598295137612,0.8238250502480486,0.45399512498062494,17.51632253512576,0.07814286195599453,4.431546823244859,0.7674477104659945,0.1636416824754311,35.032645070251526,3.3889018826952393,2.5178984656383587,36219.401407819576,0.17647352113537337,3.579665223893635,297.51459708898614,5.865745699100474,1857.1798293570964,0.019089839265012544,0.0035706405442485437,4.459104133689344,90605.53727475269,0.4335079080758352,0.5703210124884753,2.3717050151118126,0.6785148970000455,196.9299341444195,0.0025098141346311348,690.7497662823309,0.10762695018422108,8.575289718141395,224.37862262387037,2408359.261452166,780414522.9241197,7496.742550393548,0.00544989113600506,1099.085384855095,0.1712504494944056,0.3951952972091741,81.15807170624079,0.0024553487520930046,6.647130847951568,0.017930880339731232,2405249.000877479,52.061108248874774,3.115655209159167e-05,151.25239323306295,0.006505335120695773,0.018464490460165153,case_00431
3.1.1.dev111+g8ed579383,2.0.2,2.5.5,1.8.0,3.12.13,"{'minimumROIDimensions': 2, 'minimumROISize': 50, 'normalize': False, 'normalizeScale': 1, 'removeOutliers': 3, 'resampledPixelSpacing': [1, 1, 1], 'interpolator': 'sitkBSpline', 'preCrop': False, 'padDistance': 10, 'distances': [1], 'force2D': False, 'force2Ddimension': 0, 'resegmentRange': None, 'label': 1, 'additionalInfo': True, 'binWidth': 25}",{'Original': {}},79f05f0fc367f7740442851d6c7d150e675f7995,3D,"(3.0, 0.765625, 0.765625)","(162, 512, 512)",-491.75038785110286,-1024.0,3071.0,bda3955a8dab62494b9651e45d1772be494a4a3a,"(3.0, 0.765625, 0.765625)","(162, 512, 512)","(38, 276, 100, 45, 127, 313)",313394,5,"(np.float64(61.85274446862416), np.float64(340.6112305915238), np.float64(255.04718022680714))","(195.2704973611492, 260.7804734216354, -185.55823340587247)","(1.0, 1.0, 1.0)","(157, 120, 261)",58.19587661967384,-1052.1197964592627,1201.6266899631132,"(1.0, 1.0, 1.0)","(157, 120, 261)","(12, 11, 11, 135, 98, 239)",551055,4,"(np.float64(84.56400903721044), np.float64(60.652187168249995), np.float64(129.10997087405067))","(195.22715837405065, 260.76937466825, -185.56400903721044)",105.93225925897411,-119.09194368881434,255.71636311841814,0.31822484322186806,0.1915286831916229,64.13584525474745,334.86287372727384,237.60892239139505,239.64139876073165,125.53883861180172,242.75296084703066,550895.9583333334,106.56168549268592,0.5346899515558348,60780.15819926883,0.11032964987282096,551055.0,45.38638033913491,152.32118591410304,7231242568.198789,2.7215984567799874,60.29098311667934,3.709961304508616,255.71636311841814,35.1060261489532,105.93225925897411,117.1609810552364,-119.09194368881434,374.8083068072325,24.7929600096328,114.55366575644753,-0.9392614937798551,7231242568.198789,0.18371316938373494,1900.8987865293975,98.39779425934559,339.19157279683617,-27.698314069729275,9.994848125209794,1.507150328936246,0.7370414710450894,0.8464653500841084,1.652490557880897,0.7687470432034753,0.6604836871515315,0.6377210467838558,0.994287726685159,0.9522290400572693,-0.22122878629812823,0.8178168420710604,0.4821913147597926,9.812015726967818,0.05938088278653345,4.752382708038705,0.76666225418592,0.1520082924789303,19.624031453935636,3.5148021475682887,2.87549961353651,56658.20042210515,0.16349441044183471,3.542955229330308,95.37493579549044,4.111954821123601,417.065677564974,0.04691390602224635,0.013211483628794514,4.318404149770921,170129.75641969143,0.4833160457216812,0.6279653782988296,1.383222295445004,0.7176499974831689,66.93553439439978,0.009997087850009025,1337.1846586470863,0.10445123095196739,8.71134912157946,69.31323230745195,2010030.5809248555,219137849.44219652,19340.93282986215,0.029171980095496756,2725.2376191220123,0.2128759271302931,0.4503382748203551,29.00508491154811,0.015260924728693268,6.3346169212108485,0.023231800818430102,2008177.756577888,221.47710561366225,2.020269198061603e-05,70.5697852170921,0.015495503663664147,0.002528700946828224,case_00432
3.1.1.dev111+g8ed579383,2.0.2,2.5.5,1.8.0,3.12.13,"{'minimumROIDimensions': 2, 'minimumROISize': 50, 'normalize': False, 'normalizeScale': 1, 'removeOutliers': 3, 'resampledPixelSpacing': [1, 1, 1], 'interpolator': 'sitkBSpline', 'preCrop': False, 'padDistance': 10, 'distances': [1], 'force2D': False, 'force2Ddimension': 0, 'resegmentRange': None, 'label': 1, 'additionalInfo': True, 'binWidth': 25}",{'Original': {}},fed811d29d0471954c8332ca566ff58bc8e0a940,3D,"(2.5, 0.689453125, 0.689453125)","(106, 512, 512)",-378.4546194616354,-1024.0,1454.0,b383cdca7a427f8f9b6736b4cedce995b33cc06c,"(2.5, 0.689453125, 0.689453125)","(106, 512, 512)","(43, 205, 87, 56, 119, 337)",269476,2,"(np.float64(69.54117620864196), np.float64(272.56003874185456), np.float64(233.18455446867253))","(160.769819780159, 187.9173704606927, -173.8529405216049)","(1.0, 1.0, 1.0)","(162, 105, 254)",44.33811001395872,-1010.4933377271799,1301.6760641663511,"(1.0, 1.0, 1.0)","(162, 105, 254)","(11, 11, 11, 140, 82, 232)",320350,2,"(np.float64(78.36931481192445), np.float64(57.74666770719526), np.float64(111.59614484157952))","(160.75141827907953, 187.90194114469526, -173.61931481192445)",111.06184784594505,-108.88387999898964,238.85177713136932,0.2924986437698084,0.15081332502096387,51.047070486137336,338.47851626533344,230.67292862405853,233.62576912660984,116.05602095539895,237.10124419749468,320072.625,99.00450695282706,0.4744439083907241,47694.13068268844,0.14901034002107627,320350.0,38.01572151450974,168.93148322802844,4848273475.480317,3.006488067297589,72.01998438155276,3.4080033721287335,238.85177713136932,42.54713404201943,111.06184784594505,122.3360337798243,-108.88387999898964,347.73565713035896,29.854815386387518,123.02154879794296,-0.8644985019073129,4848273475.480317,0.14757866619517254,2799.5674216888056,104.63914546751396,666.4917899605091,-43.139220303463155,14.089139920812455,2.0995670284487797,0.7391283803014933,1.008566449895402,1.8351791014123326,1.0455872088108658,0.6251028779683673,0.593821147294135,0.9910815697618524,0.9406449071605821,-0.2112195938523188,0.8226452496213367,0.473035006306173,10.081717495896154,0.04128843147942845,5.248214173482207,0.7519345717860317,0.09101221809312567,20.163434991792307,3.807190787754464,4.047176737315309,29090.73293368313,0.13468235897612474,5.093351614193992,99.5327933506791,3.404596750321652,370.6442571519723,0.038926173296967945,0.014066146044105898,4.419890344949727,116549.04024176252,0.5327414545335827,0.6731694901009713,1.064198701423949,0.7554000859838427,72.7785023526401,0.0113652061816315,826.7860673099552,0.09729184129324021,10.274752837335061,63.34266886326194,810015.452577077,94723440.03012474,7321.509425972756,0.037000123034899086,1827.9449282184044,0.21510295695674328,0.46376110091584155,25.43426291609986,0.020975936799731136,6.544823729326365,0.02652723583580459,808594.3808365248,136.8180712000514,3.8427346188988564e-05,66.44141631559026,0.028559942877832183,0.0038497890561770562,case_00433
3.1.1.dev111+g8ed579383,2.0.2,2.5.5,1.8.0,3.12.13,"{'minimumROIDimensions': 2, 'minimumROISize': 50, 'normalize': False, 'normalizeScale': 1, 'removeOutliers': 3, 'resampledPixelSpacing': [1, 1, 1], 'interpolator': 'sitkBSpline', 'preCrop': False, 'padDistance': 10, 'distances': [1], 'force2D': False, 'force2Ddimension': 0, 'resegmentRange': None, 'label': 1, 'additionalInfo': True, 'binWidth': 25}",{'Original': {}},66db06fad607698118f5de6d3b13f7284f8b5057,3D,"(5.0, 0.74609375, 0.74609375)","(50, 512, 512)",-404.5371240234375,-1024.0,1300.0,e7fcb2857e295feaea3604fdd77b6fceebfdbb9d,"(5.0, 0.74609375, 0.74609375)","(50, 512, 512)","(23, 198, 123, 23, 121, 291)",157776,3,"(np.float64(33.1471326437481), np.float64(260.2693375418315), np.float64(269.063140148058))","(200.74632721984014, 194.18532605660081, -165.7356632187405)","(1.0, 1.0, 1.0)","(137, 112, 239)",13.969327790966169,-1085.4746884728113,1328.4843386189582,"(1.0, 1.0, 1.0)","(137, 112, 239)","(13, 11, 11, 115, 90, 217)",439440,4,"(np.float64(65.74486846896049), np.float64(57.07908929546696), np.float64(119.57522073548152))","(200.70217386048154, 194.20604242046696, -165.74486846896048)",129.54063730912495,-141.82748761723738,296.23826130917286,0.36523993711952835,0.17099229919743245,51.875411884067766,303.3786441117502,213.92755783208483,220.8438362282271,126.19429464123962,221.49717831159836,439466.3333333333,110.80599689878342,0.4598724020957679,60785.10676817367,0.13831573014278759,439440.0,29.591020080502187,212.93635408626722,9727553666.621529,3.4500238678016664,113.24394581532387,2.726474972102381,296.23826130917286,61.23801761940966,129.54063730912495,142.1206409619154,-141.82748761723738,438.06574892641027,45.821544105608936,148.78255920652515,-0.6314498373748888,9727553666.621529,0.10510599927272846,5355.473209588901,147.57029477466762,2045.7423631314803,-84.65425183235885,27.950288896770033,3.0331220844681743,0.8028691068228913,1.164480803049741,2.013652264329155,1.6273830330879326,0.6038023555087241,0.5677014861807652,0.991185280790419,0.9430588028110081,-0.25035515807880687,0.8897336900666363,0.4589432184099421,11.888593190036405,0.026655279778114545,5.907058770759338,0.8187040498844351,0.06750477034080402,23.77718638007281,4.282408789056497,7.745852745309553,29645.15881964093,0.09755638845443161,9.145059606287749,139.13372332165866,3.147980515437706,485.18565980093626,0.028325637272346518,0.011233665569864616,4.76587950025151,171282.16865652843,0.5590084347414308,0.6913794129591508,0.9821902232392993,0.7750139823749989,104.17016500732537,0.009314339317831936,1318.4313496215152,0.08113923008317528,12.726593558585794,84.79623361437626,527246.9604283341,90092343.63573143,3431.793018501349,0.02741928998977285,3701.567050280017,0.2278027601870895,0.4779779191230854,37.56483710124831,0.013805088312748523,6.700039652636353,0.03697660659020572,526515.5756884613,110.74568851567756,3.622844706944456e-05,98.67395332311517,0.04013443843991584,0.00465606938080841,case_00434
3.1.1.dev111+g8ed579383,2.0.2,2.5.5,1.8.0,3.12.13,"{'minimumROIDimensions': 2, 'minimumROISize': 50, 'normalize': False, 'normalizeScale': 1, 'removeOutliers': 3, 'resampledPixelSpacing': [1, 1, 1], 'interpolator': 'sitkBSpline', 'preCrop': False, 'padDistance': 10, 'distances': [1], 'force2D': False, 'force2Ddimension': 0, 'resegmentRange': None, 'label': 1, 'additionalInfo': True, 'binWidth': 25}",{'Original': {}},740e5abba9a1bf90036baae0e673ce93dbc95ff1,3D,"(5.0, 0.78125, 0.78125)","(49, 512, 512)",-575.6514958751445,-1024.0,1308.0,ad0e9d090d4bb500436d9940dc0109c05672ea57,"(5.0, 0.78125, 0.78125)","(49, 512, 512)","(19, 288, 114, 25, 98, 294)",152116,2,"(np.float64(28.755364327223962), np.float64(337.3956191327671), np.float64(257.6722632727655))","(201.30645568184806, 263.5903274474743, -143.77682163611982)","(1.0, 1.0, 1.0)","(147, 99, 252)",50.692106214829245,-1056.5361440929548,1340.3464253070545,"(1.0, 1.0, 1.0)","(147, 99, 252)","(13, 11, 11, 125, 77, 230)",463955,2,"(np.float64(63.78479593926135), np.float64(49.46599346919421), np.float64(123.18955502149993))","(201.29893002149993, 263.5753684691942, -143.78479593926133)",171.548577409045,-155.15093890765328,370.03745892476593,0.3272699858777946,0.17031425523752747,54.44073816843863,319.6487463278589,228.42942017174582,229.63013739489858,123.4908903522847,233.13944325231628,464027.8333333333,104.61144069657313,0.5090746965141598,56937.53145747231,0.1227028366993912,463955.0,53.150903097154846,272.4912608471736,17427479638.508854,3.7284155051629906,143.62687313166418,2.7169169011634864,370.03745892476593,75.9206169786361,171.548577409045,191.30069335823126,-155.15093890765328,525.1883978324192,57.23189981890895,193.81141945007178,-0.6443496329013101,17427479638.508854,0.08781133207495496,8133.951898184559,222.45824202543776,4648.7365746983205,-157.48230865729641,42.704946197530674,4.372046045975452,0.8130218443789252,1.333691077361195,2.1850979775171577,2.529290174686566,0.5881659657001131,0.5481904549980486,0.9915870404243392,0.9467473258909609,-0.2618303730288066,0.9126822413783794,0.43770111864069344,14.590149466676214,0.020913646785899645,6.35682223837421,0.832065025167421,0.06055923204651034,29.18029893335243,4.581500384809749,11.769248060876532,26490.945003375222,0.0816887481921864,13.570311979495479,210.67590746183956,3.0698087768217115,714.2603416151209,0.018523032007034874,0.00742323272277561,4.998039901912586,187886.6803144215,0.5761455409430425,0.6989280293264516,0.9736326561674387,0.7870269899546026,160.35438038120205,0.0062238470747587185,1652.3383935742972,0.06635897162948985,16.920035281689007,132.88871485943775,284825.32493975904,76328675.43301205,1164.3710856438709,0.01597600322759974,7373.6859437751,0.29613196561345784,0.5576031304231117,71.85249181859824,0.008817100197542409,6.542315039050245,0.0536689980709336,284478.14627808426,67.88653834953983,3.9028056251326825e-05,158.51459405336757,0.043591690903998906,0.007588878630527167,case_00435
3.1.1.dev111+g8ed579383,2.0.2,2.5.5,1.8.0,3.12.13,"{'minimumROIDimensions': 2, 'minimumROISize': 50, 'normalize': False, 'normalizeScale': 1, 'removeOutliers': 3, 'resampledPixelSpacing': [1, 1, 1], 'interpolator': 'sitkBSpline', 'preCrop': False, 'padDistance': 10, 'distances': [1], 'force2D': False, 'force2Ddimension': 0, 'resegmentRange': None, 'label': 1, 'additionalInfo': True, 'binWidth': 25}",{'Original': {}},68c34a30326a99ce032577e40cd0a9e51854ab40,3D,"(5.0, 0.775390625, 0.775390625)","(47, 512, 512)",-300.7743688542792,-1024.0,1235.0,81ac77748e2ac78c6e04394135fcdeff1ec4ce6a,"(5.0, 0.775390625, 0.775390625)","(47, 512, 512)","(16, 234, 116, 26, 128, 274)",125945,3,"(np.float64(28.861765056175315), np.float64(291.33514629401725), np.float64(234.72386359125014))","(182.0026832924342, 225.89854116938446, -144.3088252808766)","(1.0, 1.0, 1.0)","(152, 121, 235)",-16.12138449062396,-1020.6794296945891,1229.177701896293,"(1.0, 1.0, 1.0)","(152, 121, 235)","(13, 10, 11, 130, 100, 212)",378655,4,"(np.float64(79.30497418494407), np.float64(54.79161769948898), np.float64(102.91551676328056))","(182.02782145078058, 225.903922386989, -144.30497418494406)",53.42451562174768,-139.29412352211205,838.621162666427,0.35794950773233136,0.20904733178362433,62.17142767258082,297.4035934451999,215.72436116489024,211.85844330590177,118.0889495253472,223.69845775060676,378301.75,106.4554698715357,0.3969997777842184,63716.624617317415,0.16842804617561885,378655.0,-1.6377400060583742,99.29306796741074,1702824060.9380949,2.697348837090959,50.75012321603485,8.78277186058165,838.621162666427,31.392959387273944,53.42451562174768,58.31622507012104,-139.29412352211205,977.9152861885391,21.31414864782866,67.05992156333814,-0.15695425544044145,1702824060.9380949,0.1846921267889822,1642.8542106627033,78.17180587606796,673.4425176886593,-0.4327736409405618,7.763419863200747,1.9212663687072764,0.6010717352872759,1.0071617894330323,1.7772164221317674,0.8670450595211171,0.615220427648205,0.5820266639687653,0.9988065310438424,0.9759507702974864,-0.14027137197241818,0.6774150196492561,0.4839015814854707,8.7584478522575,0.051110774194170046,4.876579739196387,0.7329966585663711,0.10363759709683652,17.516895704514994,3.4329449471081404,2.4211715579770035,44504.174924226165,0.16914847004330993,3.1044793627505007,75.85813106472844,3.4476326140369555,274.4204678860652,0.049760987588413866,0.016400318946923807,4.056051504582232,148306.21271282842,0.5524362871752361,0.6931282078368475,1.0874192096304098,0.7652559924406042,57.26829011584076,0.013029458461307578,1063.607600387555,0.11450184092879268,11.52332723354594,65.44751857035203,1354938.8899773925,111195359.42092799,17245.026710181282,0.033474435068053005,1602.8445473140273,0.1725529709671684,0.3884625921375821,22.628147515491367,0.016228350846894852,6.566219373946938,0.024531565673238172,1353277.2020445473,76.56564546261446,2.33752794377453e-05,677.5524397711033,0.0029426300472127033,0.06775532375178384,case_00436
3.1.1.dev111+g8ed579383,2.0.2,2.5.5,1.8.0,3.12.13,"{'minimumROIDimensions': 2, 'minimumROISize': 50, 'normalize': False, 'normalizeScale': 1, 'removeOutliers': 3, 'resampledPixelSpacing': [1, 1, 1], 'interpolator': 'sitkBSpline', 'preCrop': False, 'padDistance': 10, 'distances': [1], 'force2D': False, 'force2Ddimension': 0, 'resegmentRange': None, 'label': 1, 'additionalInfo': True, 'binWidth': 25}",{'Original': {}},d12a437ecbf78f2c70bcfdb02a3ce783fa423805,3D,"(3.0, 0.87109375, 0.87109375)","(151, 512, 512)",-566.3969085895462,-1024.0,1411.0,82ab18a9356d7a525c7dad05ff38bdf97221e2ad,"(3.0, 0.87109375, 0.87109375)","(151, 512, 512)","(26, 251, 132, 37, 89, 243)",149027,2,"(np.float64(42.840968415119406), np.float64(300.46274836103527), np.float64(266.3913116415146))","(232.05180662522562, 261.73122220512056, -128.52290524535823)","(1.0, 1.0, 1.0)","(133, 99, 234)",47.03649369639495,-1010.2804792916704,1393.0289053812132,"(1.0, 1.0, 1.0)","(133, 99, 234)","(12, 11, 11, 111, 77, 212)",339288,2,"(np.float64(63.52910801443022), np.float64(53.65461201103487), np.float64(127.98922154629695))","(232.05367467129696, 261.7190651360349, -128.52910801443022)",101.89876064699827,-140.6316076702429,728.1744419185361,0.3250949687342402,0.1817503384047546,52.34958828222682,288.0302107919341,214.3105223734943,212.08488866489287,109.20164833920778,219.62923302693565,339304.0416666667,93.63717237192043,0.49472505931749494,47553.18064167241,0.14014917242980793,339288.0,27.125068657827338,170.37831977446768,4662193310.173935,3.192483547414068,90.24186416917892,2.9778167577648738,728.1744419185361,48.36075479470774,101.89876064699827,108.89610481635725,-140.6316076702429,868.8060495887789,36.33802112137421,117.22247550520933,-0.4006943726953672,4662193310.173935,0.12504031549057282,3357.751342175162,118.14618499326274,856.0552403289537,-25.085896256206414,17.856731590899066,2.409177864082383,0.7615437736655419,1.035837416776358,1.890216895120165,1.3039131694617334,0.6266485434508484,0.595699086385739,0.9981673086277093,0.9729222079069942,-0.23514028723365,0.8661835642440028,0.4667941646888386,10.690357125216698,0.03236356751834411,5.541142856469337,0.7839084144562212,0.0745406642229284,21.3807142504334,4.033729354295571,5.066477363745365,26915.736724631224,0.11895416634089248,5.828726199711383,115.14913220072887,3.3737674044212946,404.5640926133291,0.03519879929145494,0.011733807364238088,4.605769025163009,120471.48255000285,0.5272077111622869,0.6670461944742201,1.045815459274768,0.7525381849785187,85.16502870480303,0.009245120647531021,964.6726657163222,0.08594731519211708,11.685656021881124,83.86448681397006,605719.0764433357,81378092.98521027,5010.450424691919,0.02504529165151635,2920.3223449750535,0.26018552610255286,0.5161568577344361,40.56405427618709,0.013957163175823465,6.41047030241815,0.03308104029614958,604805.2963696824,46.80022370827108,4.138047883253443e-05,377.23628657923746,0.0078638284510246,0.03742978167406811,case_00437
3.1.1.dev111+g8ed579383,2.0.2,2.5.5,1.8.0,3.12.13,"{'minimumROIDimensions': 2, 'minimumROISize': 50, 'normalize': False, 'normalizeScale': 1, 'removeOutliers': 3, 'resampledPixelSpacing': [1, 1, 1], 'interpolator': 'sitkBSpline', 'preCrop': False, 'padDistance': 10, 'distances': [1], 'force2D': False, 'force2Ddimension': 0, 'resegmentRange': None, 'label': 1, 'additionalInfo': True, 'binWidth': 25}",{'Original': {}},90daa584a2958711c59227e508baa28159ecb008,3D,"(5.0, 0.755859375, 0.755859375)","(96, 512, 512)",-416.31217237313587,-1024.0,1420.0,999c1b83124db5ecd4ea5978130968a16cffaed0,"(5.0, 0.755859375, 0.755859375)","(96, 512, 512)","(18, 215, 112, 25, 115, 302)",168178,2,"(np.float64(30.103194234679922), np.float64(275.2923450154004), np.float64(263.1102343945106))","(198.87433732553828, 208.0822998456249, -150.5159711733996)","(1.0, 1.0, 1.0)","(147, 109, 250)",20.59781837005083,-957.6586733749988,1251.5392182023322,"(1.0, 1.0, 1.0)","(147, 109, 250)","(13, 11, 11, 125, 86, 228)",480560,2,"(np.float64(75.51117446312635), np.float64(55.97443607457966), np.float64(124.7132824205094))","(198.83535273300942, 208.09650638707967, -150.51117446312634)",116.19300230105631,-123.17988829728615,223.5397965337246,0.3843548013667715,0.16492976905101103,52.761425225728324,319.90237741380554,227.43130831088317,227.85302280198084,135.38463723776047,232.2154172315008,480682.1666666667,122.9560147276412,0.4474398472989052,66321.57120911413,0.1379738542601382,480560.0,20.5688432704839,170.11724020159923,8124671211.84373,2.914318606020625,65.78295952879269,3.8557368235606155,223.5397965337246,45.75085072687958,116.19300230105631,136.87041654585283,-123.17988829728615,346.71968483101074,29.99415698182332,130.02566633214562,-1.2585624533884352,8124671211.84373,0.1754965044596298,3405.860121385181,110.94313795313109,1168.7472087956414,-90.8425681353786,16.694549898109877,1.8305944907677894,0.7999840177835288,0.9141922258049568,1.7517318665981283,0.9635135102272359,0.6510071602878748,0.6250125705213491,0.9911195394430841,0.942534631804488,-0.24352684472896874,0.8464356564420334,0.467763501307716,10.354934736882917,0.0633466548220763,4.93452467374629,0.820525586449558,0.1570190650767397,20.709869473765835,3.654732822044494,4.631286097219416,43439.93070421252,0.14086227521701083,6.472198490712089,101.57013281237238,4.3952183877809805,521.3740046780011,0.04844612169992823,0.016034615728037153,4.50602486692486,158953.45329841736,0.5109832783192438,0.6374490978473831,1.7030454897128504,0.7406430659158255,71.51099548074329,0.013130742145115322,982.3458920998127,0.09688784812109799,12.544603713870835,61.22615642568301,1883382.6223493442,242012307.0650952,15156.837728623488,0.05137731987595344,1546.0174573429333,0.15248224256267218,0.3648899530980528,17.92398088250779,0.024404529710830757,6.933453060359045,0.021098301981022142,1881136.1297523743,222.07023474478663,2.3843183672393872e-05,56.60926124772469,0.03744654201105825,0.002724136850611446,case_00438
3.1.1.dev111+g8ed579383,2.0.2,2.5.5,1.8.0,3.12.13,"{'minimumROIDimensions': 2, 'minimumROISize': 50, 'normalize': False, 'normalizeScale': 1, 'removeOutliers': 3, 'resampledPixelSpacing': [1, 1, 1], 'interpolator': 'sitkBSpline', 'preCrop': False, 'padDistance': 10, 'distances': [1], 'force2D': False, 'force2Ddimension': 0, 'resegmentRange': None, 'label': 1, 'additionalInfo': True, 'binWidth': 25}",{'Original': {}},091cafb5092341a48fc438fc5bc9c9ce1228189b,3D,"(5.0, 0.701171875, 0.701171875)","(70, 512, 512)",-395.083474785941,-1024.0,3071.0,3a44480b886392584a7e09d2249b949dc77f7a10,"(5.0, 0.701171875, 0.701171875)","(70, 512, 512)","(26, 234, 89, 28, 118, 307)",161370,2,"(np.float64(40.862793579971495), np.float64(296.3790171655202), np.float64(231.19295408068413))","(162.1059970995422, 207.812631176605, -204.31396789985746)","(1.0, 1.0, 1.0)","(162, 105, 237)",40.29431629894989,-1074.9293379308547,1801.0761031780019,"(1.0, 1.0, 1.0)","(162, 105, 237)","(13, 11, 10, 140, 83, 216)",396770,2,"(np.float64(89.30261864556292), np.float64(54.67902059127454), np.float64(110.05128915996673))","(162.20070322246673, 207.82843465377454, -204.30261864556292)",179.04337213229516,-152.5605548488626,463.6814232143453,0.38391219492586764,0.1973711356781633,57.809604722380044,292.89796871131836,217.671771252039,212.11553455605272,130.9427355755179,220.86421167767313,396576.5833333333,112.44710205729034,0.45523441825726196,57341.23987235238,0.14459058422054014,396770.0,23.931085764299908,319.2489035685889,17752993398.560665,4.098561082154093,189.45831346509544,2.091718686423789,463.6814232143453,96.63199230956954,179.04337213229516,189.13521458121858,-152.5605548488626,616.2419780632079,75.41239793528989,211.52727861295023,-0.2850145132064471,17752993398.560665,0.06334756161523876,12687.260492897134,238.81028596118773,9895.035942258824,-159.28975185143523,69.30799633665589,6.837515409654634,0.8196706221214659,1.7756753517830646,2.4891808004914187,3.5646536460838196,0.5132041017372283,0.45657678443397426,0.9905193561697807,0.9400181812719915,-0.23157002845815142,0.9070411102614633,0.4124457181442981,14.939502148655372,0.010238548618845777,7.1572488711359,0.8286700547016591,0.02823842574533795,29.87900429731074,4.973528788842963,19.036377936577626,19411.90087738458,0.06264630657898193,20.09589203563072,231.98632398317852,2.1718279380631476,519.9896831223994,0.015223825926213085,0.007498965112514936,5.045247742935233,208714.158150869,0.6707952830569639,0.7814664957997367,0.5134465525572204,0.8453221454732189,193.49638515134444,0.006502921359960166,1764.2042561788674,0.05940481703073834,21.350561957802878,163.95427301501783,89352.31894403664,28630619.882584687,336.5439606368859,0.013578276463179322,9238.724358542662,0.3110891089818393,0.5737684577531135,92.06765496838378,0.007696221943163497,6.661666571138355,0.07484940897749326,89173.82509731464,51.791166345647746,4.699946624010743e-05,268.19616855117954,0.06032239575042479,0.010626609587231706,case_00439
3.1.1.dev111+g8ed579383,2.0.2,2.5.5,1.8.0,3.12.13,"{'minimumROIDimensions': 2, 'minimumROISize': 50, 'normalize': False, 'normalizeScale': 1, 'removeOutliers': 3, 'resampledPixelSpacing': [1, 1, 1], 'interpolator': 'sitkBSpline', 'preCrop': False, 'padDistance': 10, 'distances': [1], 'force2D': False, 'force2Ddimension': 0, 'resegmentRange': None, 'label': 1, 'additionalInfo': True, 'binWidth': 25}",{'Original': {}},19710f2f0099a0970b6cbb2d5fc321131c5c9642,3D,"(5.0, 0.7734375, 0.7734375)","(47, 512, 512)",-448.8684133164426,-1024.0,1231.0,644190b96142f1f94d9d7a3e8a594f779e96cecc,"(5.0, 0.7734375, 0.7734375)","(47, 512, 512)","(19, 258, 134, 22, 117, 251)",103284,3,"(np.float64(28.080680453894118), np.float64(314.4182254753882), np.float64(255.57696254986251))","(197.6728069721593, 243.18284626612058, -140.40340226947058)","(1.0, 1.0, 1.0)","(132, 112, 216)",1.034449817570989,-984.7578221761315,1376.1197252483414,"(1.0, 1.0, 1.0)","(132, 112, 216)","(13, 11, 11, 110, 90, 194)",308570,3,"(np.float64(60.403636127945035), np.float64(54.090822179732314), np.float64(104.59430599215737))","(197.7075872421574, 243.2041034297323, -140.40363612794502)",74.33444616000436,-110.46340418651482,185.93940804461917,0.381832415479567,0.18216587037498363,50.89124856896716,279.36763601331506,196.9009903479411,195.6041921841145,120.44085685513866,197.86106236447839,308566.25,106.67161926578055,0.3945383576415237,55970.67018767253,0.18138947531582772,308570.0,-1.2719149565594103,123.91236494997072,2407362091.8632426,2.797188440861651,59.63251715439386,3.275465234361507,185.93940804461917,38.008290010789246,74.33444616000436,87.04902410030053,-110.46340418651482,296.402812231134,26.15771033095252,88.32707697909152,-0.9579550109480637,2407362091.8632426,0.1758562269554653,2276.0626417557737,77.43351134924498,419.4213001100897,-36.681958305620505,10.849157306058732,1.736800627266081,0.7211493728016419,0.9230274761117034,1.7339575690626394,0.8535253497088017,0.6420714472705557,0.6145799640119074,0.9901713926731053,0.9376704213229881,-0.19967231992143336,0.7863068536567964,0.4768521586808025,8.669102405547575,0.05772651940140969,4.843326641710305,0.7403417131236865,0.14208648257125184,17.338204811095146,3.5322061953641155,3.1464894833312034,30638.311429135443,0.1504915017580501,4.249272929755955,71.5590102095265,3.915641866008923,319.01639560791745,0.06082137217427949,0.02064032546680987,4.280091665177311,108288.30279192055,0.524424958230227,0.6577799327418539,1.3885897342974582,0.7488913742100188,51.388779319972635,0.016733595348215308,788.1612393297503,0.1245907744751423,8.689794058094858,42.33749604805564,1214932.386658236,105343736.95573822,14742.694565464215,0.06244344599721326,1028.9680682895985,0.16265698202491283,0.3785116638071943,13.3018959615879,0.030084743559080633,6.533727736935757,0.020501020838059436,1212553.0876374585,195.85665314683362,3.5613703486566505e-05,47.35315015740852,0.03012591146442647,0.0026571461000386063,case_00440
3.1.1.dev111+g8ed579383,2.0.2,2.5.5,1.8.0,3.12.13,"{'minimumROIDimensions': 2, 'minimumROISize': 50, 'normalize': False, 'normalizeScale': 1, 'removeOutliers': 3, 'resampledPixelSpacing': [1, 1, 1], 'interpolator': 'sitkBSpline', 'preCrop': False, 'padDistance': 10, 'distances': [1], 'force2D': False, 'force2Ddimension': 0, 'resegmentRange': None, 'label': 1, 'additionalInfo': True, 'binWidth': 25}",{'Original': {}},c9923736bd1bde7814802567df7b2755ba36d552,3D,"(5.0, 0.5859375, 0.5859375)","(52, 512, 512)",-363.46570550478424,-1024.0,3071.0,d028772f908331ad187dd73b8b6f278aa8e35ecc,"(5.0, 0.5859375, 0.5859375)","(52, 512, 512)","(13, 272, 83, 22, 111, 326)",145521,3,"(np.float64(24.009270139704924), np.float64(328.4481346334893), np.float64(249.67858247263283))","(146.2960444175583, 192.45007888681013, -120.04635069852462)","(1.0, 1.0, 1.0)","(132, 87, 213)",66.19422705937784,-845.478185864634,1355.2718115573289,"(1.0, 1.0, 1.0)","(132, 87, 213)","(13, 10, 11, 110, 65, 191)",249760,2,"(np.float64(70.03583440102499), np.float64(43.235486066623956), np.float64(108.12287796284433))","(146.32990921284434, 192.44251731662396, -120.03583440102499)",75.73886975987236,-98.52678209740121,169.9805632676332,0.3294804182614866,0.1695355939946532,46.24979094822072,272.8028366106963,191.5097908724251,190.51771571168914,105.92922165295089,194.8358283273382,249674.45833333334,89.8831927094122,0.49024701538400345,39112.77025829038,0.15665507204614426,249760.0,6.286730606453073,117.07999763604737,1882883673.8027873,2.5535332344881585,48.80194082158532,3.538146575856781,169.9805632676332,33.413742324738834,75.73886975987236,89.15402490936222,-98.52678209740121,268.5073453650344,22.140447742107128,86.82610158385985,-1.121996245213082,1882883673.8027873,0.21724557211694523,1802.3955237478417,60.96083531911957,310.38490964670285,-31.553871926056505,9.00192920698451,1.1369246221085565,0.7736184685320727,0.6918015647538259,1.511900474972711,0.6408339318987033,0.7123083349184456,0.6962829319297915,0.9910498202799107,0.9449997388163065,-0.25636468973958904,0.8297141183282937,0.43699805007573117,7.680715827116833,0.09295210417957607,4.28051763247032,0.7902115901968133,0.18166916059269422,15.361431654233662,3.312107212342373,2.5347134572732672,23469.159561387947,0.16896132278786405,3.575171976339829,54.570345532788785,6.580864382278231,432.75491140879575,0.12430037526554429,0.028681830968471426,4.467179958875688,60943.60377065981,0.4316809892889778,0.5535791282708323,2.8936434905975514,0.6775643547292803,34.39462026352948,0.021961349589100423,431.3102779573368,0.1394021583572517,7.802711025238498,34.082417582417584,2096234.3044602457,144812383.1822883,31760.167146786367,0.09827384994527989,392.409825468649,0.12682929071384907,0.30958071911523827,8.412949498808162,0.04304926430757902,6.690341817667957,0.012387892376681614,2089717.943206381,200.01435466346953,4.66113969877617e-05,25.839985847996402,0.02586129332450843,0.0028106069375714066,case_00441
3.1.1.dev111+g8ed579383,2.0.2,2.5.5,1.8.0,3.12.13,"{'minimumROIDimensions': 2, 'minimumROISize': 50, 'normalize': False, 'normalizeScale': 1, 'removeOutliers': 3, 'resampledPixelSpacing': [1, 1, 1], 'interpolator': 'sitkBSpline', 'preCrop': False, 'padDistance': 10, 'distances': [1], 'force2D': False, 'force2Ddimension': 0, 'resegmentRange': None, 'label': 1, 'additionalInfo': True, 'binWidth': 25}",{'Original': {}},6629b63b6c252430b1fa9cf9ddeaea98fbe2ad2b,3D,"(0.5, 0.962890625, 0.962890625)","(975, 512, 512)",-572.250311326247,-1024.0,1749.0,0c600711e5d6bd57a662013164e99d26ac2ce9ad,"(0.5, 0.962890625, 0.962890625)","(975, 512, 512)","(212, 216, 130, 303, 103, 267)",1107326,7,"(np.float64(362.0477754518543), np.float64(268.4903533376801), np.float64(264.83108497407267))","(255.00336893011294, 258.52684413178963, -181.02388772592715)","(1.0, 1.0, 1.0)","(174, 121, 279)",6.105303438093349,-1093.179613359871,1526.7260916018786,"(1.0, 1.0, 1.0)","(174, 121, 279)","(11, 11, 11, 151, 99, 257)",513540,5,"(np.float64(85.51585076138178), np.float64(61.53670989601589), np.float64(141.03099661175372))","(255.04955129925372, 258.5552645835159, -180.76585076138178)",116.75316975705098,-259.2804058484707,489.2545159310552,0.3460194617681711,0.1475764281212006,53.117542554484444,359.93243115262567,247.13154391942766,260.5724467398654,132.41223508422476,260.5724467398654,513258.4166666667,124.54362610034084,0.3688565826937026,84046.04976117927,0.16374996888899065,513540.0,1.6383089872519474,218.809437570688,10623936951.645351,3.7666411928766697,123.82899902545958,2.6441344654969496,489.2545159310552,69.25777397564487,116.75316975705098,125.35789142405318,-259.2804058484707,748.5349217795259,50.75803430442733,143.83202800336306,-0.31562170047467647,10623936951.645351,0.08334437072612805,7056.3496312414445,274.8111476759777,2881.422800395233,-62.64338041684656,33.89922927238494,8.348790876665628,0.6042446291751703,2.165301909928969,2.6975826444034703,3.61892311109227,0.443389594827707,0.36852159259414713,0.9916242743120797,0.9375989720271727,-0.09986259680968505,0.713675357654693,0.367316917367554,16.383609952401024,0.010515065103311906,7.060597940425617,0.6350523884804826,0.023313709473170033,32.76721990480203,4.5337645347563065,10.562005037262638,35418.09115339058,0.08113774688245878,11.859423969072733,271.15958289038406,1.6052590075070818,442.25098234564626,0.007080271800941469,0.00461627928590286,4.506622224122087,325084.8540219189,0.7443248288739746,0.8500236667954859,0.21994952988203786,0.8865813325634234,239.20050162079195,0.004149726184320873,3811.9673941115702,0.06153098195557158,22.270132813506766,240.49549651342974,95443.43488507232,30405546.93717717,311.64839767312156,0.0065307971808173755,23277.209936725205,0.3757297575013754,0.6365147580268027,153.86432783558286,0.004330752340819399,6.3529727888479135,0.12063714608404409,95374.72204633617,76.16318262597204,1.929544026570902e-05,629.9221213120909,0.03536386664145772,0.007635375855184216,case_00442
3.1.1.dev111+g8ed579383,2.0.2,2.5.5,1.8.0,3.12.13,"{'minimumROIDimensions': 2, 'minimumROISize': 50, 'normalize': False, 'normalizeScale': 1, 'removeOutliers': 3, 'resampledPixelSpacing': [1, 1, 1], 'interpolator': 'sitkBSpline', 'preCrop': False, 'padDistance': 10, 'distances': [1], 'force2D': False, 'force2Ddimension': 0, 'resegmentRange': None, 'label': 1, 'additionalInfo': True, 'binWidth': 25}",{'Original': {}},97a484ac7caf89e494b7550652a781e60b9d591b,3D,"(5.0, 0.85546875, 0.85546875)","(63, 512, 512)",-483.2204649183485,-1024.0,1476.0,baf8f6e610c165f2fa8bcb6915d32f78d6c0bb26,"(5.0, 0.85546875, 0.85546875)","(63, 512, 512)","(24, 191, 107, 30, 143, 286)",207838,3,"(np.float64(40.179971901192275), np.float64(266.0236193573841), np.float64(258.5889346510263))","(221.21475268974515, 227.57489312213718, -200.8998595059614)","(1.0, 1.0, 1.0)","(172, 145, 266)",36.27998727819367,-1070.5243013730158,1480.3771290817128,"(1.0, 1.0, 1.0)","(172, 145, 266)","(13, 11, 11, 150, 123, 244)",760620,3,"(np.float64(95.89864189739949), np.float64(75.47698587994005), np.float64(140.1421932108017))","(221.2144588358017, 227.54925150494, -200.8986418973995)",191.8299177835123,-177.40614387853057,409.915928050585,0.4296913706131746,0.20242079857652395,66.05794071826125,326.3396903025676,242.19207253748004,243.39268682522078,167.70509831248424,246.81572073107498,760666.6666666666,140.22534881158919,0.49360136760097834,81640.19381879299,0.10732716102382953,760620.0,48.590657033337834,292.6177780322111,35189026708.26839,3.7529832787620316,145.38515273933774,2.8804280586438473,409.915928050585,81.24448188489039,191.8299177835123,223.04035349105337,-177.40614387853057,587.3220719291156,59.8281491241941,215.08977094746584,-0.8382455673399718,35189026708.26839,0.09117838704825786,9464.892209404228,280.90543653015874,7144.4283183014495,-292.3225433792044,50.12440258128936,4.531209312714221,0.8330001458776586,1.4265828499058866,2.2300337184850965,2.4196908736652003,0.559381304945901,0.5133268739187299,0.9931189017805937,0.949026320088299,-0.24610405116543402,0.9024517859502007,0.4440335135584571,16.416572955591057,0.020959106126044166,6.461799380392213,0.8485877659960372,0.06403572941311875,32.833145911182115,4.587820192522208,13.663902973500893,46137.26252962237,0.08218730587249493,16.016553128765946,267.0204872431685,2.654339867247049,778.2600945114872,0.012374387241101927,0.005575362529984979,4.926001915616139,344706.65888796153,0.6103470537806701,0.7367788019085645,0.7469317271037923,0.8085306743094183,209.98589908774287,0.004733711230945372,2272.5678556126823,0.06085496614215623,21.13596316173712,175.7008354755784,558758.7674592973,192784962.05245823,1697.838215397873,0.011037150632797647,9213.535293487575,0.24672063232346764,0.5028923644958205,83.7719775213016,0.005649898461551121,7.000491664798692,0.049096789461228994,558343.9148627269,91.15045027159879,2.0746885065074758e-05,235.2281337375996,0.042464639012871834,0.006072604214656279,case_00443
3.1.1.dev111+g8ed579383,2.0.2,2.5.5,1.8.0,3.12.13,"{'minimumROIDimensions': 2, 'minimumROISize': 50, 'normalize': False, 'normalizeScale': 1, 'removeOutliers': 3, 'resampledPixelSpacing': [1, 1, 1], 'interpolator': 'sitkBSpline', 'preCrop': False, 'padDistance': 10, 'distances': [1], 'force2D': False, 'force2Ddimension': 0, 'resegmentRange': None, 'label': 1, 'additionalInfo': True, 'binWidth': 25}",{'Original': {}},3192a8878348161e96baba5afed606a278b5560b,3D,"(2.5, 0.74609375, 0.74609375)","(102, 512, 512)",-479.0483321021585,-1024.0,2866.0,4b798c7d79e999ecab65dc4bb0bcaf8780d6e20c,"(2.5, 0.74609375, 0.74609375)","(102, 512, 512)","(25, 259, 115, 50, 112, 95)",208964,1,"(np.float64(48.409659080032924), np.float64(316.345805976149), np.float64(161.18845351352385))","(120.26169773860569, 236.02362867751742, -121.02414770008231)","(1.0, 1.0, 1.0)","(147, 106, 93)",22.602413982265293,-1022.2476927137785,2611.0656743375343,"(1.0, 1.0, 1.0)","(147, 106, 93)","(11, 11, 11, 125, 84, 71)",290907,1,"(np.float64(70.55632556108998), np.float64(53.87037094329116), np.float64(45.12618465695222))","(120.25313778195222, 235.99732406829116, -120.80632556108998)",118.01801680645262,-135.52703542106198,308.55132688213206,0.5873819714046459,0.41657268744618625,50.00740043963955,120.04483718366583,125.51493934986385,79.17701686727027,136.97079980784227,136.98540068197048,291035.625,70.51217312189137,0.6302164127195826,33699.63398579765,0.1157921267741626,290907.0,29.236426577194614,188.9656283929241,5299101149.894132,3.278828586355416,96.67051808234226,3.134295869355658,308.55132688213206,53.93639698091471,118.01801680645262,133.63907496788545,-135.52703542106198,444.078362303194,39.30855384929998,134.96588875993746,-0.7974503150574245,5299101149.894132,0.12262552082937472,4287.53883783167,134.0937092210331,1292.2579734934957,-66.79101417720133,21.099483103956892,3.465304999091062,0.7162508314018983,1.224924646680832,2.0700379403035756,1.9100030994249206,0.5960276620955172,0.5587440471544298,0.9910180885896648,0.9434058852797518,-0.20330309299266872,0.834750423675001,0.4578760780359751,11.38789859787943,0.030715105402399103,5.755716574003284,0.7468450296494638,0.07847073466883779,22.775797195758862,4.078001112342514,6.141197025761991,22955.318908099027,0.11310603382456619,7.518052033052821,128.68240587280422,2.9900232937284774,414.4139565561151,0.02898040596067229,0.011845038608143751,4.592959143083496,114541.06666421928,0.5595543040144094,0.6972542903613659,0.8594813252674061,0.7750911199477492,97.00110652504706,0.009838292487747159,1182.311342262753,0.08423420791270682,11.821311350709056,79.69585351952124,582548.2575520091,94081450.94157879,3815.8239431014035,0.029834038400093844,4168.465089769165,0.2969838336968627,0.5579314064865443,41.47636833587373,0.018294586571617266,6.208231572862842,0.04824909679038318,582118.699737392,81.01332888952555,4.361488647157011e-05,125.98687568109416,0.03243397118272653,0.006287654300505238,case_00444
3.1.1.dev111+g8ed579383,2.0.2,2.5.5,1.8.0,3.12.13,"{'minimumROIDimensions': 2, 'minimumROISize': 50, 'normalize': False, 'normalizeScale': 1, 'removeOutliers': 3, 'resampledPixelSpacing': [1, 1, 1], 'interpolator': 'sitkBSpline', 'preCrop': False, 'padDistance': 10, 'distances': [1], 'force2D': False, 'force2Ddimension': 0, 'resegmentRange': None, 'label': 1, 'additionalInfo': True, 'binWidth': 25}",{'Original': {}},64c00bf161fc86139ad0c336091b532a8e37e388,3D,"(2.5, 0.7421875, 0.7421875)","(103, 512, 512)",-446.8869085960018,-1024.0,1575.0,bbf8d849b125afc759f217c356463fa623440707,"(2.5, 0.7421875, 0.7421875)","(103, 512, 512)","(42, 168, 123, 46, 156, 311)",343538,2,"(np.float64(64.60305992350192), np.float64(244.1018111533513), np.float64(275.84223579342023))","(204.72665937792908, 181.1693129653779, -161.5076498087548)","(1.0, 1.0, 1.0)","(137, 138, 253)",28.483764444130514,-1025.4489227798047,1543.5605693069833,"(1.0, 1.0, 1.0)","(137, 138, 253)","(12, 11, 11, 115, 115, 231)",472912,3,"(np.float64(69.0132096457692), np.float64(67.03123414081267), np.float64(124.5863585614237))","(204.7152648114237, 181.16014039081267, -161.26320964576922)",173.07336580785625,-144.1181014170866,391.3447706468175,0.3647873126034293,0.15939835919113496,52.59810184752893,329.9789415301222,232.47580519271247,235.63743335896356,133.73481222179961,237.58156494139018,472826.0416666667,120.37213129649739,0.4192405796163118,70009.19281880991,0.14806543347746706,472912.0,26.99075450479652,280.9059592470428,18818087016.632206,3.7810889660630767,162.30952954470865,2.3799535722534935,391.3447706468175,84.95528330728102,173.07336580785625,200.69309011151242,-144.1181014170866,535.4628720639041,65.3225329176247,199.47917760826476,-0.6383544649249252,18818087016.632206,0.08586160070273886,9837.552347209637,199.86857030820732,6199.729831855029,-226.36597397791775,51.11566259566411,5.478687451650808,0.8051139671292932,1.5228401593994587,2.338679260095506,3.078075444938917,0.5599401315564866,0.5141532509057416,0.989496379389285,0.9399251920486166,-0.23480418008914358,0.8962723146319505,0.4267388843133252,13.72790262435329,0.019906940344244346,6.53936060927085,0.8212599049483198,0.06868887504048506,27.45580524870659,4.625373116540503,14.148587511828733,26781.499134394755,0.07753283792057739,16.201331181790316,186.32449953938732,2.638258751970585,556.1409154369808,0.02092785564298066,0.01015879172090892,4.950996430564255,211298.96827896964,0.6090480542394067,0.7299549631611411,0.7276877320149135,0.808069805218869,144.55030810559708,0.008807005032483032,2196.006710181175,0.0669800131208801,16.940933797941153,116.70560605136339,203045.914963704,55192995.73259928,788.0892934927809,0.021666003596921238,9416.843225767096,0.28722147336567727,0.5498163337300045,62.31822686470802,0.012709941401558173,6.657367232856679,0.06932790878641269,202837.8572607379,82.24201608581312,3.405272446381852e-05,177.1530784095161,0.059836779191714415,0.006366626225095733,case_00445
3.1.1.dev111+g8ed579383,2.0.2,2.5.5,1.8.0,3.12.13,"{'minimumROIDimensions': 2, 'minimumROISize': 50, 'normalize': False, 'normalizeScale': 1, 'removeOutliers': 3, 'resampledPixelSpacing': [1, 1, 1], 'interpolator': 'sitkBSpline', 'preCrop': False, 'padDistance': 10, 'distances': [1], 'force2D': False, 'force2Ddimension': 0, 'resegmentRange': None, 'label': 1, 'additionalInfo': True, 'binWidth': 25}",{'Original': {}},4579f38c1ba229cc569e600cdc1a5d149356fa50,3D,"(5.0, 0.8984375, 0.8984375)","(100, 512, 512)",-600.8479924774169,-1024.0,1639.0,2613491dbcb882e689f8816664e65bbc71d24419,"(5.0, 0.8984375, 0.8984375)","(100, 512, 512)","(29, 230, 118, 26, 140, 282)",124902,9,"(np.float64(40.33635970600951), np.float64(298.36800851867866), np.float64(262.5387023426366))","(235.87461538596258, 268.06500765350034, -201.68179853004756)","(1.0, 1.0, 1.0)","(152, 147, 275)",-8.096497331743906,-921.9751634494406,1388.2232903751376,"(1.0, 1.0, 1.0)","(152, 147, 275)","(13, 11, 11, 130, 125, 253)",504645,8,"(np.float64(71.7120451010116), np.float64(71.9913404472451), np.float64(140.7589592683966))","(235.8097405183966, 268.0421216972451, -201.7120451010116)",107.86925421085242,-131.68886223155582,227.47471101973323,0.334628441883968,0.1571491013222092,58.13103608339925,369.9100764452406,253.16002844051033,253.07113624433742,137.80058055030102,256.5989088051623,504605.875,123.78243251805034,0.3791700532865359,80838.5093545214,0.16020128452630758,504645.0,8.139553554758683,170.67802495887716,7863406620.824994,3.1102000610874185,82.5094410413063,3.2787837694960116,227.47471101973323,50.825200848866785,107.86925421085242,127.7719446290739,-131.68886223155582,359.16357325128905,35.72095066563293,124.82810557702652,-1.0169430191592088,7863406620.824994,0.14447194241692793,3946.279937943787,126.63626165984284,1308.5979300739646,-89.0027165000244,19.43437738113694,2.1195639080682493,0.8011439583210325,0.9465982736954743,1.8097112417894339,1.1922706918000103,0.6513296061113596,0.6250929541471677,0.9921758959175203,0.9477373611323914,-0.26065235691946415,0.8760782432567888,0.4588940361976055,11.059123149245325,0.0497331759853992,5.224059339870336,0.8181408652227378,0.14053487648615423,22.118246298490654,3.89428020672083,5.388485322301297,38462.36543525475,0.1196271433048157,7.266875130507183,114.7567618523053,4.0935581575851865,554.9198342157705,0.03907167463541764,0.0133779849829169,4.67293676149203,164264.03962908126,0.5069427491671762,0.6356274822285581,1.505736888032722,0.7384545067360538,79.87001727958135,0.010898359523650612,1207.3484126984126,0.09582130259511212,10.607109290753339,64.64944444444444,1305506.963888889,193921957.53150794,9176.590033415836,0.0350564844320176,2344.3649206349205,0.18606070798689847,0.4233655106069285,24.55618784798843,0.016361035558840428,6.80618890386065,0.0249680468448117,1303902.866030329,154.95671177756665,2.8336315386706525e-05,69.41143695073555,0.03222439435095663,0.003463259038405221,case_00446
3.1.1.dev111+g8ed579383,2.0.2,2.5.5,1.8.0,3.12.13,"{'minimumROIDimensions': 2, 'minimumROISize': 50, 'normalize': False, 'normalizeScale': 1, 'removeOutliers': 3, 'resampledPixelSpacing': [1, 1, 1], 'interpolator': 'sitkBSpline', 'preCrop': False, 'padDistance': 10, 'distances': [1], 'force2D': False, 'force2Ddimension': 0, 'resegmentRange': None, 'label': 1, 'additionalInfo': True, 'binWidth': 25}",{'Original': {}},dae579d4c91af75dc1691c79868863bd156d1c19,3D,"(2.5, 0.8320310115814209, 0.8320310115814209)","(198, 512, 512)",-749.0713170754789,-2048.0,1539.0,cac25f271a9d9f53bd7b3a3c6b4b2efabe4ac0a3,"(2.5, 0.8320310115814209, 0.8320310115814209)","(198, 512, 512)","(48, 242, 141, 45, 101, 245)",212255,2,"(np.float64(69.33912510894915), np.float64(289.7072766248145), np.float64(266.18216767567316))","(221.47181823612573, 241.04543843264292, -173.34781277237286)","(1.0, 1.0, 1.0)","(135, 106, 226)",38.867600006792756,-993.7397693041613,1165.3407531849452,"(1.0, 1.0, 1.0)","(135, 106, 226)","(12, 11, 11, 112, 84, 204)",367980,2,"(np.float64(65.81399804337192), np.float64(50.96741127235176), np.float64(115.29940485895973))","(221.38338935316904, 241.05139576656106, -173.06399804337195)",97.06697156739112,-112.82107050696614,203.00954911381103,0.3599469170354609,0.1732706885842869,48.90673645949952,282.2562596079776,202.48456731316588,202.48456731316588,114.9086593777858,209.5089496895061,367916.7916666667,101.59727045985223,0.520478150169917,47706.91809375176,0.12966768349343055,367980.0,16.963239465713116,142.8848215366503,4384467458.229757,2.6956020824006837,57.069960477835735,4.082934097180222,203.00954911381103,39.039552496684784,97.06697156739112,115.00443855430956,-112.82107050696614,315.83061962077716,25.545152675326047,109.1556746002423,-1.3102564442932765,4384467458.229757,0.20389674015282633,2492.964328169265,93.90172006894454,608.6652071426385,-54.191405619989965,12.110613545975509,1.5163218711056126,0.7754162313972821,0.768091370468765,1.6378366268785123,0.9090135613557322,0.7010921288665792,0.6824230765437899,0.9926499655158858,0.9516158825070244,-0.25671222136890265,0.8464611967847625,0.4290852506108108,9.552593010232796,0.08632219661616916,4.521237347571806,0.7961886491867285,0.2126431796835358,19.105186020465588,3.45666441954518,3.4067338542702816,32255.26299549067,0.15615121868619608,5.00849737560661,84.69509843453235,5.5661576993350845,560.6972493389937,0.06803685276898672,0.018082710482660944,4.593376902578076,90530.60407218865,0.4343032258186341,0.5593821988653229,2.224776378466105,0.6822230305882722,53.54066145297074,0.014159761350618682,1062.029682932314,0.11940967876459567,8.906771197072139,47.939060040476726,1471440.7602878346,160116080.3775579,13961.769176215037,0.052799660961131194,1729.9743647402743,0.19451027262652062,0.43889737587872085,18.2737365033797,0.02854110274583228,6.4455938311863274,0.024169791836512855,1469728.9557239856,161.46876950493515,3.3295638883480806e-05,46.1087767272561,0.023239413346875133,0.003497846495941193,case_00447
3.1.1.dev111+g8ed579383,2.0.2,2.5.5,1.8.0,3.12.13,"{'minimumROIDimensions': 2, 'minimumROISize': 50, 'normalize': False, 'normalizeScale': 1, 'removeOutliers': 3, 'resampledPixelSpacing': [1, 1, 1], 'interpolator': 'sitkBSpline', 'preCrop': False, 'padDistance': 10, 'distances': [1], 'force2D': False, 'force2Ddimension': 0, 'resegmentRange': None, 'label': 1, 'additionalInfo': True, 'binWidth': 25}",{'Original': {}},8bf46257ea607cc499b6de8c0177e979fd4a1e96,3D,"(3.0, 0.796875, 0.796875)","(228, 512, 512)",-544.8920330583004,-1024.0,3071.0,b516b3d9c5d96a6d887111b85a1468a77e219b9a,"(3.0, 0.796875, 0.796875)","(228, 512, 512)","(102, 225, 116, 41, 106, 271)",234382,5,"(np.float64(120.67420279714312), np.float64(282.22421943664614), np.float64(250.35418248841634))","(199.50098917045676, 224.89742486357738, -362.02260839142934)","(1.0, 1.0, 1.0)","(145, 107, 237)",30.978049490002775,-752.4357942788333,1104.3096641880363,"(1.0, 1.0, 1.0)","(145, 107, 237)","(12, 11, 10, 123, 85, 216)",446220,2,"(np.float64(69.00980233965309), np.float64(56.78487965577518), np.float64(117.36508672851956))","(199.46664922851954, 224.88644215577517, -362.0098023396531)",80.041682099549,-113.1435658092062,207.26867401359863,0.3472417440019657,0.18866454233719113,57.217274170737475,303.27518600965186,217.36835096213983,216.59178193089414,119.77478866606278,217.8095498365487,446120.8333333333,105.30980450251207,0.5367640211763794,52602.016913297186,0.1179097970392114,446220.0,25.094913224277317,121.19153712859608,3593413270.193839,2.5741070532600654,44.23567874958283,4.774257700951992,207.26867401359863,30.36547250435341,80.041682099549,88.78124016168357,-113.1435658092062,320.41223982280485,18.995155851718557,89.73855409250883,-1.2633756375824645,3593413270.193839,0.21162121390193414,1646.3372172888664,79.44482272415271,269.46266103817703,-24.007613108541044,7.513931592620699,1.5418179960636944,0.6561857773505488,0.824433915869998,1.6567473788740135,0.8404810854806688,0.6737727091230687,0.6525531009426496,0.9924812544687366,0.9477760202133079,-0.18162555932422741,0.74591570101642,0.4654665180399136,8.828993331822883,0.07391499370787351,4.505845801505273,0.6713813066822497,0.14522529421037658,17.65798666364576,3.3218497162583214,2.2639373971710977,48742.728522960046,0.17974641691652668,3.4006310074799115,75.0017605103023,4.6948185494749115,386.75093320066367,0.06643659941030682,0.018364424255998487,4.295937652169825,128804.32280015365,0.46823888599564584,0.6054524673927659,1.7162444570414954,0.7070249455659599,50.90694188999966,0.014286384153264213,1176.3473077687263,0.11686343212484863,8.118855174366962,45.80230478839658,1966788.886548778,168535034.49880788,23640.013785373034,0.05441759580006131,2075.9799324458572,0.2062368301654935,0.44668195704445696,17.824657998610252,0.03035866190639906,6.3137443318099,0.022558379274797185,1964823.7885579257,255.78580009937232,2.250152938434248e-05,52.310368649958555,0.017567519830465787,0.0021782310842361776,case_00448
3.1.1.dev111+g8ed579383,2.0.2,2.5.5,1.8.0,3.12.13,"{'minimumROIDimensions': 2, 'minimumROISize': 50, 'normalize': False, 'normalizeScale': 1, 'removeOutliers': 3, 'resampledPixelSpacing': [1, 1, 1], 'interpolator': 'sitkBSpline', 'preCrop': False, 'padDistance': 10, 'distances': [1], 'force2D': False, 'force2Ddimension': 0, 'resegmentRange': None, 'label': 1, 'additionalInfo': True, 'binWidth': 25}",{'Original': {}},bdb8a120f6bde28a6909355b0623bfe8136fa6e3,3D,"(5.0, 0.62109375, 0.62109375)","(125, 512, 512)",-482.8334775390625,-1024.0,3071.0,3dacd639b7a4538dad790c8abb2b3fa1483b093d,"(5.0, 0.62109375, 0.62109375)","(125, 512, 512)","(57, 283, 98, 22, 111, 309)",142442,4,"(np.float64(67.17511688968142), np.float64(342.5886185254349), np.float64(240.3915769225369))","(149.3057059792319, 212.77964978728184, -335.8755844484071)","(1.0, 1.0, 1.0)","(132, 91, 214)",63.82380831237638,-1042.9917925891373,1848.3928052179497,"(1.0, 1.0, 1.0)","(132, 91, 214)","(13, 11, 11, 110, 69, 192)",274525,2,"(np.float64(65.87842637282579), np.float64(47.57854475912941), np.float64(99.09212275749022))","(149.28157588249022, 212.76799788412944, -335.8784263728258)",130.47300155106856,-324.10504488106744,279.7802594433426,0.3236037047316199,0.18216278660371296,48.118361986312266,264.15033983308365,194.0025773024678,190.4442175546425,89.44271909999159,194.21894861212692,274383.2083333333,85.48002857610226,0.5332084848846036,38296.471321629266,0.1395729409035299,274525.0,44.49653473156636,208.4897930049699,5894225169.971367,3.347901297978298,96.74557525192179,3.3024832367774364,279.7802594433426,54.19255899204005,130.47300155106856,137.9979937577779,-324.10504488106744,603.8853043244101,39.187123000431654,146.52860372368184,-0.719370833388488,5894225169.971367,0.11302840406649528,4447.427575466656,362.5003409907631,1489.188334899115,-59.69438561324773,22.33800466295183,2.8737345639895504,0.7701453706131871,1.0890535044094807,1.95192687004111,1.6474405107737131,0.624064895207761,0.5925509128006243,0.9955765182373508,0.9603946538692691,-0.2507698828797892,0.8849547699437076,0.45912998032895636,18.911171946448224,0.02957024833372953,5.712390738162697,0.795212206887276,0.0646537537617762,37.82234389289644,4.1699809055031185,6.302934806735345,19528.91750189822,0.10681150772502152,7.885850566900294,349.9269814680943,3.41653961313455,1251.6538206466919,0.010124082424005233,0.0032046052110656616,4.757999959445978,97889.48389509335,0.5304383718904788,0.6661287678717785,1.087990872370772,0.7550412868045178,258.84251112147535,0.002498052029980236,919.173126142596,0.08401948136586801,11.400482104482151,244.5069469835466,341064.97486288846,132321780.01197441,909.6227419098134,0.005116750769451184,2945.321937842779,0.26922504002219183,0.529761832365584,124.99623138132976,0.0028532360683481118,6.414912648348623,0.039850651124669886,340435.28144102456,27.27829717816877,5.935732965255489e-05,206.39954358084907,0.017546925194611755,0.02276668545020447,case_00449
3.1.1.dev111+g8ed579383,2.0.2,2.5.5,1.8.0,3.12.13,"{'minimumROIDimensions': 2, 'minimumROISize': 50, 'normalize': False, 'normalizeScale': 1, 'removeOutliers': 3, 'resampledPixelSpacing': [1, 1, 1], 'interpolator': 'sitkBSpline', 'preCrop': False, 'padDistance': 10, 'distances': [1], 'force2D': False, 'force2Ddimension': 0, 'resegmentRange': None, 'label': 1, 'additionalInfo': True, 'binWidth': 25}",{'Original': {}},c2956f2869273a1a65c2dd6a30a96888c21570eb,3D,"(5.0, 0.705078125, 0.705078125)","(90, 512, 512)",-366.00278828938804,-1024.0,1517.0,07f00741fda6abc38903f46e5d185935fadc3db9,"(5.0, 0.705078125, 0.705078125)","(90, 512, 512)","(24, 190, 130, 25, 125, 267)",145280,3,"(np.float64(36.109072136563874), np.float64(250.20737885462555), np.float64(271.7190115638767))","(191.5831312003115, 176.41574954398402, -180.54536068281936)","(1.0, 1.0, 1.0)","(147, 110, 210)",12.528022852878973,-610.0683115495624,1414.7510050069834,"(1.0, 1.0, 1.0)","(147, 110, 210)","(13, 11, 11, 125, 88, 188)",361390,2,"(np.float64(75.5534879216359), np.float64(53.248429674313066), np.float64(110.42700406762778))","(191.57446500512776, 176.39589061181306, -180.5534879216359)",144.62779310676044,-154.14572361003954,366.1805849141393,0.4468590420169329,0.18811253480079157,47.9625577121646,254.96736707607633,187.2431574183687,184.45595680270128,126.763559432512,196.4713719603953,361388.375,113.93447339719513,0.3975684339909218,61714.66106287645,0.1707710190259342,361390.0,6.774798707334762,259.5102718340088,10756346150.078863,3.831991814076685,146.96099806678308,2.3033921537678013,366.1805849141393,79.22429752545284,144.62779310676044,153.94386662953863,-154.14572361003954,520.3263085241788,60.20480723096303,172.5219345410328,-0.4204035207061321,10756346150.078863,0.0770521004284565,8846.619358848488,195.2940665246074,4879.451083614111,-125.03508341015451,45.75754800878056,5.2456528994456,0.7927936845547132,1.5657844641047625,2.3340533318461243,2.70079817900288,0.5371675569697643,0.48593833131177927,0.9898528398437023,0.9377170571298011,-0.2221493974634163,0.8846673005335085,0.4322175660405466,13.607372472489514,0.014455152105569798,6.683457634635641,0.8034463386199551,0.038597652869726905,27.214744944979024,4.6733220812622145,12.750800227056544,20589.676865290465,0.07464488183172896,14.476626775619975,184.84866285612546,2.320636502266851,465.62835197957793,0.017679157941945262,0.008836654197177834,4.8608849469417,178440.36606087832,0.6432171837749718,0.7638257837792966,0.5738980934355775,0.8290666323332829,149.4521712455174,0.00764625658680627,1428.8869573662232,0.06938365336341766,16.350704351235432,120.82125861901525,167876.98164513937,39916462.95964844,789.7272999285361,0.017258093776423573,5206.117898417015,0.25279780025332693,0.5106890354335653,60.82317629539875,0.008695650252135801,6.776967537313488,0.056985528099836744,167569.03828428336,65.7216983070182,4.700445354592739e-05,178.87900842416363,0.05457119829429252,0.007931284061801805,case_00450
3.1.1.dev111+g8ed579383,2.0.2,2.5.5,1.8.0,3.12.13,"{'minimumROIDimensions': 2, 'minimumROISize': 50, 'normalize': False, 'normalizeScale': 1, 'removeOutliers': 3, 'resampledPixelSpacing': [1, 1, 1], 'interpolator': 'sitkBSpline', 'preCrop': False, 'padDistance': 10, 'distances': [1], 'force2D': False, 'force2Ddimension': 0, 'resegmentRange': None, 'label': 1, 'additionalInfo': True, 'binWidth': 25}",{'Original': {}},60f177abfaee6813354efdf8d009d3530884aacf,3D,"(2.0, 0.775390625, 0.775390625)","(124, 512, 512)",-354.7705789381458,-1024.0,2808.0,603c92a8692652d585770a73c1da7ec1351aa119,"(2.0, 0.775390625, 0.775390625)","(124, 512, 512)","(41, 207, 112, 74, 112, 303)",476653,3,"(np.float64(76.86496256186366), np.float64(265.4568333777402), np.float64(259.5719149989615))","(201.26962940349165, 205.83273994328687, -153.72992512372733)","(1.0, 1.0, 1.0)","(169, 108, 257)",14.355827130920366,-981.2324420452702,2651.6171395675137,"(1.0, 1.0, 1.0)","(169, 108, 257)","(11, 11, 11, 148, 86, 235)",573192,3,"(np.float64(83.24211782439392), np.float64(55.70511102736954), np.float64(125.09842775195746))","(201.21073243945744, 205.81741571486953, -153.74211782439392)",64.93683571672825,-134.67135890611894,755.1647194460097,0.41318822676990835,0.17438335491640555,57.826311343258894,331.6045351402901,236.56288804459587,232.2154172315008,145.24806367039804,240.4558171473504,573395.125,137.01508986347625,0.41923125414619233,79615.89893039368,0.13884997527733373,573192.0,1.9721759809057127,116.64561920479323,3591831805.156171,2.8641202652295084,58.9177348975257,4.098981018177208,755.1647194460097,35.76813890860554,64.93683571672825,71.12095799298152,-134.67135890611894,889.8360783521287,24.686299175254543,79.16039191704492,-0.49844910930248715,3591831805.156171,0.16318134058140538,2049.5750155588,86.83686946075176,378.2643959523168,-13.47237231080712,9.463298496006564,2.5790059775692464,0.5701055435896538,1.1744304816977005,1.9641856411169305,1.1690073392055362,0.5808650163599167,0.5398279573431698,0.9981323957075257,0.9700048099551276,-0.11678406379716821,0.6636783556595276,0.47588778062037373,9.22579520132925,0.03878433114870199,5.259415639124328,0.6081616389373121,0.08501634546951037,18.451590402658496,3.5998691819079975,3.0105761183939523,63306.34739151612,0.15140604283926765,3.7683598579937003,84.72260890698252,2.5712678096135333,226.50189977536,0.03474722179293886,0.01515834644588247,4.0794383785327435,249686.56744179488,0.5926602287880894,0.7291193607297113,0.6403659335082146,0.7964229589021268,66.53886989102145,0.012546272905107961,2694.0517201211464,0.10460711812227795,10.584135498148688,70.23417721518987,907349.6349304962,84522135.32041624,10235.840519042307,0.02963672600114012,7465.753979964277,0.28988716238115547,0.5497655638436099,37.20022556243362,0.018326928303710282,6.0148388037220615,0.044930843417214476,906854.2864239134,118.38361652991505,1.5560039559295604e-05,649.156294445956,0.004723503458778472,0.0280760900083613,case_00451
3.1.1.dev111+g8ed579383,2.0.2,2.5.5,1.8.0,3.12.13,"{'minimumROIDimensions': 2, 'minimumROISize': 50, 'normalize': False, 'normalizeScale': 1, 'removeOutliers': 3, 'resampledPixelSpacing': [1, 1, 1], 'interpolator': 'sitkBSpline', 'preCrop': False, 'padDistance': 10, 'distances': [1], 'force2D': False, 'force2Ddimension': 0, 'resegmentRange': None, 'label': 1, 'additionalInfo': True, 'binWidth': 25}",{'Original': {}},d5761e4b8aeb2e10b9006eaacf5a79bfe7e0de30,3D,"(5.0, 0.82421875, 0.82421875)","(51, 512, 512)",-510.6207165437586,-1024.0,2847.0,7781e7882c20452bde6e0a7998447d86eda85770,"(5.0, 0.82421875, 0.82421875)","(51, 512, 512)","(19, 238, 141, 21, 125, 231)",94668,2,"(np.float64(28.75453162631512), np.float64(303.81715046266953), np.float64(258.0639286770609))","(212.7011287142963, 250.4117919829034, -143.7726581315756)","(1.0, 1.0, 1.0)","(127, 125, 213)",53.80972788178484,-1091.3909401436063,1830.1028477103353,"(1.0, 1.0, 1.0)","(127, 125, 213)","(13, 11, 11, 105, 103, 191)",321850,2,"(np.float64(63.76262233959919), np.float64(65.28719900574802), np.float64(107.66892962560199))","(212.756820250602, 250.375089630748, -143.76262233959918)",181.8163812427821,-175.7421846115076,507.87571549699715,0.39531685585618,0.20300943374710254,52.18006883653774,257.03272933385284,182.58422713914803,192.98186443290467,119.80818002123227,195.0538387215181,321896.3333333333,101.60937041239123,0.4270177590134683,53192.312811888136,0.16524671859746193,321850.0,19.162597409277794,321.9893487356553,14969129225.69439,4.15673734814686,184.0115666310341,2.3273876436112033,507.87571549699715,97.82862724459983,181.8163812427821,195.57927398922493,-175.7421846115076,683.6179001085047,74.21695857722534,215.66094905071262,-0.4089042662142736,14969129225.69439,0.06186874102403697,13452.448457233379,275.41159231800873,11279.710733892025,-227.13314046082772,69.89545950799607,8.429586789800217,0.7833527651109438,2.0226493043228664,2.6277283586380547,4.180381822673465,0.4775548979680513,0.41260783539352996,0.9905571561998361,0.9385497266394407,-0.19737317717481145,0.8760874294815959,0.39147095367065293,16.125704379449537,0.008819777766564247,7.374215264745623,0.79489035581898,0.0239500169699127,32.25140875889909,5.0022365699006786,19.58126157444907,15967.77118803143,0.060757558767718454,21.77525876084341,264.647670003771,1.875013170375356,526.0254681569673,0.010990011347226901,0.006548053793996936,4.990274684341345,187354.0563305284,0.710687960814882,0.8169352660699561,0.36304891743099077,0.8679057333115858,225.8780782898351,0.0058665281788195895,1611.3919844596667,0.05491572042598462,25.054429490070696,186.47248065978258,51758.57471969465,18932833.909518454,152.90897439858944,0.0119188175099768,8521.501652864397,0.29041003485888955,0.552605066352354,100.62676401360655,0.006509381045994945,6.909862361253794,0.09116979959608514,51638.265752190775,35.287415618626355,5.351397119197228e-05,389.2885895796554,0.05855486446422866,0.015101570615563678,case_00452
3.1.1.dev111+g8ed579383,2.0.2,2.5.5,1.8.0,3.12.13,"{'minimumROIDimensions': 2, 'minimumROISize': 50, 'normalize': False, 'normalizeScale': 1, 'removeOutliers': 3, 'resampledPixelSpacing': [1, 1, 1], 'interpolator': 'sitkBSpline', 'preCrop': False, 'padDistance': 10, 'distances': [1], 'force2D': False, 'force2Ddimension': 0, 'resegmentRange': None, 'label': 1, 'additionalInfo': True, 'binWidth': 25}",{'Original': {}},7eed28ae0678a48f17dfdcaadc14324595d0a8c0,3D,"(5.0, 0.72265625, 0.72265625)","(125, 512, 512)",-522.5813995056152,-1024.0,3071.0,0e410ca08aa92435d824e7d32e6bf80511d834da,"(5.0, 0.72265625, 0.72265625)","(125, 512, 512)","(52, 159, 107, 27, 185, 310)",143982,2,"(np.float64(62.975885874623216), np.float64(274.1133544470837), np.float64(241.8197969190593))","(174.75258761728895, 198.08972879965032, -314.87942937311607)","(1.0, 1.0, 1.0)","(157, 156, 246)",40.261439320099306,-1098.1675188552417,1404.288109215913,"(1.0, 1.0, 1.0)","(157, 156, 246)","(13, 11, 11, 135, 134, 224)",376355,2,"(np.float64(69.89889864622498), np.float64(93.96592313108634), np.float64(108.58389021004105))","(174.72256208504103, 198.10459500608636, -314.898898646225)",134.90092187501753,-146.66467374479996,285.42739808913444,0.4251369095543712,0.1893425065791784,59.286490384674345,313.1177011216031,234.5655558687166,230.70543990118657,148.52945835759317,240.24154511657636,376102.625,133.11789178160763,0.3875110646978552,65023.58747485648,0.1728878852543411,376355.0,33.24187864645653,213.08895629936552,8766360865.810976,3.377077538839366,107.72191690669038,2.914909366319664,285.42739808913444,59.25228712385785,134.90092187501753,149.61144868916355,-146.66467374479996,432.09207183393437,43.88131398186875,152.61978137382445,-0.7562001658735,8766360865.810976,0.11287147446207302,5094.538943864396,152.71864517549702,2016.1442946724076,-97.88705756411348,26.76273093120145,2.659158545812723,0.8178548101482251,1.0461094018086192,1.9165596006812464,1.5236672636917983,0.6341030723919866,0.6042113746232279,0.9922905565691431,0.948669489833179,-0.27625732185956864,0.9045955840375816,0.454692477864062,12.111567443172934,0.03291043867998875,5.687205261703014,0.8338191628060515,0.0893996876294977,24.223134886345864,4.2117433812199785,7.355472369253547,25346.045921435994,0.1026132960722875,8.779825991270867,142.29824229167673,3.6225319695334837,581.1699368664416,0.03049518366620015,0.010747122137430919,4.826003610308219,130792.47122607629,0.5247202961058975,0.6561299019031746,1.220333939409267,0.7511732933211662,102.46480170725506,0.0087295885408918,1039.303356142066,0.08466140079358633,11.54054737135808,83.11909416748126,543862.9567448681,101292870.61159986,3129.7829654211396,0.026522314651223053,2668.444118605409,0.21737081448398574,0.46788052088806287,36.52275867825147,0.013357076361606669,6.770253134438097,0.03261813978823185,542923.0568072264,84.33691202347632,4.458736242570949e-05,90.06535323046003,0.03415435997462008,0.006163487574632754,case_00453
3.1.1.dev111+g8ed579383,2.0.2,2.5.5,1.8.0,3.12.13,"{'minimumROIDimensions': 2, 'minimumROISize': 50, 'normalize': False, 'normalizeScale': 1, 'removeOutliers': 3, 'resampledPixelSpacing': [1, 1, 1], 'interpolator': 'sitkBSpline', 'preCrop': False, 'padDistance': 10, 'distances': [1], 'force2D': False, 'force2Ddimension': 0, 'resegmentRange': None, 'label': 1, 'additionalInfo': True, 'binWidth': 25}",{'Original': {}},04e6b6e35e971d15d2faeac412915006bbf9a113,3D,"(5.0, 0.765625, 0.765625)","(64, 512, 512)",-477.67659056186676,-1024.0,3071.0,354fdd90ff3c6b1c33e6d46996167562e21c1e42,"(5.0, 0.765625, 0.765625)","(64, 512, 512)","(23, 264, 107, 26, 114, 299)",173912,3,"(np.float64(34.70390197341184), np.float64(326.80103155618934), np.float64(256.736079166475))","(196.56356061183243, 250.20703978520746, -173.51950986705918)","(1.0, 1.0, 1.0)","(152, 110, 251)",64.93477568726846,-994.9426152678343,3010.6223169617933,"(1.0, 1.0, 1.0)","(152, 110, 251)","(13, 11, 11, 130, 87, 229)",509600,3,"(np.float64(73.50529827315542), np.float64(59.0830160910518), np.float64(125.39163069073783))","(196.50881819073783, 250.2002035910518, -173.5052982731554)",165.1799406963442,-174.74433439596623,512.0822370605773,0.336937088909128,0.18115165352238746,56.71376374838687,313.07339814802157,233.92520172054998,225.5681715136247,114.12712210513327,235.36567294318854,509520.125,105.48603938688277,0.5371320630451505,57435.08594322482,0.11272388101102938,509600.0,52.19305887048134,259.8594780216916,17468974597.803844,3.697729760460834,122.15255359843931,3.0053980270296847,512.0822370605773,68.55400569850708,165.1799406963442,180.77250666098757,-174.74433439596623,686.8265714565435,49.746426086217575,185.14798802098258,-0.6331987887890129,17468974597.803844,0.08997450630777609,6995.364659770111,212.51326388524,3685.5224071756816,-120.92639932228622,36.08394921051984,4.625139012255507,0.771086736199031,1.469493016261492,2.2443873736184945,2.378300001221265,0.5474816070873272,0.49865581516455576,0.9943348842900469,0.9525710831883007,-0.21515915300162994,0.8701966223811787,0.4439269607186749,14.305468616014277,0.01752072469309236,6.483905805855392,0.789543443860446,0.045283232406087066,28.610937232028558,4.534892977365995,10.177272055693837,33124.56114192816,0.08641335464192726,11.82243092177483,206.0075121739,2.443864859281977,531.6148120967016,0.015355909131065482,0.007179082937519659,4.795013769834056,240699.11264562278,0.6224532581492388,0.7524435454655235,0.618069947524533,0.8157697360797691,165.3082921387669,0.0061052032027689804,1559.2702240325866,0.06351406207872043,19.48695011054376,144.68892057026477,352885.4150712831,87237768.85955194,1515.6527327960175,0.01530515781108505,6025.7941344195515,0.24544986290914672,0.5010062147042355,69.1555439729692,0.007873299011408302,6.9530557985790455,0.04817503924646782,352454.5355577586,62.7666590669547,2.9438180889872334e-05,313.9427542223351,0.02644497087611538,0.009507472997463571,case_00454
3.1.1.dev111+g8ed579383,2.0.2,2.5.5,1.8.0,3.12.13,"{'minimumROIDimensions': 2, 'minimumROISize': 50, 'normalize': False, 'normalizeScale': 1, 'removeOutliers': 3, 'resampledPixelSpacing': [1, 1, 1], 'interpolator': 'sitkBSpline', 'preCrop': False, 'padDistance': 10, 'distances': [1], 'force2D': False, 'force2Ddimension': 0, 'resegmentRange': None, 'label': 1, 'additionalInfo': True, 'binWidth': 25}",{'Original': {}},1683d7926ae2e2d7f21beffd2a1575ecbc2bc8cf,3D,"(4.0, 0.8203125, 0.8203125)","(159, 512, 512)",-522.1230461792376,-1024.0,2359.0,6181ab12df36aa8c1e64d8d909a87cb3b979caa2,"(4.0, 0.8203125, 0.8203125)","(159, 512, 512)","(69, 256, 131, 27, 91, 260)",136016,3,"(np.float64(81.35168656628632), np.float64(305.43795582872605), np.float64(250.45159393012588))","(205.4485731458064, 250.55457314075184, -325.4067462651453)","(1.0, 1.0, 1.0)","(129, 97, 235)",-1.3074976444834912,-967.9757393476341,1346.93850339549,"(1.0, 1.0, 1.0)","(129, 97, 235)","(12, 11, 10, 108, 75, 214)",366040,3,"(np.float64(62.91510217462572), np.float64(51.47195934870506), np.float64(108.38294175499945))","(205.47278550499945, 250.56180309870507, -325.4151021746257)",111.8981448607114,-141.53447350771447,241.91534966725027,0.33854013900684243,0.18233276935489853,54.79206206497035,300.5058402766936,213.11499243366245,213.0211257129208,116.61903789690601,215.43676566454482,365964.25,101.73328893963985,0.42036731199178395,58859.19188917135,0.16083317397579505,366040.0,18.596421542432637,172.09478987078447,5945124877.860371,3.078569045130207,74.6166723062984,3.8492396894967245,241.91534966725027,48.031840802482634,111.8981448607114,130.11932154663128,-141.53447350771447,383.44982317496476,32.29060543866053,127.44306784671419,-1.1576238421579472,5945124877.860371,0.1491366319597301,3720.540718913446,129.27557930498432,1174.5256017552583,-81.0784983703358,17.111413303160727,2.8516364753719525,0.7109357507604159,1.1132819839808512,1.9746197462459665,1.5703938373000266,0.61697267362618,0.5837451801779466,0.9896171981767528,0.9394939540075214,-0.19474677336501695,0.8055539317986674,0.4579001469457196,11.211954456388519,0.04532448391836005,5.352898804959453,0.7333642441518217,0.12339175762068232,22.423908912777037,3.8272065992944966,4.99076244463317,31460.681925958655,0.1266547899195769,6.969805766503025,119.57376371530073,3.40828193393286,465.4875825287288,0.032218939594219245,0.012920664222802556,4.501541728046118,136640.169960709,0.5457786899203716,0.6767335221875709,1.118834714463304,0.7656805143566552,87.42417682297784,0.01085280191674173,1488.9955287834564,0.09246696446522117,10.368662859649675,67.515990809166,558381.131341986,83174406.74464385,3884.36713053372,0.03391732795356878,3712.904117245234,0.23057219879806456,0.4813048009103401,29.173637357664695,0.018554674937266542,6.451227232299057,0.04399245984045459,557864.4253385535,133.73956308841602,3.202439763388266e-05,84.90619243702821,0.03733615039893326,0.003935570538027362,case_00455
3.1.1.dev111+g8ed579383,2.0.2,2.5.5,1.8.0,3.12.13,"{'minimumROIDimensions': 2, 'minimumROISize': 50, 'normalize': False, 'normalizeScale': 1, 'removeOutliers': 3, 'resampledPixelSpacing': [1, 1, 1], 'interpolator': 'sitkBSpline', 'preCrop': False, 'padDistance': 10, 'distances': [1], 'force2D': False, 'force2Ddimension': 0, 'resegmentRange': None, 'label': 1, 'additionalInfo': True, 'binWidth': 25}",{'Original': {}},b2ee49094cc40d156725eace1a6eca839dab8da5,3D,"(5.0, 0.703125, 0.703125)","(98, 512, 512)",-368.63352339608326,-1024.0,2268.0,b8deb26d21235e05e3e7fb561fbc4c90fa9a6447,"(5.0, 0.703125, 0.703125)","(98, 512, 512)","(18, 273, 116, 26, 117, 289)",156655,2,"(np.float64(30.82541891417446), np.float64(336.4292809038971), np.float64(259.2795761386486))","(182.30595197248732, 236.55183813555266, -154.1270945708723)","(1.0, 1.0, 1.0)","(152, 104, 225)",37.90958914675835,-959.3301312818015,1399.823320493615,"(1.0, 1.0, 1.0)","(152, 104, 225)","(13, 11, 11, 130, 82, 203)",387155,2,"(np.float64(79.12160504190828), np.float64(55.3946610530666), np.float64(111.17842982784673))","(182.32686732784674, 236.5430985530666, -154.12160504190828)",138.43780141792683,-135.773920564943,262.5456190687301,0.40423915034224034,0.17597464878150867,50.012108843483404,284.2006458872311,205.0609665440988,202.5561650505854,126.62543188475212,212.73927705057193,387131.1666666667,114.88502762017022,0.4871031222980064,52735.366507928935,0.13622092729448443,387155.0,38.90996629451338,194.82983653153173,8955134140.505945,2.9889522491233125,63.653902078236825,4.645114247494009,262.5456190687301,47.79038609211563,138.43780141792683,159.93268863638664,-135.773920564943,398.3195396336731,29.449852907330715,152.08753170226763,-1.457200989430247,8955134140.505945,0.17071744334165095,3965.592437858923,154.25356391328114,1763.7714619739086,-123.88729462912596,18.90302816494874,2.45542535270543,0.7672137541600463,1.0268379498555613,1.8755860671969427,1.3596637212052016,0.6318570948709754,0.6022149256252648,0.9920065560904944,0.9466435609708659,-0.2165389425770677,0.8228461752412854,0.46559451910878563,12.25313036126071,0.05725684574270417,5.135957662631968,0.7941524108115463,0.12436071814580055,24.50626072252142,3.724569611475501,5.339613379413544,35778.40821895982,0.13923951597485995,7.610016951890573,143.41484468351763,3.9314611622222198,638.788559318126,0.0304679122090552,0.010632909728757115,4.518685507435808,136954.3768710682,0.5288089431643805,0.6590775111935887,1.4259294759498242,0.7533094581705767,103.44825074981638,0.00877926707529845,1105.943512390334,0.08511186027322871,13.077898114209969,82.8879482838233,906887.6180544867,160055710.08173004,5235.47009211364,0.02893939648175699,2592.84731414499,0.19954188965253117,0.43952243096445065,30.875380325790672,0.014465684393315272,6.728653651450873,0.033562784931099945,905999.881670212,123.87356755416923,2.7950808006354274e-05,95.34619621017072,0.032995350115872214,0.004988691961496829,case_00456
3.1.1.dev111+g8ed579383,2.0.2,2.5.5,1.8.0,3.12.13,"{'minimumROIDimensions': 2, 'minimumROISize': 50, 'normalize': False, 'normalizeScale': 1, 'removeOutliers': 3, 'resampledPixelSpacing': [1, 1, 1], 'interpolator': 'sitkBSpline', 'preCrop': False, 'padDistance': 10, 'distances': [1], 'force2D': False, 'force2Ddimension': 0, 'resegmentRange': None, 'label': 1, 'additionalInfo': True, 'binWidth': 25}",{'Original': {}},9154a2acdec951dba1b907a9fe46282a93cb2023,3D,"(2.0, 0.94140625, 0.94140625)","(132, 512, 512)",-486.57053996577406,-1024.0,2841.0,71fa3001031f78fc8a04d0ca2ae7456e9b933fee,"(2.0, 0.94140625, 0.94140625)","(132, 512, 512)","(63, 221, 134, 57, 94, 236)",230592,3,"(np.float64(90.51503087704691), np.float64(263.65480155426036), np.float64(243.25392468082154))","(229.00076503155466, 248.2062780256904, -181.03006175409382)","(1.0, 1.0, 1.0)","(135, 111, 244)",-7.911335291954622,-1044.0909361088727,1274.862197555371,"(1.0, 1.0, 1.0)","(135, 111, 244)","(11, 11, 11, 114, 89, 222)",408316,3,"(np.float64(66.54117399269194), np.float64(51.232858864213014), np.float64(114.15042760998834))","(229.17972448498836, 248.26215573921303, -181.04117399269194)",74.44304290116641,-154.08996057423025,326.31045123567907,0.3075941295003711,0.2204442097992623,68.14448124865714,309.12347986236466,222.40953216982405,220.18401395196702,112.6454615153225,223.58443595205816,408385.4166666667,95.08456769638957,0.39887246797890663,66736.51863604021,0.1634155283525025,408316.0,4.053747890459347,135.396954293335,3407415885.2069793,3.112991671305508,67.15085132817443,3.562307067843828,326.31045123567907,41.316978714127444,74.44304290116641,79.33184961455134,-154.08996057423025,480.4004118099093,28.05016364900027,91.35122441690717,-0.31626132059697887,3407415885.2069793,0.13957358404611442,2803.2795660832335,115.1466200649231,620.3301630930574,-8.997244211104306,12.752329626934081,3.7656238673278923,0.5426965453210008,1.4528457231353056,2.1922393701538803,1.6071756035405176,0.5301318888348332,0.47582639742037247,0.991731640997717,0.9381868230545745,-0.09779054045199823,0.6369252725131691,0.4455467744220891,10.625411035405035,0.027154458443819793,5.791413002545387,0.6216055250260013,0.05849655771382866,21.25082207081007,3.8434426874960366,4.1294883735654935,42052.19948852304,0.13173131162849358,4.983159300993265,113.13198831678982,2.0735449457636794,240.813698169027,0.021395455380624963,0.01125308251372663,4.126516074075476,209546.74369521148,0.6533732967707457,0.7816934018674828,0.41610949676428527,0.8347807831107831,93.5688707940858,0.0096596779575052,2316.9485461289937,0.09241548187663012,12.442953593303532,93.66207969366998,383671.6748434446,46156094.81396833,3325.8752476768386,0.020541724665579252,7374.835188065893,0.2941579988060266,0.5559475905118182,49.605585704795594,0.012761974538501693,6.196687257030893,0.06140097375562065,383406.4284529444,147.49930983644086,2.1871573171307774e-05,199.410721296,0.021635049069879692,0.004297169954917299,case_00457
3.1.1.dev111+g8ed579383,2.0.2,2.5.5,1.8.0,3.12.13,"{'minimumROIDimensions': 2, 'minimumROISize': 50, 'normalize': False, 'normalizeScale': 1, 'removeOutliers': 3, 'resampledPixelSpacing': [1, 1, 1], 'interpolator': 'sitkBSpline', 'preCrop': False, 'padDistance': 10, 'distances': [1], 'force2D': False, 'force2Ddimension': 0, 'resegmentRange': None, 'label': 1, 'additionalInfo': True, 'binWidth': 25}",{'Original': {}},abd20ba432960db78bac1ff6d35cc644c82c307b,3D,"(5.0, 0.921875, 0.921875)","(89, 512, 512)",-656.4275624564524,-1024.0,1438.0,312b41289c76d9ff89979101d9b6610067c0e9e9,"(5.0, 0.921875, 0.921875)","(89, 512, 512)","(23, 256, 135, 20, 135, 245)",104375,2,"(np.float64(32.25865389221557), np.float64(324.5196646706587), np.float64(276.4497724550898))","(254.85213398203592, 299.1665658682635, -161.29326946107784)","(1.0, 1.0, 1.0)","(122, 146, 248)",-3.6943632182038266,-1086.8763369310288,1241.192057423874,"(1.0, 1.0, 1.0)","(122, 146, 248)","(13, 11, 11, 100, 124, 226)",443955,2,"(np.float64(61.282449797839874), np.float64(74.16458875336464), np.float64(141.74989582277482))","(254.78895832277482, 299.2036512533646, -161.2824497978399)",83.77584116991653,-122.28744706742715,407.32695098586123,0.31953865119013924,0.18053939536681782,57.97013935673996,321.0941259604693,218.65955272980872,232.59621665022843,125.1758762701504,233.25093783305567,443867.1666666667,102.60198391448505,0.5199836842719309,54116.50676245915,0.12192049970458688,443955.0,2.500156087558495,147.05274151047078,4437560845.687381,3.0641900035248737,81.87072253858777,2.63005188950765,407.32695098586123,45.092152923189616,83.77584116991653,94.5005964853789,-122.28744706742715,529.6143980532884,33.40727044287425,99.97759483309956,-0.5895626719274282,4437560845.687381,0.1356959008116845,2977.1279048843294,84.69118889192401,680.3691553957267,-36.27286550502188,16.417880275040922,1.2431640266195945,0.858487853413307,0.6749593380313121,1.5199021396956016,0.7721678824850498,0.7265372261441215,0.7120533683469875,0.9974885351000573,0.9716093587916994,-0.36228026758383386,0.936089816054563,0.4171236310686063,8.994241460077127,0.051476880709364764,4.912179258459604,0.8724425053736535,0.11575642540985001,17.988482920154254,3.9105724129502977,4.41526107541513,28670.07029602166,0.12352336998273405,5.344599470177934,76.98475926115158,6.958029239473228,627.5958808952272,0.1021466292935241,0.020225555798727694,5.001078529720387,95220.59204655154,0.40450364601774425,0.522687590478245,3.0691218899960613,0.657548901452363,47.26929380366914,0.014980589339097943,588.5512753774076,0.1021258503170931,10.001737013924025,48.07339927121291,2583079.4702411937,237654000.80930072,32273.101948587322,0.06257029243956075,968.2052750303661,0.16800369165892176,0.39455473832996274,17.960084092854668,0.027934171061445846,6.877141162003096,0.012981045376220563,2577145.0176607254,83.30302648418562,4.1677178691086275e-05,113.41216302770712,0.009616640220544185,0.01128543036710392,case_00458
3.1.1.dev111+g8ed579383,2.0.2,2.5.5,1.8.0,3.12.13,"{'minimumROIDimensions': 2, 'minimumROISize': 50, 'normalize': False, 'normalizeScale': 1, 'removeOutliers': 3, 'resampledPixelSpacing': [1, 1, 1], 'interpolator': 'sitkBSpline', 'preCrop': False, 'padDistance': 10, 'distances': [1], 'force2D': False, 'force2Ddimension': 0, 'resegmentRange': None, 'label': 1, 'additionalInfo': True, 'binWidth': 25}",{'Original': {}},8f8638b355965777e71b28e6533cad53b5e823c7,3D,"(5.0, 0.89453125, 0.89453125)","(52, 512, 512)",-585.6001555369451,-1024.0,1388.0,939d82cb2a54c9e583def9444f7e31e433baca00,"(5.0, 0.89453125, 0.89453125)","(52, 512, 512)","(20, 269, 169, 24, 91, 199)",78834,2,"(np.float64(32.40063931806073), np.float64(319.62336047898117), np.float64(282.8669355861684))","(253.03331347356468, 285.91308417846363, -162.00319659030367)","(1.0, 1.0, 1.0)","(142, 103, 200)",46.015340323428326,-1078.5389202981303,1423.5420537356722,"(1.0, 1.0, 1.0)","(142, 103, 200)","(13, 11, 11, 120, 81, 178)",315330,2,"(np.float64(77.00115751752132), np.float64(55.85177433165256), np.float64(113.06152284907874))","(253.1142572240787, 285.9045087066525, -162.00115751752134)",174.84333069638345,-165.28031226702387,439.7838396424265,0.36118851520557727,0.23335938465624279,56.92289466591924,243.92802864890675,182.58422713914803,175.55910685578235,106.88779163215975,190.56232576246543,315219.5,88.10400248472214,0.5366025269866275,41742.01996878385,0.1324220740429569,315330.0,40.367400765349025,279.0719500882043,12463586104.574888,3.786603624388991,141.55154674394174,2.8534482739958364,439.7838396424265,78.54789573753503,174.84333069638345,196.03582747019962,-165.28031226702387,605.0641519094504,57.77501082418622,198.81029227382575,-0.7390820892083501,12463586104.574888,0.08479052233528457,8955.342024999118,228.71070920676922,5881.393523535062,-213.13533398577923,45.86196268244506,4.863655010751577,0.806540460559553,1.458074936418114,2.2659432050596933,2.654678259139394,0.5608826580012028,0.5154029321744339,0.9926263363899863,0.9481755617340268,-0.2396948901577276,0.897284886223455,0.438579859382024,14.780283971334523,0.018485467643831195,6.524445545621641,0.8218824646514776,0.056858963188043746,29.560567942669046,4.625516632247639,12.681404423299158,18262.489636274076,0.07889872792733782,15.138893142909968,215.4318753435318,2.6699716032691514,639.3479425323417,0.016579539218578784,0.00781117548871783,4.947765924500339,142233.2618737372,0.6106768704376566,0.7336324095148186,0.7594745712575507,0.8089221342493693,168.65564370606762,0.00673997433346688,1173.4478908188585,0.06617684924536761,17.854905345849364,131.20798556282426,194983.22749830814,54747087.16698624,741.1215623927068,0.01746640801569642,4535.284683058877,0.25576836696700184,0.5131904234400687,64.65420033396373,0.009142658850808987,6.813758793804212,0.05623315257032315,194666.9887106901,39.40303403741486,5.4460107801080315e-05,225.2183103514138,0.04001708886275966,0.013069427375062968,case_00459
3.1.1.dev111+g8ed579383,2.0.2,2.5.5,1.8.0,3.12.13,"{'minimumROIDimensions': 2, 'minimumROISize': 50, 'normalize': False, 'normalizeScale': 1, 'removeOutliers': 3, 'resampledPixelSpacing': [1, 1, 1], 'interpolator': 'sitkBSpline', 'preCrop': False, 'padDistance': 10, 'distances': [1], 'force2D': False, 'force2Ddimension': 0, 'resegmentRange': None, 'label': 1, 'additionalInfo': True, 'binWidth': 25}",{'Original': {}},da625bd8055796444410c5c89354f836a58d9984,3D,"(5.0, 0.703125, 0.703125)","(91, 512, 512)",-589.8483213068365,-2048.0,3071.0,b9a39be013262552490a4c1dd257e973ffa31e37,"(5.0, 0.703125, 0.703125)","(91, 512, 512)","(19, 273, 108, 26, 97, 274)",136577,3,"(np.float64(32.38576773541665), np.float64(320.19980670244627), np.float64(257.5805809177241))","(181.11134595777474, 225.14048908765753, -161.92883867708326)","(1.0, 1.0, 1.0)","(152, 90, 215)",60.13847070538224,-575.8494885451082,1217.944135403549,"(1.0, 1.0, 1.0)","(152, 90, 215)","(13, 11, 11, 130, 68, 193)",337545,2,"(np.float64(81.92566917003658), np.float64(43.980684056940554), np.float64(115.95333955472604))","(181.10177705472603, 225.12912155694056, -161.92566917003657)",101.45007924891003,-118.08293518263015,418.4739582224913,0.43294728488316175,0.1988345393286667,50.873968182956226,255.8608195272517,194.48650338776724,191.1674658512792,122.19656296312102,194.50963986394095,337469.7916666667,110.77424712230427,0.5246565934867056,44678.535073420804,0.13239269462539538,337545.0,23.231305911295035,152.71031794697646,4435093122.572756,2.9711723701989663,57.85854884888799,4.3402510422059,418.4739582224913,40.181988183223474,101.45007924891003,112.71925954492865,-118.08293518263015,536.5568934051215,25.57751002619105,114.62663197314647,-0.7879694661364577,4435093122.572756,0.1660450180857897,2847.1461778970374,97.37499873047751,913.981250504206,-36.09064791523058,14.038451714887138,2.00259089583841,0.7478970014442383,0.9534507946060956,1.785572408430046,1.0494167300495407,0.6428616284900351,0.6151003664712948,0.9959652919377725,0.9603128101151986,-0.23037747994234095,0.8335652700434948,0.46685531665042873,9.714151540853692,0.05310275797208633,5.101704329046252,0.8464052435994778,0.12958942967009154,19.428303081707387,3.7473049699151373,4.010260652681389,31211.333864421424,0.14230211379245866,5.424248983030333,91.55528136983506,4.3022504949739835,439.52916463848175,0.053161188584095034,0.01659130463409482,4.515822738403895,114289.07141305722,0.5123744623226032,0.6463897121409453,1.5970762747418885,0.739587616174948,65.1975232204703,0.013375499829138703,719.7297073440088,0.09935528814798576,10.753608919783117,55.29872998343457,1251344.283683048,133319704.50262286,12223.732208988018,0.05032963997021949,1152.5276090557702,0.15910099517611406,0.37865422956321615,18.339986043480224,0.023125915616227777,6.8905308687290585,0.021460842258069296,1249173.0504625815,91.36239509899907,3.4126099825346494e-05,152.46721717458422,0.012972351189104354,0.009816900873102288,case_00460
3.1.1.dev111+g8ed579383,2.0.2,2.5.5,1.8.0,3.12.13,"{'minimumROIDimensions': 2, 'minimumROISize': 50, 'normalize': False, 'normalizeScale': 1, 'removeOutliers': 3, 'resampledPixelSpacing': [1, 1, 1], 'interpolator': 'sitkBSpline', 'preCrop': False, 'padDistance': 10, 'distances': [1], 'force2D': False, 'force2Ddimension': 0, 'resegmentRange': None, 'label': 1, 'additionalInfo': True, 'binWidth': 25}",{'Original': {}},eddaad92cc2937efbc2d986be1f0b6c51cf58c1c,3D,"(5.0, 0.859375, 0.859375)","(143, 512, 512)",-470.5619629279717,-1024.0,1542.0,fec7037447dd069d121818bd706f096f3dff55b5,"(5.0, 0.859375, 0.859375)","(143, 512, 512)","(71, 180, 299, 27, 127, 130)",103501,5,"(np.float64(85.2275340334876), np.float64(227.6004096578777), np.float64(365.7695384585656))","(314.3331971128298, 195.59410204973864, -426.137670167438)","(1.0, 1.0, 1.0)","(157, 131, 134)",-0.20284494575229015,-740.5763164972109,1172.3156351511143,"(1.0, 1.0, 1.0)","(157, 131, 134)","(13, 11, 11, 135, 109, 112)",382340,4,"(np.float64(86.12785740440445), np.float64(51.549929382225244), np.float64(68.26660825443322))","(314.3369207544332, 195.62024188222523, -426.12785740440444)",75.84686560895034,-117.95036000236826,186.6681213519143,0.5120788269768572,0.4185064666252074,62.68255934515081,149.77679998738475,146.76852523616907,98.00510190801293,154.77725931156684,169.74687036879354,382287.5416666667,76.69752804588737,0.44711543328776665,56971.531422919405,0.14902795726624904,382340.0,5.913121231742001,120.62138627197542,2953159349.1017804,2.6860094156883316,49.67611988298032,3.765842974345637,186.6681213519143,34.36210973688905,75.84686560895034,87.60104429385876,-117.95036000236826,304.61848135428255,22.36585419712816,87.88577218771397,-1.086409456743532,2953159349.1017804,0.1967358421847724,1971.1619303285802,77.16209928784214,380.118887936649,-36.185049262519755,9.71037607164358,1.642054696136913,0.7086428830088644,0.9198882845642244,1.6960104858663632,0.7609878328763167,0.6371718288954397,0.6091364816286502,0.9906376191113432,0.9375403909886464,-0.1912891151441331,0.7659164822615065,0.48567974238058376,8.668563699533632,0.06497288196255341,4.708421682063108,0.7616964234005388,0.1297334371753826,17.337127399067263,3.3929308201484094,2.838107691945123,43285.43252347696,0.16947079566833195,3.708126123079523,73.36309223127506,4.118505158883096,331.65135336733357,0.06290535824497687,0.019206243226000567,4.173485785633319,136481.43344965455,0.5242284134322058,0.664024569352288,1.4635541570447046,0.7455827726358594,53.3138296058982,0.01524610969737449,904.0885517956697,0.11721620015502004,10.336492617821886,56.88486970050564,3448419.1030727345,295035826.03915465,41889.13336471069,0.05168977432560138,1131.2188512900298,0.14666392471023335,0.344842120455589,15.55201132182636,0.025161461026268057,6.658746416902001,0.020173144321807814,3445961.8334666244,280.74599432035166,2.3934256005794653e-05,51.23155660967615,0.027630410593208667,0.0020002798788282352,case_00461
3.1.1.dev111+g8ed579383,2.0.2,2.5.5,1.8.0,3.12.13,"{'minimumROIDimensions': 2, 'minimumROISize': 50, 'normalize': False, 'normalizeScale': 1, 'removeOutliers': 3, 'resampledPixelSpacing': [1, 1, 1], 'interpolator': 'sitkBSpline', 'preCrop': False, 'padDistance': 10, 'distances': [1], 'force2D': False, 'force2Ddimension': 0, 'resegmentRange': None, 'label': 1, 'additionalInfo': True, 'binWidth': 25}",{'Original': {}},3316890c362dcc4a9b6f8848dcfb1b4bf9e7f05e,3D,"(5.0, 0.705078125, 0.705078125)","(105, 512, 512)",-388.3995254153297,-1024.0,1630.0,b1b52e9e7b9df315a3a8624d993f64666aaf27c1,"(5.0, 0.705078125, 0.705078125)","(105, 512, 512)","(13, 269, 110, 25, 102, 284)",135906,4,"(np.float64(24.911254837902668), np.float64(322.4217326681677), np.float64(257.7084234691625))","(181.7045720163431, 227.33251072892293, -124.55627418951335)","(1.0, 1.0, 1.0)","(147, 94, 222)",76.46479361239632,-920.849717149002,1473.0846786292323,"(1.0, 1.0, 1.0)","(147, 94, 222)","(13, 11, 11, 125, 72, 200)",337710,3,"(np.float64(74.57419087382665), np.float64(48.17478013680377), np.float64(114.57362826093394))","(181.72108919843396, 227.32224107430378, -124.57419087382665)",129.45813973650257,-144.35355675951874,237.29992782955335,0.36058568953935144,0.1751286056118423,47.46095636265774,271.0063053197085,200.90047287151916,200.48940121612415,109.65856099730654,201.20139164528658,337580.375,97.72099547321908,0.49640952498905816,47231.181818401055,0.13991092289769824,337710.0,42.413533004452155,178.65915112110596,6752630426.088101,2.797460324319573,53.458777907098096,5.1652709089070035,237.29992782955335,42.39951856231867,129.45813973650257,148.9291118539751,-144.35355675951874,381.6534845890721,25.16588911253588,141.40492319057373,-1.5975083265053012,6752630426.088101,0.20005742350122424,3235.942358496235,144.3865458374592,1233.806625875178,-94.63520177754262,14.883658541395734,2.1582538986436415,0.7428569377379622,0.9377523791284482,1.795395490539711,1.244429886532589,0.6555479124404328,0.6303699849333684,0.9920928706578471,0.9483495049239516,-0.21070409827229275,0.7991641457394082,0.4584342047404671,11.88288406194933,0.07573719099359895,4.793008580941985,0.7733890255279683,0.19839013579859144,23.765768123898656,3.5077286829861722,4.260478110009844,32658.23497971816,0.1529481731676188,6.512639912555793,133.38116186398636,4.68861036893152,716.0510757997542,0.036561220782199116,0.010921030915590744,4.464563544972633,108597.81139273137,0.5043565697427466,0.6273650811005346,1.8905416396843369,0.73577182243907,93.52610641851727,0.00885836494534729,937.9779095342833,0.08969856646593509,10.760247764473498,76.13235153485704,1006599.2980778426,164346517.13981065,6247.174369728129,0.02801460754817891,2117.4540499187146,0.2024915415433408,0.4410505139420992,29.50095518490848,0.013618569441784809,6.616021571470906,0.030964436942939207,1005556.3237334122,118.20281588347568,3.112237463803038e-05,81.01319896384693,0.02847367253746741,0.005338397753628869,case_00462
3.1.1.dev111+g8ed579383,2.0.2,2.5.5,1.8.0,3.12.13,"{'minimumROIDimensions': 2, 'minimumROISize': 50, 'normalize': False, 'normalizeScale': 1, 'removeOutliers': 3, 'resampledPixelSpacing': [1, 1, 1], 'interpolator': 'sitkBSpline', 'preCrop': False, 'padDistance': 10, 'distances': [1], 'force2D': False, 'force2Ddimension': 0, 'resegmentRange': None, 'label': 1, 'additionalInfo': True, 'binWidth': 25}",{'Original': {}},800caf6f987f414a76cae05104b7bc7d7e9eb476,3D,"(5.0, 0.80078125, 0.80078125)","(58, 512, 512)",-433.0365668329699,-1024.0,2197.0,ebc106c1896ae5915d9e881acb56cd3cb4e8fac4,"(5.0, 0.80078125, 0.80078125)","(58, 512, 512)","(20, 259, 134, 22, 106, 247)",110370,2,"(np.float64(29.254253873335145), np.float64(309.8346470961312), np.float64(267.21072755277703))","(213.97734042312223, 248.10977599494882, -146.2712693666757)","(1.0, 1.0, 1.0)","(132, 106, 220)",50.413321602032255,-830.4231028737996,1813.7435712846993,"(1.0, 1.0, 1.0)","(132, 106, 220)","(13, 10, 11, 110, 85, 198)",353170,2,"(np.float64(61.283093127955375), np.float64(50.949655973044145), np.float64(117.88671178186142))","(213.98632115686144, 248.04926534804414, -146.28309312795537)",182.6598634702884,-166.08739814272747,1813.7435712846993,0.3639615604472079,0.18629142793221226,49.785367035086416,267.24454038326616,195.5019181491578,197.85095400325974,118.1905241548577,203.25599622151373,353012.1666666667,97.2667399388904,0.4826853069974366,50043.36383693572,0.1417610172178269,353170.0,42.62511388780046,292.52390261257125,15295292532.605124,3.8791687059298128,149.19779379576772,4.4351524952307715,1813.7435712846993,82.66343516298049,182.6598634702884,205.2694968894558,-166.08739814272747,1979.8309694274267,60.972745178297565,208.1071449451755,-0.5493929458096413,15295292532.605124,0.0795013636153847,9943.958054247849,239.61140406635988,9799.83190189188,-198.26984760865838,50.491662758470895,6.080684991031737,0.7832495957183252,1.6429394630643475,2.381721790885624,3.279091357009347,0.5266936861439772,0.47322753254584893,0.999065062427118,0.9803408897920634,-0.21626409494266136,0.8816066512103222,0.4292086072357267,15.116327303495154,0.015088859634291962,6.775802481270639,0.8099959323546838,0.04455801781062049,30.23265460699031,4.70165489688535,14.143086937375646,20466.93789966257,0.07493294400024515,16.741996745974284,228.18499985362632,2.248127326194307,555.5501057807301,0.014202237592380602,0.00761874260874108,4.899902343853018,179182.7443561417,0.6526883068462267,0.7731772234334738,0.5390761330455387,0.8346517523918303,185.97875633243638,0.006708471418010431,1405.29564183162,0.05969312895385354,24.712997586304922,149.79891258176875,158303.35154192508,46268807.26548297,587.0639976851792,0.01720966077026776,6685.531560615071,0.2839831603353611,0.5464118164077787,79.89423564950961,0.009431314001539251,6.831357539961094,0.06665911600645581,158078.30056630858,16.861001603654348,4.411185634360207e-05,2456.798687022468,0.01055698438757819,0.28831666665284134,case_00463
3.1.1.dev111+g8ed579383,2.0.2,2.5.5,1.8.0,3.12.13,"{'minimumROIDimensions': 2, 'minimumROISize': 50, 'normalize': False, 'normalizeScale': 1, 'removeOutliers': 3, 'resampledPixelSpacing': [1, 1, 1], 'interpolator': 'sitkBSpline', 'preCrop': False, 'padDistance': 10, 'distances': [1], 'force2D': False, 'force2Ddimension': 0, 'resegmentRange': None, 'label': 1, 'additionalInfo': True, 'binWidth': 25}",{'Original': {}},11f3211d4ae735037ced483a37b9446fe8798c87,3D,"(5.0, 0.974609375, 0.974609375)","(59, 512, 512)",-480.41266017849165,-1024.0,1230.0,261943bee64254915cf0d64448812e6b2752da99,"(5.0, 0.974609375, 0.974609375)","(59, 512, 512)","(13, 243, 132, 23, 94, 227)",78397,2,"(np.float64(24.871717029988393), np.float64(291.48017143513147), np.float64(242.92474201818948))","(236.7567309903839, 284.0793077072863, -124.35858514994196)","(1.0, 1.0, 1.0)","(137, 113, 243)",-13.404653334241326,-1057.9003402317255,1224.4488620236764,"(1.0, 1.0, 1.0)","(137, 113, 243)","(13, 11, 11, 115, 91, 221)",371735,2,"(np.float64(74.28981667047762), np.float64(58.24680215745087), np.float64(118.90187902672602))","(236.91457433922602, 284.2594974699509, -124.28981667047762)",103.37057313198588,-153.21384178115113,310.80185107230653,0.3441967834460917,0.1784772730153346,56.649571453283464,317.40495860454007,219.18485349129398,222.19360926903366,123.4908903522847,223.34054714717612,371622.7083333333,109.24976580152259,0.40724299397069746,61380.72289415437,0.16516946224690307,371735.0,10.810711135403237,183.8794949402986,5683775001.58548,3.4072729154641777,102.25725747992381,2.6616414882343626,310.80185107230653,56.41742440760495,103.37057313198588,112.20489338042002,-153.21384178115113,464.01569285345767,41.74853864701714,123.65216142901929,-0.5083377490229933,5683775001.58548,0.1067208447239164,4604.381636433011,145.79767492862922,1428.0278552226696,-51.06784221475621,23.539505585808513,2.8996809388617804,0.7791859632557081,1.1833728794930198,2.0056689594674677,1.4446263156407773,0.5922187454113025,0.5535770574853278,0.9930252645691617,0.9470353120788902,-0.23053663764641907,0.8682113930350901,0.4640321375174524,11.858971367797283,0.025185225925462296,5.887131690731101,0.795055986704975,0.05987937943614163,23.717942735594566,4.22861091717275,6.609796631167574,26733.560754159218,0.10111036658172833,7.941586520763641,138.00188155978861,2.9379397296721725,440.4307583266017,0.025225367032773678,0.01017787431822519,4.652488109368924,154360.5962767007,0.5774023994133866,0.7110739557025217,0.8646736474080746,0.7865144875239606,105.45474626261807,0.008442777994482762,1234.610995776362,0.08838220314813959,11.397612677029997,86.84329586942516,420450.21554871503,68017363.46059132,2849.8537861538607,0.021923460152930174,2889.849595532966,0.20687591062588345,0.4524138701526543,35.439242572181705,0.011084708902840258,6.767411448483597,0.037577844432189596,419742.04759227735,83.75298732877998,4.089183496608803e-05,126.98681067587194,0.028491113028636324,0.006219226632775495,case_00464
3.1.1.dev111+g8ed579383,2.0.2,2.5.5,1.8.0,3.12.13,"{'minimumROIDimensions': 2, 'minimumROISize': 50, 'normalize': False, 'normalizeScale': 1, 'removeOutliers': 3, 'resampledPixelSpacing': [1, 1, 1], 'interpolator': 'sitkBSpline', 'preCrop': False, 'padDistance': 10, 'distances': [1], 'force2D': False, 'force2Ddimension': 0, 'resegmentRange': None, 'label': 1, 'additionalInfo': True, 'binWidth': 25}",{'Original': {}},f0720c8c879ba6a3014a07cfcbe7084fa0eeff55,3D,"(5.0, 0.79296875, 0.79296875)","(95, 512, 512)",-420.9449058532715,-1024.0,1702.0,04b3800f5e48e3876a7a2b7847b60ff6cde9896f,"(5.0, 0.79296875, 0.79296875)","(95, 512, 512)","(18, 182, 106, 31, 158, 362)",134246,23,"(np.float64(33.85112405583779), np.float64(266.35189875303547), np.float64(195.4825544150291))","(155.01155682129263, 211.2087322143211, -169.25562027918897)","(1.0, 1.0, 1.0)","(177, 148, 309)",-2.6588360349237763,-1061.5053763638625,1532.4603140222996,"(1.0, 1.0, 1.0)","(177, 148, 309)","(13, 11, 11, 155, 126, 287)",422345,18,"(np.float64(94.23510400265187), np.float64(78.11240810238075), np.float64(81.91177828552486))","(155.01529391052486, 211.21592372738075, -169.23510400265187)",139.05614733311705,-145.8620746154315,311.7881394471143,0.47703602019625885,0.20713454929577052,64.01003197162774,309.02634152174613,282.349074728429,287.7846417027844,159.7779709471866,295.10337171913164,420994.625,147.41669609534367,0.26060594132311116,104235.9460947451,0.24759448198357664,422345.0,3.190436573222741,229.75430131893148,11369538916.09346,3.56126492876511,135.88541207653174,2.4348858046955417,311.7881394471143,74.01140656495126,139.05614733311705,168.41687465240983,-145.8620746154315,457.65021406254584,56.409083696752425,164.07323751004984,-0.7324430216722714,11369538916.09346,0.10283922217520161,7583.415155899683,165.10047069264417,3941.5788700910407,-202.20151260018773,38.28986040632814,3.3683783395646256,0.8363299053921144,1.249772053498553,2.0731818516795526,1.7431325702305822,0.5844167751159756,0.5441424755391441,0.9911862159925462,0.9419829980601357,-0.255042768382301,0.8956414732833399,0.4585522712050872,12.504337389140641,0.028761699945286098,6.009749020358513,0.8589873046285017,0.08977393610632486,25.008674778281286,4.324495421081371,10.41455968647319,27578.10920329668,0.08976368394811549,13.003146667434518,148.40549828089274,2.8682566443348074,498.11957983350345,0.02621501834234221,0.012552530306230766,4.779810706504892,185562.10511092065,0.5986205739603362,0.7252954884677766,0.860100150436656,0.800210725259648,113.38258916567202,0.010868322772067765,1666.8307389162562,0.08210988861656435,14.43478729403771,80.45881773399014,704754.4330541872,149532966.19280788,3432.0524509744237,0.03266368144478456,4272.949359605911,0.2104901162367444,0.455645521565383,32.32747777631782,0.016532766720050492,6.84103983390431,0.048064970580923176,704321.5778550197,102.52873593345298,3.4740243225319255e-05,123.42138603322064,0.05773904868724027,0.005175974236045014,case_00465
3.1.1.dev111+g8ed579383,2.0.2,2.5.5,1.8.0,3.12.13,"{'minimumROIDimensions': 2, 'minimumROISize': 50, 'normalize': False, 'normalizeScale': 1, 'removeOutliers': 3, 'resampledPixelSpacing': [1, 1, 1], 'interpolator': 'sitkBSpline', 'preCrop': False, 'padDistance': 10, 'distances': [1], 'force2D': False, 'force2Ddimension': 0, 'resegmentRange': None, 'label': 1, 'additionalInfo': True, 'binWidth': 25}",{'Original': {}},3e8e0c4d928257005c0f1d016efe78e4269dcfce,3D,"(5.0, 0.8999999761581421, 0.8999999761581421)","(131, 512, 512)",-719.0238833827826,-2062.0,3765.0,e06349775d2d476f557570bc2fc388e1d38f546e,"(5.0, 0.8999999761581421, 0.8999999761581421)","(131, 512, 512)","(60, 238, 108, 23, 125, 290)",79226,7,"(np.float64(70.83194910761618), np.float64(306.340077752253), np.float64(266.16186605407313))","(239.54567310287243, 275.7060626733111, -354.1597455380809)","(1.0, 1.0, 1.0)","(137, 135, 283)",-18.995625013961057,-1038.813813592465,1253.8830301095663,"(1.0, 1.0, 1.0)","(137, 135, 283)","(13, 11, 11, 115, 113, 261)",320605,7,"(np.float64(69.15316355016297), np.float64(72.62527097206844), np.float64(153.45509271533507))","(239.505092727256, 275.6752709839894, -354.15316355016296)",76.54680181685079,-100.81682414874601,222.69094367483274,0.25934010330885016,0.14134161992914324,55.07886224223054,389.6860830507139,252.83393759541065,263.65507770570247,112.36102527122117,268.86055865448174,320336.7083333333,101.06122903639329,0.3676576689730475,61580.749094072446,0.19223756594886796,320605.0,-7.644257516651672,151.16758071471634,2974609909.6342435,3.212858389980629,89.29285231014605,2.258663925991324,222.69094367483274,48.6616961086317,76.54680181685079,84.32739746831308,-100.81682414874601,323.5077678235788,36.33618448855922,96.32296991018988,-0.29191478313995656,2974609909.6342435,0.11829274856107286,3418.7016639311173,81.36880101618802,831.9617349514594,-24.505833062629108,18.92454712702915,1.2763173238241923,0.872859277421148,0.7579772584162423,1.5773512394803786,0.680053579752325,0.6896225358873171,0.6704127219214903,0.9936864031339533,0.9515065035628242,-0.3481345985941497,0.9359119562583463,0.4553803929290072,8.772342199982656,0.03826595496501481,5.20496540091497,0.8788952605620174,0.08450574187750694,17.544684399965313,4.085741152267838,5.0502161127133345,21429.969099135153,0.11270944820003438,5.828625232262586,73.42713118187231,4.751966400722602,404.4040698116955,0.07750200050062957,0.021124620286638383,4.847033870774795,89067.2164125118,0.4611447173259515,0.5933284787295174,1.7686600747779184,0.7021686496154446,48.341466936583416,0.016155501387742913,410.9323529411765,0.15107807093425604,10.055767598399655,41.05036764705882,2383593.845220588,218567178.65441176,30917.65512700684,0.06722420940358326,353.7419117647059,0.13005217344290657,0.34100492889154993,11.148013678950614,0.02770157501148847,6.898130085093763,0.008483960013100233,2369700.629657088,117.96453021779303,6.808139509484039e-05,34.64484290867769,0.026235411356453416,0.004658874187186493,case_00466
3.1.1.dev111+g8ed579383,2.0.2,2.5.5,1.8.0,3.12.13,"{'minimumROIDimensions': 2, 'minimumROISize': 50, 'normalize': False, 'normalizeScale': 1, 'removeOutliers': 3, 'resampledPixelSpacing': [1, 1, 1], 'interpolator': 'sitkBSpline', 'preCrop': False, 'padDistance': 10, 'distances': [1], 'force2D': False, 'force2Ddimension': 0, 'resegmentRange': None, 'label': 1, 'additionalInfo': True, 'binWidth': 25}",{'Original': {}},9af453490e4fff951ee6705494ea869f575e6dd3,3D,"(2.141414165496826, 0.765999972820282, 0.765999972820282)","(100, 512, 512)",-733.1596811294555,-2048.0,1545.0,dcb76bcae3c3a58cb471f01aac7d3d6d397126e4,"(2.141414165496826, 0.765999972820282, 0.765999972820282)","(100, 512, 512)","(28, 254, 96, 61, 111, 315)",318331,11,"(np.float64(57.969223858185345), np.float64(311.56690363175437), np.float64(253.25499872773938))","(193.99332214204892, 238.66023971362327, -124.13611713277467)","(1.0, 1.0, 1.0)","(153, 107, 263)",37.82538209495031,-1028.4660690515386,1490.8425632649796,"(1.0, 1.0, 1.0)","(153, 107, 263)","(12, 11, 11, 131, 85, 241)",399256,11,"(np.float64(76.71041136513917), np.float64(54.516693550003005), np.float64(130.90922616065882))","(194.02622617424868, 238.63369356359286, -124.13970428239075)",79.07854897267833,-106.6128724462582,321.2226423357216,0.29332275257103313,0.155031502075308,53.68286135430019,346.27066522404743,237.32045845227924,241.54916683772686,116.46887996370532,245.33650360270482,399044.0,101.56906465812033,0.4147801926030192,63194.6004480534,0.15836499345448973,399256.0,2.6360256394182295,138.12915888417155,3614181812.3113065,3.013707502110031,79.18466164613545,2.7064496504298807,321.2226423357216,44.21695253184084,79.07854897267833,89.46029837035323,-106.6128724462582,427.8355147819798,32.86620456445099,95.14353258900051,-0.5641974607894997,3614181812.3113065,0.1436447071573966,2798.874885889916,81.05969851657241,528.2646982436576,-28.200966552433353,14.045976137136869,2.106609188112658,0.7376053737381388,0.9881737512943106,1.8479986805536581,1.1015384883793045,0.6357396938729871,0.6059266093760749,0.9937135889353483,0.9507128235927377,-0.21643837476122915,0.8338359877793031,0.46182599897378346,8.835934640099845,0.04212705088290348,5.233808204905701,0.7602526438651414,0.09547172606182001,17.671869280199687,3.805243555170877,4.038146331312381,34107.26630023102,0.13006528233106499,5.042573902301124,76.31264868736801,3.486607691398632,291.1416378343114,0.05492573695031602,0.019573576103104603,4.476743802488856,137346.6945322239,0.5191522514814633,0.6563546658322943,1.0959852587980299,0.7468220638874181,54.81043597810291,0.015766899872875897,1117.1533609304158,0.11010776275679242,11.273085997851435,56.176029962546814,964307.6798738419,90414885.99438202,11241.4165222059,0.04828262263675108,2366.4145476049675,0.23323620615069657,0.4924132720544292,25.924729750706433,0.02704678109099277,6.4555588140647995,0.025412266816278277,962759.1728240971,135.61357744473662,3.401742130478912e-05,92.56610983186627,0.018402996100253075,0.004701860132146082,case_00467
3.1.1.dev111+g8ed579383,2.0.2,2.5.5,1.8.0,3.12.13,"{'minimumROIDimensions': 2, 'minimumROISize': 50, 'normalize': False, 'normalizeScale': 1, 'removeOutliers': 3, 'resampledPixelSpacing': [1, 1, 1], 'interpolator': 'sitkBSpline', 'preCrop': False, 'padDistance': 10, 'distances': [1], 'force2D': False, 'force2Ddimension': 0, 'resegmentRange': None, 'label': 1, 'additionalInfo': True, 'binWidth': 25}",{'Original': {}},1775cd862be25acbda01cba5a02e23852234a0e5,3D,"(5.0, 0.6640625, 0.6640625)","(51, 512, 512)",-437.75600874657727,-1024.0,2917.0,833b1b71ad204c478a6928228333c5f042ab8dca,"(5.0, 0.6640625, 0.6640625)","(51, 512, 512)","(15, 227, 105, 22, 114, 325)",159280,11,"(np.float64(24.994789050728276), np.float64(282.66440858864894), np.float64(267.6875))","(177.76123046875, 187.70683382839968, -124.97394525364138)","(1.0, 1.0, 1.0)","(132, 98, 238)",65.65745340549752,-1075.6376259975177,1459.8442560283952,"(1.0, 1.0, 1.0)","(132, 98, 238)","(13, 11, 11, 110, 75, 215)",351405,8,"(np.float64(65.07882642534966), np.float64(47.47628804371025), np.float64(118.69833952277287))","(177.86630827277287, 187.64425679371024, -125.07882642534966)",144.85678501014615,-165.02904004530856,570.8497019922097,0.38605902566014705,0.20963020345189284,57.66228165379777,275.06666837267295,213.84573879317773,214.84180226389836,120.93386622447825,216.02546146230077,351138.0833333333,106.19196998353691,0.3059465366106183,78672.6669552903,0.22405051086585445,351405.0,12.562946806511682,284.2208313039648,11010955223.802391,3.995689798888664,165.95393791876364,2.086342565799717,570.8497019922097,86.55191013707386,144.85678501014615,139.08741364229502,-165.02904004530856,735.8787420375182,66.97130183650968,177.01437254029318,0.01716172141802374,11010955223.802391,0.06728434443485953,10350.599922357977,195.87627991962657,6864.732505568831,16.31288554022114,58.446038332878075,5.228516731810434,0.8353265700546106,1.5945047756151236,2.3448707242786893,2.5916381768198096,0.527783279053651,0.4739442857674121,0.9943899493135107,0.9518684643316477,-0.24468561766333666,0.9136803527979269,0.42957131716794505,13.5118200909607,0.011163935885276659,6.946765536685451,0.8454855096873112,0.024033669990002175,27.023640181921397,4.879521196339104,15.91863876617213,18266.631274425472,0.06677410378892214,16.59730844130093,193.4798783038114,2.1931317092276057,417.6310264047844,0.01790190483044584,0.008307434558895873,4.962851323174158,182051.66816167,0.6615543726078372,0.7790614160956074,0.5139755395044913,0.8398172433411564,161.866013814404,0.007087642152552915,1306.7130550033135,0.061853311322697786,20.708353862883655,147.727634194831,107152.01614124775,22614201.881709743,641.3133550421817,0.014638669348231216,5323.299346776484,0.25197857364273807,0.5088136177052308,74.10350147237196,0.007597229753572107,6.962218433766869,0.060118666495923505,106875.33387623436,42.32424529751428,5.0990013678112663e-05,377.3588113951228,0.03504441968470525,0.017971265261818678,case_00468
3.1.1.dev111+g8ed579383,2.0.2,2.5.5,1.8.0,3.12.13,"{'minimumROIDimensions': 2, 'minimumROISize': 50, 'normalize': False, 'normalizeScale': 1, 'removeOutliers': 3, 'resampledPixelSpacing': [1, 1, 1], 'interpolator': 'sitkBSpline', 'preCrop': False, 'padDistance': 10, 'distances': [1], 'force2D': False, 'force2Ddimension': 0, 'resegmentRange': None, 'label': 1, 'additionalInfo': True, 'binWidth': 25}",{'Original': {}},d3063810732fe11fe800c16a14fe0f3516e075ea,3D,"(5.0, 0.751953125, 0.751953125)","(87, 512, 512)",-517.4933676445621,-1024.0,1793.0,50b1d80bd77d18d2072a67354409a49546767250,"(5.0, 0.751953125, 0.751953125)","(87, 512, 512)","(9, 294, 108, 22, 113, 286)",127471,2,"(np.float64(20.1096092444556), np.float64(359.70164978701035), np.float64(252.93337308093606))","(190.19404030500075, 270.478779624998, -100.548046222278)","(1.0, 1.0, 1.0)","(132, 107, 237)",32.96494394308919,-1065.6640298135412,1540.2275358771815,"(1.0, 1.0, 1.0)","(132, 107, 237)","(13, 11, 11, 110, 85, 215)",361070,2,"(np.float64(70.5404769158335), np.float64(60.425790013016865), np.float64(119.89087988478688))","(190.0149033222869, 270.5498134505168, -100.5404769158335)",103.39636866656544,-146.35872879488682,628.7341072902626,0.322900692070942,0.2022219567212778,60.28210875881165,298.09873139492163,206.81392603013947,213.56497840235883,115.36463929644994,224.28999086004708,360970.5416666667,96.25628667289004,0.44465330246840534,55137.08174890331,0.1527467629195595,361070.0,19.327124223566365,171.85288811635974,5248035402.406549,3.250278243763135,88.38996995892086,3.280083156052372,628.7341072902626,50.50441761215329,103.39636866656544,116.20478571691773,-146.35872879488682,775.0928360851494,36.21320214343345,120.55984336128424,-0.7075475157865134,5248035402.406549,0.12431555185168325,3843.866777865083,121.4195557807174,1106.8502655828956,-48.92876751598013,18.898131962217725,2.7524445509959956,0.7435049329150438,1.0798526631270589,1.9400103341494543,1.541697843646213,0.6244869283645225,0.5928705774527306,0.9973683519613902,0.9686542088688762,-0.23165838695190358,0.8594073897858537,0.4585572900869248,10.834258438209297,0.03402655431204015,5.589690904060428,0.7702125507166661,0.08075104217921977,21.66851687641859,4.0558369188667545,5.412644128303429,27489.74993811109,0.11405022839044662,6.917706591893453,114.30705057696433,3.537006208579413,447.4419030805981,0.03670189846987647,0.01333981537964735,4.674887106134009,129677.91755253031,0.5321945911223831,0.6669985150972217,1.174702938876237,0.7559386318506776,83.26985998005458,0.010945909558463675,1220.751200480192,0.09159297722690517,11.273442954988116,68.00277611044417,523655.28211284516,71353641.59356242,4143.869678956275,0.03496420176636198,3013.8826530612246,0.22613165164024793,0.47683765786953114,30.19929979302062,0.018070795482016833,6.588070325473904,0.03691251003960451,522921.35514863953,50.81309237071425,3.925523686515811e-05,351.9641750804662,0.010077077319768023,0.02599202250443234,case_00469
3.1.1.dev111+g8ed579383,2.0.2,2.5.5,1.8.0,3.12.13,"{'minimumROIDimensions': 2, 'minimumROISize': 50, 'normalize': False, 'normalizeScale': 1, 'removeOutliers': 3, 'resampledPixelSpacing': [1, 1, 1], 'interpolator': 'sitkBSpline', 'preCrop': False, 'padDistance': 10, 'distances': [1], 'force2D': False, 'force2Ddimension': 0, 'resegmentRange': None, 'label': 1, 'additionalInfo': True, 'binWidth': 25}",{'Original': {}},c127e5b43c81f797668f0c21dc351502ca779301,3D,"(5.0, 0.703125, 0.703125)","(44, 512, 512)",-445.8157671148127,-1024.0,1463.0,26a74d972168c38ab8b39816614df96ea27134e0,"(5.0, 0.703125, 0.703125)","(44, 512, 512)","(14, 248, 103, 25, 115, 294)",93416,11,"(np.float64(26.301179669435644), np.float64(298.6563650766464), np.float64(252.5556649824441))","(177.578201940781, 209.992756694517, -131.50589834717823)","(1.0, 1.0, 1.0)","(147, 102, 228)",17.25530659740217,-1017.0300247262251,1471.2711368861076,"(1.0, 1.0, 1.0)","(147, 102, 228)","(13, 10, 10, 125, 81, 207)",230940,15,"(np.float64(76.46336710833982), np.float64(45.85193123755088), np.float64(115.47142114835022))","(177.6198586483502, 210.00036873755087, -131.4633671083398)",111.79842080258666,-119.31135146509118,213.8784240476866,0.3095181138599486,0.16768870384599502,50.481082493992204,301.04044778325635,208.5209821576716,205.0609665440988,110.4943437466371,208.8444397153058,230705.20833333334,93.17747159342785,0.30616816420031384,59414.94422305889,0.25753620671282584,230940.0,29.051006766767323,162.0122180741407,3531549604.750451,2.8298900784833645,58.3994648494031,4.11913957999174,213.8784240476866,40.914158076577145,111.79842080258666,128.4798014752455,-119.31135146509118,333.18977551277777,26.405574329373675,123.66109126205025,-1.2751188992511766,3531549604.750451,0.18297188403378187,2793.1785981688813,106.23290352999953,864.3156973139376,-70.26754639845548,14.0592662198175,1.6748112972162057,0.7850830965506123,0.8453380210822821,1.6910266074562164,0.9338266225954828,0.6721006186921262,0.6499864283742164,0.99191388562947,0.9467589308928678,-0.24307848666944795,0.8401516352173286,0.4589212187047068,10.15553543869829,0.0676200586416137,4.792457314424123,0.8073529301596364,0.16330575976371564,20.31107087739658,3.5919545479561785,3.9335193792584273,21804.11855656101,0.15070456209768837,5.337852054045787,97.75530214370171,4.493813262364723,505.05267139810246,0.050115259223995665,0.01547746270937286,4.479340915589565,71716.1848660446,0.4896770446172619,0.6234010165810632,1.6887775399708143,0.7239959828407591,67.27054262104963,0.012371565496231203,610.133829611249,0.10093198173883358,8.967290126915517,59.178990901571545,735471.5318444996,89409972.67361456,6229.57837767259,0.04217288900681035,1108.8464846980976,0.18343200739422624,0.41799610008746607,21.616185473821,0.020536051377252132,6.673716284702946,0.026175630033775005,734012.0264230019,103.58413495858679,5.1124490539681636e-05,52.97006124323195,0.02907740394138875,0.005621258963089403,case_00470
3.1.1.dev111+g8ed579383,2.0.2,2.5.5,1.8.0,3.12.13,"{'minimumROIDimensions': 2, 'minimumROISize': 50, 'normalize': False, 'normalizeScale': 1, 'removeOutliers': 3, 'resampledPixelSpacing': [1, 1, 1], 'interpolator': 'sitkBSpline', 'preCrop': False, 'padDistance': 10, 'distances': [1], 'force2D': False, 'force2Ddimension': 0, 'resegmentRange': None, 'label': 1, 'additionalInfo': True, 'binWidth': 25}",{'Original': {}},49932256a8839c2c7b7b8edd0a24f76d8b0d4487,3D,"(5.0, 0.85546875, 0.85546875)","(61, 512, 512)",-593.9765630002881,-1024.0,1554.0,79842fdff6d3f0eb4b49203b9cccca0e06708cdb,"(5.0, 0.85546875, 0.85546875)","(61, 512, 512)","(29, 204, 111, 24, 110, 282)",123144,2,"(np.float64(39.82034041447411), np.float64(260.3661323328786), np.float64(242.7345465471318))","(207.65181911649165, 222.73508976914223, -199.10170207237056)","(1.0, 1.0, 1.0)","(142, 116, 263)",6.709078997039058,-1066.1722588638797,1582.6661728173215,"(1.0, 1.0, 1.0)","(142, 116, 263)","(13, 11, 11, 120, 94, 241)",451390,2,"(np.float64(69.10443297370345), np.float64(58.65570792441126), np.float64(123.5665499900308))","(207.6388156150308, 222.72797354941122, -199.10443297370347)",103.00045444797084,-139.18333288452473,339.42406451962967,0.3180121619918564,0.16250391804035838,56.24570913181668,346.119095527579,240.75090861718465,241.82845159327303,123.43419299367578,242.1528442946727,451389.6666666667,110.07008187539128,0.42674865550643776,66682.678811497,0.1477275262057328,451390.0,4.242465923658873,174.40300206156377,6666098923.903198,3.2867831860068497,91.20641180918247,2.7436608533692395,339.42406451962967,53.045332211279565,103.00045444797084,117.41969415754026,-139.18333288452473,478.6073974041544,38.582219011977614,121.52339959367096,-0.6844369498839862,6666098923.903198,0.1195186775621375,4158.843032314507,122.11444852531314,1305.5449770960481,-68.84088255015224,21.693112985265465,2.15861018054286,0.8176336905633583,0.9781207243340824,1.826352157953639,1.1665566741815458,0.6394649520055405,0.611287877338419,0.9947912135375279,0.9557575190303941,-0.27281036188422075,0.8973686319611244,0.4671565126643457,10.82720776155767,0.03424633080540855,5.543346005082482,0.8308299709871475,0.0848993211295307,21.654415523115333,4.1193911358109645,5.962930791452081,32269.630678725698,0.10949546191415732,7.3718846863746315,114.32077620670594,3.7995256567049895,479.94400092464696,0.03993576760554891,0.01315108597113648,4.763330082694737,153512.95904639427,0.5147421720629348,0.6520545937591066,1.299607262249329,0.7432620864474019,81.71450596232307,0.01052594396081952,1046.0244242847173,0.09124427985735498,11.487793572001117,70.50165736217726,894824.0762386601,124980686.33478716,6925.515410233538,0.032216810177543215,2121.996510816469,0.18510088196235772,0.41968471401618407,26.942024986628574,0.014876019198834394,6.853278371589939,0.02539710671481424,893273.7199601203,101.87563495391365,3.430731662110271e-05,113.41352676318694,0.022439758306256587,0.005599027640088774,case_00471
3.1.1.dev111+g8ed579383,2.0.2,2.5.5,1.8.0,3.12.13,"{'minimumROIDimensions': 2, 'minimumROISize': 50, 'normalize': False, 'normalizeScale': 1, 'removeOutliers': 3, 'resampledPixelSpacing': [1, 1, 1], 'interpolator': 'sitkBSpline', 'preCrop': False, 'padDistance': 10, 'distances': [1], 'force2D': False, 'force2Ddimension': 0, 'resegmentRange': None, 'label': 1, 'additionalInfo': True, 'binWidth': 25}",{'Original': {}},361ea76201ee9c6e1dbf5f11ccd27a9382dcf6b2,3D,"(3.0, 0.947265625, 0.947265625)","(162, 512, 512)",-633.3089804943697,-1024.0,1595.0,56a68f5b0d101728025fd9820469811e9a3d2988,"(3.0, 0.947265625, 0.947265625)","(162, 512, 512)","(33, 246, 107, 37, 97, 258)",136919,5,"(np.float64(49.5515304669184), np.float64(296.3644052322906), np.float64(236.0351594738495))","(223.5879928609707, 280.735813550119, -148.6545914007552)","(1.0, 1.0, 1.0)","(133, 114, 267)",-2.9506544010383347,-885.6653063795266,1547.2800525451287,"(1.0, 1.0, 1.0)","(133, 114, 267)","(12, 11, 11, 111, 92, 245)",368367,6,"(np.float64(62.64411307201785), np.float64(58.69673179193576), np.float64(133.46167816335338))","(223.48804535085338, 280.72309897943575, -148.64411307201786)",90.96194137033605,-129.0137768770588,248.05399493372812,0.2693220933300311,0.17793811423833783,62.70370109550264,352.39050028098336,244.59149617270018,243.90571949013415,112.36102527122117,246.24784263014368,368402.5416666667,94.90654720529136,0.4395017463692182,56546.43953077687,0.15349090501644938,368367.0,8.364779011430565,152.68365039039668,4134356502.2861915,3.0539406124356767,67.19178573749842,3.2990837768267998,248.05399493372812,42.48362243930857,90.96194137033605,98.6006814694057,-129.0137768770588,377.0677718107869,28.91357201638816,105.94088651467175,-0.811405190542334,4134356502.2861915,0.1423226786560992,2949.3966576541025,109.67506736221655,702.4467547861585,-41.880887926706926,14.45263993563783,2.107794462931722,0.7434972829922977,0.9800765960942557,1.8302504021870132,1.1166548587076626,0.6372907146327577,0.608554983556689,0.9921393271851493,0.9456991287832438,-0.22441243653836793,0.8420579995001434,0.4676999043617175,10.324114971164684,0.04123957461547053,5.265990066948853,0.7545798972136459,0.08815389417062242,20.648229942329372,3.8494061679126967,4.140108599642388,31062.536795598004,0.1283622190136169,5.503057995360978,103.19959707980712,3.631338613464987,410.30558607102256,0.039323951352459544,0.013496464119773507,4.53416701126128,126913.43170888266,0.518739009594684,0.65586807136946,1.185073047283033,0.745905209749552,74.18760833423704,0.01083137550983617,1052.0223474178404,0.09878144107209769,10.420328638497653,66.67032863849765,804956.0461032864,97053388.17830986,6999.17656940735,0.03228069642353292,2284.9767136150235,0.21455180409530736,0.460171575073193,27.8411964520202,0.017211734222044996,6.523744129527544,0.028911384570279097,803759.6851811677,138.14587214092523,3.481801426262386e-05,74.7486424942309,0.026284462248796967,0.0037977784028102464,case_00472
3.1.1.dev111+g8ed579383,2.0.2,2.5.5,1.8.0,3.12.13,"{'minimumROIDimensions': 2, 'minimumROISize': 50, 'normalize': False, 'normalizeScale': 1, 'removeOutliers': 3, 'resampledPixelSpacing': [1, 1, 1], 'interpolator': 'sitkBSpline', 'preCrop': False, 'padDistance': 10, 'distances': [1], 'force2D': False, 'force2Ddimension': 0, 'resegmentRange': None, 'label': 1, 'additionalInfo': True, 'binWidth': 25}",{'Original': {}},7e34062537b61fb0ca60e1a71eff0a2e888c0b1e,3D,"(5.0, 0.69921875, 0.69921875)","(45, 512, 512)",-465.67749506632487,-1024.0,2859.0,1d038d600cbdfde5db728102774f29a3e8565204,"(5.0, 0.69921875, 0.69921875)","(45, 512, 512)","(14, 228, 118, 26, 120, 287)",116955,10,"(np.float64(26.971091445427728), np.float64(296.4273352999017), np.float64(235.84843743320081))","(164.9096496114959, 207.26755085422815, -134.85545722713863)","(1.0, 1.0, 1.0)","(152, 105, 222)",69.9574933381996,-1107.00837430559,3071.761483322513,"(1.0, 1.0, 1.0)","(152, 105, 222)","(13, 10, 11, 130, 84, 200)",286080,5,"(np.float64(79.85135276845638), np.float64(58.10598434004474), np.float64(92.65670441834452))","(164.80709504334453, 207.25637496504476, -134.85135276845637)",156.27298872546572,-142.66521123987263,369.3366103760108,0.331162108268094,0.18770891076224142,52.54157151455515,279.90984179278587,202.33882474700698,197.46392075515973,109.85900054160332,207.59576103572059,285960.9583333333,92.69553333308761,0.4873731852871779,43068.55714854763,0.15060992031766912,286080.0,19.193231764826457,264.46294541965636,9439558604.18151,3.791454530928304,145.4181292166401,2.33090268903673,369.3366103760108,78.39408508855601,156.27298872546572,170.4979699557748,-142.66521123987263,512.0018216158835,59.765453559065946,181.64861671120792,-0.49160660097094094,9439558604.18151,0.08086949863291316,8574.972947905786,179.6679774188107,4909.202127040251,-150.33668221363982,45.658219201082794,4.308357527186691,0.8262850822749902,1.432577582674618,2.226237569537612,2.1756927674666358,0.5536203931279015,0.505994788109314,0.9907669171603357,0.9399038036589908,-0.2436836099805866,0.9012113800550948,0.44350905167898974,13.012553820947058,0.016341629942659284,6.547109966716421,0.8330667023458909,0.04437832307015126,26.02510764189411,4.647610462406616,12.491644182067372,16558.036230670594,0.07742998442914845,14.062026245439752,170.84197705745328,2.4834445348811505,461.2998583974931,0.021448196142926593,0.010195499199225676,4.888418983863658,133796.14942875237,0.6213976223661498,0.7477663590604026,0.6485764129337568,0.8155737849390271,135.86141050038506,0.008713824113346622,784.7452445652174,0.06663937199093219,18.17089785339702,115.77878736413044,225781.04772418478,49933409.796110734,1143.6581906300707,0.02285213098744016,2612.2875339673915,0.22183148216435047,0.47431125831656734,52.75110935412616,0.011240848631721853,7.051783934685982,0.04116331096196868,225190.87463817344,54.646130189171274,6.122538355660568e-05,146.7492874191711,0.052448327475378455,0.009846206997140913,case_00473
3.1.1.dev111+g8ed579383,2.0.2,2.5.5,1.8.0,3.12.13,"{'minimumROIDimensions': 2, 'minimumROISize': 50, 'normalize': False, 'normalizeScale': 1, 'removeOutliers': 3, 'resampledPixelSpacing': [1, 1, 1], 'interpolator': 'sitkBSpline', 'preCrop': False, 'padDistance': 10, 'distances': [1], 'force2D': False, 'force2Ddimension': 0, 'resegmentRange': None, 'label': 1, 'additionalInfo': True, 'binWidth': 25}",{'Original': {}},54a14dd5aa67fabd59c44797261f15547da375ca,3D,"(2.0, 0.968999981880188, 0.968999981880188)","(211, 512, 512)",-851.6948043859401,-2048.0,1923.0,99bd26a60ff45b172db884ff4209d1487b0efaff,"(2.0, 0.968999981880188, 0.968999981880188)","(211, 512, 512)","(34, 257, 161, 67, 80, 221)",151548,12,"(np.float64(67.55427323356297), np.float64(299.99786866207404), np.float64(269.86456436244623))","(261.4987579773152, 290.69792929764475, -135.10854646712593)","(1.0, 1.0, 1.0)","(155, 100, 236)",33.19291675853592,-1053.5181551538944,1423.017455525387,"(1.0, 1.0, 1.0)","(155, 100, 236)","(11, 11, 11, 134, 78, 214)",284068,12,"(np.float64(78.51589760198263), np.float64(52.77713082782996), np.float64(116.52906346367772))","(261.5445634727376, 290.7926308368898, -135.01589760198263)",115.86937744269001,-143.09240072363568,260.588978721728,0.3283351805606798,0.15336450399898274,46.28311811432164,301.7850735175894,211.28653530218153,214.4574549881631,111.42710621747295,215.4878186812424,283866.4166666667,99.08665660391573,0.42857736638152855,48737.61090210272,0.17169206373339121,284068.0,19.05603027141249,181.77964346101325,4954789013.632382,3.188083250894528,77.11729837101224,3.665387915904457,260.588978721728,49.678082158773364,115.86937744269001,130.41917238061865,-143.09240072363568,403.68137944536363,33.574061639843045,132.06916321437276,-1.04859453859975,4954789013.632382,0.1334176703652116,4016.5512431880607,132.4038594645043,1429.037503288919,-87.52204589483141,19.408839298235712,3.1706691274229044,0.7173465066363994,1.1975569472173682,2.0565357774045463,1.6958862216434811,0.5994154711802117,0.5623871880845864,0.989679942445109,0.9385804671365716,-0.19050888880793088,0.8160950197991705,0.45533993340085643,11.328864236144979,0.034983753710460704,5.614835775962744,0.7297290117289196,0.09355692062839578,22.65772847228995,3.984448553567018,5.644877106414654,23681.75307032088,0.11930461990510967,7.379792353607043,124.85570155649167,2.909940840411613,401.0735007005263,0.02787710117221528,0.01234177022748935,4.521951128156089,112264.83502213866,0.5618984177967528,0.697994033931204,0.8120657891966795,0.7767951847215991,93.27389033236592,0.010392119456426359,1278.6346688925987,0.08894231141434326,10.938559600625107,78.04834446299388,316844.7904841402,48505430.456246525,2156.3303111950895,0.028822782916481,3752.9988870339453,0.261060022748605,0.5231765487591423,38.283877434279844,0.01725597139641826,6.432927745538232,0.05060760099694439,316454.33772241126,92.5956263580119,4.384340749871827e-05,96.7544268089852,0.03651411564409882,0.005503488936411162,case_00474
3.1.1.dev111+g8ed579383,2.0.2,2.5.5,1.8.0,3.12.13,"{'minimumROIDimensions': 2, 'minimumROISize': 50, 'normalize': False, 'normalizeScale': 1, 'removeOutliers': 3, 'resampledPixelSpacing': [1, 1, 1], 'interpolator': 'sitkBSpline', 'preCrop': False, 'padDistance': 10, 'distances': [1], 'force2D': False, 'force2Ddimension': 0, 'resegmentRange': None, 'label': 1, 'additionalInfo': True, 'binWidth': 25}",{'Original': {}},9521291f5c360b956d10fc8dc8b7828f9e519ae1,3D,"(3.0, 0.8359375, 0.8359375)","(97, 512, 512)",-424.86878310528,-1024.0,1711.0,200b7d4781ed2eb7055ca8dc87ab85688ec35b33,"(3.0, 0.8359375, 0.8359375)","(97, 512, 512)","(36, 209, 129, 51, 138, 285)",221033,11,"(np.float64(61.767478159369865), np.float64(278.9574407441423), np.float64(269.98482127103193))","(225.69043653125325, 233.19098562205644, -185.3024344781096)","(1.0, 1.0, 1.0)","(175, 137, 260)",4.409234210533344,-891.547717026865,1688.998465538643,"(1.0, 1.0, 1.0)","(175, 137, 260)","(12, 11, 11, 153, 115, 238)",463467,11,"(np.float64(90.28767743981773), np.float64(69.11585290862132), np.float64(128.67765342516296))","(225.75968467516296, 233.19788415862132, -185.28767743981774)",97.49589668528868,-159.53843511073745,235.62133918490042,0.3675511047728544,0.1731074433705093,59.43093618223709,343.3182018351141,241.32343441945292,225.07776433935007,147.00340132119393,260.286380742443,463087.9166666667,126.18698437312601,0.34152108459596037,84756.99867620488,0.1830257184991796,463467.0,6.59217046549241,160.10579379501615,6021513757.443182,3.1231186261284414,76.30086995032693,3.28143988000437,235.62133918490042,47.28885985017193,97.49589668528868,111.95809382264991,-159.53843511073745,395.1597742956379,32.87855238763495,113.98387917734894,-0.9107804178833295,6021513757.443182,0.13816069757889068,3486.874841847993,138.50238553238933,902.3391150300323,-60.1528423422143,16.351617659449612,2.8167831749865653,0.7037124400458986,1.1698238888463328,1.9987779905489151,1.4072490397024866,0.5934904830013784,0.5552029309424722,0.9907350505438693,0.9393539918288624,-0.18092830548579095,0.7943039907537378,0.4663097920199668,11.623964038078356,0.036531926913034994,5.497410097383604,0.7257175648382965,0.0966118636914359,23.247928076156718,3.871859207248674,4.792100208609044,40974.02594269278,0.1238606843132639,6.329043609290303,130.61740589054432,2.8567330506978346,408.31714009464054,0.024319981183383573,0.010279794872976413,4.3971239382873275,193157.6235901613,0.5794440614209813,0.7124480358820668,0.8091157508116744,0.7881918867538222,99.84054808779788,0.008577479108315637,1946.0680376705748,0.09350701699358901,11.718305072743517,86.75225831251201,607011.0361810494,95597754.46199308,4003.9435708158844,0.021803848494647473,5063.4974053430715,0.24329701159634207,0.49563387101303114,39.04808931934076,0.012256866655448456,6.380939335100104,0.044905030994655495,606515.1180358508,162.43705159775052,2.415416259590825e-05,104.84975400380219,0.0329884177073721,0.0032778227954747916,case_00475
3.1.1.dev111+g8ed579383,2.0.2,2.5.5,1.8.0,3.12.13,"{'minimumROIDimensions': 2, 'minimumROISize': 50, 'normalize': False, 'normalizeScale': 1, 'removeOutliers': 3, 'resampledPixelSpacing': [1, 1, 1], 'interpolator': 'sitkBSpline', 'preCrop': False, 'padDistance': 10, 'distances': [1], 'force2D': False, 'force2Ddimension': 0, 'resegmentRange': None, 'label': 1, 'additionalInfo': True, 'binWidth': 25}",{'Original': {}},02f47f57691845e1ded1c1871d0d8c9185f73608,3D,"(5.0, 0.8203125, 0.8203125)","(57, 512, 512)",-529.9216612431042,-1024.0,3069.0,919c8c2b9cf6814ce16eff4b585aaa2009bee1f5,"(5.0, 0.8203125, 0.8203125)","(57, 512, 512)","(22, 240, 128, 29, 141, 265)",181766,7,"(np.float64(36.24611863604854), np.float64(312.7079761891663), np.float64(260.6172771585445))","(213.78761016911852, 256.51826171767544, -181.23059318024272)","(1.0, 1.0, 1.0)","(167, 138, 239)",17.69776405857528,-1060.4148318986079,1821.1817281773122,"(1.0, 1.0, 1.0)","(167, 138, 239)","(13, 11, 11, 145, 116, 217)",611200,8,"(np.float64(86.19694862565446), np.float64(70.43908704188482), np.float64(119.73859620418848))","(213.82843995418847, 256.5289307918848, -181.19694862565444)",117.39908190097117,-132.5201130769375,448.09292108982896,0.46154973390782195,0.19808644477176962,59.3992292867962,299.865189439058,217.45114393812693,218.43534512527958,152.0690632574555,225.8384378266906,611236.5,138.40269839381583,0.38452851701652785,90579.18838061465,0.14819008416646365,611200.0,7.184568578988777,188.38337169145797,11320174993.003138,3.253493380101076,96.63045745792576,2.8892645838301414,448.09292108982896,56.88096663786414,117.39908190097117,137.89343849769614,-132.5201130769375,580.6130341667665,41.63750132433619,136.0927210357657,-0.8673562432475528,11320174993.003138,0.12745120233284965,4738.684287727823,136.17471441060195,1773.5857345661593,-106.67498600942233,24.356593342133117,2.309029425526705,0.8252107820359881,1.0064116482899341,1.8641012005592417,1.2575000054546175,0.635964372231856,0.606613194399766,0.9960965136451374,0.961592092288908,-0.2702524444973433,0.892760364648014,0.4613409254681683,11.430650601851593,0.04012805086773868,5.473723729629198,0.839557084077923,0.09825651976823228,22.861301203703196,4.054558732932828,6.666405691914958,44227.37874936673,0.11039009238232324,8.36338999525342,125.3299355334674,3.8270681476551642,551.5796291553563,0.03609515702194856,0.012480020617188808,4.736985301473425,211634.08137397695,0.5230468281362662,0.6540445026178011,1.3536323480517476,0.7496053880452158,89.53663800558925,0.010161692345530198,1527.1145395605715,0.09167454313606505,12.03439221820728,72.65788209869132,1258413.2983551447,206132409.68297514,8198.495667576262,0.031874081170637995,3081.0889662624563,0.18496151796508922,0.41983011499682016,27.027854060434574,0.01487988316482561,6.8232997288076,0.02725458115183246,1257067.0630504498,102.11517435282164,2.4414613406704788e-05,175.07037145681346,0.017525146074502396,0.007130241292583127,case_00476
3.1.1.dev111+g8ed579383,2.0.2,2.5.5,1.8.0,3.12.13,"{'minimumROIDimensions': 2, 'minimumROISize': 50, 'normalize': False, 'normalizeScale': 1, 'removeOutliers': 3, 'resampledPixelSpacing': [1, 1, 1], 'interpolator': 'sitkBSpline', 'preCrop': False, 'padDistance': 10, 'distances': [1], 'force2D': False, 'force2Ddimension': 0, 'resegmentRange': None, 'label': 1, 'additionalInfo': True, 'binWidth': 25}",{'Original': {}},a28049dad5a8e52c924d06d3754b7c99e572baea,3D,"(2.5, 0.6640625, 0.6640625)","(77, 512, 512)",-430.86312945477374,-1024.0,2161.0,e626d3595a814bc228ec95c8519412660d1e44b1,"(2.5, 0.6640625, 0.6640625)","(77, 512, 512)","(22, 274, 117, 49, 92, 300)",249390,4,"(np.float64(44.85414010184851), np.float64(323.38203215846664), np.float64(252.32642848550464))","(167.56051891615542, 214.74588073023176, -112.13535025462127)","(1.0, 1.0, 1.0)","(145, 83, 221)",21.093480588729516,-903.4834673520418,1688.1615805282015,"(1.0, 1.0, 1.0)","(145, 83, 221)","(12, 12, 11, 122, 60, 199)",273872,2,"(np.float64(69.67346059473039), np.float64(43.588910147806274), np.float64(100.4481765204183))","(167.61614527041831, 214.75687889780627, -111.92346059473039)",136.29478487792682,-144.2334089483411,484.5607691228894,0.33911090405022776,0.16543924015024,45.72926812503423,276.41125577889625,200.89798406156294,199.3037882229036,110.60289327137876,200.92038224132463,273921.3333333333,93.73407083684026,0.442441989558297,46101.14293943879,0.16830066639365607,273872.0,23.701342581186687,228.15551141883586,6905821047.161966,3.582740348222128,128.44516244425512,2.5745393165936914,484.5607691228894,68.95539695310458,136.29478487792682,152.48188170516653,-144.2334089483411,628.7941780712305,52.2719289427572,158.79391032381625,-0.588679500898466,6905821047.161966,0.09664961869767405,6639.237571007846,156.0714410107217,2620.089132479828,-96.04035784725467,32.75595782022145,5.044880731132047,0.7315477241316556,1.4571760930505944,2.284968218844327,2.851693931107798,0.5682955476858746,0.5244595807169429,0.9929168485360295,0.950191657457117,-0.20570890765403058,0.8580535908526336,0.4332431012912273,12.21234631261299,0.021920686327415537,6.278504258321792,0.7649462944286356,0.06990419369056299,24.42469262522598,4.394373233718711,9.450209637838373,17750.163817574125,0.08939876208644951,11.24920260265276,147.59169761897232,2.713765563327504,441.10293006725806,0.024994002278515632,0.011643300845183573,4.7739506415914255,119829.69634404569,0.600116768763882,0.7246377869953847,0.762412725508582,0.8023579375856025,114.60595973609604,0.01002806267690019,1548.5598825831703,0.07576124670172066,14.007150705515834,91.33439334637964,120564.98346379648,24258377.81927593,650.7021249025768,0.026582807965083614,6920.430919765166,0.3385729412800962,0.6007463659130288,51.99603388171645,0.01730093066194833,6.159093964802919,0.07463340538645791,120385.45493012818,45.90623808376714,5.0303931920875134e-05,299.9114916292882,0.03078048608003884,0.01408632201811968,case_00477
3.1.1.dev111+g8ed579383,2.0.2,2.5.5,1.8.0,3.12.13,"{'minimumROIDimensions': 2, 'minimumROISize': 50, 'normalize': False, 'normalizeScale': 1, 'removeOutliers': 3, 'resampledPixelSpacing': [1, 1, 1], 'interpolator': 'sitkBSpline', 'preCrop': False, 'padDistance': 10, 'distances': [1], 'force2D': False, 'force2Ddimension': 0, 'resegmentRange': None, 'label': 1, 'additionalInfo': True, 'binWidth': 25}",{'Original': {}},f70c0688b9a1b01d3f29451d381398057c2c5a0f,3D,"(2.5, 0.521484375, 0.521484375)","(96, 512, 512)",-506.92333511511487,-1024.0,2784.0,876090d967f4afcd361b95cf6af0891abf598af2,"(2.5, 0.521484375, 0.521484375)","(96, 512, 512)","(42, 268, 96, 36, 103, 273)",171105,2,"(np.float64(58.911007860670345), np.float64(324.3284649776453), np.float64(226.29937757517314))","(118.01158947767819, 169.13222685357675, -147.27751965167587)","(1.0, 1.0, 1.0)","(112, 76, 165)",44.97005230787882,-1031.3305583528813,1300.4729323726845,"(1.0, 1.0, 1.0)","(112, 76, 165)","(12, 11, 11, 90, 53, 142)",116221,2,"(np.float64(54.86538577365536), np.float64(39.86498137169703), np.float64(78.71927620653754))","(117.95853401903754, 169.104239184197, -147.11538577365536)",198.39311962234376,-132.0655094995788,374.0840306293239,0.37937488613594444,0.17141730321775825,34.54279288708081,201.51287086344905,142.04224723651762,139.60659010233005,79.37883848986453,146.81961721786362,116044.08333333333,76.44892243874826,0.5064663207817467,22716.8907052509,0.1957608699445475,116221.0,50.85551275326246,308.5425408820984,5717116681.866685,3.819248726065124,154.76607206340404,2.509782502707191,374.0840306293239,83.79115683148012,198.39311962234376,219.69580647253264,-132.0655094995788,506.1495401289027,63.59012948505363,221.7921771251379,-0.6430542350100296,5717116681.866685,0.08202165877611436,9831.939920422947,229.56651046846537,6582.147351369582,-229.64296472587222,50.489016463156595,5.9136457479933995,0.7889861920299353,1.6182884620733364,2.4061850983407234,3.187244209822734,0.5445056627721434,0.4943093060706923,0.9876029576195975,0.9337028044971457,-0.2217345977224157,0.8828001028225937,0.41254931802711686,14.778973765563979,0.01802604578384507,6.648538425847343,0.7996639609820402,0.0631005381084074,29.557947531127958,4.665160350625533,14.100665552787492,6537.309841250195,0.07523040271537629,16.002129068895062,210.99611318932472,2.5608846066390125,634.8480498813551,0.01568119953946581,0.007905677087506403,4.899759327116607,55745.120242183395,0.6385272923688301,0.7473334952706151,0.7322720987125033,0.8260236085543974,166.81422156625106,0.006928430650888948,675.3368508172978,0.0698672512742911,15.244465413805159,137.78336436995656,39991.49337885372,11803176.4512725,147.92394616582916,0.014208408075579033,2862.786881853921,0.29617079266024426,0.5582242720664724,74.65591122239773,0.008143941682552393,6.479637871347655,0.08316913466585213,39846.92422663923,20.87284844019782,0.00013982386523735758,168.27045605750195,0.06867641517169376,0.02545497199601158,case_00478
3.1.1.dev111+g8ed579383,2.0.2,2.5.5,1.8.0,3.12.13,"{'minimumROIDimensions': 2, 'minimumROISize': 50, 'normalize': False, 'normalizeScale': 1, 'removeOutliers': 3, 'resampledPixelSpacing': [1, 1, 1], 'interpolator': 'sitkBSpline', 'preCrop': False, 'padDistance': 10, 'distances': [1], 'force2D': False, 'force2Ddimension': 0, 'resegmentRange': None, 'label': 1, 'additionalInfo': True, 'binWidth': 25}",{'Original': {}},844460d315930b6abb3b92f69593989ba88ee9b0,3D,"(1.0, 0.8849999904632568, 0.8849999904632568)","(177, 512, 512)",-777.9768850251106,-2048.0,1661.0,c694a070e47b22a3e0e0caa3a5b57db31aafbf75,"(1.0, 0.8849999904632568, 0.8849999904632568)","(177, 512, 512)","(48, 272, 133, 111, 89, 234)",395671,3,"(np.float64(101.13265313859242), np.float64(316.2257658509216), np.float64(248.72749835090264))","(220.12383366849858, 279.85979976230175, -101.13265313859242)","(1.0, 1.0, 1.0)","(133, 101, 229)",22.335275122945404,-952.5852814794041,1333.2572658741153,"(1.0, 1.0, 1.0)","(133, 101, 229)","(11, 11, 11, 111, 78, 207)",310104,3,"(np.float64(64.11005985088873), np.float64(49.81094084565178), np.float64(113.0673870701442))","(220.12488707491258, 279.86844085042014, -101.11005985088873)",84.28575688304835,-124.71063501205104,365.5260735561955,0.3763814004802835,0.16904733894527568,48.21498974756073,285.21590489613664,207.2920644887305,207.0,110.8873302050329,207.38611332488009,309947.4166666667,107.34996172405926,0.4359281605846356,50807.50635565559,0.16392298700878216,310104.0,5.926584931213696,143.90775222311066,3124064329.2804074,3.0772100607561756,75.01269306359455,3.185770710508257,365.5260735561955,44.12496927528282,84.28575688304835,94.97456320511613,-124.71063501205104,490.23670856824657,31.41344981717161,100.37054907304812,-0.617888943278829,3124064329.2804074,0.14075104370799607,2970.1583078768294,84.49989456628131,648.7049796039057,-31.475321693463812,14.439424961712328,2.81454963222265,0.672930178584157,1.1539948416588695,2.0045879852633908,1.4613628528016183,0.5993697290916703,0.5630552928590387,0.9932317222403361,0.9483195340150566,-0.1702666852869615,0.7894346759788521,0.4693376280747603,9.032892684022233,0.035566790153122675,5.4964701153896645,0.7020214915779971,0.07995659011438971,18.065785368044462,3.8593259512944766,4.313493648483744,28191.006616322666,0.1291988897576529,5.390987865604093,81.12134915615,2.762486345491944,239.00956140017382,0.04357047262215355,0.019408390617113844,4.381896360108477,123408.01203626265,0.5636039176240408,0.7034451469382976,0.724154542673624,0.7785031673119058,61.475959620333114,0.016244415458113427,1420.008292550299,0.09652041140227699,11.016706402773748,59.753466557911906,387392.40986949427,37393941.79146275,4348.327583176757,0.04756243118998043,3900.035209352909,0.26509211591577686,0.5281080773854157,31.54073479486087,0.029137948295170808,6.330712532478059,0.04744214844052318,386948.11499418516,106.0896920562981,3.70838402451187e-05,147.53794051433607,0.01965423078037173,0.006806667031902468,case_00479
3.1.1.dev111+g8ed579383,2.0.2,2.5.5,1.8.0,3.12.13,"{'minimumROIDimensions': 2, 'minimumROISize': 50, 'normalize': False, 'normalizeScale': 1, 'removeOutliers': 3, 'resampledPixelSpacing': [1, 1, 1], 'interpolator': 'sitkBSpline', 'preCrop': False, 'padDistance': 10, 'distances': [1], 'force2D': False, 'force2Ddimension': 0, 'resegmentRange': None, 'label': 1, 'additionalInfo': True, 'binWidth': 25}",{'Original': {}},8286a3e81da5a35abd4c5d9084d121b134ddbfae,3D,"(3.0, 0.8500000238418579, 0.8500000238418579)","(142, 512, 512)",-743.3048658236652,-2048.0,1649.0,bb934a3bace92068a5a252750911e2fad8e51c24,"(3.0, 0.8500000238418579, 0.8500000238418579)","(142, 512, 512)","(29, 179, 150, 36, 144, 214)",137869,5,"(np.float64(44.87330726994466), np.float64(258.507692084515), np.float64(258.59499234780844))","(219.80574966102225, 219.7315444351414, -134.61992180983398)","(1.0, 1.0, 1.0)","(130, 145, 203)",13.671099910987977,-1092.5031693912651,1353.6339050535057,"(1.0, 1.0, 1.0)","(130, 145, 203)","(12, 11, 11, 108, 123, 181)",298821,5,"(np.float64(60.65297619645206), np.float64(78.64045699599426), np.float64(102.82882729125463))","(219.90382727933368, 219.71545698407328, -134.65297619645207)",75.32654241268786,-120.66530385834105,351.1529376796757,0.5774166568179186,0.2879571493803676,61.84562203395725,214.77369868064744,181.79658962697843,179.90275150758535,133.843191832831,190.46784505527435,298509.9166666667,124.01391106459846,0.3407349942637606,63392.79413602164,0.21236411454568083,298821.0,8.785914335989984,126.92031522217418,2381804462.282626,2.892677614737625,67.3721498339758,3.52812594215112,351.1529376796757,38.79020505642684,75.32654241268786,84.96450438753305,-120.66530385834105,471.81824153801676,27.75697831934686,89.2786253943873,-0.514448655494285,2381804462.282626,0.16121488788204208,2296.5849604608725,77.73377617784284,479.2161468130597,-17.59300969084673,11.715244213573158,1.655383647301496,0.7510069018971328,0.8500633420573783,1.7058836136189197,0.9106125203842639,0.6702701200220352,0.6473856523446273,0.995962985384022,0.9611486347267724,-0.24068091934327152,0.847954723604704,0.45668150890805437,8.672810828666785,0.05344567294951097,4.9452005490884705,0.7708477619385892,0.14082761448949216,17.34562165733357,3.693951374539369,3.342656965218664,26484.112175419283,0.14296780176324225,4.3347821743861354,72.84546578441615,4.134085122256097,331.18493653264517,0.06428141212241298,0.019755578475861714,4.5110331291188785,90287.24564993437,0.4821990523159484,0.6192819833226633,1.4277137740025148,0.7191653245481434,50.226347280131634,0.01550016508414457,825.269423050939,0.11150782638169694,10.259229787069424,49.527631401162004,882782.3171193082,75936463.3154979,10977.041024885857,0.05383799060975386,1493.604783137414,0.20181121242229616,0.44862024851440646,20.369546029633213,0.0288162252415749,6.571944963204828,0.024767335629022058,881152.1151211119,82.77053437190034,4.764521255463558e-05,106.9081105100817,0.010733298393618461,0.010111502590213308,case_00480
3.1.1.dev111+g8ed579383,2.0.2,2.5.5,1.8.0,3.12.13,"{'minimumROIDimensions': 2, 'minimumROISize': 50, 'normalize': False, 'normalizeScale': 1, 'removeOutliers': 3, 'resampledPixelSpacing': [1, 1, 1], 'interpolator': 'sitkBSpline', 'preCrop': False, 'padDistance': 10, 'distances': [1], 'force2D': False, 'force2Ddimension': 0, 'resegmentRange': None, 'label': 1, 'additionalInfo': True, 'binWidth': 25}",{'Original': {}},20e151834c5fd5c6832397802da0bd6f2d5d719b,3D,"(2.5, 0.703125, 0.703125)","(116, 512, 512)",-407.0218755458963,-1024.0,1406.0,7cc6ccd7aa9dcd95c44d19e08537fdbae87a0570,"(2.5, 0.703125, 0.703125)","(116, 512, 512)","(56, 198, 105, 51, 135, 304)",339174,24,"(np.float64(82.19884189236203), np.float64(260.0943969761833), np.float64(241.08168963422904))","(169.5105630240673, 182.8788728738789, -205.49710473090505)","(1.0, 1.0, 1.0)","(150, 117, 236)",40.13785439600526,-1044.455526118449,1391.1795011673933,"(1.0, 1.0, 1.0)","(150, 117, 236)","(12, 11, 11, 127, 95, 214)",418750,15,"(np.float64(77.99745671641791), np.float64(54.70254567164179), np.float64(106.33942447761194))","(169.48786197761194, 182.8509831716418, -205.24745671641793)",132.87721710444862,-198.1917603425396,317.21906123894723,0.33880123720304023,0.18893513078406102,56.094593915146206,296.89869577118617,213.19005605327843,213.11499243366245,124.85191228010886,221.97972880423114,418708.0,100.58964545124694,0.4655102089406161,58142.77476405643,0.13886234503295,418750.0,22.10580387660011,220.99096589565625,9959728825.50955,3.523286173389702,126.11589846708196,2.4352684526275117,317.21906123894723,66.50670523842169,132.87721710444862,151.33595652098126,-198.1917603425396,515.4108215814869,50.67502538776351,154.2220057125213,-0.5856340666542377,9959728825.50955,0.10013809734943194,6128.072220570187,203.9071179151876,2413.1676369086376,-98.78725644491679,31.97724316261942,3.8247844091272896,0.7853394971575212,1.3169037491094246,2.1575065662156336,2.0358086501524757,0.5787868617471447,0.5370525515891196,0.9917664306090705,0.944539477104336,-0.22496962022927808,0.875409018067686,0.4481834610655137,14.030937199054598,0.023324957571959737,6.132776180816363,0.8021609172959933,0.06550387324389163,28.06187439810919,4.360988323895327,8.950506892936676,27888.77118697921,0.09283636085295667,10.239817130968309,193.57500834312057,2.743473960873211,580.0946699296389,0.016528021191261975,0.006940072179426147,4.743612231645039,177549.14286674405,0.587766442845012,0.717137634902411,0.7585654110380461,0.7944018682361933,149.27225529183278,0.005761798478853499,1658.1995704146432,0.07742807108772148,13.501141359735929,131.01844415390363,310993.742248786,77569961.60043892,1324.121409556369,0.012471016685676045,5716.072936122525,0.26690665559033083,0.5265406917890231,66.19497623599473,0.0069894608274528825,6.5353943205178835,0.051142686567164176,310611.41704936203,82.80770043835106,3.607339291118194e-05,138.98118693033302,0.04086280371340117,0.006047631579719413,case_00481
3.1.1.dev111+g8ed579383,2.0.2,2.5.5,1.8.0,3.12.13,"{'minimumROIDimensions': 2, 'minimumROISize': 50, 'normalize': False, 'normalizeScale': 1, 'removeOutliers': 3, 'resampledPixelSpacing': [1, 1, 1], 'interpolator': 'sitkBSpline', 'preCrop': False, 'padDistance': 10, 'distances': [1], 'force2D': False, 'force2Ddimension': 0, 'resegmentRange': None, 'label': 1, 'additionalInfo': True, 'binWidth': 25}",{'Original': {}},5008c71a982b8e6abc2ed3219009dc73de1263d8,3D,"(1.0, 0.82421875, 0.82421875)","(266, 512, 512)",-584.1009570960712,-1024.0,1629.0,c09c2aeb5dbfb895b1d38835de1f1c9f64eff7f9,"(1.0, 0.82421875, 0.82421875)","(266, 512, 512)","(75, 235, 129, 134, 110, 268)",753787,14,"(np.float64(140.977498948642), np.float64(294.80256226228363), np.float64(258.44473571446576))","(213.01499701465733, 242.9817993646166, -140.977498948642)","(1.0, 1.0, 1.0)","(156, 112, 243)",73.65481968128044,-1029.100282329731,1593.5452431524268,"(1.0, 1.0, 1.0)","(156, 112, 243)","(12, 11, 11, 133, 90, 221)",512419,10,"(np.float64(76.95902376765889), np.float64(59.91133232764593), np.float64(117.90136392288342))","(212.98925454788343, 242.9992229526459, -140.9590237676589)",128.99248827593865,-175.75946115032613,389.71276590505033,0.4120345675685994,0.20409398567536025,59.695541381328795,292.4904483774589,217.2233873228203,221.77916944564473,138.2931668593933,226.5458011087383,511729.4583333333,120.51617541515203,0.49087545167435037,63028.90412718081,0.12316841077013915,512419.0,26.98881116124104,222.5165449066569,11532166855.094662,3.6159072053403456,115.2755808552318,2.6549682865751216,389.71276590505033,63.47119461752893,128.99248827593865,136.94797213769337,-175.75946115032613,565.4722270553765,46.923061194968895,150.0178187017427,-0.39999084723849354,11532166855.094662,0.09191497693622735,5866.283896410769,197.24864009347286,2285.193567288592,-55.28964667196062,30.297534761178966,4.887464171592561,0.7214721346018348,1.5312994567862206,2.3036081353365794,2.489662212243576,0.5351300267362752,0.48373686411980155,0.9919509805421425,0.9433045374697546,-0.1811904806356256,0.8392426440769157,0.4426099694658483,13.816498418369125,0.016177990596459232,6.484975079195506,0.7460201376466336,0.03525302448097874,27.63299683673825,4.447385878918618,8.79624973319288,35145.95491246234,0.08933213306336535,9.928991942601472,193.9391822976763,2.1669497071957533,431.0532585124678,0.013828212295479122,0.00688891526404742,4.660882513563959,251195.32483004185,0.6359644286353222,0.7678081053560883,0.45364639788078664,0.824665263376785,158.41203984453912,0.0058321864942287365,2192.5510178939912,0.06752751910727128,17.03126313294107,157.15199113000094,278222.04659829376,65418586.588376604,1267.8356938263353,0.011511993499502418,10678.34750069297,0.32887823772499825,0.5915354188352747,92.24047058402958,0.00703076371458623,6.429197792863027,0.06336416096983133,277972.9816438865,96.86259159022612,2.500306479790745e-05,253.12286998757864,0.0342635639162486,0.00550875843816432,case_00482
3.1.1.dev111+g8ed579383,2.0.2,2.5.5,1.8.0,3.12.13,"{'minimumROIDimensions': 2, 'minimumROISize': 50, 'normalize': False, 'normalizeScale': 1, 'removeOutliers': 3, 'resampledPixelSpacing': [1, 1, 1], 'interpolator': 'sitkBSpline', 'preCrop': False, 'padDistance': 10, 'distances': [1], 'force2D': False, 'force2Ddimension': 0, 'resegmentRange': None, 'label': 1, 'additionalInfo': True, 'binWidth': 25}",{'Original': {}},62f52326125a41ef2328d564b01f0f1dc72397dc,3D,"(5.0, 0.6640625, 0.6640625)","(47, 512, 512)",-138.62246184653424,-1024.0,1421.0,8354b37b8c0ab0b58ac7e67ac59526fd5a976d71,"(5.0, 0.6640625, 0.6640625)","(47, 512, 512)","(11, 186, 40, 29, 195, 432)",259575,20,"(np.float64(26.404283925647693), np.float64(282.7940518154676), np.float64(233.45310989116825))","(155.02745578710392, 187.79292503370894, -132.02141962823848)","(1.0, 1.0, 1.0)","(167, 151, 309)",-3.6158529802150707,-1073.9516105716395,1361.8018112232478,"(1.0, 1.0, 1.0)","(167, 151, 309)","(13, 11, 11, 145, 129, 286)",571790,15,"(np.float64(92.01188373353854), np.float64(74.60715472463667), np.float64(138.70510152328652))","(154.87307027328652, 187.77512347463667, -132.01188373353853)",73.66784599534144,-129.18041143652644,268.6868304817422,0.3822361549531069,0.17146940541226147,72.21818746132385,421.1724376584306,289.1816038409082,284.82275190019493,156.28499608087785,293.83668933610045,571559.375,160.98733314278564,0.30793207038649034,108160.85315944835,0.18923817522798633,571790.0,-3.2034462060693474,142.22801593330263,4836778552.307985,3.1626849778727593,80.8094960078823,2.5226020037420027,268.6868304817422,45.3102156680032,73.66784599534144,78.0688729141689,-129.18041143652644,397.86724191826863,33.1660029605011,91.97288807773498,-0.3156709376267122,4836778552.307985,0.12483150629616106,3032.0606077662205,96.05894890062685,624.2986005761484,-19.29169087399263,15.827161875914236,2.2141145487284484,0.7533629878378688,1.0861105357699996,1.8640901410436603,0.9900032972338407,0.5989451923910184,0.5619885583657277,0.9925642209927703,0.9427604685798029,-0.21309224497068835,0.8354765191287608,0.4796505881623121,9.625681812607604,0.02942704566114921,5.541688293772964,0.7619370429719914,0.056983823860172936,19.25136362521521,3.9921456631370025,4.51031910616067,49075.83675853827,0.12035350212791004,5.232146383228054,91.78947416061739,2.9310768131343163,287.08692279058175,0.03809032716716619,0.014821277373998944,4.401877631904329,237196.24287576793,0.5727674120843143,0.7133719076530249,0.8319702247667405,0.7817917674074091,70.33098122457592,0.012058507754728921,1409.6596806387226,0.10048899919009999,11.418381860256025,66.93299116053608,1293366.6063587111,134586948.2373111,13632.503099931855,0.03286450865368731,2464.530510407756,0.17568652055943512,0.4015643427120056,23.353814918212144,0.01563023657535684,6.811979541987995,0.024533482572273037,1291705.1780843586,235.31448052762713,2.159815865727883e-05,91.6917142601512,0.026228070860935017,0.0023965705260704587,case_00483
3.1.1.dev111+g8ed579383,2.0.2,2.5.5,1.8.0,3.12.13,"{'minimumROIDimensions': 2, 'minimumROISize': 50, 'normalize': False, 'normalizeScale': 1, 'removeOutliers': 3, 'resampledPixelSpacing': [1, 1, 1], 'interpolator': 'sitkBSpline', 'preCrop': False, 'padDistance': 10, 'distances': [1], 'force2D': False, 'force2Ddimension': 0, 'resegmentRange': None, 'label': 1, 'additionalInfo': True, 'binWidth': 25}",{'Original': {}},205ba00ccc22724dad79fb07f6295ab0e7812b6f,3D,"(5.0, 0.9765625, 0.9765625)","(65, 512, 512)",-448.80166813777043,-1024.0,929.0,21b7210b847522946b8ac53957566603f6acba2d,"(5.0, 0.9765625, 0.9765625)","(65, 512, 512)","(28, 254, 140, 25, 100, 235)",85130,2,"(np.float64(40.646023728415365), np.float64(303.4426524139551), np.float64(283.4862915540937))","(276.84208159579464, 296.330715248003, -203.23011864207683)","(1.0, 1.0, 1.0)","(147, 120, 251)",-7.076608474875782,-1003.9281475379895,751.9658840610196,"(1.0, 1.0, 1.0)","(147, 120, 251)","(13, 11, 11, 125, 98, 229)",404890,2,"(np.float64(78.14955913951938), np.float64(59.35292301612784), np.float64(150.7560078045889))","(276.7677265545889, 296.3646417661278, -203.1495591395194)",74.3460786439532,-130.17637427271757,289.7803235123641,0.3753745990069177,0.17641005545212254,53.28474066568676,302.05047285497943,228.42942017174582,228.70942263055102,133.5440002396214,231.40008643040736,404973.4166666667,113.3820751277878,0.4357213828679786,60751.86227733645,0.15001444484278645,404890.0,-1.9461242455094063,131.00392790060243,3262249697.295033,2.96956411293956,67.89429223530156,2.8758149346029565,289.7803235123641,40.64827174736535,74.3460786439532,84.00493632173267,-130.17637427271757,419.95669778508164,28.779812761170064,89.76149441359796,-0.6637352218175006,3262249697.295033,0.14918698784608772,2529.786469629503,95.57597328766921,508.0905662304834,-31.737905610788083,13.119307241141785,1.5993996601120182,0.7812120254807897,0.8743846580518901,1.6805653150216762,0.8062198437534267,0.6542682675742436,0.6298155894479905,0.995184431947091,0.9557759648107864,-0.25014904079078104,0.8588007593486201,0.4793000545812855,9.62780889606578,0.045472100681974596,5.070446676777288,0.7922918894043233,0.10546476411930786,19.25561779213156,3.7916359543551534,3.67967672531345,35326.085540021726,0.13622093376755046,4.576726748820851,90.17180352091376,4.167783142395094,413.13345738850757,0.051052897662463854,0.014736115487400827,4.5060309386396815,131004.6338541084,0.4958608507387493,0.6395881502478356,1.4554347444169122,0.7262571086186482,63.38162099175274,0.011328705816173606,657.724979253112,0.10916597166026756,10.542938310290802,64.88614107883818,2163884.8345228215,225582075.78423238,22184.346515637917,0.03249639434781145,860.6258921161826,0.14284247172052822,0.34740183717160666,19.36264433861398,0.01318042831397941,6.934057217069794,0.014880584850206229,2159368.7714495277,127.77772995726686,3.286117050011548e-05,85.72232642608515,0.015620498677432348,0.00476937667717048,case_00484
3.1.1.dev111+g8ed579383,2.0.2,2.5.5,1.8.0,3.12.13,"{'minimumROIDimensions': 2, 'minimumROISize': 50, 'normalize': False, 'normalizeScale': 1, 'removeOutliers': 3, 'resampledPixelSpacing': [1, 1, 1], 'interpolator': 'sitkBSpline', 'preCrop': False, 'padDistance': 10, 'distances': [1], 'force2D': False, 'force2Ddimension': 0, 'resegmentRange': None, 'label': 1, 'additionalInfo': True, 'binWidth': 25}",{'Original': {}},8589648302336c57356d3170cfb93536f064d8a2,3D,"(5.0, 0.974609375, 0.974609375)","(83, 512, 512)",-592.462323016431,-1024.0,3071.0,2005db4816c70d40197e3ed7b5a76b7f130ccb12,"(5.0, 0.974609375, 0.974609375)","(83, 512, 512)","(13, 228, 131, 30, 120, 277)",162503,8,"(np.float64(27.023599564315735), np.float64(288.83512919761483), np.float64(253.91869688559595))","(247.4715424724851, 281.50142474533163, -135.11799782157868)","(1.0, 1.0, 1.0)","(172, 139, 292)",7.908604098001516,-1060.0327440140788,1271.5017573615357,"(1.0, 1.0, 1.0)","(172, 139, 292)","(13, 11, 11, 150, 117, 270)",772140,8,"(np.float64(85.22421452068278), np.float64(70.4017535680058), np.float64(130.47817105706218))","(247.49086636956218, 281.4144488805058, -135.22421452068278)",84.31553671546705,-114.2352354869523,219.11434062216648,0.34348872343361,0.19953454988928215,72.64176852550598,364.0560923700356,268.16412884649577,272.41512439657237,147.3295625460145,274.0,772036.5,125.04916242641194,0.3934546206837709,103438.29737400955,0.1339810972331095,772140.0,7.633518260960313,152.10404103635724,7698739905.7568245,3.094635815948216,73.05371510644031,2.7509771704242496,219.11434062216648,42.99043847699358,84.31553671546705,88.927103711249,-114.2352354869523,333.3495761091188,30.489591478248983,99.8531565266508,-0.46564750350581846,7698739905.7568245,0.13227425618507815,2861.5431367185483,84.85040328286541,671.9722579938359,-25.113957498718545,15.71793223005283,1.3043396426646843,0.84596141618133,0.7475449887541779,1.5691476619400173,0.723690361775557,0.6950754017667714,0.6772220187738862,0.9936029480331315,0.9523065732802665,-0.3336263732983343,0.9239067500713737,0.4540477746755557,9.013648780049145,0.04435386859042857,5.058127630787782,0.8589452100657086,0.09263522191805319,18.027297560098294,3.9494581414973022,4.255567968179379,55028.577529386006,0.12339374530769276,5.137428082365976,78.643402316428,5.618415602624669,505.93879488262513,0.08014277998332459,0.01881481645843398,4.838097272195333,200996.3838122056,0.44174855461774926,0.5772508373332058,2.274468650947352,0.6854666231548298,51.481107857948274,0.014039356293390684,922.9176998717401,0.09864447412053656,10.393173139860728,53.88745190252244,5567743.181701582,501861187.70724666,68496.35628167751,0.05143394590729372,1390.4578879863188,0.14861670457314224,0.36030314310281986,16.17630941221282,0.022700404445332813,7.047486492979456,0.012116973605822779,5560932.169218491,332.9370740973427,2.16301262252539e-05,42.30690191752439,0.02587145291895722,0.0016368262936695122,case_00485
3.1.1.dev111+g8ed579383,2.0.2,2.5.5,1.8.0,3.12.13,"{'minimumROIDimensions': 2, 'minimumROISize': 50, 'normalize': False, 'normalizeScale': 1, 'removeOutliers': 3, 'resampledPixelSpacing': [1, 1, 1], 'interpolator': 'sitkBSpline', 'preCrop': False, 'padDistance': 10, 'distances': [1], 'force2D': False, 'force2Ddimension': 0, 'resegmentRange': None, 'label': 1, 'additionalInfo': True, 'binWidth': 25}",{'Original': {}},c7a7d6eebc8511e1deee4ac79cf6486e0763b44c,3D,"(3.0, 0.76953125, 0.76953125)","(152, 512, 512)",-555.1284000999049,-1024.0,3071.0,9d0c4e083cd7d4038c2d0da69ac08a36d45c23bc,"(3.0, 0.76953125, 0.76953125)","(152, 512, 512)","(106, 248, 129, 39, 103, 265)",191200,2,"(np.float64(123.90996861924687), np.float64(300.3789330543933), np.float64(263.983410041841))","(203.14348350876045, 231.1509758270136, -371.7299058577406)","(1.0, 1.0, 1.0)","(139, 101, 226)",40.801345475205665,-997.1267748712625,1446.5639687962564,"(1.0, 1.0, 1.0)","(139, 101, 226)","(12, 11, 11, 117, 79, 204)",339492,2,"(np.float64(66.73402318758616), np.float64(51.022772259729244), np.float64(115.06137110741932))","(203.17660548241932, 231.1380066347292, -371.73402318758616)",95.17858872197473,-129.10971271530673,258.80201518944835,0.36204376213482453,0.1813856380136027,51.11347175036592,281.79448114041287,205.29247428973133,202.48456731316588,109.5627673984187,205.33143938520473,339566.1666666667,102.02193410090592,0.4636900198653895,50762.06925051265,0.14949095120051512,339492.0,22.72342310875669,150.06724414705653,3995952959.9479904,2.9312554353156632,69.01675481905777,3.7677471785850014,258.80201518944835,41.48286927426986,95.17858872197473,106.69570404355105,-129.10971271530673,387.9117279047551,28.823552280055374,108.49142440556034,-1.0096354078898178,3995952959.9479904,0.15880652305430204,2711.4254184406022,112.2997829174394,580.8786653483171,-40.46862912287276,12.668285980919865,2.3864482520077677,0.680467000725933,1.0091005380829186,1.88387404034563,1.3375923730780575,0.6394148127416819,0.6102673235438216,0.9921699674371512,0.9475408939372146,-0.19476813107786828,0.7986302127593784,0.4539052943386603,10.475127255966754,0.048863059457401735,5.121299542752689,0.7057545114443694,0.13467414934518246,20.950254511933508,3.6937041563777786,3.763683558231908,30574.5952581351,0.1390383155502997,5.137518114384134,105.8427297720376,3.7680045544696616,439.8969149155464,0.03886831734293723,0.013054352940840251,4.449069710183894,113631.89281317507,0.5118511021829553,0.6469084124787353,1.2679642464806902,0.7415762775966837,75.45435998753054,0.010501644355107358,1384.5800493531742,0.10353548563173366,8.387816122903649,61.89321767740971,606309.0525686084,76439776.2276976,5043.087115524817,0.031694658363219046,3305.07896507889,0.24714566403042626,0.4995756381943781,28.453432201075252,0.01802218147096172,6.171765821555807,0.03939120804024837,605664.5845059166,118.37016086628827,3.4491793502897056e-05,90.20438949713461,0.02250233969366407,0.004357816958191121,case_00486
3.1.1.dev111+g8ed579383,2.0.2,2.5.5,1.8.0,3.12.13,"{'minimumROIDimensions': 2, 'minimumROISize': 50, 'normalize': False, 'normalizeScale': 1, 'removeOutliers': 3, 'resampledPixelSpacing': [1, 1, 1], 'interpolator': 'sitkBSpline', 'preCrop': False, 'padDistance': 10, 'distances': [1], 'force2D': False, 'force2Ddimension': 0, 'resegmentRange': None, 'label': 1, 'additionalInfo': True, 'binWidth': 25}",{'Original': {}},9232e39ca84b5be69a98de249b50cd93b13a4dfd,3D,"(2.0, 0.8828125, 0.8828125)","(209, 512, 512)",-707.2005685140072,-1024.0,1627.0,631fff4c61b79554fb0c760066c6b67c2b5b2407,"(2.0, 0.8828125, 0.8828125)","(209, 512, 512)","(56, 237, 137, 56, 123, 220)",171936,7,"(np.float64(84.5803671133445), np.float64(301.22245486692725), np.float64(223.58560743532476))","(197.38416906399763, 265.9229484372092, -169.160734226689)","(1.0, 1.0, 1.0)","(133, 131, 216)",29.860988054543753,-1044.2266178782818,1618.8563211744633,"(1.0, 1.0, 1.0)","(133, 131, 216)","(11, 11, 11, 112, 109, 194)",268348,7,"(np.float64(68.62206537779302), np.float64(67.88924828953448), np.float64(87.43825182226065))","(197.49684557226067, 265.94784203953446, -169.12206537779304)",98.81519602220592,-146.24227731229263,286.51791753821516,0.38271679715071105,0.17514069272417884,46.42713645766989,265.08480545287034,191.38704240360684,189.84203960134857,114.6298390472568,203.78910667648555,268229.0833333333,101.4524077162419,0.48357575524957397,41593.31316529749,0.15506638075338275,268348.0,20.781365461121656,152.92456803487954,3449248692.8085537,2.9267567425189327,76.48702975031873,3.7077281628613794,286.51791753821516,45.09578376282732,98.81519602220592,118.38885646069104,-146.24227731229263,432.7601948505078,31.63996976139834,113.37389644596088,-1.085473238530749,3449248692.8085537,0.16987413350951872,3089.197430432486,116.31398703583332,739.3626145500486,-54.755315206204465,14.401096638423507,2.536953693460638,0.6985755943686343,1.0169793025524165,1.9137289337565355,1.480705668811718,0.6446161220332823,0.6159895157817594,0.9925708562095762,0.9500412865636012,-0.20061963118066856,0.8116656060512889,0.44339734859371516,10.646447342400297,0.05933882585912143,5.078119727267455,0.7416988330792113,0.1788384143512983,21.292894684800594,3.6687464921654755,4.2345125829710355,23262.1772389377,0.13597938858690004,5.9114065122077,108.0053889321159,3.888957278054597,475.52364953564546,0.03914354849227169,0.013543648090262915,4.504124203194715,88309.86322103172,0.5137417746304391,0.6365588999817688,1.366198893470866,0.7440820625514406,76.62451080000316,0.01108761695855531,1249.287877605183,0.0975168119276546,9.220835638202942,63.66544375926938,465068.95527281245,64038867.85613926,3491.38154522225,0.03319583088159402,3580.6693466552183,0.27949959774063055,0.5416996235896941,33.009735012173024,0.020567209430505176,6.145945403189664,0.04774024773801184,464630.19159994065,86.7417202140396,4.213759862853714e-05,103.3527689473755,0.023143440605108867,0.006250983656195934,case_00487
3.1.1.dev111+g8ed579383,2.0.2,2.5.5,1.8.0,3.12.13,"{'minimumROIDimensions': 2, 'minimumROISize': 50, 'normalize': False, 'normalizeScale': 1, 'removeOutliers': 3, 'resampledPixelSpacing': [1, 1, 1], 'interpolator': 'sitkBSpline', 'preCrop': False, 'padDistance': 10, 'distances': [1], 'force2D': False, 'force2Ddimension': 0, 'resegmentRange': None, 'label': 1, 'additionalInfo': True, 'binWidth': 25}",{'Original': {}},fb8bf6a99eb753d50051a50382e0cd07138219a7,3D,"(3.0, 0.861328125, 0.861328125)","(167, 512, 512)",-497.5861583869614,-1024.0,1627.0,b178746a229e01a08e8aa1eee8651ffba6404817,"(3.0, 0.861328125, 0.861328125)","(167, 512, 512)","(40, 210, 132, 38, 123, 273)",232784,8,"(np.float64(57.93697161316929), np.float64(272.0731407656884), np.float64(272.4850548147639))","(234.6990413541228, 234.34424819857145, -173.81091483950786)","(1.0, 1.0, 1.0)","(136, 128, 257)",35.18241538064411,-982.9911778313198,1372.8766431205827,"(1.0, 1.0, 1.0)","(136, 128, 257)","(12, 11, 11, 114, 106, 235)",518043,7,"(np.float64(66.80682877676178), np.float64(64.26679831596991), np.float64(131.59400860546324))","(234.66334454296322, 234.3361342534699, -173.8068287767618)",85.754955275276,-133.46869708783572,248.50512329363718,0.37186884446452745,0.19272348195798106,60.51850279803189,314.01727585653816,236.1778990506944,234.3608329051593,124.27791436936813,236.56922876824027,517967.4166666667,116.77324151466959,0.37463714980056767,83254.60110049257,0.1607332786225631,518043.0,3.214179395422469,135.64283740585063,5141973459.408882,2.8200658595030648,56.74154232114,3.6986390412713095,248.50512329363718,39.502726221193605,85.754955275276,100.66970055957282,-133.46869708783572,381.97382038147293,25.896543663567343,99.62813727282143,-1.137295097048876,5141973459.408882,0.18042426689805519,2571.8533821875703,105.02295375873116,566.8096429058057,-49.44995204843964,11.861791225592832,2.129656012787378,0.6925787668329577,1.0097526884850514,1.8441838598053677,1.0788495065620236,0.6258486648921107,0.5949374512792592,0.9920238781579448,0.9439610658377587,-0.17413582889345133,0.7569208257264892,0.4736230472925774,10.128576458833832,0.05765384104834305,4.949012156447692,0.7235222919139921,0.14358060842488293,20.25715291766766,3.5332562162658316,3.497861809595053,53196.54055824761,0.15187212212776754,4.889213696880769,98.07254739793262,3.4407728830399558,376.48481972776665,0.037940812569595916,0.014028805100175496,4.269882816714018,190606.52888739455,0.539574923307189,0.6735184887384609,1.1090625245515575,0.7608152756116701,71.81652564430097,0.011471619264350549,1877.1292996270204,0.11113192230341722,11.007674538612122,66.97252974957078,1315720.4749866794,156005183.94541472,11407.72222534368,0.033140374548076695,3624.6115090876797,0.21458833160189922,0.45844274957024833,27.133437873026114,0.017967280259536977,6.333427401824749,0.032605401482116346,1314779.8405037574,235.6323554462959,1.8811751723559194e-05,82.81541187208013,0.024808316310988735,0.002395587429857817,case_00488
