diagnostics_Versions_PyRadiomics,diagnostics_Versions_Numpy,diagnostics_Versions_SimpleITK,diagnostics_Versions_PyWavelet,diagnostics_Versions_Python,diagnostics_Configuration_Settings,diagnostics_Configuration_EnabledImageTypes,diagnostics_Image-original_Hash,diagnostics_Image-original_Dimensionality,diagnostics_Image-original_Spacing,diagnostics_Image-original_Size,diagnostics_Image-original_Mean,diagnostics_Image-original_Minimum,diagnostics_Image-original_Maximum,diagnostics_Mask-original_Hash,diagnostics_Mask-original_Spacing,diagnostics_Mask-original_Size,diagnostics_Mask-original_BoundingBox,diagnostics_Mask-original_VoxelNum,diagnostics_Mask-original_VolumeNum,diagnostics_Mask-original_CenterOfMassIndex,diagnostics_Mask-original_CenterOfMass,diagnostics_Image-interpolated_Spacing,diagnostics_Image-interpolated_Size,diagnostics_Image-interpolated_Mean,diagnostics_Image-interpolated_Minimum,diagnostics_Image-interpolated_Maximum,diagnostics_Mask-interpolated_Spacing,diagnostics_Mask-interpolated_Size,diagnostics_Mask-interpolated_BoundingBox,diagnostics_Mask-interpolated_VoxelNum,diagnostics_Mask-interpolated_VolumeNum,diagnostics_Mask-interpolated_CenterOfMassIndex,diagnostics_Mask-interpolated_CenterOfMass,diagnostics_Mask-interpolated_Mean,diagnostics_Mask-interpolated_Minimum,diagnostics_Mask-interpolated_Maximum,original_shape_Elongation,original_shape_Flatness,original_shape_LeastAxisLength,original_shape_MajorAxisLength,original_shape_Maximum2DDiameterColumn,original_shape_Maximum2DDiameterRow,original_shape_Maximum2DDiameterSlice,original_shape_Maximum3DDiameter,original_shape_MeshVolume,original_shape_MinorAxisLength,original_shape_Sphericity,original_shape_SurfaceArea,original_shape_SurfaceVolumeRatio,original_shape_VoxelVolume,original_firstorder_10Percentile,original_firstorder_90Percentile,original_firstorder_Energy,original_firstorder_Entropy,original_firstorder_InterquartileRange,original_firstorder_Kurtosis,original_firstorder_Maximum,original_firstorder_MeanAbsoluteDeviation,original_firstorder_Mean,original_firstorder_Median,original_firstorder_Minimum,original_firstorder_Range,original_firstorder_RobustMeanAbsoluteDeviation,original_firstorder_RootMeanSquared,original_firstorder_Skewness,original_firstorder_TotalEnergy,original_firstorder_Uniformity,original_firstorder_Variance,original_glcm_Autocorrelation,original_glcm_ClusterProminence,original_glcm_ClusterShade,original_glcm_ClusterTendency,original_glcm_Contrast,original_glcm_Correlation,original_glcm_DifferenceAverage,original_glcm_DifferenceEntropy,original_glcm_DifferenceVariance,original_glcm_Id,original_glcm_Idm,original_glcm_Idmn,original_glcm_Idn,original_glcm_Imc1,original_glcm_Imc2,original_glcm_InverseVariance,original_glcm_JointAverage,original_glcm_JointEnergy,original_glcm_JointEntropy,original_glcm_MCC,original_glcm_MaximumProbability,original_glcm_SumAverage,original_glcm_SumEntropy,original_glcm_SumSquares,original_glrlm_GrayLevelNonUniformity,original_glrlm_GrayLevelNonUniformityNormalized,original_glrlm_GrayLevelVariance,original_glrlm_HighGrayLevelRunEmphasis,original_glrlm_LongRunEmphasis,original_glrlm_LongRunHighGrayLevelEmphasis,original_glrlm_LongRunLowGrayLevelEmphasis,original_glrlm_LowGrayLevelRunEmphasis,original_glrlm_RunEntropy,original_glrlm_RunLengthNonUniformity,original_glrlm_RunLengthNonUniformityNormalized,original_glrlm_RunPercentage,original_glrlm_RunVariance,original_glrlm_ShortRunEmphasis,original_glrlm_ShortRunHighGrayLevelEmphasis,original_glrlm_ShortRunLowGrayLevelEmphasis,original_glszm_GrayLevelNonUniformity,original_glszm_GrayLevelNonUniformityNormalized,original_glszm_GrayLevelVariance,original_glszm_HighGrayLevelZoneEmphasis,original_glszm_LargeAreaEmphasis,original_glszm_LargeAreaHighGrayLevelEmphasis,original_glszm_LargeAreaLowGrayLevelEmphasis,original_glszm_LowGrayLevelZoneEmphasis,original_glszm_SizeZoneNonUniformity,original_glszm_SizeZoneNonUniformityNormalized,original_glszm_SmallAreaEmphasis,original_glszm_SmallAreaHighGrayLevelEmphasis,original_glszm_SmallAreaLowGrayLevelEmphasis,original_glszm_ZoneEntropy,original_glszm_ZonePercentage,original_glszm_ZoneVariance,original_ngtdm_Busyness,original_ngtdm_Coarseness,original_ngtdm_Complexity,original_ngtdm_Contrast,original_ngtdm_Strength,case_id
3.1.1.dev111+g8ed579383,2.0.2,2.5.5,1.8.0,3.12.13,"{'minimumROIDimensions': 2, 'minimumROISize': 50, 'normalize': False, 'normalizeScale': 1, 'removeOutliers': 3, 'resampledPixelSpacing': [1, 1, 1], 'interpolator': 'sitkBSpline', 'preCrop': False, 'padDistance': 10, 'distances': [1], 'force2D': False, 'force2Ddimension': 0, 'resegmentRange': None, 'label': 1, 'additionalInfo': True, 'binWidth': 25}",{'Original': {}},579cffa7c9001bb963f0152f1ae54d40a626cb53,3D,"(3.0, 0.857421875, 0.857421875)","(161, 512, 512)",-548.040402832979,-1024.0,3071.0,ef081b9eff76605961fa6a3d15dfb8bb0bb8c987,"(3.0, 0.857421875, 0.857421875)","(161, 512, 512)","(107, 174, 132, 41, 102, 265)",240948,3,"(np.float64(127.44834985142022), np.float64(226.17331955442668), np.float64(262.33933047794545))","(224.93548062464464, 193.9259517273307, -382.34504955426064)","(1.0, 1.0, 1.0)","(145, 110, 249)",36.53783660637176,-963.1450779388331,1299.7127467395958,"(1.0, 1.0, 1.0)","(145, 110, 249)","(12, 11, 11, 123, 88, 227)",531942,2,"(np.float64(74.31353418229807), np.float64(55.841377443405484), np.float64(122.89814115072696))","(224.96943021322696, 193.9126665059055, -382.3135341822981)",75.209960738258,-111.3356996782033,216.85925202465236,0.40752898313815444,0.18254710534538854,54.385154600918916,297.9239495363095,227.16733920174352,226.497240601293,132.74034804836094,230.16733043592438,531821.0,121.41264420703506,0.4393410985437541,72253.56516156413,0.13586068463179177,531942.0,13.256529528121836,118.25310939474954,3961145640.8992815,2.640512813244004,49.31765944019871,4.116822243163584,216.85925202465236,32.5918264912797,75.209960738258,85.36581424865747,-111.3356996782033,328.19495170285563,21.266134479637472,86.29353583822441,-1.1296524482071482,3961145640.8992815,0.1996356360195452,1790.0361332126106,76.41608214386899,295.8726758914808,-26.600405597773733,8.392347765994153,1.6101904825165425,0.6753820379926914,0.8488596813185885,1.6850981438832198,0.8673276795152637,0.6670832469888504,0.6445744114971561,0.9921476511996498,0.9463195180338904,-0.18898797327334474,0.7646215795901211,0.4673067705511063,8.644060670520572,0.06870061638716887,4.615310936901368,0.6967325220917515,0.13886598515805318,17.28812134104115,3.384767040251695,2.500634562127673,56496.187132053245,0.1715734144123411,3.567561585032785,72.04028879653184,4.459243576056616,353.8862622717525,0.06709135029315791,0.01946239314080834,4.301065087720368,160870.1026591304,0.4825482486563309,0.6168775485355111,1.6179775915837185,0.7188601721395667,49.82075945937946,0.015272150988059554,1475.5466882067851,0.11918793927356908,8.91944359551207,50.37827140549273,2113761.8702746364,178532856.4983037,25930.932650187602,0.05112790098325529,2392.387722132472,0.19324618110924652,0.4253756552877076,19.02844117208474,0.02594546813061688,6.4329747263764565,0.02327321399701471,2111915.6340230093,314.5721565835064,1.9019739233308148e-05,53.45960656997122,0.019642211080031002,0.0017538657953528743,case_00489
3.1.1.dev111+g8ed579383,2.0.2,2.5.5,1.8.0,3.12.13,"{'minimumROIDimensions': 2, 'minimumROISize': 50, 'normalize': False, 'normalizeScale': 1, 'removeOutliers': 3, 'resampledPixelSpacing': [1, 1, 1], 'interpolator': 'sitkBSpline', 'preCrop': False, 'padDistance': 10, 'distances': [1], 'force2D': False, 'force2Ddimension': 0, 'resegmentRange': None, 'label': 1, 'additionalInfo': True, 'binWidth': 25}",{'Original': {}},8ea3d0472f1a4b123a4c7da1b02a6bed0bbcce9e,3D,"(2.0, 0.91015625, 0.91015625)","(204, 512, 512)",-545.6932227751788,-1024.0,3071.0,89bda4f445cb1c7b1c162795114a723c8b59a653,"(2.0, 0.91015625, 0.91015625)","(204, 512, 512)","(22, 251, 140, 52, 82, 213)",188116,2,"(np.float64(47.61556699058028), np.float64(295.07706415190626), np.float64(247.8772884815752))","(225.60706334455867, 268.56623416950845, -95.23113398116055)","(1.0, 1.0, 1.0)","(125, 97, 216)",-5.126302490797772,-989.9241292875683,1439.6764817160445,"(1.0, 1.0, 1.0)","(125, 97, 216)","(11, 11, 11, 104, 75, 193)",312728,2,"(np.float64(62.73279015630196), np.float64(51.49267734261083), np.float64(109.62276483077946))","(225.66768670577946, 268.5375992176108, -95.23279015630196)",82.9199731537839,-136.3598231435115,831.3175237573432,0.32345999386950863,0.19789766209221496,54.45773212360007,275.1812808087861,194.61243536834948,193.75241933973368,100.43903623591775,200.18241681026834,312689.25,89.01013540341349,0.4878911512682828,45663.5652694399,0.14603497008432462,312728.0,5.166788993791705,130.9067927728955,2918265010.7603626,2.7823670583005216,55.22798718035592,6.152714732765557,831.3175237573432,38.10877783220524,82.9199731537839,97.099731592717,-136.3598231435115,967.6773469008547,24.76884491944096,96.60041237039226,-0.9311566673425477,2918265010.7603626,0.18601488017180656,2455.9177223055876,102.01593492365147,839.9138411595329,-36.45721686155097,11.478191154912045,2.2412289858861576,0.6712196106479992,1.0172660749819615,1.8660165961887765,1.1844717219510188,0.6264358520283454,0.5958139676342473,0.9986167537743401,0.975862254203695,-0.16420067560762697,0.748058072634815,0.4730069980864367,9.985277464607874,0.05898083342814224,4.931136318332369,0.7060106710560217,0.15533264228493862,19.970554929215748,3.5209020895383167,3.429855035199547,32664.603469067373,0.15552903410672178,4.732907208373448,95.96951756088819,3.296147192012647,350.5083144953608,0.037290317283522174,0.014260933354756531,4.247114274441459,113174.2240598088,0.5355069953455117,0.6704718083839877,1.0118573544790561,0.7585444595731612,70.1180592664556,0.011639931012968473,1174.7499780989926,0.10291283207174705,12.350074866334785,70.06614104248796,734776.679456855,84677719.13613667,6542.273899873384,0.03233305493839475,3038.612614980289,0.26619471002893463,0.5256592945542143,36.64822108637889,0.01918814954024919,6.202880055172169,0.03650136860146837,734026.1258728008,48.824444557754354,3.1139320305018506e-05,660.2605663365056,0.004030412113159522,0.07864027472428069,case_00490
3.1.1.dev111+g8ed579383,2.0.2,2.5.5,1.8.0,3.12.13,"{'minimumROIDimensions': 2, 'minimumROISize': 50, 'normalize': False, 'normalizeScale': 1, 'removeOutliers': 3, 'resampledPixelSpacing': [1, 1, 1], 'interpolator': 'sitkBSpline', 'preCrop': False, 'padDistance': 10, 'distances': [1], 'force2D': False, 'force2Ddimension': 0, 'resegmentRange': None, 'label': 1, 'additionalInfo': True, 'binWidth': 25}",{'Original': {}},4b4660fd30600c409d9611c56451403dcfffb432,3D,"(4.0, 0.8050000071525574, 0.8050000071525574)","(59, 512, 512)",-694.6163854437359,-2057.0,1334.0,4bc5e9e04ace71e3195d29e34086b9ea2abafeba,"(4.0, 0.8050000071525574, 0.8050000071525574)","(59, 512, 512)","(10, 220, 113, 33, 110, 291)",156901,2,"(np.float64(27.337907342846762), np.float64(271.70007201993616), np.float64(268.23083345549105))","(215.9258228502067, 218.71855991939896, -109.35162937138705)","(1.0, 1.0, 1.0)","(153, 111, 256)",4.745025837353313,-1052.0568597919341,1390.4112574826427,"(1.0, 1.0, 1.0)","(153, 111, 256)","(12, 11, 11, 132, 89, 234)",406424,2,"(np.float64(82.80425368580596), np.float64(52.675895124303686), np.float64(135.8411609550617))","(215.93866095148542, 218.7733951207274, -109.30425368580596)",55.767997786962034,-113.60466342934524,185.28683802002794,0.34882555533149934,0.1722328639024638,57.52117819516687,333.9733015630591,232.7767170487633,235.79016094824652,132.48396129343357,235.8940440112891,406360.5833333333,116.49842238362838,0.4057034229688251,65395.79683861143,0.1609304630438724,406424.0,9.660869502396457,89.97515926220264,1713744405.6243834,2.3156340353427907,37.15280652538224,4.665158545133217,185.28683802002794,25.03260946617605,55.767997786962034,62.28806387832545,-113.60466342934524,298.8915014493732,15.96801125827371,64.93567392115516,-1.2117175556201871,1713744405.6243834,0.24820495983579555,1106.5721704279886,62.79822121911253,121.01116544614412,-12.53651395642592,5.081281110658376,0.9813862596175003,0.6725730080176192,0.6360775766387342,1.4401263700327331,0.5630197050497157,0.7282437351684112,0.715118594190076,0.9943667214165934,0.9561188079864036,-0.21286940998903886,0.7586008797992043,0.43076765794745003,7.8595442375782705,0.10554982012108133,3.9317013403380043,0.6813586095572174,0.1866016048800811,15.719088475156534,3.0346575587430036,1.5156668425689697,44747.43614007821,0.20583482968620284,2.425021502785895,57.67900400972035,6.618233918978997,434.5350661499076,0.11232167227677495,0.022522343541065196,4.310442681474314,89007.65876652139,0.40347136928940114,0.5322811796396033,2.75838408713692,0.6550916944094431,35.45400780368814,0.016546308005403246,1019.9856103476152,0.16491279067867667,6.9237190401844515,37.03071948261924,3326004.915763945,223348854.82344383,51222.298061294285,0.06189297799439927,953.9102667744543,0.15422963084469754,0.3695373693318981,10.738110808909305,0.02988342482011342,6.2504083074667145,0.015218097356455327,3321686.94911383,261.74419914291934,2.592421015109456e-05,36.123045994653566,0.011093380823384269,0.002248673349425686,case_00491
3.1.1.dev111+g8ed579383,2.0.2,2.5.5,1.8.0,3.12.13,"{'minimumROIDimensions': 2, 'minimumROISize': 50, 'normalize': False, 'normalizeScale': 1, 'removeOutliers': 3, 'resampledPixelSpacing': [1, 1, 1], 'interpolator': 'sitkBSpline', 'preCrop': False, 'padDistance': 10, 'distances': [1], 'force2D': False, 'force2Ddimension': 0, 'resegmentRange': None, 'label': 1, 'additionalInfo': True, 'binWidth': 25}",{'Original': {}},aed99f0a6d5de7b06eaec0115c72ef9377ca439f,3D,"(5.0, 0.814453125, 0.814453125)","(98, 512, 512)",-537.8983708206488,-1024.0,3071.0,ce7b802a99fc1a3d31fdfab50a70dd1a5e0798f3,"(5.0, 0.814453125, 0.814453125)","(98, 512, 512)","(18, 244, 100, 26, 105, 297)",175930,3,"(np.float64(30.085494230659922), np.float64(304.60276814642185), np.float64(244.62785198658557))","(199.23791851251207, 248.08467640050372, -150.42747115329962)","(1.0, 1.0, 1.0)","(152, 107, 263)",54.4118080984413,-854.8440770017978,2404.4831907052667,"(1.0, 1.0, 1.0)","(152, 107, 263)","(13, 11, 10, 130, 85, 242)",583525,3,"(np.float64(75.43635662568013), np.float64(59.99161132770661), np.float64(128.12507604644188))","(199.21784948394188, 248.08438476520658, -150.43635662568013)",131.55334371640706,-133.13589758964636,1012.9758439871586,0.37840909432089576,0.2009304104961969,67.21196278117917,334.5036852072291,243.18717071424635,242.5963726027246,137.2443077143821,243.43582316495656,583655.875,126.57923656626959,0.3897645316319086,86653.55464642274,0.14846685925404715,583525.0,6.317295618215087,225.9768388178911,14154229472.77405,3.59711391043488,131.32385518234707,2.6723117008066493,1012.9758439871586,70.13176737041647,131.55334371640706,147.01026134588778,-133.13589758964636,1146.111741576805,53.750747614731345,155.74473799844773,-0.4987410743201426,14154229472.77405,0.09365116846858429,6950.141171237994,152.65023211638336,3760.797335014905,-119.00807914532915,37.795611681376606,3.182781706873281,0.843731620252711,1.1553430648134144,2.013736225948482,1.798391833649704,0.6115595269574743,0.5773143486093903,0.9985770808730181,0.9767384730360463,-0.2835437806939574,0.9207743133647247,0.45619456411817894,11.999745620784976,0.024206849722246522,6.063869937667925,0.8567624581007316,0.0764386282083864,23.99949124156996,4.449689242779976,10.244598347062475,34711.73767404948,0.08734716702435813,11.576065637971329,142.93384379975038,3.302083826251018,526.1802513298574,0.03194431014529068,0.011905131590409195,4.944966260144943,220271.84847268477,0.5488750915547119,0.6810623762082568,1.060246164745358,0.7678658048542857,105.71520667102968,0.009774469138774547,1752.7918084213318,0.07744407760444182,15.778107929073263,92.9132682366456,577771.7184200062,106871407.42720807,3625.446453627616,0.026633686661020776,5371.263067202757,0.23731997822660528,0.49074472343368075,45.21824737103571,0.013239498921250564,6.736420045739321,0.038786684375133884,577107.0046314076,37.99034057702156,3.102306741687169e-05,840.2196692194809,0.008152456853444623,0.06499656798087304,case_00492
3.1.1.dev111+g8ed579383,2.0.2,2.5.5,1.8.0,3.12.13,"{'minimumROIDimensions': 2, 'minimumROISize': 50, 'normalize': False, 'normalizeScale': 1, 'removeOutliers': 3, 'resampledPixelSpacing': [1, 1, 1], 'interpolator': 'sitkBSpline', 'preCrop': False, 'padDistance': 10, 'distances': [1], 'force2D': False, 'force2Ddimension': 0, 'resegmentRange': None, 'label': 1, 'additionalInfo': True, 'binWidth': 25}",{'Original': {}},45d059a063f851402c11fdefbc8e91e298c3ea85,3D,"(2.0, 0.61328125, 0.61328125)","(129, 512, 512)",-264.8989609415217,-1024.0,3071.0,754cb635850130b4f1608cdc4f1ee9b5ada76726,"(2.0, 0.61328125, 0.61328125)","(129, 512, 512)","(60, 228, 108, 49, 117, 315)",259731,4,"(np.float64(85.22626871647974), np.float64(282.86371284136277), np.float64(276.6471195198109))","(169.662491268009, 173.47501139099202, -170.45253743295947)","(1.0, 1.0, 1.0)","(119, 94, 216)",7.631221306635037,-990.0556355847876,1247.1604203555778,"(1.0, 1.0, 1.0)","(119, 94, 216)","(11, 11, 12, 98, 72, 192)",195500,4,"(np.float64(61.94681329923274), np.float64(44.28871611253197), np.float64(114.47804603580563))","(169.67140541080562, 173.48207548753197, -170.44681329923273)",82.51811687753818,-122.04057513032915,228.30953401794417,0.32096929806312685,0.18179331659474218,50.32751785502384,276.83920838088403,193.49935400408964,191.049731745428,86.6083136886985,194.3424812026439,195399.08333333334,88.85688639036405,0.35736378787047224,45567.506378077174,0.23320225254252133,195500.0,-2.133837258697738,140.79690649019167,1928103591.0999115,3.023789569915768,76.24507744072079,2.998118755196962,228.30953401794417,45.13796985794652,82.51811687753818,98.05566870055893,-122.04057513032915,350.3501091482733,32.178249786708676,99.30972994057085,-0.8397529723088653,1928103591.0999115,0.14809941902525495,3053.182847854063,84.60348977605985,560.4608413047173,-42.655756280445985,13.478576416880763,3.1409130657427746,0.6195920294140786,1.2665182592827848,2.083842455836247,1.5085218339516813,0.5717977666667919,0.5285497959276805,0.9868647610283185,0.9270299292918931,-0.13196862573568957,0.7129635008368467,0.46276374237293394,9.056330004988649,0.03853080110026748,5.432034920073298,0.6540034153475545,0.0941197740339265,18.112660009977297,3.714324617479844,4.1548723706558865,19159.590945378754,0.13196444700461882,5.490704428419237,79.06347857135691,2.4470539063871897,213.82024733241818,0.039630328977752996,0.02090079111932774,4.18679557119567,89433.12045788603,0.6134947411195543,0.7420247885107221,0.6021384428830824,0.810790757785137,61.96722694373433,0.018282600203626518,1433.8782413499496,0.11098987857805942,9.60719311183142,48.5838687204892,186355.19188791703,18571851.042572953,1971.3175686165173,0.05834433257661883,3918.6022911990094,0.3033208678070291,0.5657714341487885,25.3745704107764,0.040440274056200286,5.814060726263193,0.06608184143222506,186126.19175891206,120.71338041463994,4.834123747585487e-05,86.76871148460302,0.04247495884530824,0.0041491059407689984,case_00493
3.1.1.dev111+g8ed579383,2.0.2,2.5.5,1.8.0,3.12.13,"{'minimumROIDimensions': 2, 'minimumROISize': 50, 'normalize': False, 'normalizeScale': 1, 'removeOutliers': 3, 'resampledPixelSpacing': [1, 1, 1], 'interpolator': 'sitkBSpline', 'preCrop': False, 'padDistance': 10, 'distances': [1], 'force2D': False, 'force2Ddimension': 0, 'resegmentRange': None, 'label': 1, 'additionalInfo': True, 'binWidth': 25}",{'Original': {}},f770ae7303826fbb2cd05f70b190147e93477ccc,3D,"(5.0, 0.9765625, 0.9765625)","(103, 512, 512)",-523.8325817515549,-1024.0,2100.0,dab1b44460c289eb403e4d1d720344fbc9867f37,"(5.0, 0.9765625, 0.9765625)","(103, 512, 512)","(30, 256, 154, 25, 94, 224)",106126,4,"(np.float64(41.80065205510431), np.float64(306.52195503458154), np.float64(270.15381716073347))","(263.82208707102876, 299.33784671345853, -209.00326027552154)","(1.0, 1.0, 1.0)","(147, 114, 241)",4.951625249002651,-947.462429210573,1101.8704501933962,"(1.0, 1.0, 1.0)","(147, 114, 241)","(13, 11, 11, 125, 92, 219)",505800,4,"(np.float64(73.99678726769474), np.float64(60.37212336892052), np.float64(124.6487445630684))","(263.6604633130684, 299.38384211892054, -208.99678726769474)",55.7080193562078,-128.52656573942105,164.57821391890724,0.3958268924531527,0.20919750733622083,60.17071536559906,287.62634952859685,223.61797781037194,215.5736533067063,125.0,224.73095024940378,505615.375,113.85024412154881,0.40581207207183473,75632.07402798583,0.14958420524293953,505800.0,1.541062930388912,96.79155099581078,2276892983.0806637,2.5438316624721544,45.367919295841304,3.7218703757565144,164.57821391890724,29.080625362725122,55.7080193562078,62.43163559741197,-128.52656573942105,293.1047796583283,19.466914768395338,67.09372384891392,-0.9105058102874936,2276892983.0806637,0.2075146376293595,1398.1843593226972,79.58509527374274,176.0187367562901,-15.6566072890331,6.918633462877292,1.1986366945365765,0.7026683338366321,0.7362725373532459,1.5271286519164076,0.6358708335882284,0.6923033450664049,0.6751955857443476,0.993162361352766,0.9494666411542876,-0.21693752291290988,0.7879316578437675,0.4684973498849069,8.84050142839142,0.07469261332553988,4.391659633850768,0.7214701974547234,0.14444474773835464,17.681002856782836,3.315670809282002,2.0293175393534675,54125.45158894764,0.18129793032367703,2.7769674858087443,75.53999709794797,5.350357490779159,439.21509640853196,0.07291176081935319,0.016286255377402768,4.309239827237416,136177.3201241942,0.44702180797665897,0.5881772971986495,2.054974562644993,0.6881773697621024,50.289143029108246,0.01194567569679918,1009.6192764988616,0.12770291885895038,6.982963686201815,51.267897799139895,3176283.3743991903,269253892.71414113,38774.534274806545,0.0360444553273534,1251.6989628130534,0.15832266162573405,0.37389255925408077,15.682474718702856,0.016496877168325808,6.543785470618919,0.015630684064847765,3172190.3528608247,301.3079481608276,2.1358623112948603e-05,42.53632910142005,0.01589538958633018,0.0018567498379254475,case_00494
3.1.1.dev111+g8ed579383,2.0.2,2.5.5,1.8.0,3.12.13,"{'minimumROIDimensions': 2, 'minimumROISize': 50, 'normalize': False, 'normalizeScale': 1, 'removeOutliers': 3, 'resampledPixelSpacing': [1, 1, 1], 'interpolator': 'sitkBSpline', 'preCrop': False, 'padDistance': 10, 'distances': [1], 'force2D': False, 'force2Ddimension': 0, 'resegmentRange': None, 'label': 1, 'additionalInfo': True, 'binWidth': 25}",{'Original': {}},ae4bfc4b5f3d26930921fb98211ed0d8525b6cc3,3D,"(5.0, 0.92578125, 0.92578125)","(61, 512, 512)",-501.0401370564445,-1024.0,1363.0,25f2b77917d70b354361fc4531e7daefbac81c09,"(5.0, 0.92578125, 0.92578125)","(61, 512, 512)","(19, 253, 129, 32, 99, 260)",151489,4,"(np.float64(34.28800110899141), np.float64(304.9677930410789), np.float64(257.49027322115796))","(238.37966700552514, 282.3334646513113, -171.44000554495705)","(1.0, 1.0, 1.0)","(182, 114, 263)",34.40635686097922,-905.0211109739438,1320.526476461983,"(1.0, 1.0, 1.0)","(182, 114, 263)","(13, 11, 11, 160, 92, 241)",648205,5,"(np.float64(91.46824692805517), np.float64(59.31779298215842), np.float64(130.19489204804034))","(238.23200142304034, 282.35490235715844, -171.46824692805515)",140.35541982802812,-160.53149389339947,394.6327923338413,0.3853662632235772,0.1805447420108552,62.55738100735758,346.4924002250718,247.67922803497268,241.40422531513403,152.31546211727817,250.63918289046507,648324.4583333334,133.52648151010408,0.41148137037604254,88036.38835446491,0.13579063264215363,648205.0,15.997338564650677,233.82898073831217,17382278254.558666,3.619173174507943,131.74901000734783,2.461069079778749,394.6327923338413,71.52560890612179,140.35541982802812,161.46938777116327,-160.53149389339947,555.1642862272407,54.1961866967749,163.75597703941926,-0.6187631478533647,17382278254.558666,0.09458408606281109,7116.376141032772,187.12938277273554,3485.2840475509092,-143.0907106625825,37.55496010102617,3.6203821047082565,0.822884861956328,1.3168574789717193,2.1247584675912234,1.8167810259955222,0.5703210275561191,0.5266685852095273,0.9934201373029462,0.9486012306020897,-0.24418333733687037,0.892562601860386,0.454438984413341,13.365713999857956,0.02189583313194374,6.230790427181294,0.8377840919865451,0.06641212087385871,26.731427999715905,4.450573738324677,10.293835551433611,41390.4999337031,0.08729466239059923,11.955801402646355,176.5510487247761,2.7318139251161213,533.7454337699849,0.01960436850933127,0.008606732398038759,4.798641423208739,287912.8452523677,0.601844845388827,0.7308590053123033,0.7798918487762223,0.8026611040200914,137.640706215882,0.007251446129787233,1763.9633576522665,0.07229950642070114,16.421337874380523,116.9976227559636,651324.6265677514,146758117.44966802,3163.510047830958,0.017620645364721493,4851.417083367489,0.19884486775012253,0.438742923685915,48.10883037433,0.00812669006655036,7.071252058056463,0.037639327064740324,650618.7702610177,106.75404140856428,2.4012575667041976e-05,183.85255490099306,0.035786682197818456,0.0050994138622491355,case_00495
3.1.1.dev111+g8ed579383,2.0.2,2.5.5,1.8.0,3.12.13,"{'minimumROIDimensions': 2, 'minimumROISize': 50, 'normalize': False, 'normalizeScale': 1, 'removeOutliers': 3, 'resampledPixelSpacing': [1, 1, 1], 'interpolator': 'sitkBSpline', 'preCrop': False, 'padDistance': 10, 'distances': [1], 'force2D': False, 'force2Ddimension': 0, 'resegmentRange': None, 'label': 1, 'additionalInfo': True, 'binWidth': 25}",{'Original': {}},463d689ab44dd3e5cdd0beb758705af5031e2654,3D,"(5.0, 0.75, 0.75)","(54, 512, 512)",-500.4380648577655,-1024.0,3061.0,7354378ebf2290b489a6561529a3a5a43ffaa499,"(5.0, 0.75, 0.75)","(54, 512, 512)","(17, 280, 118, 28, 99, 282)",141068,25,"(np.float64(29.503530212379847), np.float64(333.92260470127883), np.float64(253.492429183089))","(190.11932188731674, 250.44195352595912, -147.51765106189924)","(1.0, 1.0, 1.0)","(162, 96, 233)",55.14291004377934,-1086.004087106555,1530.7974434525545,"(1.0, 1.0, 1.0)","(162, 96, 233)","(13, 11, 11, 140, 74, 211)",396750,18,"(np.float64(77.5289224952741), np.float64(51.17570258349086), np.float64(111.9011468178954))","(190.02614681789538, 250.30070258349087, -147.52892249527412)",114.7999857740501,-160.3722096364735,324.02125237453976,0.39373153476011885,0.18693996331049345,53.798083465690816,287.7826790643806,217.947241322298,210.92415698539605,141.2834031300209,223.4569309732862,396981.4166666667,113.3091159053973,0.38911821658223805,67129.90199999408,0.1691008676518504,396750.0,1.7147520743562592,210.46324602201645,7744324003.5789585,3.59323910485918,131.00599827150216,2.153958493438624,324.02125237453976,68.13551648199652,114.7999857740501,125.27313131139357,-160.3722096364735,484.3934620110133,52.91743424290575,139.7118648361778,-0.3760108274450713,7744324003.5789585,0.09107296940127507,6340.368442280313,159.64943317941336,2463.7729649263856,-75.62349327898143,33.79533634790568,3.727191496147481,0.8001641120819283,1.3159910007643985,2.1316070862269445,1.9263025697891116,0.5738438525888513,0.5311137778473533,0.9911934617558568,0.9419513009284851,-0.23603802345405864,0.8848693764576935,0.45327358044711014,12.334068277520277,0.019685532735534365,6.2330511573226905,0.8135933252137869,0.05155019982201025,24.668136555040554,4.438643758630562,9.380631961013286,25359.45312108714,0.08780124472346833,10.380692922670423,152.11595147123708,2.7118876618731753,442.88860240597904,0.023360005439053696,0.0096552506842273,4.756893085077858,174420.53498908205,0.5977054737923502,0.7286712229169695,0.7559654117162952,0.8000880493673339,118.93769978572408,0.008012754926884049,1319.4345114345115,0.08067962036410123,12.854467536308281,105.72447107741226,325529.44380579673,61645811.64846521,1960.5621436982224,0.017158940008114014,3533.4374464962702,0.21605952344969243,0.4631388025732881,47.108405810824614,0.007853911664371325,6.7680522145359046,0.04121991178323881,324940.89039074024,92.20284138671745,3.882726738717881e-05,139.2017849774265,0.04356820563785159,0.005732285044236705,case_00496
3.1.1.dev111+g8ed579383,2.0.2,2.5.5,1.8.0,3.12.13,"{'minimumROIDimensions': 2, 'minimumROISize': 50, 'normalize': False, 'normalizeScale': 1, 'removeOutliers': 3, 'resampledPixelSpacing': [1, 1, 1], 'interpolator': 'sitkBSpline', 'preCrop': False, 'padDistance': 10, 'distances': [1], 'force2D': False, 'force2Ddimension': 0, 'resegmentRange': None, 'label': 1, 'additionalInfo': True, 'binWidth': 25}",{'Original': {}},172f0ae70c604a6c9623c793b395edcbc62e7540,3D,"(5.0, 0.5859375, 0.5859375)","(36, 512, 512)",-364.6991900338067,-1024.0,1371.0,529c9bd2f10ac39722821095458cce019251d32a,"(5.0, 0.5859375, 0.5859375)","(36, 512, 512)","(6, 226, 86, 22, 133, 356)",215150,3,"(np.float64(17.292052056704623), np.float64(293.7579735068557), np.float64(267.2677992098536))","(156.6022260995236, 172.12381260167325, -86.46026028352311)","(1.0, 1.0, 1.0)","(132, 100, 230)",40.23159058852635,-987.9185051372828,1408.6832944055714,"(1.0, 1.0, 1.0)","(132, 100, 230)","(13, 10, 10, 110, 78, 209)",369065,4,"(np.float64(71.48286887133703), np.float64(49.92602929023343), np.float64(116.3772099765624))","(156.5842412265624, 172.13306054023343, -86.48286887133703)",116.34695421112237,-123.50548941947235,282.3432297685834,0.34615722647534036,0.17634673201537265,51.00812065706731,289.24902703964364,209.3800372528384,207.0869382650678,114.61239025515522,211.16107595861507,368862.1666666667,100.12564096073378,0.5065470724127636,49102.89034335584,0.1331198880793029,369065.0,32.968740050730844,186.39465120967998,6413414038.205488,3.2296214494447026,94.52105267495419,2.8743866207280173,282.3432297685834,51.45242786255127,116.34695421112237,128.72880141946237,-123.50548941947235,405.8487191880557,38.13921628034884,131.82361236805812,-0.6793309870156038,6413414038.205488,0.12294587852440014,3840.851023559052,110.91448179962983,1063.2852769749138,-53.70111860574168,19.81210209754901,2.4536998975823336,0.778178909402591,1.0680106519254986,1.9066237366546746,1.2721117078621396,0.6169025842818208,0.5840185688603511,0.991914514635336,0.9443242852758409,-0.23631135893987443,0.864344786062859,0.4694412471135164,10.323439036907303,0.032362393635388585,5.565929402995274,0.7929052226478152,0.07881159455237771,20.646878073814605,4.051290808210147,5.566450498782833,28925.434074768233,0.1153575643011013,6.6108957142578175,105.24071902174464,3.2688604199694433,376.75255884297263,0.039104947404940554,0.014880372247510905,4.589972823967187,137297.98956981144,0.542000037762752,0.6794617166665451,1.0172107530494885,0.762798505084143,77.66973473286386,0.012211124613577679,965.3804222648753,0.0926468735378959,10.835057148698981,61.200095969289826,695225.81487524,88755598.10067178,6005.148125027199,0.04507501794144341,2011.698272552783,0.19306125456360682,0.4292652719300845,23.502531244375408,0.022674371358677864,6.718075898537882,0.02823350900247924,693971.3159765382,112.64485142090119,4.07978878307212e-05,80.32427488859652,0.029421301116289177,0.004524989050411357,case_00497
3.1.1.dev111+g8ed579383,2.0.2,2.5.5,1.8.0,3.12.13,"{'minimumROIDimensions': 2, 'minimumROISize': 50, 'normalize': False, 'normalizeScale': 1, 'removeOutliers': 3, 'resampledPixelSpacing': [1, 1, 1], 'interpolator': 'sitkBSpline', 'preCrop': False, 'padDistance': 10, 'distances': [1], 'force2D': False, 'force2Ddimension': 0, 'resegmentRange': None, 'label': 1, 'additionalInfo': True, 'binWidth': 25}",{'Original': {}},fa4a6625253d61975766f23d02d5a2c405ece1dc,3D,"(5.0, 0.83984375, 0.83984375)","(91, 512, 512)",-446.73093745472664,-1024.0,3071.0,a57e86171de81d1819bcc58a0a1bf1019d516a83,"(5.0, 0.83984375, 0.83984375)","(91, 512, 512)","(14, 249, 135, 23, 101, 266)",139803,2,"(np.float64(24.851226368532863), np.float64(301.71299614457484), np.float64(263.34240323884325))","(221.16647147012225, 253.3917741057953, -124.25613184266432)","(1.0, 1.0, 1.0)","(137, 107, 246)",45.38476168909003,-978.3457668271643,1191.3934529323803,"(1.0, 1.0, 1.0)","(137, 107, 246)","(13, 11, 11, 115, 85, 224)",492895,2,"(np.float64(69.26120167581331), np.float64(55.31811034804573), np.float64(119.0406171699855))","(221.1206952949855, 253.39818847304574, -124.26120167581331)",99.13697082067719,-171.30935735070324,654.9796952584963,0.339590673478196,0.18791725271223075,55.235015170997464,293.9326452137007,219.92044015961773,224.58851261807672,118.07201192492656,227.52142756232874,492769.375,99.81678494534827,0.5178728679047292,58258.16111688619,0.11822601824004625,492895.0,38.69409503035313,136.3965514362182,5711316365.585365,2.458133679035234,39.86255278430734,6.405944902125894,654.9796952584963,30.78575031347261,99.13697082067719,112.00378320900838,-171.30935735070324,826.2890526091996,18.30406652861231,107.64426642882886,-1.5328426071015542,5711316365.585365,0.24325923342825428,1759.1491115008878,136.05690080414888,439.0134754072881,-38.14952208722183,8.489248734098554,1.1868599790916277,0.7519745691403276,0.7020297399886566,1.5032339439612121,0.6757752313508546,0.7070153889955566,0.6921591977534777,0.9989818716958259,0.9803098325214636,-0.23877698072933634,0.8043343952435951,0.45615023227418805,11.585787778645024,0.10290780073587896,4.157274382998666,0.8055133372506676,0.21976389173043767,23.17157555729005,3.179942957390933,2.4190271782975454,53614.65857128636,0.19237833297652834,3.7645501193232542,128.0374224656866,6.2749081281074925,888.8319772242552,0.04774549465908507,0.00935524006992009,4.398566426484927,120159.65444830683,0.42574758753108877,0.5604662250580753,2.6372122996403173,0.6731030682262452,82.61538155792883,0.006799097278259929,817.346641988366,0.10805746192336937,12.150902183266167,91.8379164463247,3804142.559360127,560437018.1415918,26204.47283108926,0.020047029632213526,1208.1332628239027,0.1597214784272743,0.3780078255598627,31.77969824787236,0.00884456657722041,6.757231961128139,0.015346067620892887,3799896.3071598825,75.93220464216542,1.9584043545035996e-05,316.0532282188185,0.002843648284336502,0.032471165544273026,case_00498
3.1.1.dev111+g8ed579383,2.0.2,2.5.5,1.8.0,3.12.13,"{'minimumROIDimensions': 2, 'minimumROISize': 50, 'normalize': False, 'normalizeScale': 1, 'removeOutliers': 3, 'resampledPixelSpacing': [1, 1, 1], 'interpolator': 'sitkBSpline', 'preCrop': False, 'padDistance': 10, 'distances': [1], 'force2D': False, 'force2Ddimension': 0, 'resegmentRange': None, 'label': 1, 'additionalInfo': True, 'binWidth': 25}",{'Original': {}},837cf233c90d33da23a37ed62251569db89a1772,3D,"(5.0, 0.921875, 0.921875)","(63, 512, 512)",-516.5603095766098,-1024.0,2146.0,eb2410026f90e7a594eafc005c1d61f2eba6ea24,"(5.0, 0.921875, 0.921875)","(63, 512, 512)","(24, 238, 128, 30, 116, 285)",152689,6,"(np.float64(38.74541060587207), np.float64(293.888636378521), np.float64(267.8436757068289))","(246.9183885422329, 270.92858666144906, -193.72705302936032)","(1.0, 1.0, 1.0)","(172, 129, 285)",16.176085601892357,-674.4152577891841,2073.785343499832,"(1.0, 1.0, 1.0)","(172, 129, 285)","(13, 11, 11, 150, 107, 263)",648360,5,"(np.float64(88.73322691097539), np.float64(62.864334628909866), np.float64(139.90256184835584))","(246.94162434835584, 270.9033971289099, -193.7332269109754)",124.50167358646291,-149.705810428316,428.3887662888607,0.3731654697543653,0.17676768302548765,64.8445313191466,366.8347641904479,262.21365334398587,262.2746651889961,160.4244370412438,263.49383294490974,648280.2083333334,136.8900671013603,0.3531455700358434,102574.37288202357,0.15822536545691024,648360.0,17.2723649421007,204.29786426635235,13408312440.833641,3.412464925002007,107.3844407458194,2.6680706773506553,428.3887662888607,60.118198999173934,124.50167358646291,139.90436858659325,-149.705810428316,578.0945767171768,44.72165944792277,143.80664484830254,-0.6704770773356507,13408312440.833641,0.10918213332064812,5179.684376695658,142.99011499777785,2041.9915608850656,-95.55801781755842,27.65461699960968,2.3674801973829505,0.8411963868366328,1.021662274303377,1.8778875763113716,1.2855795874480795,0.6319650234435783,0.601806433473907,0.9960023629108874,0.9610388098567212,-0.287078303487634,0.9138026734267728,0.46224797269410545,11.690418391238572,0.0311081910134889,5.723235251039944,0.8526419222683204,0.09262165741783884,23.380836782477147,4.259081446613894,7.505524299248156,42529.80462342968,0.0992404275186074,8.94297081659463,133.0629623043949,3.6328181078644954,547.726699960295,0.03292670424480415,0.011597022993696117,4.8512084582254635,227574.47707730014,0.5250848278276175,0.6605989312680041,1.2241648725098646,0.7506603870838335,95.77916549041771,0.009364223661005472,1349.7389364524297,0.08137820670761062,12.921598168076939,83.22313999758833,1178351.139756421,197442839.731822,7692.026001550296,0.027882783034260134,3129.001929337996,0.18865319723489665,0.4259422107306467,33.281047535811325,0.01267703329178048,7.011770026588301,0.025581467086186686,1176823.0491532618,102.04415185986952,2.6743080835113676e-05,154.1017821033736,0.020461105253815896,0.006367658308445232,case_00499
3.1.1.dev111+g8ed579383,2.0.2,2.5.5,1.8.0,3.12.13,"{'minimumROIDimensions': 2, 'minimumROISize': 50, 'normalize': False, 'normalizeScale': 1, 'removeOutliers': 3, 'resampledPixelSpacing': [1, 1, 1], 'interpolator': 'sitkBSpline', 'preCrop': False, 'padDistance': 10, 'distances': [1], 'force2D': False, 'force2Ddimension': 0, 'resegmentRange': None, 'label': 1, 'additionalInfo': True, 'binWidth': 25}",{'Original': {}},658cb27855022d59c10506ef556e83d3c4fdffb2,3D,"(3.0, 0.9765625, 0.9765625)","(153, 512, 512)",-572.5558667401083,-1024.0,3071.0,dc7902f205c11a2b381faf126bd501c8c1e32271,"(3.0, 0.9765625, 0.9765625)","(153, 512, 512)","(40, 205, 138, 53, 126, 247)",258745,7,"(np.float64(65.82791551527566), np.float64(268.29890046184465), np.float64(257.2855707356664))","(251.25544017154922, 262.01064498227015, -197.483746545827)","(1.0, 1.0, 1.0)","(181, 145, 263)",7.5670739477625695,-1044.8233747948282,1668.054653998161,"(1.0, 1.0, 1.0)","(181, 145, 263)","(12, 11, 11, 159, 123, 241)",738309,7,"(np.float64(90.55232158892821), np.float64(72.94959427556755), np.float64(127.2041543581346))","(251.2158731081346, 261.96131302556756, -197.5523215889282)",88.5608599831113,-210.1248317113146,1616.0281497439153,0.38553137147661715,0.1990527941905419,65.43069385100492,328.7102505497705,240.14162487998618,237.92856070678022,147.05441169852742,246.7752013472991,738650.8333333334,126.72811371287546,0.4503099342319064,87753.6907797834,0.11880266943418245,738309.0,19.11764258708871,128.1482141381553,12621059095.21952,2.8893707424619506,44.48725282388466,102.87380379153785,1616.0281497439153,39.55755490741391,88.5608599831113,87.79163980825857,-210.1248317113146,1826.1529814552298,19.762881918885498,130.7461227626855,8.455536121304455,12621059095.21952,0.19013136457903604,9251.522696526981,186.02374944241362,328011.185054422,3599.309342984165,53.786857878639346,4.213696394672104,0.8545586411512807,1.094900188552157,1.8777111381584035,2.9744634137879333,0.6237453257444306,0.5936223021845826,0.9992675713534607,0.9858688879231383,-0.18960020333829344,0.7877178291621403,0.47833670864008493,13.176864085244196,0.059251026929251105,5.075955895604043,0.9020331023945645,0.1426657335860163,26.353728170488388,3.644765258478895,14.500138568327882,80353.42316675388,0.16112777289353228,20.124761926011665,189.45004194234235,3.440465328764387,619.2113767108619,0.021665104483580347,0.006920614478822496,4.396239039090836,268333.38082772365,0.5321390843673479,0.6722826183783588,1.0762440579236616,0.7540698558795849,145.99694611448396,0.005389287162881434,1632.7082036503361,0.06273614615371129,153.58465177261576,416.35093179634964,1860073.068626321,320054460.8310087,10969.681857911617,0.009339955949022469,7463.847492795389,0.2867952927106778,0.5472249252334546,287.668208237951,0.004981552745524261,7.183199130219688,0.03524946871838214,1859268.2558749951,43.8645460711252,1.3102247201671933e-05,2762.9813170395964,0.00398774453881122,0.2961403480283075,case_00500
3.1.1.dev111+g8ed579383,2.0.2,2.5.5,1.8.0,3.12.13,"{'minimumROIDimensions': 2, 'minimumROISize': 50, 'normalize': False, 'normalizeScale': 1, 'removeOutliers': 3, 'resampledPixelSpacing': [1, 1, 1], 'interpolator': 'sitkBSpline', 'preCrop': False, 'padDistance': 10, 'distances': [1], 'force2D': False, 'force2Ddimension': 0, 'resegmentRange': None, 'label': 1, 'additionalInfo': True, 'binWidth': 25}",{'Original': {}},2f4913d124727bcc80a03d0edc741e1019c8c132,3D,"(1.0, 0.9765625, 0.9765625)","(680, 512, 512)",-643.4172720628626,-1024.0,3071.0,a24325803c9746be8faf0ccf413d0f23480542b4,"(1.0, 0.9765625, 0.9765625)","(680, 512, 512)","(297, 217, 131, 111, 73, 233)",323296,2,"(np.float64(353.66172795209343), np.float64(254.06612825398398), np.float64(254.73857703157478))","(248.76814163239723, 248.11145337303122, -353.66172795209343)","(1.0, 1.0, 1.0)","(133, 93, 249)",14.978150517973697,-895.5923677632338,1524.2205556297574,"(1.0, 1.0, 1.0)","(133, 93, 249)","(11, 11, 11, 111, 71, 227)",307608,2,"(np.float64(67.67203063639437), np.float64(47.05518387038048), np.float64(132.4346570960443))","(249.4463758460443, 248.0669026203805, -353.67203063639437)",157.94335826734417,-172.6370904442388,327.697520698099,0.31056898352343537,0.14921439032180484,50.07362640464942,335.58175117465277,228.97379762758882,224.72205054244233,115.97413504743201,229.3904967517181,307419.5833333333,104.22128335132632,0.44222253871733963,49811.65109554238,0.16203148334090314,307608.0,21.90872501310548,228.18366160029623,9572255974.834766,3.2511621023744293,68.01092635945403,4.18532665832419,327.697520698099,59.27383546447123,157.94335826734417,183.65527698475415,-172.6370904442388,500.33461114233785,35.49233936848428,176.40396352803543,-1.3862325218843943,9572255974.834766,0.14581727010226367,6172.253927633812,205.30820765807934,3792.7573917745895,-225.03238308420708,28.185782997394902,4.714242815932872,0.7113570206106409,1.4652008002075219,2.2708174209445255,2.522984811696423,0.553860029941765,0.5077149292178231,0.9899750174536941,0.9389929245917636,-0.1507022109708755,0.7644827222717373,0.4481743304334814,14.122250688573471,0.03744670233990437,5.797769305809803,0.7390946192429471,0.09524839995285511,28.244501377146943,3.987230050226391,8.225006453331941,28549.61154331956,0.1238836444153441,11.345355708665467,193.26741972825533,2.3604729468075467,499.6714632967652,0.015340414506525558,0.008273703141487048,4.444287869485351,143188.69349493022,0.619410879961026,0.7484223177150539,0.555509406816477,0.8144639727546964,152.28398372218723,0.00724442638414873,1806.2226175030344,0.07559630927480995,16.115327706096537,122.32787845812581,255384.2219897041,59536312.0994852,1106.7125315336818,0.017573704756538657,7142.374795965346,0.29893168693614636,0.5622437271411439,68.83815188599232,0.0104560927605616,6.456250317731133,0.07767353254791813,255218.47185658882,79.57090041625186,3.0302783907139087e-05,197.93566111565846,0.047060599499321655,0.007511813222362846,case_00501
3.1.1.dev111+g8ed579383,2.0.2,2.5.5,1.8.0,3.12.13,"{'minimumROIDimensions': 2, 'minimumROISize': 50, 'normalize': False, 'normalizeScale': 1, 'removeOutliers': 3, 'resampledPixelSpacing': [1, 1, 1], 'interpolator': 'sitkBSpline', 'preCrop': False, 'padDistance': 10, 'distances': [1], 'force2D': False, 'force2Ddimension': 0, 'resegmentRange': None, 'label': 1, 'additionalInfo': True, 'binWidth': 25}",{'Original': {}},a459dc6e98ea630534f016dbb392e576b0cf9a54,3D,"(2.5, 0.703125, 0.703125)","(159, 512, 512)",-685.6009807706629,-2048.0,1736.0,d332193d044313953de64cfa2fa84a6892c23877,"(2.5, 0.703125, 0.703125)","(159, 512, 512)","(7, 279, 114, 43, 125, 298)",310078,7,"(np.float64(28.656570282316064), np.float64(345.1212565870523), np.float64(257.1200343139468))","(180.78752412699384, 242.66338353777115, -71.64142570579016)","(1.0, 1.0, 1.0)","(129, 110, 232)",56.67744314974134,-943.3379495925143,1685.9751045163373,"(1.0, 1.0, 1.0)","(129, 110, 232)","(11, 11, 11, 108, 88, 210)",383523,4,"(np.float64(66.15191526974914), np.float64(57.53894029823505), np.float64(111.64666786607322))","(180.79510536607322, 242.68737779823502, -71.40191526974914)",105.11770749057021,-209.87451886063403,1685.9751045163373,0.37895177296890015,0.1735375679751521,50.6385663301357,291.8017517531787,207.1183236703117,210.2974084481309,121.79490958164057,213.08449028495716,383601.625,110.57879118229792,0.4319748910091452,59103.41560054899,0.154074987561768,383523.0,19.134793122435273,161.1799783508335,6409503661.08547,3.186559338167916,59.058805105289295,73.08467213990085,1685.9751045163373,45.093266883094046,105.11770749057021,112.17469002865323,-209.87451886063403,1895.8496233769713,26.322635655488405,129.2755794398366,4.699905422682704,6409503661.08547,0.14934729770107233,5662.4430114324305,198.93761040029506,75306.90773312055,872.9874702172995,28.189573615221313,5.264597410492606,0.6839024503106985,1.4855523259191312,2.2272318916967326,2.9815313676856494,0.5405656122011032,0.4894367075094974,0.9991378930286434,0.9815082852013308,-0.1329699938611766,0.7150547953521423,0.44430773371410337,13.899815039979712,0.03530626062748274,5.7790051443725385,0.8044634066774315,0.08386132782940486,27.79963007995944,3.8809490447002015,8.363542756428473,39062.861033122026,0.1326983521260235,10.867590956385431,195.81956793566945,2.2929065825182477,456.2970192603456,0.013269998853742328,0.006368237656581769,4.296707254489742,190215.6288683074,0.6413587204452599,0.7659470427909347,0.5337354223304713,0.826525284773857,161.1896605025756,0.00541345081749898,1777.3599582898853,0.07413388772846237,54.41407506124406,226.9690093847758,395563.06173096976,80176610.61618352,1979.4013599759521,0.009947759922799945,6919.7036496350365,0.2886216329357679,0.5488680626235587,140.41967848477688,0.005699514902541422,6.719948725632899,0.06251254813922502,395307.1644943775,24.75028023958429,2.201188593138108e-05,3972.2982418363868,0.003514208676334253,0.3854356583101225,case_00502
3.1.1.dev111+g8ed579383,2.0.2,2.5.5,1.8.0,3.12.13,"{'minimumROIDimensions': 2, 'minimumROISize': 50, 'normalize': False, 'normalizeScale': 1, 'removeOutliers': 3, 'resampledPixelSpacing': [1, 1, 1], 'interpolator': 'sitkBSpline', 'preCrop': False, 'padDistance': 10, 'distances': [1], 'force2D': False, 'force2Ddimension': 0, 'resegmentRange': None, 'label': 1, 'additionalInfo': True, 'binWidth': 25}",{'Original': {}},3061b8fe3e766825ccd0c28fdbcdc52fed24413e,3D,"(5.0, 0.859375, 0.859375)","(92, 512, 512)",-489.72549384573233,-1024.0,3071.0,07667dd2491dcdd8e4dfb3811244cdf924d9a7bd,"(5.0, 0.859375, 0.859375)","(92, 512, 512)","(25, 232, 135, 23, 137, 278)",164718,5,"(np.float64(36.44125717893612), np.float64(307.34571206546946), np.float64(271.45949440862563))","(233.28550300741264, 264.1252213062628, -182.2062858946806)","(1.0, 1.0, 1.0)","(137, 140, 261)",-3.196632493704553,-1055.5936949679613,1190.7787052433753,"(1.0, 1.0, 1.0)","(137, 140, 261)","(13, 11, 11, 115, 118, 239)",608130,2,"(np.float64(72.19981747323763), np.float64(76.0523654481772), np.float64(128.18981138901222))","(233.26012388901222, 264.12267794817717, -182.19981747323763)",83.77340655442589,-152.9189809257242,383.8467518970415,0.38597959707005025,0.19421056663223082,63.69793494338466,327.983878776313,237.76038357977134,238.30232898568156,143.58621103713267,245.62166028263874,608443.875,126.59508537555351,0.34234284642875495,101430.80748308459,0.1667052815398702,608130.0,7.471926735681627,140.92026175582794,5905194961.547189,3.012783925859708,63.17419373116212,3.458552312029679,383.8467518970415,40.54661031364599,83.77340655442589,93.4783085839025,-152.9189809257242,536.7657328227657,27.18903519051973,98.54144038383332,-0.7971805872295051,5905194961.547189,0.15085136876795424,2692.431827187446,123.97505950498888,589.7762951191003,-39.95706811469132,12.620652605776494,2.764828056908068,0.6380126406708047,1.236815066306801,1.9874036122369854,1.1712331413484225,0.5681228831765925,0.52256658045027,0.9948720934700321,0.9508809417648553,-0.14460741014604267,0.711547507183169,0.4611330578558438,11.023130618187507,0.036539616979699825,5.433952699519854,0.6788394356567848,0.08404853222813442,22.04626123637501,3.7370320354874553,3.8463701656711398,62671.345599580476,0.13834895961911764,4.846469906662467,119.4850504444664,2.7718763846263474,351.70059029286523,0.02569678759860553,0.01057852574465434,4.1799586262444,280367.88268256845,0.6093255589875339,0.7425411317671196,0.7764455030739943,0.8041982107319948,94.61669696004722,0.008804265826759841,1896.5397864278332,0.09332905794143169,12.85241750810858,93.83293145022391,1227749.666059741,163431369.97017863,9559.034293417475,0.020918615487046294,3774.169627478963,0.18572755413015907,0.41436055483111744,34.11843418971602,0.010277537967039443,6.737592349911657,0.03341555259566211,1226854.0895269476,176.41728759192947,1.497372959728879e-05,218.099701343832,0.015036182459187128,0.004338981227420522,case_00503
3.1.1.dev111+g8ed579383,2.0.2,2.5.5,1.8.0,3.12.13,"{'minimumROIDimensions': 2, 'minimumROISize': 50, 'normalize': False, 'normalizeScale': 1, 'removeOutliers': 3, 'resampledPixelSpacing': [1, 1, 1], 'interpolator': 'sitkBSpline', 'preCrop': False, 'padDistance': 10, 'distances': [1], 'force2D': False, 'force2Ddimension': 0, 'resegmentRange': None, 'label': 1, 'additionalInfo': True, 'binWidth': 25}",{'Original': {}},bec8610ef35d95b6966d73c64f050e148d8ed124,3D,"(2.0, 0.703125, 0.703125)","(225, 512, 512)",-669.967778116862,-2048.0,1512.0,9404df91c0ac06841d9559d31f4d56e5e81c5e1b,"(2.0, 0.703125, 0.703125)","(225, 512, 512)","(44, 248, 108, 59, 100, 306)",447791,4,"(np.float64(71.0671049663794), np.float64(295.64039027135425), np.float64(259.9778959380604))","(182.7969580814487, 207.87214940954595, -142.1342099327588)","(1.0, 1.0, 1.0)","(139, 92, 237)",73.92296662160702,-1016.0910631878332,1419.929944990892,"(1.0, 1.0, 1.0)","(139, 92, 237)","(11, 10, 11, 118, 71, 215)",442698,3,"(np.float64(65.62685849043818), np.float64(43.73307762854135), np.float64(117.61543083546798))","(182.76386833546798, 207.88151512854137, -142.12685849043817)",164.04978503705308,-139.14406603026018,309.3194990420031,0.3697190727042533,0.18509128256059898,54.839734751859474,296.28480603296333,215.6965461012299,215.23243250030885,118.4736257569591,216.62409838242834,442876.9166666667,109.54214374286677,0.4828838239967534,58187.56235755902,0.1313854034107498,442698.0,34.40105203323088,225.07409112879762,14319282150.418823,3.028554386378435,61.35598393339404,4.541197900521353,309.3194990420031,55.3607030323894,164.04978503705308,191.33364354725057,-139.14406603026018,448.46356507226324,32.20415649423471,179.84850966121087,-1.5482870106664572,14319282150.418823,0.17629467001955365,5433.154456655308,182.87861463453723,3266.6001261715446,-211.27403974248284,25.299813915545,3.5492159298701482,0.7512465285650821,1.230954521859758,2.08241481384692,1.9858970539580483,0.5983947564985368,0.5616342870386899,0.9907934706183078,0.9432684180167941,-0.18218424941433026,0.7887594616281869,0.4544419790654739,13.320601784330288,0.056773080227202816,5.304475013139183,0.7791121799811395,0.13644429127673435,26.641203568660575,3.7438032905329663,7.212257461353786,43262.32042026719,0.14013083767340098,10.341304410916337,170.09878145806022,3.112390883279791,598.02612247211,0.02181984393259456,0.009644290645207425,4.451100697340807,175943.3853195138,0.5660066881314367,0.6939870799228647,0.9454349937732519,0.778692531192407,126.7199750333111,0.008240339453170266,1989.5728325728326,0.07759341806375854,15.097536791698488,102.67154167154168,609186.420966421,128374410.14001013,2926.088776219653,0.022550438453891795,6831.441714441715,0.2664264932897202,0.5248358067414058,50.03576447948521,0.01334755444758867,6.466183268161762,0.05791984603499451,608888.332479535,133.0819567991847,2.0648067241925555e-05,143.00569637140774,0.043435185060165055,0.004883198943357662,case_00504
3.1.1.dev111+g8ed579383,2.0.2,2.5.5,1.8.0,3.12.13,"{'minimumROIDimensions': 2, 'minimumROISize': 50, 'normalize': False, 'normalizeScale': 1, 'removeOutliers': 3, 'resampledPixelSpacing': [1, 1, 1], 'interpolator': 'sitkBSpline', 'preCrop': False, 'padDistance': 10, 'distances': [1], 'force2D': False, 'force2Ddimension': 0, 'resegmentRange': None, 'label': 1, 'additionalInfo': True, 'binWidth': 25}",{'Original': {}},a3ff365bdc3f5f587f572518becaaac395236d7f,3D,"(1.0, 0.9765625, 0.9765625)","(302, 512, 512)",-552.7270451097299,-1024.0,3071.0,82ef5c8e9f7a231b36ae3b333f957e08b7239ca0,"(1.0, 0.9765625, 0.9765625)","(302, 512, 512)","(117, 233, 146, 121, 91, 229)",457139,4,"(np.float64(173.67357849581856), np.float64(280.1163759819224), np.float64(262.3250236798873))","(256.17678093738994, 273.5511484198461, -173.67357849581856)","(1.0, 1.0, 1.0)","(143, 110, 245)",18.043326051987684,-368.590423266384,2151.3451825140814,"(1.0, 1.0, 1.0)","(143, 110, 245)","(11, 11, 11, 121, 88, 223)",437842,3,"(np.float64(67.67070769821078), np.float64(56.527722329059344), np.float64(124.01740582219156))","(256.02912457219156, 273.5394410790593, -173.67070769821078)",135.21431958635125,-260.931823976737,2151.3451825140814,0.35808318856285104,0.17085751335406657,53.671194853755495,314.1283856948868,223.37636401374252,222.27235545609355,127.04723531033645,227.71912523984454,437893.3333333333,112.48409396772615,0.4788927110929532,58231.51909227411,0.1329810587637951,437842.0,22.40483758703773,190.69455186955682,14016947493.779377,3.3353986077046978,58.335208909946616,67.23736206292565,2151.3451825140814,55.935352805976784,135.21431958635125,141.3963314627045,-260.931823976737,2412.2770064908186,27.875098022158376,178.9237590511078,5.929018000321426,14016947493.779377,0.1472788159530142,13730.799331778935,309.91115887312736,415871.45112655277,4230.598907388707,74.79253463842441,10.760128117703362,0.7483896764836178,1.632365421154966,2.3296294794115093,8.03403347065509,0.5545038396748176,0.5096003398732288,0.9989478307911693,0.9842844982973319,-0.16286816113066488,0.7931121679578926,0.44992918541537985,17.143559356689163,0.03705793716232208,5.95945486373139,0.7999640866740154,0.08851456462914584,34.28711871337831,4.103101009833958,21.388165689031943,41258.51315177705,0.1264017028723029,27.760555755304477,310.3464315703519,2.389120681436712,729.545020660817,0.0092594549504418,0.004318738219446044,4.569074074711565,201127.26056750683,0.6140608446960841,0.7447983519169016,0.5652387048473597,0.8110564052366728,253.58559400643824,0.0036283432926103665,1876.5688712680962,0.05636357515672783,149.86401799861807,469.53186760377247,381159.9136180693,115904755.09010632,1264.627569292262,0.006122432611774477,11406.787829638974,0.34260791222559545,0.6062152713264131,337.0277361307334,0.0035843970107851822,7.056500370534619,0.07604112899173675,380986.9706582223,15.885574103992827,2.1492315557923345e-05,6749.3616638960575,0.005126985738859953,0.7423311026460724,case_00505
3.1.1.dev111+g8ed579383,2.0.2,2.5.5,1.8.0,3.12.13,"{'minimumROIDimensions': 2, 'minimumROISize': 50, 'normalize': False, 'normalizeScale': 1, 'removeOutliers': 3, 'resampledPixelSpacing': [1, 1, 1], 'interpolator': 'sitkBSpline', 'preCrop': False, 'padDistance': 10, 'distances': [1], 'force2D': False, 'force2Ddimension': 0, 'resegmentRange': None, 'label': 1, 'additionalInfo': True, 'binWidth': 25}",{'Original': {}},d668d447f449029505e3948e73e07d3837118146,3D,"(5.0, 0.771484375, 0.771484375)","(41, 512, 512)",-476.52101637677447,-1024.0,3071.0,01b13d1588929d05acdd2ae1a59fa7253651fe7e,"(5.0, 0.771484375, 0.771484375)","(41, 512, 512)","(17, 252, 79, 22, 112, 323)",145799,2,"(np.float64(26.754079246085364), np.float64(307.93957434550305), np.float64(230.7693262642405))","(178.03492944213866, 237.57057005170645, -133.77039623042683)","(1.0, 1.0, 1.0)","(132, 108, 271)",56.19845921674827,-1011.5945044798616,3459.147272099708,"(1.0, 1.0, 1.0)","(132, 108, 271)","(13, 10, 11, 110, 87, 249)",433830,2,"(np.float64(63.77250305419173), np.float64(53.45297697254685), np.float64(127.91089827812738))","(178.02515609062738, 237.56723478504685, -133.77250305419173)",94.36872940881088,-128.40011918001562,267.7727166547694,0.31717977499609645,0.1451656113817146,49.906708271631764,343.79153434900996,246.3980519403512,249.33912649241395,125.29964086141668,249.88597399614088,433941.5416666667,109.04372151038173,0.4314500040855952,64245.2660735094,0.14805050889287658,433830.0,9.067502004279433,146.02256476176657,5083119187.3144455,2.9085480287427306,60.47033273672835,3.5139329595849556,267.7727166547694,41.512014594955076,94.36872940881088,110.18028419269527,-128.40011918001562,396.172835834785,27.20732470450301,108.24437971478802,-1.0216544679312871,5083119187.3144455,0.17373407480071157,2811.3886496058403,112.47278001742163,738.2230716208583,-56.399606851615815,13.931659845681907,1.7832318995828491,0.7708313764800784,0.9382170580480298,1.745302477420747,0.8670872268040285,0.6380824521745296,0.6097213785256301,0.9939967786745076,0.9502031643966039,-0.2279704994445157,0.8290513652161933,0.47715024805010875,10.461055246328868,0.05875007114815473,4.985771640070189,0.797541871116333,0.13770279328232116,20.922110492657737,3.661054443029877,3.928722936316189,41615.84598731066,0.14470559467912553,5.258376831668718,104.91206206641874,3.964615914493739,467.8791932263496,0.04030342304998207,0.012948210460895365,4.410003633031622,152850.29814378434,0.524531773376985,0.6590477659629171,1.4223682876490669,0.7485447522803734,75.66681128854886,0.010349808341041749,853.3120549009452,0.11048971318152859,12.562969780615482,72.99482066554448,1990460.7059432862,246970512.39777288,16643.008864977463,0.031147237216632685,1108.5569079373302,0.1435396747296815,0.3448416440913834,20.74694359383734,0.013270574717324075,6.852598060212769,0.01780190397160178,1987305.2138812803,163.71972355894187,2.4732799445963198e-05,84.45168154557979,0.02166458851486985,0.003678695705611331,case_00506
3.1.1.dev111+g8ed579383,2.0.2,2.5.5,1.8.0,3.12.13,"{'minimumROIDimensions': 2, 'minimumROISize': 50, 'normalize': False, 'normalizeScale': 1, 'removeOutliers': 3, 'resampledPixelSpacing': [1, 1, 1], 'interpolator': 'sitkBSpline', 'preCrop': False, 'padDistance': 10, 'distances': [1], 'force2D': False, 'force2Ddimension': 0, 'resegmentRange': None, 'label': 1, 'additionalInfo': True, 'binWidth': 25}",{'Original': {}},c5777d38d2c19674d2760ea12efbf141a55e7cd6,3D,"(5.0, 0.798828125, 0.798828125)","(89, 512, 512)",-487.87972619560327,-1024.0,3071.0,9eb9232b860777f9b407b86ce16da66056088e7a,"(5.0, 0.798828125, 0.798828125)","(89, 512, 512)","(22, 207, 137, 26, 138, 257)",122272,3,"(np.float64(34.59078938759487), np.float64(278.45757000785136), np.float64(265.0710383407485))","(211.74620054954323, 222.43973854142814, -172.95394693797434)","(1.0, 1.0, 1.0)","(152, 133, 227)",27.85146160969455,-1118.9433272478454,3544.7838983679258,"(1.0, 1.0, 1.0)","(152, 133, 227)","(13, 11, 10, 130, 111, 206)",390480,4,"(np.float64(77.9584741856177), np.float64(68.3242163491088), np.float64(112.66669227617291))","(211.7672782136729, 222.42480228660878, -172.95847418561772)",103.53962098291468,-146.6421047847514,627.4059363362506,0.37976389115630693,0.19239691821450292,56.1428411061831,291.8073825048983,209.093280618962,199.56452590578317,122.42957159118053,214.6648550648196,390564.375,110.81790704819703,0.3881973086827767,66562.04998911404,0.1704252979783782,390480.0,8.441061016036095,160.52844926734286,5542366565.438803,3.018702778378447,68.85325483287305,3.6371616887435496,627.4059363362506,46.47647712031016,103.53962098291468,122.36307092299437,-146.6421047847514,774.048041121002,30.899808714483324,119.13742954684695,-1.0621148340513733,5542366565.438803,0.16056111204713566,3473.2740057442866,121.68954536852303,1117.0748212156793,-79.58021853249913,16.707374969663746,2.408514592375263,0.7452615202007109,1.0975640050176045,1.9113970151215902,1.15991365933041,0.6041078647128448,0.568007504309152,0.9976757303222897,0.9678533494708703,-0.195027659023383,0.7989763192219536,0.4709318984960451,10.867928211932776,0.04910158436205314,5.2583021697317145,0.7783855071272973,0.1334073726578617,21.735856423865545,3.7379451245627133,4.778972390509751,37202.35876083117,0.13527553861236574,6.367409182477093,113.60491555951937,3.2378402943747755,412.86845674743654,0.03229836966492482,0.012845507535170293,4.358890998190686,158260.39037642573,0.5706312705447394,0.7008579184593321,1.055944735276774,0.7817679238000158,85.83235396798409,0.01072167084001411,1054.1126395712372,0.09415923533463486,14.055237717182571,77.26306386779812,1002489.1033497097,139329768.39097813,7431.208764489153,0.03263614352754549,1969.8544886109871,0.17595841791969513,0.40220042210214074,26.90920156256702,0.01576715321920745,6.825092348820921,0.02866984224544151,1001272.4989198545,64.45316294750101,2.7248535542678265e-05,423.0243402834502,0.008354840295910543,0.027961789533291696,case_00507
3.1.1.dev111+g8ed579383,2.0.2,2.5.5,1.8.0,3.12.13,"{'minimumROIDimensions': 2, 'minimumROISize': 50, 'normalize': False, 'normalizeScale': 1, 'removeOutliers': 3, 'resampledPixelSpacing': [1, 1, 1], 'interpolator': 'sitkBSpline', 'preCrop': False, 'padDistance': 10, 'distances': [1], 'force2D': False, 'force2Ddimension': 0, 'resegmentRange': None, 'label': 1, 'additionalInfo': True, 'binWidth': 25}",{'Original': {}},56df43bb26f4216926d87d4731e521856b15f880,3D,"(5.0, 0.72265625, 0.72265625)","(85, 512, 512)",-538.2757989771226,-1024.0,1778.0,4dea753c01e2ea742f7a906c9222e279cf7693d8,"(5.0, 0.72265625, 0.72265625)","(85, 512, 512)","(18, 258, 130, 22, 117, 270)",90212,12,"(np.float64(27.435795681284088), np.float64(316.25952201480953), np.float64(259.412151376757))","(187.46581251835954, 228.5469202060147, -137.17897840642044)","(1.0, 1.0, 1.0)","(132, 106, 217)",40.08567684153213,-1078.0006811604444,1667.375959323278,"(1.0, 1.0, 1.0)","(132, 106, 217)","(13, 10, 11, 110, 85, 195)",235175,8,"(np.float64(62.19081535027107), np.float64(52.388710534708196), np.float64(104.1799511002445))","(187.3186229752445, 228.5273824097082, -137.19081535027107)",136.04774092458644,-142.43913384428478,623.531008315506,0.44742465529934944,0.16280377373526064,42.979126077213586,263.9934265105122,194.98717906570164,192.5850461484484,121.67168939404104,199.0251240421671,234993.25,118.11716785776008,0.3294162722603777,55903.97227920092,0.23789607692646883,235175.0,10.769942371373899,209.61646763741334,5808657424.261696,3.363527314011367,103.08123681698645,3.9497987542250015,623.531008315506,63.421266762851445,136.04774092458644,163.56571776486985,-142.43913384428478,765.9701421597908,44.82817071391282,157.16010331111883,-0.6998042472989782,5808657424.261696,0.1273921842365035,6190.310262078162,157.68888033397437,4484.1849414233675,-113.99302400187375,30.94758666883522,3.188165927908053,0.8112418199871354,1.1711528297204516,2.0358921180406018,1.7692980551416015,0.6082933409468705,0.5728507396964051,0.9967624687585789,0.9651558343221889,-0.24781420780490523,0.8802274953313594,0.4516235651247573,12.277730651389714,0.04055923345288471,5.690973930399776,0.8854658461034863,0.1244648504107362,24.555461302779424,4.151830471576554,8.533938149185818,17008.330793289184,0.10408052798019411,11.056449847957522,142.05835938336776,3.201781059944046,539.5921936158709,0.02729646418435666,0.012097344000762853,4.718181228010734,94087.627443162,0.573396858445811,0.6930210726872785,1.0538654975734083,0.7849939967433708,105.49791589842565,0.010385013826886277,926.168920170402,0.08577226525008352,14.733979569457151,81.12372661604,278748.6694758289,53161005.836451195,1504.438125337129,0.029952709199578483,2463.0401926282643,0.2281015181170832,0.4817176457110197,36.49016396035974,0.015117351565995462,6.724732736596989,0.04591474433932178,278274.3230209723,29.10060430093098,5.866525385724854e-05,372.52143769053265,0.015682692847763562,0.03843339843375807,case_00508
3.1.1.dev111+g8ed579383,2.0.2,2.5.5,1.8.0,3.12.13,"{'minimumROIDimensions': 2, 'minimumROISize': 50, 'normalize': False, 'normalizeScale': 1, 'removeOutliers': 3, 'resampledPixelSpacing': [1, 1, 1], 'interpolator': 'sitkBSpline', 'preCrop': False, 'padDistance': 10, 'distances': [1], 'force2D': False, 'force2Ddimension': 0, 'resegmentRange': None, 'label': 1, 'additionalInfo': True, 'binWidth': 25}",{'Original': {}},f5c40e6173b5b4fb9562038ea3f82f070ef6cca6,3D,"(2.487309694290161, 0.9765625, 0.9765625)","(198, 512, 512)",-539.9064788818359,-1024.0,3071.0,01df3a9619f6e6df7708268e3ac6c8d7e823340e,"(2.487309694290161, 0.9765625, 0.9765625)","(198, 512, 512)","(56, 261, 142, 48, 117, 252)",257530,5,"(np.float64(78.71803673358444), np.float64(317.8374558303887), np.float64(273.2014716732031))","(266.7983121808624, 310.38814045936397, -195.79613588293358)","(1.0, 1.0, 1.0)","(141, 136, 268)",-12.00268486791851,-1040.4863504302182,1617.2323376013364,"(1.0, 1.0, 1.0)","(141, 136, 268)","(11, 11, 11, 120, 114, 246)",615660,5,"(np.float64(68.55927784816295), np.float64(66.36362602735277), np.float64(139.0513627651626))","(267.0630815151626, 310.3753447773528, -195.81562300101785)",53.41274820990615,-262.4521467721654,1514.3957756453958,0.37136451404757786,0.17838940049112256,61.076420364529575,342.37695847612315,246.16457909293123,246.13004692641653,140.45995870709916,246.29656920062854,615759.7916666666,127.14665280557321,0.42730641216761595,81912.89319769066,0.13302734979817116,615660.0,4.758557494712078,85.2028704008247,4550738237.684626,2.5275588622436977,35.92724947836536,125.8350097475059,1514.3957756453958,29.319099075780155,53.41274820990615,52.53923110024692,-262.4521467721654,1776.8479224175612,15.504928180507239,85.97465833894185,8.950264559146932,4550738237.684626,0.23566244938601488,4538.720205162947,194.69025221635945,91697.76683630074,1278.6049157069478,26.244327630675507,2.9301500097099273,0.7991256335081657,0.851609859199772,1.6379795713653065,2.180334197460627,0.6840767800743539,0.6657904671793073,0.9994576357876521,0.9886648331015184,-0.1960330605638235,0.7639804180115806,0.4645961590665716,13.742676153560478,0.08826530428057705,4.411120700735534,0.854542865119972,0.1913325237417814,27.48535230712096,3.2789973364467784,7.293619410096351,71609.02585204905,0.19484561293179375,11.682285701787027,197.5328125713016,5.418328746205641,1030.3739951144341,0.029870700359805567,0.005876974905074501,4.354619507333259,172039.02450461703,0.4613435465326055,0.5933371066447765,2.191803147628526,0.7019379768122745,141.76798352621066,0.004220286099632784,1193.3683771877604,0.07104228939086561,119.35773374176767,429.8604000476247,2561374.3271818073,477158387.4981545,13900.971241349758,0.006156502797834745,4365.843433742112,0.2599025737434285,0.5165477418298091,278.9389546597695,0.0030883327607997145,7.169672299926177,0.027284540168274696,2560031.0466451044,36.424541857799206,1.509596434415483e-05,2102.952512179808,0.0017089576868490094,0.3784109302716257,case_00509
3.1.1.dev111+g8ed579383,2.0.2,2.5.5,1.8.0,3.12.13,"{'minimumROIDimensions': 2, 'minimumROISize': 50, 'normalize': False, 'normalizeScale': 1, 'removeOutliers': 3, 'resampledPixelSpacing': [1, 1, 1], 'interpolator': 'sitkBSpline', 'preCrop': False, 'padDistance': 10, 'distances': [1], 'force2D': False, 'force2Ddimension': 0, 'resegmentRange': None, 'label': 1, 'additionalInfo': True, 'binWidth': 25}",{'Original': {}},f93cfb01bd6226e87a13fd2fd24139cdabb3878b,3D,"(1.0, 0.7734375, 0.7734375)","(743, 512, 512)",-502.2922775504727,-1024.0,3071.0,46b41efb0d2b689679ff15ce1d05ba9597bdb13c,"(1.0, 0.7734375, 0.7734375)","(743, 512, 512)","(332, 260, 109, 121, 114, 291)",685515,18,"(np.float64(394.2328760129246), np.float64(316.48820959424665), np.float64(229.55473184394214))","(177.546237910549, 244.78384960805016, -394.2328760129246)","(1.0, 1.0, 1.0)","(143, 110, 247)",20.60473541441595,-1014.9877461150261,1285.1896032880838,"(1.0, 1.0, 1.0)","(143, 110, 247)","(11, 11, 11, 121, 88, 223)",410249,19,"(np.float64(73.22299627787027), np.float64(54.68294621071593), np.float64(104.39662497653863))","(177.50990622653865, 244.7962274607159, -394.22299627787027)",107.52036078382861,-141.31474517686064,245.66403373287332,0.395668090383186,0.22407991018054857,65.12249214533549,290.6217344199404,220.33610689126738,221.90313201935658,128.16005617976296,225.4639660788393,409066.4583333333,114.98974668178725,0.39183206244129526,68011.14213437206,0.16625939562845377,410249.0,30.18203056045648,157.9085324653268,5857129753.79085,2.849229247905975,51.35758397009124,4.788664344004668,245.66403373287332,38.58394070322321,107.52036078382861,120.80126208001155,-141.31474517686064,386.97877890973393,23.253413237961283,119.48644966433719,-1.3721595652984677,5857129753.79085,0.1813523314214424,2716.3836703035136,122.85129447103002,719.2766888491204,-57.9955250230186,11.714907417329757,2.9722800754942402,0.593119266662492,1.2311363206047632,2.042301671963448,1.4306772750678765,0.5759144336807567,0.5342046218793605,0.9890017845130352,0.9327130116312031,-0.11080335360542054,0.6523749597685989,0.4715029266308633,10.984758259576619,0.048684374633113696,5.183730526189076,0.6325800539653179,0.11573339331241747,21.96951651915324,3.5255977070491724,3.671796873205999,47676.492287498855,0.15810582642186827,5.145581981198787,117.8186407372629,2.4835427735862563,312.19022234657166,0.02414676115148951,0.011664109066339363,4.078759160503432,181950.0530377121,0.6007970928400646,0.7345413301527758,0.6047565332172904,0.8024194017348675,92.36197934565682,0.009925706947400494,2420.2064049671176,0.09886060230248427,11.746583995306635,85.91638413463502,579202.9615211796,78593785.92259303,4346.502578505354,0.02518833246437303,7253.093623626486,0.2962744015206277,0.5590745266206849,48.05513571744626,0.015513256017472785,6.046137682848227,0.05967351535287106,578922.1358830422,203.4531467950117,2.0133801915079725e-05,103.76540488363648,0.03236527393534763,0.002758646503746416,case_00510
3.1.1.dev111+g8ed579383,2.0.2,2.5.5,1.8.0,3.12.13,"{'minimumROIDimensions': 2, 'minimumROISize': 50, 'normalize': False, 'normalizeScale': 1, 'removeOutliers': 3, 'resampledPixelSpacing': [1, 1, 1], 'interpolator': 'sitkBSpline', 'preCrop': False, 'padDistance': 10, 'distances': [1], 'force2D': False, 'force2Ddimension': 0, 'resegmentRange': None, 'label': 1, 'additionalInfo': True, 'binWidth': 25}",{'Original': {}},31ad7c9f6b5f8ad81ec317aaaaf7476e572767fd,3D,"(5.0, 0.943359375, 0.943359375)","(97, 512, 512)",-536.0007301802488,-1024.0,1550.0,8ee8ed6c2a6577ed4b53eaefa46bbdd53ee8edcf,"(5.0, 0.943359375, 0.943359375)","(97, 512, 512)","(19, 213, 131, 25, 104, 264)",112089,2,"(np.float64(30.792102704101204), np.float64(267.5250649037818), np.float64(267.26248784448075))","(252.12457349391445, 252.37227802446606, -153.96051352050603)","(1.0, 1.0, 1.0)","(147, 120, 271)",35.82033884164101,-940.8318070454759,1347.8318339150699,"(1.0, 1.0, 1.0)","(147, 120, 271)","(13, 11, 11, 125, 98, 249)",497835,2,"(np.float64(73.95336808380287), np.float64(62.3687567165828), np.float64(139.0850583024496))","(252.11337861494957, 252.3970770290828, -153.95336808380284)",162.11493440752517,-157.11019376592824,323.5970278132354,0.3592452183253838,0.15168905703737762,51.59321446781197,340.1248282207919,247.09714688761585,249.57563983690395,136.4734406395618,250.27584781596485,498041.625,122.18821817206205,0.42715400076881327,71133.91971562074,0.14282725809438265,497835.0,22.99877435973028,240.54964455511333,16586678743.215816,3.4138585242284463,100.40890878758199,3.4732154115122476,323.5970278132354,67.01058234028517,162.11493440752517,193.11343383328872,-157.11019376592824,480.7072215791636,45.22631279775117,182.5311556779441,-1.1610079449322934,16586678743.215816,0.12420747453192725,7036.37083516966,211.9161929075855,4615.568644066396,-255.700171558923,34.73680318641311,3.572005461109668,0.8114048554015565,1.2986213998316258,2.117796234645569,1.8217324519978253,0.5752353778585649,0.5324991291760284,0.9915223689065331,0.9425470685768792,-0.22279725351816224,0.8598033562858978,0.45297690764621523,14.28705218811399,0.03408635687061862,5.885054344484392,0.828363498729471,0.09617065208805069,28.574104376227982,4.182857869208774,9.577202161880694,38016.075066008125,0.10485107715654282,12.541664564657282,196.50855928887736,2.841499369700593,636.0537560054343,0.017480596104660868,0.008104914078348707,4.662864384205155,218339.30482883623,0.5998040263645303,0.7249946112822366,0.8566930593360506,0.801767030292307,151.37804940744698,0.006970996553508081,1534.3424268258027,0.07266943387448152,17.72546372911199,115.58023112626694,654873.0852041299,165042799.28848156,2652.554052333677,0.019230314217628903,4373.295349057497,0.20712775168407205,0.4527794275999622,46.51377055343759,0.009589202175429697,6.995354634798323,0.042411642411642414,654317.1427781399,104.6853221915676,2.543575199946478e-05,147.67436929480814,0.04751807348420206,0.005730284566274322,case_00511
3.1.1.dev111+g8ed579383,2.0.2,2.5.5,1.8.0,3.12.13,"{'minimumROIDimensions': 2, 'minimumROISize': 50, 'normalize': False, 'normalizeScale': 1, 'removeOutliers': 3, 'resampledPixelSpacing': [1, 1, 1], 'interpolator': 'sitkBSpline', 'preCrop': False, 'padDistance': 10, 'distances': [1], 'force2D': False, 'force2Ddimension': 0, 'resegmentRange': None, 'label': 1, 'additionalInfo': True, 'binWidth': 25}",{'Original': {}},ad7bf81b6ca9d8e42216233c8ce200cb6b3c6593,3D,"(3.0, 0.8730000257492065, 0.8730000257492065)","(72, 512, 512)",-906.1787516276041,-2048.0,1560.0,838d0342b1df4c4054d5cf6f7f8615facc094848,"(3.0, 0.8730000257492065, 0.8730000257492065)","(72, 512, 512)","(35, 209, 143, 31, 84, 250)",135463,2,"(np.float64(48.853819862250205), np.float64(249.3446402338646), np.float64(266.5948044853576))","(232.73727118032187, 217.67787734459043, -146.56145958675063)","(1.0, 1.0, 1.0)","(115, 95, 240)",55.883478961398076,-1121.161736738051,1563.5062024300446,"(1.0, 1.0, 1.0)","(115, 95, 240)","(12, 10, 11, 93, 74, 218)",309627,2,"(np.float64(54.5785251286225), np.float64(45.5976998130008), np.float64(118.65130947882452))","(232.7148094659499, 217.6611998001262, -146.57852512862252)",124.00638288112303,-201.3545641882558,1478.3995439852515,0.29998754290975943,0.16207330854688062,49.83424087622081,307.479629576427,218.05733191066977,218.08255317654368,104.0096149401583,218.11464875152242,309512.9166666667,92.24005857143534,0.42140317600674426,52509.615547125635,0.16965242068936476,309627.0,20.793289015598393,173.75534836801543,7776106651.62635,3.1896512956274257,60.735159256708755,50.273311253235896,1478.3995439852515,51.5570687736145,124.00638288112303,134.24778046052234,-201.3545641882558,1679.7541081735073,28.374328936181875,158.47533984678768,4.971560673835199,7776106651.62635,0.16775692776546763,9736.850344295166,228.769468785084,170771.33726955106,2256.1696180584254,54.58534291291415,4.837701609412779,0.8367520607320542,1.045836579776495,1.9105573935789655,3.7108376846656697,0.6699594511293205,0.6454813191756977,0.9990331767639163,0.9857118288345207,-0.29604016407400696,0.9082990921028103,0.419947603873804,14.70815219738144,0.07050499824258157,5.245513256165028,0.8648450733046934,0.20028785145642652,29.416304394762903,3.9883807195134486,14.855761130581728,21682.534472526568,0.11662178039119869,23.284926135432467,223.06297774468828,4.8122469403852195,1094.066404490561,0.02396279650957412,0.006305509559757297,5.001369321322361,90828.47464389057,0.4867980037693999,0.5977557115248595,1.9228658040941817,0.7245324550731547,161.00808307360174,0.004939811104070448,645.8578104138852,0.05389334199047773,144.03294576903605,420.00200267022694,625211.1170727637,141769578.39460948,2792.509824545454,0.009339943174617475,3674.042556742323,0.30657898504191616,0.570278362027246,288.24517495749893,0.004936975198427126,7.30807699220021,0.03870463493170815,624543.5820610656,12.522151795181903,4.682944910712236e-05,1862.3901332190762,0.004405729447517632,0.5659928761059142,case_00512
3.1.1.dev111+g8ed579383,2.0.2,2.5.5,1.8.0,3.12.13,"{'minimumROIDimensions': 2, 'minimumROISize': 50, 'normalize': False, 'normalizeScale': 1, 'removeOutliers': 3, 'resampledPixelSpacing': [1, 1, 1], 'interpolator': 'sitkBSpline', 'preCrop': False, 'padDistance': 10, 'distances': [1], 'force2D': False, 'force2Ddimension': 0, 'resegmentRange': None, 'label': 1, 'additionalInfo': True, 'binWidth': 25}",{'Original': {}},59bd6c9e862aff44f60e261855e9da533df3562c,3D,"(1.0, 0.833984375, 0.833984375)","(446, 512, 512)",-373.3434518206814,-1024.0,2760.0,818c040df4983cf96ada7bf9eb46491e9a6c1a6e,"(1.0, 0.833984375, 0.833984375)","(446, 512, 512)","(91, 213, 123, 117, 124, 286)",545491,8,"(np.float64(148.3312831925733), np.float64(279.95651073986556), np.float64(264.5595949337386))","(220.63856843106714, 233.47935563656756, -148.3312831925733)","(1.0, 1.0, 1.0)","(139, 125, 260)",-1.239172882863729,-1034.0611406581213,1532.8277595559407,"(1.0, 1.0, 1.0)","(139, 125, 260)","(11, 11, 11, 117, 103, 238)",379617,12,"(np.float64(68.36090586038033), np.float64(66.38157932863913), np.float64(128.51873072070006))","(220.60173853320006, 233.46458714113913, -148.36090586038034)",97.48930749041743,-158.18065774196987,301.96440964570036,0.3204718248366636,0.1632090535400239,56.428176414772025,345.74170483093997,234.92339176846565,238.05251521460553,120.65239326262865,245.0979396078229,379019.3333333333,110.80047506931044,0.3655004617828092,69295.29853014089,0.18282787297606867,379617.0,7.310985485349042,154.5928523319731,4813773937.996777,3.014370013685312,62.43884929236516,3.6973881978996266,301.96440964570036,43.59849678468187,97.48930749041743,112.24016377902608,-158.18065774196987,460.1450673876702,28.38308930463279,112.60820072067077,-1.0687794747576147,4813773937.996777,0.15718995475757316,3176.4417945857167,137.7785251750948,812.8773425019849,-61.48148373054539,14.260956647515588,3.1505009755405364,0.6362819140006148,1.2738746916508537,2.082427408419207,1.500503600665674,0.5680004063663623,0.5241206812553122,0.9924087595198514,0.9430606646880964,-0.12862447574734479,0.7072344302796605,0.4662235760341711,11.618938221077865,0.039878029107631004,5.444090881218921,0.6704264330450308,0.0901339727030719,23.23787644215573,3.7242166660549967,4.352864405764031,39189.181351894076,0.13873024599230876,5.827788266217324,131.27693641400555,2.3824312666807907,335.1062579711669,0.020452940739372337,0.010043311995399932,4.196841138806347,172788.9588179834,0.6095632488996514,0.7436991656165193,0.5552716829139276,0.8082878071939269,103.58518290393296,0.008530776745937177,1983.0846920711824,0.09238259070489063,12.676592146191911,96.04490822696357,465399.46114786173,71772206.82106587,3075.332764314095,0.01997020644658091,6495.151681729246,0.30257857457044846,0.5666949875736649,54.670560815832914,0.012170979313756394,6.156354946195976,0.0565464665702537,465086.717098197,133.73681139410436,2.4097095048142056e-05,146.25315348287216,0.026558561748884265,0.004324057026847494,case_00513
3.1.1.dev111+g8ed579383,2.0.2,2.5.5,1.8.0,3.12.13,"{'minimumROIDimensions': 2, 'minimumROISize': 50, 'normalize': False, 'normalizeScale': 1, 'removeOutliers': 3, 'resampledPixelSpacing': [1, 1, 1], 'interpolator': 'sitkBSpline', 'preCrop': False, 'padDistance': 10, 'distances': [1], 'force2D': False, 'force2Ddimension': 0, 'resegmentRange': None, 'label': 1, 'additionalInfo': True, 'binWidth': 25}",{'Original': {}},abf9c4a1366f532abf576d55cf01b7440949dcec,3D,"(1.0, 0.87109375, 0.87109375)","(654, 512, 512)",-588.0542793798884,-1024.0,3071.0,49c9ac93b0a0a136290d807ebfcb7dec950d6321,"(1.0, 0.87109375, 0.87109375)","(654, 512, 512)","(315, 226, 149, 111, 123, 241)",592065,4,"(np.float64(371.3490714701933), np.float64(283.0708233048736), np.float64(270.08198761960256))","(235.26673140301315, 246.58122498822974, -371.3490714701933)","(1.0, 1.0, 1.0)","(133, 129, 232)",38.48282942961062,-979.021779582836,1724.1272618655137,"(1.0, 1.0, 1.0)","(133, 129, 232)","(11, 11, 11, 111, 107, 210)",449147,4,"(np.float64(67.35603711034472), np.float64(60.49702435950813), np.float64(116.20881359554889))","(235.2732667205489, 246.56147748450815, -371.3560371103447)",167.25929334597055,-162.54743841938344,710.5159160248087,0.3767194605169629,0.19481749344450922,57.3687201199159,294.47417223985843,210.44714300745449,213.67732682715777,122.67436570041843,215.9004400180787,449345.4583333333,110.9341513023787,0.45867516100121214,61853.717536734715,0.13765292691764652,449147.0,20.358154349686576,242.77748518512914,15674539498.909344,3.3456505298130184,78.31428533051906,3.803670349771928,710.5159160248087,63.93842991981451,167.25929334597055,195.45896418676463,-162.54743841938344,873.0633544441921,39.95410061562554,186.81130043722163,-1.284770967173885,15674539498.909344,0.13358867193146565,6922.790760452444,216.25470998251484,4845.784053877524,-278.3431497892574,33.280816551207955,4.936383613263339,0.7399467761012009,1.5680001374103807,2.329250315461011,2.4288778614927127,0.5273579553598728,0.4739160670151958,0.9962712193149813,0.9598315691257865,-0.14877060397948366,0.7724894166429698,0.4379902697582153,14.462585473267417,0.03040856176593064,6.025325245172557,0.7745306085703946,0.08105357235030777,28.925170946534827,4.065557267062735,9.554300041117823,41013.76178896859,0.11749760813089538,12.223113094350309,206.76491843354245,2.1082579585304577,466.50767256283325,0.013404922394473374,0.007544947114068376,4.416104152340173,227772.73446088177,0.6506388506130532,0.7767307979176253,0.4365141326058299,0.8335040558632044,168.50775206691497,0.006610286761171692,2484.650011784115,0.07319850376455678,19.705012168181902,153.5241868960641,346478.685864954,87331570.4842682,1396.6396325434816,0.0139787101394738,9857.344037237803,0.2904001896428766,0.5539746696983023,86.21200439737807,0.008104409204920263,6.569885629518201,0.07557436652142839,346303.60004719114,65.77445683278223,2.0938773916399653e-05,561.057363672219,0.023175420628331507,0.016774534192388085,case_00514
3.1.1.dev111+g8ed579383,2.0.2,2.5.5,1.8.0,3.12.13,"{'minimumROIDimensions': 2, 'minimumROISize': 50, 'normalize': False, 'normalizeScale': 1, 'removeOutliers': 3, 'resampledPixelSpacing': [1, 1, 1], 'interpolator': 'sitkBSpline', 'preCrop': False, 'padDistance': 10, 'distances': [1], 'force2D': False, 'force2Ddimension': 0, 'resegmentRange': None, 'label': 1, 'additionalInfo': True, 'binWidth': 25}",{'Original': {}},5325af52082685fbbcc9c58b8d1776ca6ad44818,3D,"(1.0, 0.892578125, 0.892578125)","(325, 512, 512)",-508.9379096515362,-1024.0,3071.0,aba10c1446d80543bde5848a18eb1b8c6a8d9f1e,"(1.0, 0.892578125, 0.892578125)","(325, 512, 512)","(152, 231, 117, 129, 141, 301)",469736,16,"(np.float64(219.4740556397636), np.float64(311.25061098148745), np.float64(255.0043173186641))","(227.61127541919825, 277.8154867549605, -219.4740556397636)","(1.0, 1.0, 1.0)","(151, 148, 291)",-27.5094854659323,-1025.790758864679,1724.733582096607,"(1.0, 1.0, 1.0)","(151, 148, 291)","(11, 11, 11, 129, 126, 269)",373771,16,"(np.float64(78.49913449679082), np.float64(82.74728108922308), np.float64(134.6150851724719))","(227.66879610997194, 277.80099202672307, -219.49913449679082)",106.73079532108117,-235.24692813811836,1563.9113845691602,0.3018510869735219,0.1471398550407781,59.043805244447015,401.27676643478895,264.31988196123274,269.874044694928,129.52991932368366,274.0748073063265,372923.5416666667,121.12582812556113,0.2766542540392226,90564.91250980727,0.24285115416703204,373771.0,13.918096625398276,172.48286264400997,6206634763.6611,3.330827208888056,81.13089698740157,32.056010496684046,1563.9113845691602,51.182624937391935,106.73079532108117,118.39858042866196,-235.24692813811836,1799.1583127072786,33.977365190796085,128.862126412072,2.0501511357929716,6206634763.6611,0.125965776724065,5213.984953570284,231.1636092585568,25805.98252380791,335.1882788899177,26.539928161228048,4.619073189278324,0.7031024219595453,1.2702915078373163,2.103386481243153,2.9741554252137594,0.5931315304640635,0.5560414799447667,0.9991602580119641,0.9833734844857701,-0.20165109216345595,0.8445305936787733,0.4631120807724959,15.022717256317636,0.03234450134548204,5.836959411564763,0.739149893506487,0.08778761158570245,30.0454345126353,4.136122818833463,7.789750337626602,30337.072142765875,0.11345854117759059,9.992111899762484,222.36831788222554,2.6747609424105674,621.0318443089793,0.013093400657584964,0.005468192821624488,4.612711830707653,155386.76640898266,0.5788016290425276,0.7148426751632992,0.6926389875159777,0.788526711409593,172.59120251453385,0.004480712579104463,1820.239339391821,0.07952810815238645,40.69691209269618,215.69023068857044,307489.63015554,76572639.43861412,1255.1803603791748,0.008401298321600512,7217.254893393918,0.3153292071563229,0.5801637268648124,137.9671771447331,0.004921309491284651,6.613180430137456,0.06123535533789406,307222.94704294234,16.687938834014354,3.291326255795946e-05,2712.5971407929983,0.003032024455631178,0.36649118950912535,case_00515
3.1.1.dev111+g8ed579383,2.0.2,2.5.5,1.8.0,3.12.13,"{'minimumROIDimensions': 2, 'minimumROISize': 50, 'normalize': False, 'normalizeScale': 1, 'removeOutliers': 3, 'resampledPixelSpacing': [1, 1, 1], 'interpolator': 'sitkBSpline', 'preCrop': False, 'padDistance': 10, 'distances': [1], 'force2D': False, 'force2Ddimension': 0, 'resegmentRange': None, 'label': 1, 'additionalInfo': True, 'binWidth': 25}",{'Original': {}},588b32370fa146512734ca3c1dcf4ef0fe00b0b2,3D,"(3.0, 0.392578125, 0.392578125)","(98, 512, 512)",-542.8303188401826,-1024.0,2509.0,12921b5b85ed9c73a5f8d53710b6cec54c1f808b,"(3.0, 0.392578125, 0.392578125)","(98, 512, 512)","(33, 215, 125, 37, 169, 308)",146465,5,"(np.float64(53.802287235858394), np.float64(290.1137609667839), np.float64(292.25506434984464))","(114.73294518421635, 113.89231631703821, -161.4068617075752)","(1.0, 1.0, 1.0)","(133, 88, 143)",21.427335227312646,-1047.960509788878,1945.1036428925786,"(1.0, 1.0, 1.0)","(133, 88, 143)","(12, 10, 11, 111, 67, 121)",67683,4,"(np.float64(75.4133238774877), np.float64(39.636718230574886), np.float64(76.41726873808786))","(114.72097967558786, 113.94042916807489, -161.4133238774877)",154.25332864567787,-167.86794463139165,336.21188053468165,0.3209027313473841,0.2062505448780641,33.368962727559705,161.78848277606988,135.36986370680884,95.96353474106714,73.87827826905551,146.5537444079816,67622.83333333333,51.918366023390035,0.3197310513258627,25105.076610987944,0.371251474886263,67683.0,71.80292024944785,226.46205683498258,1848967113.9132504,3.2352975681851723,85.66880932526101,2.9505533605560523,336.21188053468165,48.48802806241731,154.25332864567787,160.74425313154208,-167.86794463139165,504.0798251660733,35.30486189748275,165.28170842841018,-0.5437321917068627,1848967113.9132504,0.11966406078432736,3523.95374274248,197.33598386315958,1111.6074325184197,-49.536125225120685,19.602390292128288,2.104700305118869,0.8056565719498484,1.003606747932135,1.8406897165680733,1.0603868102668832,0.6280411111476609,0.5970107173878999,0.9953428479207422,0.9564172883865948,-0.25803289953088665,0.8853683604961369,0.4687402218348229,13.890948803374146,0.031044381243445877,5.548409445333503,0.8096829647557475,0.06853638575791329,27.78189760674828,4.104993837349626,5.426772649311787,5475.249576153365,0.1168927971957055,5.8219757105144145,185.9469437573794,3.097169225529236,629.8283835322035,0.017591173635920488,0.006427831768261663,4.518285465513491,26425.933324354777,0.5567006686195218,0.6925440884485253,0.916746627123167,0.7720207098656666,139.88596377265318,0.005146524898283818,255.79010375099762,0.10207107093016664,8.992916123410758,136.82003192338388,112388.90143655227,25285267.39106145,523.5478771467432,0.012360697998216872,586.2769353551477,0.23394929583206212,0.4843364906862597,63.72969157400973,0.007521587895688805,6.401517651916785,0.03702554555796877,111659.44885236329,12.283179513022578,0.00021171002271844257,136.30744594816574,0.01767233105533118,0.047344049961985976,case_00516
3.1.1.dev111+g8ed579383,2.0.2,2.5.5,1.8.0,3.12.13,"{'minimumROIDimensions': 2, 'minimumROISize': 50, 'normalize': False, 'normalizeScale': 1, 'removeOutliers': 3, 'resampledPixelSpacing': [1, 1, 1], 'interpolator': 'sitkBSpline', 'preCrop': False, 'padDistance': 10, 'distances': [1], 'force2D': False, 'force2Ddimension': 0, 'resegmentRange': None, 'label': 1, 'additionalInfo': True, 'binWidth': 25}",{'Original': {}},bdf570ac90ae1d9e59aa34911d953deed55b24fc,3D,"(1.0, 0.84765625, 0.84765625)","(525, 512, 512)",-550.9610312543597,-1024.0,1858.0,dd67f74437f5fcac6be489c53ede496b19910885,"(1.0, 0.84765625, 0.84765625)","(525, 512, 512)","(106, 206, 122, 191, 143, 244)",633528,6,"(np.float64(195.07471335126468), np.float64(284.40947519288807), np.float64(236.24845784243158))","(200.25748184299863, 241.08146920647152, -195.07471335126468)","(1.0, 1.0, 1.0)","(213, 143, 229)",20.50056074426521,-1044.3457621588914,1518.3779739957533,"(1.0, 1.0, 1.0)","(213, 143, 229)","(11, 11, 11, 191, 121, 207)",455349,5,"(np.float64(100.11672365592106), np.float64(76.9765981697555), np.float64(108.20759022200554))","(200.28376209700554, 241.0527700447555, -195.11672365592108)",142.54160083425683,-186.71867517724658,952.7928793192998,0.35387470095216517,0.16885415629860065,54.443833861608226,322.4311148452282,197.5854245636555,198.64037857394453,131.70041761513136,245.51374706928328,454856.4166666667,114.10021434352835,0.4876749314596679,58650.25571906313,0.1289423509706007,455349.0,43.91431833650037,182.84897198616798,17003633841.288837,3.296455793825722,51.96812979988022,16.04554167660079,952.7928793192998,63.05491065982049,142.54160083425683,130.6729409889468,-186.71867517724658,1139.5115544965463,23.360263459225163,193.24073405030276,3.2546413611453824,17003633841.288837,0.157109911807582,17023.873327907244,230.12944695713892,174320.96116077283,3565.511275868756,99.91228738677681,7.490583453395569,0.8605176894554009,1.55585461684735,2.2896580959659563,5.019310879840881,0.5520607540243198,0.5062794513688162,0.9968776052415437,0.9696690448195194,-0.1685098562807956,0.8017584765811077,0.4540106026784817,14.388299398176482,0.0391768679140092,5.88885653945499,0.9206924669488921,0.0999419084919094,28.77659879635297,4.0314864502120935,26.85071771004308,46653.1901763202,0.13643769514215826,30.094823334001905,230.10596253219921,2.337582043610326,530.0733401941733,0.014254611396407072,0.00686857821517372,4.501226322005204,212672.31475542736,0.6195219211203994,0.7503760851566599,0.5394589585262005,0.8142523041301553,187.85171247934736,0.0058131115368344095,2110.0529163636365,0.061383357566942146,63.17614433406943,262.0521890909091,427580.78949818184,83035208.3632291,2239.353570510749,0.011021250294605026,12041.647098181818,0.35030246103801654,0.6127572102202389,175.01358865576606,0.006744363569778779,6.790263894492143,0.07549154604490182,427405.31930240965,48.10948422071742,1.92660656307686e-05,1292.4368862148299,0.026535379418171436,0.06042906441321257,case_00517
3.1.1.dev111+g8ed579383,2.0.2,2.5.5,1.8.0,3.12.13,"{'minimumROIDimensions': 2, 'minimumROISize': 50, 'normalize': False, 'normalizeScale': 1, 'removeOutliers': 3, 'resampledPixelSpacing': [1, 1, 1], 'interpolator': 'sitkBSpline', 'preCrop': False, 'padDistance': 10, 'distances': [1], 'force2D': False, 'force2Ddimension': 0, 'resegmentRange': None, 'label': 1, 'additionalInfo': True, 'binWidth': 25}",{'Original': {}},5a1660f1bbd4cd4b462dab7a4b26756e5b43a3f7,3D,"(3.0, 0.67578125, 0.67578125)","(144, 512, 512)",-510.80652766757544,-1024.0,3071.0,a668ea23c018903150a2269c838488d6d75bb7b8,"(3.0, 0.67578125, 0.67578125)","(144, 512, 512)","(28, 287, 99, 36, 102, 282)",210922,2,"(np.float64(45.286925972634435), np.float64(339.7923782251259), np.float64(236.858800883739))","(160.06473653471426, 229.62531809744837, -135.8607779179033)","(1.0, 1.0, 1.0)","(130, 91, 213)",65.9008741553791,-1009.6369388252632,3102.221514191833,"(1.0, 1.0, 1.0)","(130, 91, 213)","(12, 11, 11, 108, 69, 190)",288972,2,"(np.float64(64.86302479132927), np.float64(46.43016278393755), np.float64(103.96148415763464))","(160.12359353263466, 229.59227215893753, -135.86302479132928)",170.8893537510799,-158.2871209514442,3102.221514191833,0.3438507122392811,0.19399861752669156,51.32133709903933,264.54485992395394,192.21342304844373,189.38056922503955,96.60745312862771,193.1553778697347,288863.875,90.96393850409241,0.5056209985817143,41794.6966761587,0.14468647793414355,288972.0,73.4890362967094,199.7400922078847,17075854059.813564,2.9581689884927678,41.98526706103931,103.73588693769395,3102.221514191833,53.73014836672445,170.8893537510799,170.25676188230287,-158.2871209514442,3260.5086351432774,20.817471725911666,243.08789636020325,8.946775583138155,17075854059.813564,0.21081545683210273,29888.554131367186,254.03318523975474,3423908.437413728,22104.121998572467,179.42493038113292,13.514062917434561,0.8600828136844492,1.3109637003760415,2.017679065306379,11.739968579138482,0.655743215147458,0.6312542779508464,0.9992776217203088,0.990703874485753,-0.23062196112413524,0.8404652841629964,0.4314337289216468,14.579188903751858,0.08490325883911469,5.011137156565376,0.8837846502622461,0.18516423678040747,29.158377807503747,3.705210021477634,48.234748324641814,27181.843449527747,0.15216121770890847,76.54618021770422,282.3492539876715,4.651428743698302,1052.8125694745654,0.025441866067729302,0.007158225443507535,4.8123354065832995,89042.28659931548,0.4975908135054817,0.6130625911054465,1.8428116317192216,0.7322259938928135,226.60535255594783,0.005714653419355944,759.9437679083095,0.045364360548490294,523.8863668981862,956.0879297994269,497843.833930277,104599739.52256447,2387.979066685157,0.012009680083697708,5737.255372492837,0.34248181545444345,0.6054448823306108,764.4927299456783,0.0069047857075406486,7.512837441028985,0.057971014492753624,497546.271430277,9.137089009005505,3.229546770788965e-05,10675.963993046467,0.004663637919881114,4.5376963986990155,case_00518
3.1.1.dev111+g8ed579383,2.0.2,2.5.5,1.8.0,3.12.13,"{'minimumROIDimensions': 2, 'minimumROISize': 50, 'normalize': False, 'normalizeScale': 1, 'removeOutliers': 3, 'resampledPixelSpacing': [1, 1, 1], 'interpolator': 'sitkBSpline', 'preCrop': False, 'padDistance': 10, 'distances': [1], 'force2D': False, 'force2Ddimension': 0, 'resegmentRange': None, 'label': 1, 'additionalInfo': True, 'binWidth': 25}",{'Original': {}},327d0455b70200ebf903fb04dfe25d4ba0684b81,3D,"(3.0, 0.6980000138282776, 0.6980000138282776)","(75, 512, 512)",-741.2578923543294,-2048.0,14384.0,c5de1a2a906b9e358468306f4f8ef107e378269f,"(3.0, 0.6980000138282776, 0.6980000138282776)","(75, 512, 512)","(34, 231, 106, 36, 137, 339)",241955,2,"(np.float64(48.215271434770926), np.float64(296.18716290219254), np.float64(266.8038602219421))","(186.22909812435344, 206.7386438014887, -144.64581430431278)","(1.0, 1.0, 1.0)","(130, 118, 259)",50.52248733641312,-1100.9065427513315,12954.408318811824,"(1.0, 1.0, 1.0)","(130, 118, 259)","(12, 11, 11, 108, 96, 237)",353715,2,"(np.float64(55.629566176158775), np.float64(56.5899071286205), np.float64(123.08804546032823))","(186.2390454534141, 206.74090712170636, -144.6295661761588)",146.2479472086932,-214.43576394274524,1993.819808017016,0.2549612813176812,0.1625382328389657,54.36986548087261,334.50508554956053,242.55308697272852,224.1428116179504,100.84641788382967,242.62728618191318,354050.1666666667,85.28584521899651,0.4521367964456994,53529.206684016135,0.15119102241353594,353715.0,26.507424239316972,207.41175383618125,11006203234.527647,3.319502293013279,76.86412214956857,63.95653436471823,1993.819808017016,58.13271782921571,146.2479472086932,163.87606770785214,-214.43576394274524,2208.2555719597613,35.14939512295541,176.39733734558823,4.803862957718014,11006203234.527647,0.14336758250155826,9727.55855985653,255.38688589563588,207262.8097163313,2117.0643519282185,53.6615093136958,5.171388031157422,0.823542430967727,1.1553395469206582,1.9966859724804555,3.796025028414497,0.6316900891158705,0.6014103580220543,0.9993726114137255,0.9875896633593234,-0.2734590877036541,0.9016485338128604,0.44772404757065914,15.596834357761265,0.048543745839089304,5.573195681729496,0.8413180731718313,0.12135826399322452,31.193668715522474,4.143783074448779,14.708224336213314,26035.036004589736,0.11236943142924301,21.21492434388487,245.87483517771852,3.6022841358374906,933.3113048809685,0.016292238942154084,0.005592849039294453,4.89008956642953,121856.86377705759,0.5235098987818644,0.652891560893766,1.193179652837326,0.7506511036420908,181.73755719498115,0.004495429291626874,736.2919117647059,0.05413911115916955,162.64402127487023,439.60948529411763,582039.5369852941,155078049.7047059,2221.3977004799294,0.008744532883137634,3785.2225,0.2783251838235294,0.5416346256505142,306.25620336191287,0.004491336883906229,7.461267151750942,0.038449033826668366,581363.0972079099,9.61970086291476,4.236288415333691e-05,3561.708389819305,0.0026678890967244124,1.153241583679818,case_00519
3.1.1.dev111+g8ed579383,2.0.2,2.5.5,1.8.0,3.12.13,"{'minimumROIDimensions': 2, 'minimumROISize': 50, 'normalize': False, 'normalizeScale': 1, 'removeOutliers': 3, 'resampledPixelSpacing': [1, 1, 1], 'interpolator': 'sitkBSpline', 'preCrop': False, 'padDistance': 10, 'distances': [1], 'force2D': False, 'force2Ddimension': 0, 'resegmentRange': None, 'label': 1, 'additionalInfo': True, 'binWidth': 25}",{'Original': {}},f5ce99939ec8b453257c01929bc422c0ef63429d,3D,"(5.0, 0.7739999890327454, 0.7739999890327454)","(96, 512, 512)",-651.2372637987137,-2048.0,4342.0,1b1cc0145e3de4d89ce76015019beb57b5deeb58,"(5.0, 0.7739999890327454, 0.7739999890327454)","(96, 512, 512)","(22, 224, 133, 25, 143, 292)",141169,12,"(np.float64(34.77235795394173), np.float64(301.26558947077615), np.float64(279.0203727447244))","(215.96176544432922, 233.1795629463243, -173.86178976970865)","(1.0, 1.0, 1.0)","(147, 133, 248)",10.467493229081835,-1059.990227116743,1422.3221683429156,"(1.0, 1.0, 1.0)","(147, 133, 248)","(13, 11, 11, 125, 111, 226)",422940,8,"(np.float64(78.87088003026435), np.float64(71.04653142289686), np.float64(123.7879722892136))","(215.90097229469723, 233.1595314283805, -173.87088003026435)",78.77727069149259,-215.04249890841638,1372.504169694363,0.33174319007096653,0.19467623605029838,63.84195001805296,327.93910193310984,225.43513479491168,226.43321311150447,123.89108119634763,226.81710693860813,423082.0,108.79156382429773,0.3755087252350355,72579.46974579556,0.17154941535162346,422940.0,-0.19521905369809747,119.80697115418702,6901916725.472804,2.9480863885110278,52.769177035114375,65.086822489533,1372.504169694363,43.62294396125331,78.77727069149259,76.97302136412034,-215.04249890841638,1587.5466686027794,23.080819620592614,127.74546074698435,6.797267607841877,6901916725.472804,0.17255178935578502,10113.044363858613,179.50071620122512,259816.53317190695,3459.4308862098765,61.90466758020328,2.903662243927701,0.9104126521628697,0.7937397041326221,1.6016517103439496,2.2480648790145215,0.7118507281432849,0.6966183930705753,0.9993232240727884,0.9882082512292247,-0.33577843355267833,0.9158185352096255,0.4314495082663892,12.835437322592831,0.07157186596640254,4.750908361535741,0.9323361324736686,0.15026765702137257,25.67087464518568,3.7513646822629645,16.202082456032734,33118.45789650882,0.14104689982352223,26.02461761963945,183.7927668761283,6.400473786986226,1101.3689888037402,0.04165723690462634,0.0077749913904497266,4.897558102275308,102319.86434168779,0.43008453827699916,0.5522574578681827,2.81970975343601,0.6775732065173192,130.39395507167427,0.005566258487265978,419.11962696966447,0.04492653306567312,176.6648659515949,548.5522564047593,2131816.401972344,354518161.39146745,13169.332132996256,0.00846566906261136,2413.2281059063134,0.2586802557515611,0.521219226794267,356.2688629381893,0.003660545187797556,7.813130243092488,0.02205750224618149,2129761.044644309,20.501592783562796,3.423970633450367e-05,1358.580004411306,0.003999498596960422,0.45907316821524746,case_00520
3.1.1.dev111+g8ed579383,2.0.2,2.5.5,1.8.0,3.12.13,"{'minimumROIDimensions': 2, 'minimumROISize': 50, 'normalize': False, 'normalizeScale': 1, 'removeOutliers': 3, 'resampledPixelSpacing': [1, 1, 1], 'interpolator': 'sitkBSpline', 'preCrop': False, 'padDistance': 10, 'distances': [1], 'force2D': False, 'force2Ddimension': 0, 'resegmentRange': None, 'label': 1, 'additionalInfo': True, 'binWidth': 25}",{'Original': {}},c4b7cc2c780c23e53881670bde1fdec719ae7c74,3D,"(5.0, 0.693359375, 0.693359375)","(84, 512, 512)",-551.7862715039935,-1024.0,3071.0,d310febadf9c85237c4a94a9b83b81382128361f,"(5.0, 0.693359375, 0.693359375)","(84, 512, 512)","(11, 276, 115, 32, 126, 264)",127104,5,"(np.float64(26.988348124370596), np.float64(344.6866581696878), np.float64(252.07909271148037))","(174.7814021729991, 238.99172587937338, -134.94174062185297)","(1.0, 1.0, 1.0)","(182, 109, 205)",56.375706943322434,-1102.5387987537683,1712.296873611261,"(1.0, 1.0, 1.0)","(182, 109, 205)","(13, 10, 11, 160, 88, 183)",305290,4,"(np.float64(94.95635297585902), np.float64(57.829702905434175), np.float64(105.59297716924891))","(174.7462974817489, 238.98302321793417, -134.95635297585903)",91.28595991725513,-207.82815317789877,1431.9627073360825,0.3452330227633792,0.17430209849736036,49.05674424422821,281.44666453898793,196.72569735548024,176.34341496069538,119.23086848631104,218.6641260015003,305387.8333333333,97.16468274546557,0.41750138515360224,52528.382072408596,0.17200548397444976,305290.0,15.040648815465614,128.76530800864248,4955003933.702799,2.8834245273093067,45.54928670627993,73.44376871347141,1431.9627073360825,40.25816524461899,91.28595991725513,95.32046695259099,-207.82815317789877,1639.7908605139812,20.971123571296523,127.3989100223991,6.7443882642994,4955003933.702799,0.19727519444513622,7897.355796880632,187.18153176232215,160127.7104266838,2150.9650417563976,44.61205982642438,3.880380436719148,0.8394226446671348,0.9103182647326892,1.7264164974223983,3.0188770561404663,0.6882889783829386,0.6695179757128126,0.9991825886755152,0.9871464636517872,-0.2797717723820416,0.876795042798783,0.44215243054643544,13.304035157705792,0.08139533370176294,4.798196845808777,0.8704978754936653,0.18244859698256832,26.608070315411545,3.6681605341455046,12.12311006578588,27503.256377070087,0.15304476168109338,19.900269933848435,189.94605687055034,5.496095375639699,1010.0991338971731,0.03294206676763857,0.007030924381692231,4.767536095545211,82919.59651858105,0.4559418086737322,0.5840706314550856,2.244327174020941,0.6978127100463768,136.25051887173956,0.0051634991105742835,345.14264777723497,0.04215225302604238,158.1549537266518,504.25671714704447,1056258.3666340986,190437945.2459697,5941.640301130741,0.008111910624996138,2253.0903761602344,0.27516980656573453,0.5378895014616062,338.2216899927514,0.0037318630565656434,7.662900118947065,0.02682040027514822,1054868.191584059,16.887197996634278,3.7559151281337356e-05,1772.2880087370816,0.003418888166869015,0.6064509464911785,case_00521
3.1.1.dev111+g8ed579383,2.0.2,2.5.5,1.8.0,3.12.13,"{'minimumROIDimensions': 2, 'minimumROISize': 50, 'normalize': False, 'normalizeScale': 1, 'removeOutliers': 3, 'resampledPixelSpacing': [1, 1, 1], 'interpolator': 'sitkBSpline', 'preCrop': False, 'padDistance': 10, 'distances': [1], 'force2D': False, 'force2Ddimension': 0, 'resegmentRange': None, 'label': 1, 'additionalInfo': True, 'binWidth': 25}",{'Original': {}},b7d74970a58232e44b2e89229e3893166bb139a6,3D,"(5.0, 0.75, 0.75)","(89, 512, 512)",-438.55348282717586,-1024.0,1843.0,287cba3d38eeb66e3c462dc13413091e4a533c65,"(5.0, 0.75, 0.75)","(89, 512, 512)","(27, 247, 66, 22, 144, 317)",164030,3,"(np.float64(36.91751508870328), np.float64(326.1486130585868), np.float64(190.7571724684509))","(143.06787935133818, 244.61145979394013, -184.5875754435164)","(1.0, 1.0, 1.0)","(132, 130, 259)",-5.775992604794129,-1091.9205805938298,1849.531495447154,"(1.0, 1.0, 1.0)","(132, 130, 259)","(13, 11, 10, 110, 108, 238)",461310,3,"(np.float64(64.58953848821834), np.float64(70.35773124363226), np.float64(103.82988662721381))","(142.9548866272138, 244.48273124363226, -184.58953848821835)",77.32466371169534,-194.58853728012417,1849.531495447154,0.31144574113617646,0.2230069225599998,67.79902362077388,304.0220583400617,236.8564966387876,239.20075250717753,125.8729518204765,241.68160873347398,461454.5833333333,94.68637528146637,0.3998598981942963,72220.79243213631,0.15650682654498063,461310.0,7.369538207395946,118.28731999909252,6293156956.883093,2.9015366871958443,49.55007102065813,103.27656224432589,1849.531495447154,39.40710059913718,77.32466371169534,78.26407577652827,-194.58853728012417,2044.1200327272782,21.66043036504147,116.79865649924767,8.133213024913527,6293156956.883093,0.1809313158032273,7662.822541902472,148.38534469863947,230424.03491281797,2673.5193167443817,45.85576658929298,3.4980643079961102,0.8582975959359813,0.9664836405227197,1.7497817243111176,2.5293442545869933,0.6541650012235052,0.630729430537571,0.9994985046095385,0.9886717096865627,-0.2395531704009983,0.8448931558468947,0.4775431080314372,11.738594945558285,0.06039641423041549,4.977325691305912,0.8895819837181878,0.14856955342604727,23.477189891116613,3.706780177735438,12.338457724322266,45882.62953113658,0.154917560983231,17.969779852590015,151.69680201245683,4.280964873123512,611.4501948453404,0.03408004689797805,0.009002346373620249,4.530014817313,149596.8013428245,0.49798261624282847,0.638242263253644,1.5422723340104056,0.728764749705626,114.43127564195366,0.0067998190697338284,580.0337152749155,0.047814171566640466,172.64403240200042,458.0258840985904,1698730.1703074768,236241771.63786992,12520.36925633543,0.01104914958257129,3029.4446459483966,0.2497275283116311,0.5073503693687416,301.9617156781801,0.004976150791565926,7.6929633500626124,0.02629685027421907,1697284.0895980427,25.270930907036497,2.3478801385071727e-05,3006.323329826275,0.0024819554345757106,0.7567547443083394,case_00522
3.1.1.dev111+g8ed579383,2.0.2,2.5.5,1.8.0,3.12.13,"{'minimumROIDimensions': 2, 'minimumROISize': 50, 'normalize': False, 'normalizeScale': 1, 'removeOutliers': 3, 'resampledPixelSpacing': [1, 1, 1], 'interpolator': 'sitkBSpline', 'preCrop': False, 'padDistance': 10, 'distances': [1], 'force2D': False, 'force2Ddimension': 0, 'resegmentRange': None, 'label': 1, 'additionalInfo': True, 'binWidth': 25}",{'Original': {}},581aa0bd7f060e3b1d245a70b9d4157a779024cd,3D,"(5.0, 0.71875, 0.71875)","(95, 512, 512)",-523.9098542865954,-1024.0,2170.0,e4f8be2fec170f12505712103f5e314b56df5a6e,"(5.0, 0.71875, 0.71875)","(95, 512, 512)","(19, 210, 121, 23, 150, 287)",132847,6,"(np.float64(28.718315054160048), np.float64(307.5568511144399), np.float64(285.3740242534645))","(205.1125799321776, 221.05648673850368, -143.59157527080023)","(1.0, 1.0, 1.0)","(137, 130, 228)",38.3948059798145,-1080.1984253096123,2187.5668650355647,"(1.0, 1.0, 1.0)","(137, 130, 228)","(13, 11, 11, 115, 108, 206)",343160,3,"(np.float64(63.61238197925166), np.float64(80.92388390255275), np.float64(128.9264920153864))","(205.0671170153864, 221.06450890255275, -143.61238197925164)",141.08144078841212,-200.33088365701911,2187.5668650355647,0.2814973383538422,0.2292582067110017,62.32386370358602,271.85008815038947,202.7732724004818,220.06589922111968,94.86832980505137,223.1882613400624,343004.7083333333,76.52507624559202,0.49139820005285983,48222.599456602635,0.14058873911940512,343160.0,38.99328479563332,181.94207931221686,11007598041.203417,2.984705146434643,51.28934684200641,87.40075416512488,2187.5668650355647,49.79416427610082,141.08144078841212,152.24792285840158,-200.33088365701911,2387.8977486925837,25.336242882889497,179.10097560496786,7.017378335446753,11007598041.203417,0.20036766924675212,12173.186527717055,252.74671268332332,502104.71923707525,4706.2647192472505,71.18692190007708,4.517657299184631,0.8804410138931711,1.0105390665828513,1.8549929096608437,3.4593011232933084,0.6729827067404065,0.6508941838526368,0.999533734337023,0.9900087920775558,-0.27148661515172506,0.8762353115517486,0.4353872157904014,15.364785987876779,0.0846138716740265,4.96172061561436,0.9121795722631408,0.22502778246250296,30.729571975753622,3.7354836101958524,18.926144799815397,28904.91484162943,0.1401924554774917,30.58691395921555,252.97246188319693,5.421989100577557,1344.777873783463,0.024550283598418668,0.005709955961473268,4.8709257370601415,100140.08077431483,0.4843378754911819,0.5951222573905871,2.368913388001749,0.7221515584231075,186.44619227985703,0.0044190666893876,600.5562328105256,0.04464106391217762,209.67687197987522,549.2957704601204,955068.5595777894,238382310.37627295,3858.4342517128916,0.008289618860098692,3648.1982457444437,0.271181018787218,0.5322131479057808,364.32060566549336,0.004179888044596581,7.693790128568146,0.039203287096398184,954417.8981918483,11.117045793825143,3.3338530894800017e-05,4401.352974352662,0.0027053544238155153,1.7118088179438216,case_00523
3.1.1.dev111+g8ed579383,2.0.2,2.5.5,1.8.0,3.12.13,"{'minimumROIDimensions': 2, 'minimumROISize': 50, 'normalize': False, 'normalizeScale': 1, 'removeOutliers': 3, 'resampledPixelSpacing': [1, 1, 1], 'interpolator': 'sitkBSpline', 'preCrop': False, 'padDistance': 10, 'distances': [1], 'force2D': False, 'force2Ddimension': 0, 'resegmentRange': None, 'label': 1, 'additionalInfo': True, 'binWidth': 25}",{'Original': {}},fdd879d238833cd140470f220ec700317f60bf26,3D,"(5.0, 0.8515625, 0.8515625)","(101, 512, 512)",-530.2033294828811,-1024.0,2964.0,a95b137e2cf1b59db0017fd64b23c95cd9c2e030,"(5.0, 0.8515625, 0.8515625)","(101, 512, 512)","(24, 270, 133, 34, 113, 268)",127206,2,"(np.float64(40.638122415609324), np.float64(326.5994214109397), np.float64(258.7545162964011))","(220.34564278365406, 278.11981979525336, -203.19061207804663)","(1.0, 1.0, 1.0)","(192, 118, 251)",-13.562434362221083,-1093.8292187724662,2866.5902328922407,"(1.0, 1.0, 1.0)","(192, 118, 251)","(13, 11, 11, 170, 96, 228)",461385,2,"(np.float64(98.1512727982054), np.float64(59.04238325910032), np.float64(118.33283483424906))","(220.40705358424907, 278.11660200910035, -203.1512727982054)",69.15531361913294,-187.12826686773263,836.1543051356663,0.317505968542106,0.1584867610419826,54.98437078250158,346.9335256838041,236.8564966387876,219.18485349129398,125.39936203984452,254.18497201841024,461629.2083333333,110.15346509196381,0.4237061505910077,68173.3877553638,0.14767997025469226,461385.0,3.953746100587457,107.50772533779477,3640903479.5281434,2.719859551771626,42.54449185965118,34.83930101814997,836.1543051356663,33.4723903094949,69.15531361913294,75.15757474112229,-187.12826686773263,1023.2825720033989,19.266380809279234,88.83269693991892,3.2013322186288287,3640903479.5281434,0.20964046729671626,3108.7906438588543,134.1309770245523,12690.564643759657,283.6407374776168,16.8023604808587,1.8880363787676826,0.7971518472754795,0.8941016807213924,1.710713308050399,1.0568419901970854,0.6553541302087076,0.6310767695611715,0.9989463381662903,0.9796963932118085,-0.20726911410300358,0.7896554707721807,0.47515592924469896,11.419331811415812,0.07587486426831527,4.697613247967115,0.9052487135729261,0.180227817759216,22.838663622831614,3.44516317885433,4.672599214906594,50410.26017675361,0.17052644348699728,6.684763453202877,130.20215700150044,4.567086354425679,617.4160023836981,0.03695267871092847,0.009346057064866286,4.362976851338237,150311.29919408634,0.5014066502293724,0.6358906002912635,1.7582304189156228,0.7313202740245239,94.46986404880136,0.007127258569335911,872.4279396984924,0.08768119996969774,32.17223605464509,153.28281407035175,2143969.475879397,291965137.08180904,16033.404240716887,0.014675040624997866,1667.779296482412,0.16761600969672483,0.39297903159904174,64.84342368960954,0.006405967488988795,7.256995505066196,0.021565503863367905,2141819.266357163,56.45826181462401,2.131946784192948e-05,661.1853805723887,0.0036066109552739508,0.076131074903129,case_00524
3.1.1.dev111+g8ed579383,2.0.2,2.5.5,1.8.0,3.12.13,"{'minimumROIDimensions': 2, 'minimumROISize': 50, 'normalize': False, 'normalizeScale': 1, 'removeOutliers': 3, 'resampledPixelSpacing': [1, 1, 1], 'interpolator': 'sitkBSpline', 'preCrop': False, 'padDistance': 10, 'distances': [1], 'force2D': False, 'force2Ddimension': 0, 'resegmentRange': None, 'label': 1, 'additionalInfo': True, 'binWidth': 25}",{'Original': {}},4427cfe15c2308ebc88dc510649eced5a0e2f496,3D,"(1.5, 0.9765625, 0.9765625)","(103, 512, 512)",-554.2085225744155,-1024.0,1730.0,dc12dee742a28786ebd01f14c29bde0fdf0dad68,"(1.5, 0.9765625, 0.9765625)","(103, 512, 512)","(6, 225, 165, 85, 98, 238)",371444,4,"(np.float64(48.40997027815768), np.float64(270.06348736283263), np.float64(284.18564305790375))","(277.5250420487341, 263.73387437776626, -72.61495541723652)","(1.0, 1.0, 1.0)","(147, 117, 255)",8.701090149434105,-889.9866522113671,1850.7214496764755,"(1.0, 1.0, 1.0)","(147, 117, 255)","(9, 11, 11, 127, 95, 233)",532746,4,"(np.float64(72.64908230188495), np.float64(54.74612667199754), np.float64(127.49450957867352))","(277.5062283286735, 263.75784542199756, -72.39908230188495)",95.79961142384461,-201.94126819811405,302.68585075110803,0.363358186506146,0.18584025121997783,60.78665943957529,327.0909237397798,230.09780529157595,235.76471322061747,135.988970140964,236.28161164170183,532962.0416666666,118.85116487270648,0.40695644674274295,78114.86942822936,0.14656741629094322,532746.0,15.036585615650065,157.84710828572628,6632221889.508979,3.1362974731873448,63.91685941515141,4.045513779743857,302.68585075110803,43.328305429388465,95.79961142384461,105.19610523681351,-201.94126819811405,504.6271189492221,27.70196460747882,111.57564986341364,-0.9234530244924803,6632221889.508979,0.14226587315402428,3271.56009348346,184.97770825303832,846.3641224098823,-52.764917688153474,13.713817232716766,4.666273794852,0.4903373040225283,1.634024228779345,2.3324622199470815,1.9600853209902562,0.5017657770150912,0.4402590829918366,0.9906915233319119,0.9339916520205761,-0.06957386058822501,0.5615704047046103,0.4251203632297929,13.517209899600347,0.027262908060433,5.881578963873167,0.5419083532285026,0.0634928502947208,27.034419799200695,3.7920291450776884,4.59502275689219,56483.81025059582,0.13146980386384668,5.857079121745981,180.95310073897275,1.8762260098879948,349.5470450747092,0.011565438485228306,0.006654689703694454,4.071120105150983,295111.3482280126,0.6855399314399572,0.8064496892587579,0.33209395454290136,0.8541137766818571,153.11218870572708,0.005819969152949467,3883.5386558868117,0.08919882989312351,14.965926338342085,153.06810142863705,393864.4929486885,77918199.23453076,2024.493869086605,0.010612618525961199,14647.83922091047,0.3364380362191756,0.6004678360667206,92.59414988047482,0.006694619991889625,6.073378730326308,0.08172374827779091,393714.7648033271,158.0697933527795,1.4890517698431495e-05,255.64916897343596,0.026291934751718992,0.0035394870564165347,case_00525
3.1.1.dev111+g8ed579383,2.0.2,2.5.5,1.8.0,3.12.13,"{'minimumROIDimensions': 2, 'minimumROISize': 50, 'normalize': False, 'normalizeScale': 1, 'removeOutliers': 3, 'resampledPixelSpacing': [1, 1, 1], 'interpolator': 'sitkBSpline', 'preCrop': False, 'padDistance': 10, 'distances': [1], 'force2D': False, 'force2Ddimension': 0, 'resegmentRange': None, 'label': 1, 'additionalInfo': True, 'binWidth': 25}",{'Original': {}},d21b725b73f35c4fc6eedcf2c1977fdb0115dbfc,3D,"(3.0, 0.7739999890327454, 0.7739999890327454)","(163, 512, 512)",-680.9293482259739,-2048.0,1944.0,06348ee5eaf3477547985ee74493431198326d21,"(3.0, 0.7739999890327454, 0.7739999890327454)","(163, 512, 512)","(45, 196, 79, 40, 156, 311)",265341,17,"(np.float64(67.75004993574306), np.float64(273.39171481226043), np.float64(257.3950463742882))","(199.22376307078204, 211.60518426633303, -203.2501498072292)","(1.0, 1.0, 1.0)","(142, 143, 263)",5.904033455138043,-1164.1463754445956,2022.6408676151239,"(1.0, 1.0, 1.0)","(142, 143, 263)","(12, 11, 11, 120, 120, 241)",477096,12,"(np.float64(81.23962472961416), np.float64(70.4810101111726), np.float64(149.09154132501635))","(199.20454133049998, 211.59401011665622, -203.23962472961415)",82.17619553764573,-215.89254488534414,2022.6408676151239,0.295549804997779,0.19962935690634148,64.57678086726884,323.48338875612274,237.11811402758752,242.72000329597887,128.4445405612866,246.1016050333683,477085.4166666667,95.60545246689281,0.43531571608418923,67828.23853341553,0.14217210621804904,477096.0,17.57378250105421,115.71310305213605,7441134402.032224,2.7094911038225313,41.28388531578603,160.76139459215858,2022.6408676151239,35.83779948050223,82.17619553764573,82.9865920972992,-215.89254488534414,2238.533412500468,18.377313229745397,124.88684284115708,10.635514628222708,7441134402.032224,0.21252423045965252,8843.796401790481,179.46360781560637,467374.17442086746,4262.059591085905,53.221283932253996,4.049349461583171,0.8587495079319505,0.8202788512312715,1.6098463929820872,3.3553512200862503,0.7104876389649005,0.6953990309681343,0.9995294666383259,0.9913058864923923,-0.2789576030110204,0.866990943801787,0.43510805866312197,12.929411993121304,0.08728321865273078,4.512148600395087,0.8885766313002811,0.20244433282378432,25.858823986242733,3.515082566674664,14.317658348459291,44206.7329757555,0.16741243065705164,24.29209245415059,186.30181361637278,5.948065845127487,1021.8818862818273,0.03770420342161994,0.007256252391683144,4.722969262612729,113150.25463933006,0.42394537830627443,0.5506272886862956,2.4204385637383967,0.672793657566615,131.80925194701206,0.00515258100569544,761.1370320324298,0.06049892949943803,263.4004344700644,605.4460694698355,2117284.656386615,357838075.2326524,12733.338533322038,0.009511336853546517,3717.024322390907,0.29544744633899583,0.5590058014847968,449.8170323857739,0.005068920206717416,7.401095680813282,0.026369954893774,2115846.582414019,19.30556372860804,2.4384777709212397e-05,3168.7658238358817,0.0018951089975127,1.2444729347831953,case_00526
3.1.1.dev111+g8ed579383,2.0.2,2.5.5,1.8.0,3.12.13,"{'minimumROIDimensions': 2, 'minimumROISize': 50, 'normalize': False, 'normalizeScale': 1, 'removeOutliers': 3, 'resampledPixelSpacing': [1, 1, 1], 'interpolator': 'sitkBSpline', 'preCrop': False, 'padDistance': 10, 'distances': [1], 'force2D': False, 'force2Ddimension': 0, 'resegmentRange': None, 'label': 1, 'additionalInfo': True, 'binWidth': 25}",{'Original': {}},3f16c319873982d09efc5d7f79e43bfef12e32fe,3D,"(5.0, 0.8500000238418579, 0.8500000238418579)","(35, 512, 512)",-646.1981290544783,-2048.0,1515.0,184c1bd3f981e9a79fa3742f9e8c2c26e4f701bc,"(5.0, 0.8500000238418579, 0.8500000238418579)","(35, 512, 512)","(6, 210, 132, 20, 148, 262)",151984,4,"(np.float64(14.296537793451943), np.float64(285.58683150857985), np.float64(267.0805347931361))","(227.01846094186186, 242.74881359121352, -71.48268896725972)","(1.0, 1.0, 1.0)","(122, 147, 245)",13.373144220256172,-335.2355409762806,1547.1186726017768,"(1.0, 1.0, 1.0)","(122, 147, 245)","(13, 11, 11, 100, 125, 223)",549450,4,"(np.float64(56.48980798980799), np.float64(74.70929110929112), np.float64(125.8913185913186))","(226.96631857939767, 242.78429109737016, -71.48980798980799)",71.9208681079362,-125.60701407308406,628.9674986276424,0.37851632128392,0.21741472665111194,65.06114802103755,299.2490390287221,222.03603311174518,222.5758297749331,137.7679207943562,228.6350804229307,549436.9166666666,113.27064540090008,0.41151495660370385,78833.42421003632,0.14348039204992685,549450.0,0.36126632897530275,124.97668899986809,4125421122.2498336,2.915603957983541,58.0708702553375,4.690673126109648,628.9674986276424,37.41245410628154,71.9208681079362,80.056749181633,-125.60701407308406,754.5745127007265,25.145826294294825,86.6502968879429,-0.4179548941278558,4125421122.2498336,0.16209112875481063,2335.6626813694947,93.19509776737557,761.7979312118766,-16.057688945906907,12.144857795967003,1.6179310685660986,0.7636156062765888,0.9056285505632263,1.6862678381993073,0.7656402486901405,0.6411829477374611,0.6141003986093907,0.9984320809924613,0.9731714694849896,-0.23177266323947207,0.836474074725374,0.48591201054915933,9.516411423346582,0.04872286069088484,5.0331378344121065,0.7850801100118328,0.11547519171616273,19.03282284669317,3.723002839459674,3.4406972161332763,53030.704934184425,0.1459881472179002,4.355787760939516,89.05821222934523,4.0064603626614055,385.3805888852166,0.04945342910179097,0.014726761996953008,4.399617808138283,191681.23727732713,0.5183880566591271,0.6586022386022387,1.4102858896067874,0.7426508092070043,64.77343194137156,0.011478683720162289,906.7796858638743,0.09495075244647899,14.763574858145336,78.44230366492147,2677008.379685864,266645852.01664922,28415.453991057824,0.03182971035807329,1475.3683769633508,0.1544888352841205,0.3629545013949122,25.065142963610132,0.014879552282636682,6.998119678819158,0.01738101738101738,2673698.2149151615,100.31437800227229,1.9866189028794268e-05,387.01014812691045,0.004943671613259027,0.02539409385283215,case_00527
3.1.1.dev111+g8ed579383,2.0.2,2.5.5,1.8.0,3.12.13,"{'minimumROIDimensions': 2, 'minimumROISize': 50, 'normalize': False, 'normalizeScale': 1, 'removeOutliers': 3, 'resampledPixelSpacing': [1, 1, 1], 'interpolator': 'sitkBSpline', 'preCrop': False, 'padDistance': 10, 'distances': [1], 'force2D': False, 'force2Ddimension': 0, 'resegmentRange': None, 'label': 1, 'additionalInfo': True, 'binWidth': 25}",{'Original': {}},8fa0c8eefd3baae08b1bc93469c4d8164a524d59,3D,"(1.0, 0.9765625, 0.9765625)","(499, 512, 512)",-464.3552952921223,-1024.0,1769.0,5a7e55830067aec7fea5eb156b47261cb66ab785,"(1.0, 0.9765625, 0.9765625)","(499, 512, 512)","(125, 246, 131, 113, 104, 258)",539322,2,"(np.float64(178.96848450461877), np.float64(297.3913172464687), np.float64(261.1208053815717))","(255.0007865054411, 290.42120824850457, -178.96848450461877)","(1.0, 1.0, 1.0)","(135, 124, 274)",-20.15048993052358,-1012.5813696366394,1783.1820954686332,"(1.0, 1.0, 1.0)","(135, 124, 274)","(11, 11, 11, 113, 102, 252)",512071,2,"(np.float64(65.0207998500208), np.float64(61.358202280543125), np.float64(138.22175245229664))","(255.23347120229664, 290.36992103054314, -179.0207998500208)",95.05038953087477,-180.79765510723885,1073.766697535495,0.3361207931371442,0.15155565837548476,53.95502543071055,356.00799078735133,252.04959829366916,251.03187048659777,130.59862173851607,253.9074634586388,511974.5416666667,119.66168822660568,0.4617243370821976,67029.64746991782,0.1309237901785341,512071.0,24.369640729340617,155.9320631063099,6090073815.856404,3.091409179744911,61.76750552296511,5.442331049593788,1073.766697535495,40.553585844866795,95.05038953087477,100.53513649613619,-180.79765510723885,1254.5643526427339,26.29893696004979,109.05515207156829,-0.5150344287031217,6090073815.856404,0.14508580041347208,2858.4496433818613,157.181739885204,994.0395635371531,-21.50939316769567,12.852385811216928,3.771609611565004,0.545220602120696,1.4585344798597064,2.193433848812197,1.6092575901394641,0.5271770064512507,0.47213473616446494,0.9985599927487334,0.972758939169722,-0.09197924026296003,0.6263038403727665,0.446417391541609,12.446326100699336,0.028734433463803062,5.760515706706258,0.6633278036774666,0.06300346130986595,24.89265220139866,3.8198417334195605,4.155998855695484,54337.998626503875,0.1353934259915862,5.142381723125473,154.5129849868053,2.0366473887547163,322.27048537871144,0.014705420837613491,0.007757930500587794,4.108868835496257,263444.02474991657,0.6544264107051748,0.7836124888330539,0.3956426884669671,0.8357807057070091,128.10757779377587,0.006635704394074469,2747.918529013976,0.088488392123848,14.464553387742104,134.98541250724546,526891.9150834031,85862107.41537322,3312.319948172479,0.012523545130231926,10185.779480904232,0.32800217301810497,0.5913140274829577,80.28167168538066,0.007794396347132004,6.1227883163927475,0.06064393414194516,526620.0050300289,65.60892348283897,1.6323488815719773e-05,1244.8752716333897,0.004996101381699003,0.05315686443126699,case_00528
3.1.1.dev111+g8ed579383,2.0.2,2.5.5,1.8.0,3.12.13,"{'minimumROIDimensions': 2, 'minimumROISize': 50, 'normalize': False, 'normalizeScale': 1, 'removeOutliers': 3, 'resampledPixelSpacing': [1, 1, 1], 'interpolator': 'sitkBSpline', 'preCrop': False, 'padDistance': 10, 'distances': [1], 'force2D': False, 'force2Ddimension': 0, 'resegmentRange': None, 'label': 1, 'additionalInfo': True, 'binWidth': 25}",{'Original': {}},a74eaf7469c0de2fab4032559eb4dd2ab1235442,3D,"(5.0, 0.609375, 0.609375)","(42, 512, 512)",-365.7884952000209,-1024.0,3071.0,36ee10806c1f27320e7e0a7e27cb9e9e2a248d5c,"(5.0, 0.609375, 0.609375)","(42, 512, 512)","(18, 185, 79, 21, 165, 324)",159900,4,"(np.float64(29.03682926829268), np.float64(273.9871857410882), np.float64(234.28437773608505))","(142.7670426829268, 166.9609413109756, -145.18414634146342)","(1.0, 1.0, 1.0)","(127, 122, 220)",27.16518474877884,-918.5035096632937,3213.1097827942963,"(1.0, 1.0, 1.0)","(127, 122, 220)","(13, 11, 11, 105, 100, 198)",297330,3,"(np.float64(70.18052332425252), np.float64(64.76452090270071), np.float64(105.60315138062086))","(142.79846388062086, 166.95983340270072, -145.18052332425253)",116.52841105957131,-191.5266919123339,1737.5937976791342,0.33860568788758316,0.20796897525271668,56.50757009313059,271.7115378602243,197.46392075515973,194.98717906570164,100.70253224224304,202.00495043438912,297105.875,92.00307218415435,0.4481907458089652,48042.84666362167,0.16170278242940053,297330.0,26.947955333214587,155.5764608406652,7228797032.2665825,3.111295906294917,52.4441098894295,46.758552106557886,1737.5937976791342,48.56705686119425,116.52841105957131,118.34549396244478,-191.5266919123339,1929.1204895914682,23.804773224415133,155.92424507547327,5.230836479138042,7228797032.2665825,0.17624628032186496,10733.499618287811,193.0791594047652,191918.22429493128,2744.144500489602,62.872319148324465,5.419556376427005,0.8412733424969843,1.1222254449607496,1.932378673480349,4.117115240237053,0.6490500933011248,0.6239747928746624,0.9991436633567741,0.9863850712855781,-0.26335863648400903,0.8808062442817067,0.4535243069702309,13.368368784481005,0.06511086033828305,5.244673176147822,0.8552278223606494,0.15104488023882479,26.736737568961953,3.9123427214658806,17.072968881187865,25844.176679227265,0.1362436045353746,25.4778433242218,197.899943813312,4.255635604325964,784.2932512034627,0.026742161438596715,0.00747446795213865,4.8186585685984245,96910.74591379448,0.5091566912599444,0.6335599657464253,1.6161773142440798,0.7403657273016062,152.14877147303451,0.005818070139383345,381.13003040600967,0.03408424525183417,165.88481849598523,549.0316580218208,646223.1250223573,115405677.91539975,3676.779463518865,0.008541678068334599,3128.6928993024503,0.27979725445380527,0.5422766275382326,366.510929173699,0.003938489308568035,7.840843554290449,0.03760804493323916,645516.0939737225,14.407031905141757,3.861899912812076e-05,2745.0381669952894,0.003978825201647798,0.9085838836940036,case_00529
3.1.1.dev111+g8ed579383,2.0.2,2.5.5,1.8.0,3.12.13,"{'minimumROIDimensions': 2, 'minimumROISize': 50, 'normalize': False, 'normalizeScale': 1, 'removeOutliers': 3, 'resampledPixelSpacing': [1, 1, 1], 'interpolator': 'sitkBSpline', 'preCrop': False, 'padDistance': 10, 'distances': [1], 'force2D': False, 'force2Ddimension': 0, 'resegmentRange': None, 'label': 1, 'additionalInfo': True, 'binWidth': 25}",{'Original': {}},ab20fe4278781e770238a806a0bc5fb42d54b8bd,3D,"(3.0, 0.7421875, 0.7421875)","(151, 512, 512)",-505.01730740780863,-1024.0,1617.0,b3eddfdf01cd62d92638cf2ed8c72161c7cda7af,"(3.0, 0.7421875, 0.7421875)","(151, 512, 512)","(24, 188, 108, 48, 148, 321)",263152,40,"(np.float64(45.45034428771204), np.float64(282.6752789262479), np.float64(255.1279640663951))","(189.3527858305276, 209.79805857807463, -136.35103286313614)","(1.0, 1.0, 1.0)","(166, 132, 261)",41.30617430767876,-1139.5887671047358,1370.403477792863,"(1.0, 1.0, 1.0)","(166, 132, 261)","(12, 11, 11, 144, 109, 238)",434964,32,"(np.float64(77.3739068060805), np.float64(80.63960465693712), np.float64(120.27280188705272))","(189.4017081370527, 209.76851090693714, -136.3739068060805)",99.61071127159188,-126.51938236032224,226.91909929321463,0.3306360596377375,0.2114728574205895,66.1601984441166,312.8543267968114,226.63847863944022,240.52026941611388,149.40214188558343,242.76325916414947,434481.1666666667,103.44092185271475,0.3560364569975616,77917.84952602463,0.1793353901247533,434964.0,18.726591825622236,153.6514000692328,5530403231.904559,2.9326940243061617,68.79981171010968,3.421126854113872,226.91909929321463,42.441608612072564,99.61071127159188,115.07995214778767,-126.51938236032224,353.4384816535369,29.44402250349567,112.75913662630468,-0.9930593980429606,5530403231.904559,0.16187604446516737,2792.3290926772092,116.67034795892897,672.5037677060997,-51.76597285876521,14.036808031330294,1.8969265883439168,0.7603643960842483,0.938300039039947,1.776585296044676,0.9898933042368225,0.6434814467737658,0.6164108914565531,0.9928817236643088,0.9476844825424318,-0.2249712145260636,0.8352463752557642,0.47330604619086775,10.659926236520242,0.05218210098046783,5.051424712806119,0.7805681936758759,0.14467009977658357,21.31985247304048,3.714202731615158,3.9834336549185516,39721.077438524706,0.1393691460798753,5.1627667623539875,109.3213609212162,3.6572889262091457,444.76981496339613,0.036118856378961846,0.01223395058773585,4.437950822243241,148682.5168541713,0.5159625273039149,0.6537736456350411,1.193842098167514,0.7435171356145278,78.216783609994,0.009746885015540144,1400.6631114903298,0.09959208699447739,9.70228754666624,70.09918941979522,1049058.0843287827,139780992.00199088,8217.496233916781,0.02768049450371583,3239.9765358361774,0.23037375823636075,0.47903996936322857,31.037526903232216,0.015200655370352697,6.364920938393339,0.03233371037603112,1048101.5756558512,160.36217741490356,2.7085982754072998e-05,75.7217042605764,0.024433679755726346,0.003394974559422865,case_00530
3.1.1.dev111+g8ed579383,2.0.2,2.5.5,1.8.0,3.12.13,"{'minimumROIDimensions': 2, 'minimumROISize': 50, 'normalize': False, 'normalizeScale': 1, 'removeOutliers': 3, 'resampledPixelSpacing': [1, 1, 1], 'interpolator': 'sitkBSpline', 'preCrop': False, 'padDistance': 10, 'distances': [1], 'force2D': False, 'force2Ddimension': 0, 'resegmentRange': None, 'label': 1, 'additionalInfo': True, 'binWidth': 25}",{'Original': {}},a7526c6ebc696ca1e489c2a000d8f535b65c875d,3D,"(5.0, 0.775390625, 0.775390625)","(60, 512, 512)",-498.7067501068115,-1024.0,1720.0,e12324269576de32eedc8d1cbc35038a5282a525,"(5.0, 0.775390625, 0.775390625)","(60, 512, 512)","(18, 192, 106, 23, 170, 313)",163073,7,"(np.float64(28.07978022112796), np.float64(287.58598296468455), np.float64(256.01122810029864))","(198.50870616370813, 222.9914750722261, -140.39890110563982)","(1.0, 1.0, 1.0)","(137, 154, 265)",46.63436757344504,-1049.7055552141326,1208.702473712953,"(1.0, 1.0, 1.0)","(137, 154, 265)","(13, 11, 11, 115, 132, 243)",490250,7,"(np.float64(65.39408465068843), np.float64(84.86271290158082), np.float64(127.44806731259561))","(198.5603720000956, 222.97501758908084, -140.39408465068843)",98.85657206768431,-138.76985814921477,810.376466091327,0.31219967409731547,0.18115080973510383,59.54206754728008,328.68783547999715,241.7457341919398,246.33716731342025,125.60254774486066,248.81720197767677,489952.4166666667,102.61623511660717,0.4307983103871791,69766.36074729815,0.14239415578750553,490250.0,36.38208487602457,136.67770813806848,6983110733.229708,2.8079898113320163,45.24850458628808,34.247415262705246,810.376466091327,36.16341141959539,98.85657206768431,101.99836765226003,-138.76985814921477,949.1463242405417,19.633166175320177,119.3481422481817,3.97113814913781,6983110733.229708,0.19978147556078876,4471.357217118953,117.82264969981178,26149.626090513608,595.6192781172372,25.82278434069432,2.0095367641946504,0.8552829299831011,0.863345943503782,1.689401391870322,1.235446427873517,0.6706256834146823,0.6492644211119926,0.9987126744804595,0.9790482518588539,-0.2461898067083144,0.8436500159201757,0.4664544840194242,10.576788389386259,0.07223090093320052,4.797764053308906,0.91770261521585,0.18234962686915582,21.153576778772518,3.602217154157365,6.958080276222241,49527.81296960989,0.16369860577590065,9.841366389155471,117.28843133179467,5.065216966316361,589.4829905957506,0.04974078919002333,0.01165546533754433,4.558107565543886,148588.6482504728,0.4838488399794364,0.6124940964186247,2.018296421809981,0.7181575347132158,84.95506111580895,0.008800290031976575,587.0983361375958,0.05487926118317404,47.97190847930194,186.8274443821275,2156008.0865582353,246442914.03252944,19320.8809025587,0.01899737867364466,1928.081510562722,0.18022822121543486,0.41115136062167185,90.08375423441515,0.00808326095489324,7.675177698782308,0.02182151963284039,2153908.034708126,66.31965121998137,2.1774896226556552e-05,536.3262969039951,0.00572273640203089,0.06110251284806571,case_00531
3.1.1.dev111+g8ed579383,2.0.2,2.5.5,1.8.0,3.12.13,"{'minimumROIDimensions': 2, 'minimumROISize': 50, 'normalize': False, 'normalizeScale': 1, 'removeOutliers': 3, 'resampledPixelSpacing': [1, 1, 1], 'interpolator': 'sitkBSpline', 'preCrop': False, 'padDistance': 10, 'distances': [1], 'force2D': False, 'force2Ddimension': 0, 'resegmentRange': None, 'label': 1, 'additionalInfo': True, 'binWidth': 25}",{'Original': {}},99cc90a7babc7c05247f79be1fd96e2802cc532d,3D,"(3.0, 0.6980000138282776, 0.6980000138282776)","(154, 512, 512)",-836.9282422251515,-2048.0,1899.0,6789f988a700ee3339069aacab8c12fdf1b2fca4,"(3.0, 0.6980000138282776, 0.6980000138282776)","(154, 512, 512)","(42, 240, 111, 42, 127, 286)",260212,4,"(np.float64(62.730223817502655), np.float64(307.7958510752771), np.float64(259.68561019476425))","(181.26055950695016, 214.84150830682987, -188.19067145250796)","(1.0, 1.0, 1.0)","(148, 110, 221)",44.73676897853483,-1157.4111235425535,1696.5164583172098,"(1.0, 1.0, 1.0)","(148, 110, 221)","(12, 11, 10, 126, 88, 199)",380334,4,"(np.float64(75.18836864440202), np.float64(57.68817933710896), np.float64(114.13191563204973))","(181.2829156251356, 214.83917933019484, -188.18836864440203)",72.08461716581951,-105.39462288619573,191.50050575079047,0.3853314051296034,0.2057332019103803,57.10685320032674,277.577234350356,194.36563482261982,200.89798406156294,118.69709347747316,203.71303345637952,380299.1666666667,106.9592257442119,0.4502515044036706,56378.37245749144,0.14824742570868488,380334.0,17.61485306769402,115.6604772500277,2550602697.707532,2.6182500166832328,45.20998232694595,3.820929956325387,191.50050575079047,29.698400420255908,72.08461716581951,77.5665128645941,-105.39462288619573,296.8951286369862,19.334849704748855,81.89150108386849,-0.8384709236212722,2550602697.707532,0.19901548837298877,1510.0259178264716,74.1648291076654,208.62973371771963,-14.21379202782797,7.525774061276791,1.0327211440276607,0.7567244271736076,0.6659823300691047,1.4617088187948555,0.5736953264235901,0.7160453042484783,0.7020171660634739,0.9940774532935561,0.9540762639334375,-0.27004880869607617,0.849479176399182,0.44762213118701655,8.517085328019578,0.07718344847645234,4.368786005803984,0.7672808572529006,0.1648391446635575,17.03417065603915,3.419308955414721,2.139623801326113,35900.94920861305,0.1706767873198848,3.1098430470379226,68.76534654317702,5.9727139406785135,460.040472659404,0.08804400528160145,0.01899075995282246,4.521343178561083,89516.0729127034,0.4174043041737161,0.5511194411713428,2.3677581972160557,0.664097669796561,43.295200021867906,0.013941233356549806,776.8054759630691,0.12365575866970217,8.561406857633902,48.59391913403375,2876952.6622094875,222246811.74816936,39096.793464147995,0.04872898201130341,1261.104106972302,0.20074882314108594,0.4389304131602931,19.049516751389046,0.026338211618841003,6.287233262125609,0.016517061319787345,2873287.1519637224,214.9354151735224,3.191921149546349e-05,36.69331003957066,0.015399434873168786,0.002619920830686031,case_00532
3.1.1.dev111+g8ed579383,2.0.2,2.5.5,1.8.0,3.12.13,"{'minimumROIDimensions': 2, 'minimumROISize': 50, 'normalize': False, 'normalizeScale': 1, 'removeOutliers': 3, 'resampledPixelSpacing': [1, 1, 1], 'interpolator': 'sitkBSpline', 'preCrop': False, 'padDistance': 10, 'distances': [1], 'force2D': False, 'force2Ddimension': 0, 'resegmentRange': None, 'label': 1, 'additionalInfo': True, 'binWidth': 25}",{'Original': {}},ca32147792394ba8dc65db19910921ff49d22daa,3D,"(5.0, 0.7421875, 0.7421875)","(99, 512, 512)",-438.7622242937184,-1024.0,3071.0,1ef543fee2997f8fb73009d796fda14d448107f8,"(5.0, 0.7421875, 0.7421875)","(99, 512, 512)","(20, 303, 129, 29, 107, 292)",146543,2,"(np.float64(32.78499825989641), np.float64(356.3340384733491), np.float64(253.49141207700129))","(188.1381574008994, 264.4666691794388, -163.92499129948206)","(1.0, 1.0, 1.0)","(167, 101, 239)",39.62584556806487,-1034.7795533318576,1223.822172717119,"(1.0, 1.0, 1.0)","(167, 101, 239)","(13, 11, 11, 145, 79, 216)",403775,2,"(np.float64(78.93591728066373), np.float64(50.34969970899635), np.float64(103.03587393969414))","(188.16478018969414, 264.4786059589963, -163.93591728066372)",61.1182882728029,-120.76441661036522,178.28584487677065,0.41278257707936733,0.18082551120808954,54.65486557081193,302.2519621576873,219.18029108475972,217.00691233230336,148.48905683584903,223.07173734025562,403653.1666666667,124.76434386674555,0.4229223808039492,62454.30292122306,0.15472268788813265,403775.0,-3.874842825213078,112.27137384585137,2319854840.813569,2.804086535717302,66.8606342479975,2.6535247240216124,178.28584487677065,37.2601321790497,61.1182882728029,70.17079851896325,-120.76441661036522,299.05026148713586,27.543528806690126,75.79851416965708,-0.5982340261879113,2319854840.813569,0.16377139954729067,2009.9695889302693,67.52439354655215,278.19235417848506,-19.600800845867113,10.39947818038572,1.5257730355718122,0.7426487691093224,0.8639846882771006,1.6542201918892174,0.7455687721355255,0.6552050395840111,0.6306593215449827,0.9913152663470552,0.9412432002662995,-0.23032950522818377,0.8239338147095941,0.47854297053341394,8.081149726311265,0.05169292524736051,4.841321774739437,0.7657435946436622,0.11392734612117503,16.16229945262253,3.5874007233290848,2.9813128039893835,38769.21850219156,0.149997534676074,3.631171516928907,63.64960117820788,4.7042903275901,333.48180414393323,0.08300629889344976,0.02193848119805126,4.342941615603769,132988.27612350107,0.5009763254248406,0.6390118258931335,1.766376333238991,0.727433262996874,44.882243888244,0.017001832842332316,900.3757192982456,0.12636852200677132,8.609005483533393,45.44070175438596,2197252.630877193,169243102.49922806,31396.544217273044,0.056573481013868554,950.8506666666667,0.13345272514619883,0.32146179559026883,11.620121867143286,0.02434492464109735,6.7348643012925,0.017645966194043714,2194041.122092952,275.0200976006622,2.800066199487688e-05,45.68524508890959,0.02600698276882249,0.0019048393881553102,case_00533
3.1.1.dev111+g8ed579383,2.0.2,2.5.5,1.8.0,3.12.13,"{'minimumROIDimensions': 2, 'minimumROISize': 50, 'normalize': False, 'normalizeScale': 1, 'removeOutliers': 3, 'resampledPixelSpacing': [1, 1, 1], 'interpolator': 'sitkBSpline', 'preCrop': False, 'padDistance': 10, 'distances': [1], 'force2D': False, 'force2Ddimension': 0, 'resegmentRange': None, 'label': 1, 'additionalInfo': True, 'binWidth': 25}",{'Original': {}},04d7811ff6c92ff285b556432785ffb756ef9da9,3D,"(5.0, 0.7421875, 0.7421875)","(36, 512, 512)",-435.7406002680461,-1024.0,2062.0,178465d08a268f3bcb4eefa254ccc37279fc1cee,"(5.0, 0.7421875, 0.7421875)","(36, 512, 512)","(7, 289, 120, 20, 100, 266)",104283,2,"(np.float64(16.801664700862077), np.float64(339.2886855959265), np.float64(251.3793715178888))","(186.5706272984331, 251.8158213407267, -84.00832350431038)","(1.0, 1.0, 1.0)","(122, 96, 220)",15.552211897574065,-946.2376505642611,2141.0211709549185,"(1.0, 1.0, 1.0)","(122, 96, 220)","(13, 10, 11, 100, 75, 197)",287115,2,"(np.float64(64.01241662748376), np.float64(47.69174372638142), np.float64(108.49259007714679))","(186.6214963271468, 251.8206499763814, -84.01241662748376)",124.3940971239936,-190.35862347884404,2141.0211709549185,0.3427656525021632,0.18308406699912927,50.40356945921645,275.30287198315386,196.4993638666548,198.57995870681412,106.21205204683694,200.00499993750157,287198.125,94.36436855102524,0.44684449937267967,47110.25356924867,0.16403398723180618,287115.0,12.410307709416823,181.4333986591335,7186143663.943248,3.280084852997465,78.9234434603309,67.07309568062975,2141.0211709549185,56.779308004514135,124.3940971239936,140.75834004670273,-190.35862347884404,2331.3797944337625,34.948059401547745,158.20492766041437,5.114108090857807,7186143663.943248,0.14680318034204087,9554.907736743397,200.19464014487968,207638.00128786435,2149.263179700899,51.84172530404588,5.023025247054442,0.8224736957271515,1.129698958484408,1.9780485396232566,3.700412925618243,0.6415597485311277,0.6131767626022346,0.9994496252200903,0.9884852682660916,-0.2731770691184081,0.8962950205688938,0.4423275359690584,13.729036881548122,0.052510393849541454,5.4815360202816645,0.8387893507398598,0.14424909921905307,27.458073763096362,4.086513269201514,14.216187637775079,20966.349950116986,0.1136312632756859,21.399595982301584,193.57062220530935,4.091719348764498,832.562753153413,0.02420771613291149,0.007762876465905635,4.893634326581241,96862.90557021316,0.5232499574091504,0.6398229602450907,1.5512196752960736,0.7508866212862707,144.21977349039258,0.006293105199865163,619.319527639911,0.05299670782473995,159.29873222386604,395.03131952763994,468459.29548177304,97984414.15411603,2290.0638594317484,0.012962713668683484,3264.7004963203835,0.2793685175697744,0.5413663862884142,277.1853940744378,0.006635426330570716,7.449868813092321,0.04070146108702088,467855.65271545516,8.963283758812098,4.872007461468011e-05,4375.893485983483,0.0024319874666807,1.8052926143505015,case_00534
3.1.1.dev111+g8ed579383,2.0.2,2.5.5,1.8.0,3.12.13,"{'minimumROIDimensions': 2, 'minimumROISize': 50, 'normalize': False, 'normalizeScale': 1, 'removeOutliers': 3, 'resampledPixelSpacing': [1, 1, 1], 'interpolator': 'sitkBSpline', 'preCrop': False, 'padDistance': 10, 'distances': [1], 'force2D': False, 'force2Ddimension': 0, 'resegmentRange': None, 'label': 1, 'additionalInfo': True, 'binWidth': 25}",{'Original': {}},5edee92e943036c0570a4dee7decf9785e56c97a,3D,"(1.0, 0.87109375, 0.87109375)","(632, 512, 512)",-618.8674357993693,-1024.0,3071.0,2fad22a2dc0b98d07ecaf01ee9914b2398566811,"(1.0, 0.87109375, 0.87109375)","(632, 512, 512)","(268, 283, 108, 132, 82, 269)",530769,7,"(np.float64(334.94659258547506), np.float64(322.04840900655466), np.float64(251.68989522749067))","(219.24549467082196, 280.53435628305346, -334.94659258547506)","(1.0, 1.0, 1.0)","(154, 93, 256)",3.831759579727685,-807.9800136009901,1312.3353108924416,"(1.0, 1.0, 1.0)","(154, 93, 256)","(11, 11, 11, 132, 71, 234)",402824,6,"(np.float64(77.9453930252418), np.float64(44.44056213135265), np.float64(136.26779188926182))","(219.33224501426182, 280.50501525635264, -334.9453930252418)",98.30576341697106,-130.7552730266329,255.07914291392362,0.3751075401450483,0.16138359066437294,52.192240296461,323.4048770485249,232.17450333746814,235.44001359157284,127.81627439414747,236.12708442700935,402947.7916666667,121.31160790058398,0.41560526623198485,63479.807705715444,0.15753854225916267,402824.0,10.15093946760319,150.41025449704412,5059558490.58976,2.8807640117976887,52.879320826195254,4.0765897076798305,255.07914291392362,40.667238134038804,98.30576341697106,113.09851107783217,-130.7552730266329,385.8344159405565,25.162828420186415,112.07239207650653,-1.2356746942059684,5059558490.58976,0.17806193263840014,2896.197944756711,115.7144299552955,769.0861702629162,-62.57065933228204,12.972690499682866,2.760011308452024,0.6467521094022985,1.1892940986951226,2.0046906070700468,1.3167285580625636,0.5839218240787528,0.5438801684523387,0.9908453805882227,0.9381353095446762,-0.13364881426436076,0.7018311470447393,0.47234815068346375,10.637674008376955,0.05017496639860867,5.174264723994382,0.6813253429167473,0.10970750258992666,21.27534801675391,3.5790974418248345,3.9331754520337237,44405.25204567134,0.1520707770078024,5.443018133776844,109.66993301750993,2.5940814442874585,308.56796067819533,0.027159487775893883,0.01280622622628308,4.150556589533458,173128.46365531752,0.5899257971400261,0.7242890195221735,0.6568108696915176,0.7952329349222355,84.66089714616623,0.01085453581166322,1913.9843940008107,0.09697934708151655,11.83462232478033,80.21686258613701,661406.5766112688,85148191.64800365,5225.760986463627,0.02755007942577895,5570.200851236319,0.2822355518461856,0.5453861841608525,44.49108154287667,0.01626434563348794,6.181299017740911,0.04899410164240462,660989.9831948727,182.09554196224798,2.1635800057474893e-05,107.96221597140809,0.028598375315041738,0.0031521511061529113,case_00535
3.1.1.dev111+g8ed579383,2.0.2,2.5.5,1.8.0,3.12.13,"{'minimumROIDimensions': 2, 'minimumROISize': 50, 'normalize': False, 'normalizeScale': 1, 'removeOutliers': 3, 'resampledPixelSpacing': [1, 1, 1], 'interpolator': 'sitkBSpline', 'preCrop': False, 'padDistance': 10, 'distances': [1], 'force2D': False, 'force2Ddimension': 0, 'resegmentRange': None, 'label': 1, 'additionalInfo': True, 'binWidth': 25}",{'Original': {}},d5f80a53f45ffe968a35e39d79b93522b0391a57,3D,"(5.0, 0.7421875, 0.7421875)","(90, 512, 512)",-386.1960333082411,-1024.0,3071.0,5b7cc03c8d5e4928c48f138da4b3ac4b607d9d45,"(5.0, 0.7421875, 0.7421875)","(90, 512, 512)","(15, 257, 111, 30, 117, 309)",154963,3,"(np.float64(30.39177093886928), np.float64(307.02589650432685), np.float64(266.68159496137787))","(197.92774626039764, 227.87078256180507, -151.9588546943464)","(1.0, 1.0, 1.0)","(172, 109, 251)",13.357341177542716,-313.56750727597597,1367.0002934812705,"(1.0, 1.0, 1.0)","(172, 109, 251)","(13, 11, 10, 150, 87, 230)",427070,2,"(np.float64(91.95939775680802), np.float64(47.722188400028095), np.float64(125.84776500339522))","(197.97667125339524, 227.8510946500281, -151.95939775680802)",96.27022299647317,-127.83081621278772,192.88545059131084,0.38218319144954566,0.16155969462886077,52.10143441312082,322.49030015072526,233.43093196918014,224.1628872048181,139.64598096615597,236.26468208346333,427072.9583333333,123.25037212312607,0.3717150545514487,73780.57285805544,0.17275870883042238,427070.0,7.745765579466619,143.53169654710263,5175566687.246155,2.716917249093878,58.12784545072965,3.9494756520921865,192.88545059131084,41.895496181791884,96.27022299647317,116.86151860148698,-127.83081621278772,320.71626680409855,27.099552050009667,110.08532322946539,-1.3287732526538354,5175566687.246155,0.20754743963426667,2850.822554745206,114.84412488146782,773.1941401155588,-68.28884923316416,13.33057467089675,1.7374976197695047,0.7659249638287073,0.8427983328796801,1.709710972753269,0.9992775977223418,0.6791321157269704,0.6570173514334439,0.9916231208994942,0.9471677190650171,-0.23595273661108415,0.8190852176493681,0.44220682326949257,10.580308608963195,0.08919160361954957,4.557313221905695,0.791063342047949,0.20916063488084902,21.160617217926383,3.423810376698788,3.7670180726665645,39041.37015500992,0.15193278451371334,5.600939334889374,102.22878472414057,5.475085391642734,682.330430320914,0.051920110876562446,0.014010322082162017,4.474107599748284,125615.99749964637,0.48562658338678155,0.5974111612039821,2.424898716305114,0.7228166103826206,68.96862078938626,0.01125426701256795,1210.8128914153579,0.11665987970087272,8.983175698637963,56.98207919838135,1753781.388765777,231873929.47923693,13548.833477787472,0.035792792234802355,1784.775893631371,0.17196029421248396,0.40084881556685015,19.157330801275293,0.016655286114410965,6.591228318301554,0.024302807502283,1752088.2712364504,197.06652531867886,2.5077810918140248e-05,54.9341476373368,0.02984333599289116,0.0032538425138810985,case_00536
3.1.1.dev111+g8ed579383,2.0.2,2.5.5,1.8.0,3.12.13,"{'minimumROIDimensions': 2, 'minimumROISize': 50, 'normalize': False, 'normalizeScale': 1, 'removeOutliers': 3, 'resampledPixelSpacing': [1, 1, 1], 'interpolator': 'sitkBSpline', 'preCrop': False, 'padDistance': 10, 'distances': [1], 'force2D': False, 'force2Ddimension': 0, 'resegmentRange': None, 'label': 1, 'additionalInfo': True, 'binWidth': 25}",{'Original': {}},442681da84d4aeca2454d111a08124e1f21b3421,3D,"(3.0, 0.7409999966621399, 0.7409999966621399)","(65, 512, 512)",-640.2394558246319,-2048.0,2916.0,f657185bd546950b13a02b96e6df4afa681adbef,"(3.0, 0.7409999966621399, 0.7409999966621399)","(65, 512, 512)","(3, 261, 122, 53, 99, 278)",228063,2,"(np.float64(28.71109298746399), np.float64(315.4497836124229), np.float64(256.5707501874482))","(190.11892503250183, 233.7482886038781, -86.13327896239197)","(1.0, 1.0, 1.0)","(178, 95, 228)",33.418096789938424,-1043.3553487620322,1384.0260889985313,"(1.0, 1.0, 1.0)","(178, 95, 228)","(9, 10, 10, 159, 74, 206)",375750,2,"(np.float64(87.09597604790419), np.float64(50.63278243512974), np.float64(109.99596007984032))","(190.12546008150923, 233.76228243679867, -86.09597604790419)",130.49212407707137,-111.04077408762456,260.77348279535425,0.3784618190939732,0.1782925921591912,51.51541154167988,288.93747585252214,206.42189806316577,196.30843079195554,122.57650672131263,220.44046815410277,375635.2083333333,109.35180271556648,0.44936819653008025,56026.391703881156,0.14915106587709462,375750.0,21.957824291834317,188.0151781680866,7941305574.496868,2.976195200784978,62.64533333632255,3.9841227063373776,260.77348279535425,49.41736668006534,130.49212407707137,153.43835724413225,-111.04077408762456,371.81425688297884,30.544038051655505,145.37725328873643,-1.332097541117597,7941305574.496868,0.178451104943805,4106.351327631648,125.06934740195075,1595.426251954535,-114.43582674004814,19.20646100198051,2.019012416054465,0.8068781030273039,0.9008025505760492,1.7950329882371565,1.1801787619911575,0.6716255086020074,0.6468940389505442,0.9924840580586406,0.9503185490210532,-0.2787552728802234,0.881201315272066,0.4292922022181677,10.989498147062752,0.07362803885058897,4.905999764738597,0.8328719225174293,0.20580602840848883,21.978996294125498,3.7573078879863977,5.306368354508747,28553.29036682165,0.12636894594643228,8.29773513058579,109.71472722863967,4.816020555733486,646.693569617849,0.04712398247444191,0.01622455178058984,4.732709848359316,109022.9837392379,0.4793264495017597,0.5982025692205333,1.8873096484429193,0.7181008578861934,71.54857963492546,0.013630618147326868,1386.262943997399,0.11267682223826701,8.7301689137593,46.41038771031456,963185.1111111111,137424850.5374299,6889.097731610058,0.05223928633768807,2495.124847598147,0.2028062137363364,0.44698827728143115,19.123762020277606,0.028472766956029648,6.463221176778486,0.03274251497005988,962252.3381884899,118.28490523960122,3.549398650529754e-05,65.21568519988456,0.03238837371144101,0.004787261147907326,case_00537
3.1.1.dev111+g8ed579383,2.0.2,2.5.5,1.8.0,3.12.13,"{'minimumROIDimensions': 2, 'minimumROISize': 50, 'normalize': False, 'normalizeScale': 1, 'removeOutliers': 3, 'resampledPixelSpacing': [1, 1, 1], 'interpolator': 'sitkBSpline', 'preCrop': False, 'padDistance': 10, 'distances': [1], 'force2D': False, 'force2Ddimension': 0, 'resegmentRange': None, 'label': 1, 'additionalInfo': True, 'binWidth': 25}",{'Original': {}},5f8bab845722d3eab8d487ba36ff4ae65196781b,3D,"(1.0, 0.77734375, 0.77734375)","(381, 512, 512)",-557.2159178325824,-1024.0,3068.0,e233a61a9d83c2b8a0aa4bfc5497f6b5f286408d,"(1.0, 0.77734375, 0.77734375)","(381, 512, 512)","(42, 233, 153, 125, 113, 247)",205412,31,"(np.float64(91.78519755418378), np.float64(301.2281560960411), np.float64(251.9026444414153))","(195.81494626500643, 234.15782446528198, -91.78519755418378)","(1.0, 1.0, 1.0)","(147, 110, 214)",51.09030073564742,-1016.7395791254226,1906.7192248873775,"(1.0, 1.0, 1.0)","(147, 110, 214)","(11, 11, 11, 125, 88, 192)",124244,23,"(np.float64(60.78279836450855), np.float64(64.03617880943949), np.float64(87.75688162003799))","(195.86820974503797, 234.1475069344395, -91.78279836450855)",67.89554791530644,-165.50507525652327,400.44679977779305,0.40533456130763634,0.18242122116529472,46.259199865080355,253.5845312819399,186.07794065928394,193.49935400408964,114.49017425089369,202.16082706597734,123657.45833333333,102.78657474156768,0.27588991806935076,43507.270512288465,0.3518370108740992,124244.0,-14.410668941776411,131.55517764332765,956842953.6079183,3.1282339365553535,76.5424043172321,2.8692103982713175,400.44679977779305,45.02194209602336,67.89554791530644,78.06922992666561,-165.50507525652327,565.9518750343163,32.004602344894465,87.7571718983667,-0.615379193237531,956842953.6079183,0.1331904672747536,3091.515792879812,112.10668254837304,555.9067306469532,-30.88858970858379,13.708606708553749,4.002349490156789,0.5470818014297933,1.4426191159810873,2.230429508584735,1.888356800618788,0.5418179670667421,0.4912644293625883,0.9932674180118077,0.945906033456835,-0.10126250550419034,0.6553373028371714,0.44700034271460853,10.472779401762686,0.027917772586546017,5.769846637635392,0.570283001672586,0.06486980609842323,20.945558803525373,3.855110319743299,4.4277390496776325,12072.870886347839,0.12446430343246907,5.435040115030729,106.40189270259904,2.0755401668434534,236.54558658991388,0.02279387029068964,0.012619573574429265,4.135747061497553,63741.67360238472,0.6554452845745465,0.780565784944266,0.42324931796796067,0.8366182100569216,87.00964339540022,0.011011918128024361,1063.573436127647,0.10379364068777663,9.33899059960462,76.47116229140236,73649.31296964965,9645636.58778179,580.5160932063886,0.023119855969341744,3147.9265150775836,0.30720469552821156,0.5715395638780744,42.63571729247341,0.01424872776412712,5.974269586687747,0.08247480763658607,73502.29941537038,46.869016715428,7.497338572028055e-05,198.12052965821547,0.026627643889461396,0.014689425572044851,case_00538
3.1.1.dev111+g8ed579383,2.0.2,2.5.5,1.8.0,3.12.13,"{'minimumROIDimensions': 2, 'minimumROISize': 50, 'normalize': False, 'normalizeScale': 1, 'removeOutliers': 3, 'resampledPixelSpacing': [1, 1, 1], 'interpolator': 'sitkBSpline', 'preCrop': False, 'padDistance': 10, 'distances': [1], 'force2D': False, 'force2Ddimension': 0, 'resegmentRange': None, 'label': 1, 'additionalInfo': True, 'binWidth': 25}",{'Original': {}},99dcdcb79f6e5492ee703874fc135007f32e9337,3D,"(5.0, 0.8460000157356262, 0.8460000157356262)","(44, 512, 512)",-668.808012008667,-2048.0,8768.0,709a666c7c66fadacc77517e3a85b65995066243,"(5.0, 0.8460000157356262, 0.8460000157356262)","(44, 512, 512)","(7, 246, 102, 33, 132, 325)",296499,4,"(np.float64(21.17854697654967), np.float64(312.0126678336183), np.float64(282.5359444719881))","(239.02541346918196, 263.9627218969558, -105.89273488274834)","(1.0, 1.0, 1.0)","(187, 134, 297)",30.462075854658245,-1078.1405174828342,2434.9785706251587,"(1.0, 1.0, 1.0)","(187, 134, 297)","(13, 11, 11, 165, 112, 275)",1061060,4,"(np.float64(85.89174975967428), np.float64(66.87981358264378), np.float64(163.90232409100332))","(238.9793240831355, 263.956813574776, -105.89174975967428)",67.54957992070105,-203.3609952955544,2434.9785706251587,0.4394706030791364,0.2023851766751936,70.97357550959427,350.68564148598296,284.6928169097352,267.7106647109898,180.42172818150257,286.0786605114055,1060916.5416666667,154.11603035503873,0.4606037425042944,109213.78938481305,0.10294286599890468,1061060.0,10.771961513833691,102.89690264680438,10908967445.717838,2.6137782588342833,37.952839202271775,256.8104660099813,2434.9785706251587,31.233706972156835,67.54957992070105,68.2024174898929,-203.3609952955544,2638.339565920713,16.837023977306355,101.39624019089894,12.73754141125345,10908967445.717838,0.221577467215407,5718.251777387293,159.32935832910832,313435.5310442181,2655.6500392601743,34.23307635431907,2.418429007283872,0.8680055872726793,0.7040702515845402,1.4677246993712774,1.8981088949858982,0.7244818500614993,0.7120805186893596,0.9997959154559969,0.9936068980053523,-0.29467785144904685,0.8663243296998177,0.4380060228171043,12.303458503410496,0.09298041881359201,4.335506583634564,0.8906604415636944,0.19836690477403338,24.606917006820957,3.4227003844855934,9.16287634040073,100194.04427082198,0.17707387613614484,16.261141169043608,164.2263434657769,7.686134863494762,1184.985751214461,0.05309654827561356,0.007655517060784366,4.7127650807539565,231803.73364424318,0.39926169808548106,0.5290264887507268,3.4128200439261716,0.6453794251907762,110.82269041016731,0.005127273079335532,652.602975495916,0.04759356589089236,284.3138082937005,698.9256126021004,10357805.175320886,1556044110.6702888,70005.49570015275,0.007830067062418474,3200.5042298716453,0.2334090015950733,0.49133765748757147,505.1550206773991,0.003055880406268045,8.019012121510865,0.0129229261304733,10351817.223789789,35.859640347288426,1.129812742258999e-05,4208.140680335271,0.0007625053251429738,1.1671575650619481,case_00539
3.1.1.dev111+g8ed579383,2.0.2,2.5.5,1.8.0,3.12.13,"{'minimumROIDimensions': 2, 'minimumROISize': 50, 'normalize': False, 'normalizeScale': 1, 'removeOutliers': 3, 'resampledPixelSpacing': [1, 1, 1], 'interpolator': 'sitkBSpline', 'preCrop': False, 'padDistance': 10, 'distances': [1], 'force2D': False, 'force2Ddimension': 0, 'resegmentRange': None, 'label': 1, 'additionalInfo': True, 'binWidth': 25}",{'Original': {}},d322e1a5315040d101db8261e976e5fe6ac8b556,3D,"(1.0, 0.80859375, 0.80859375)","(463, 512, 512)",-578.8267684096137,-1024.0,3071.0,95454c6ec49d622e38524acf812779a83733f79f,"(1.0, 0.80859375, 0.80859375)","(463, 512, 512)","(155, 222, 164, 85, 123, 235)",135349,18,"(np.float64(200.280474920391), np.float64(292.72613022630384), np.float64(287.48245646439943))","(232.45651753176048, 236.69651936267536, -200.280474920391)","(1.0, 1.0, 1.0)","(107, 121, 212)",-1.4832532557536304,-1024.955843969288,1996.4191391682589,"(1.0, 1.0, 1.0)","(107, 121, 212)","(11, 11, 11, 85, 99, 190)",88285,13,"(np.float64(56.29363991618055), np.float64(67.56625700855184), np.float64(110.43154556266636))","(232.52724868766634, 236.66196013355184, -200.29363991618055)",68.26649418332104,-161.9088804898704,323.2261951756182,0.31162132891004135,0.17604858347661248,52.88121126694954,300.37851042394016,188.66372200293304,191.21192431435858,98.73702446397704,199.00251254695254,87941.54166666667,93.60435059432695,0.217027308504114,44065.54270504039,0.5010776689822687,88285.0,-28.031245606153224,153.22688747458628,832529525.1416445,3.438480192397037,112.1208296977296,2.174018758860426,323.2261951756182,58.85131882469491,68.26649418332104,76.06277776090874,-161.9088804898704,485.1350756654886,45.33720718265529,97.10830228325257,-0.2718312164143158,832529525.1416445,0.10118737696625499,4769.7081442541485,116.57732265706166,1083.0482214002554,-32.236469257056974,21.82266759675567,6.455198135248126,0.5431586514352139,1.8728290148599063,2.533480772788157,2.880241191407859,0.48363017350607457,0.4187512098059272,0.9848237597354215,0.9195516506723956,-0.09167894853483505,0.652112045225915,0.39780206136720186,10.617592442606615,0.016179089477917245,6.433948454645049,0.5707093785327536,0.04276793699577482,21.235184885213226,4.187200339977087,7.069466433000948,7236.245486056128,0.09817395302500638,7.886716526643958,109.08907916265636,1.7133703272505374,201.8544047246828,0.020726863146223375,0.013677849557237026,4.215099485033402,53793.837074781346,0.7283850594770228,0.8349070536418333,0.27245464023801585,0.8776672423106059,93.5252750035463,0.01242215277820823,1112.861956816334,0.10053861747369536,9.352686281694222,76.4034691480712,15732.598699069473,2415344.4044629144,106.22757744596812,0.023336066442065526,3277.2193513415846,0.29607185394720253,0.5606721174489414,41.58860108118698,0.014375353165499441,6.1242065402517945,0.1253780370391346,15668.984059949482,37.85178275370138,0.00010605230134507995,219.4743253625729,0.05041982209770895,0.01497834140082465,case_00540
3.1.1.dev111+g8ed579383,2.0.2,2.5.5,1.8.0,3.12.13,"{'minimumROIDimensions': 2, 'minimumROISize': 50, 'normalize': False, 'normalizeScale': 1, 'removeOutliers': 3, 'resampledPixelSpacing': [1, 1, 1], 'interpolator': 'sitkBSpline', 'preCrop': False, 'padDistance': 10, 'distances': [1], 'force2D': False, 'force2Ddimension': 0, 'resegmentRange': None, 'label': 1, 'additionalInfo': True, 'binWidth': 25}",{'Original': {}},d4bf41d77140fa0e69b14fcbe9e1349d8f004663,3D,"(1.0, 0.923828125, 0.923828125)","(493, 512, 512)",-579.4484103746395,-1024.0,1798.0,87a8f108d87ed14d4c7803a1f2396b6727f2e3a8,"(1.0, 0.923828125, 0.923828125)","(493, 512, 512)","(114, 217, 142, 135, 106, 278)",656471,5,"(np.float64(183.08952109080218), np.float64(274.8778483741094), np.float64(281.1489631682131))","(259.7333194893843, 253.9398872674878, -183.08952109080218)","(1.0, 1.0, 1.0)","(157, 119, 279)",15.669069860756181,-1023.2836331607471,1538.4292078963617,"(1.0, 1.0, 1.0)","(157, 119, 279)","(11, 10, 11, 135, 98, 257)",560260,5,"(np.float64(80.10361617820298), np.float64(63.893822510977046), np.float64(139.66273337379073))","(259.70081931129073, 253.93190844847703, -183.10361617820297)",95.67113636750544,-128.04217943946477,272.1835186000704,0.3471921915184953,0.16090589660037943,57.326804543703226,356.2753494738492,248.65236777477105,251.14935795259362,137.63720427268203,265.40723426462966,560266.0,123.69601936784349,0.4465547664884682,73599.05539075822,0.13136448649526872,560260.0,4.341057932164749,153.63076406623284,6872734322.42751,3.025686071769113,63.309390608530975,3.338524636697805,272.1835186000704,43.513960279241516,95.67113636750544,109.4513026371197,-128.04217943946477,400.22569803953513,28.755671635902537,110.75669030800799,-0.9357534523364711,6872734322.42751,0.15342856564385673,3114.078114134167,113.55103281717106,851.316606466841,-60.56731563330083,15.372316549731487,2.327922116871068,0.7354246335129022,1.1036002092665023,1.90505223603404,1.0770819509332896,0.5971971072982362,0.5602503390760019,0.9922099583850599,0.942025309694644,-0.18609728260365493,0.7987514998609468,0.4802175633634245,10.50185203580163,0.04094737162015191,5.345506595683778,0.76095119119675,0.09392541802182666,21.003704071603256,3.8084947366163413,4.4250596666506405,54153.53501251201,0.1361803764601441,5.677574622661471,108.26879124162528,2.737997333041839,318.76038456450925,0.029562443171775418,0.012788184563365081,4.331007888303535,227336.83544181733,0.5673860686553254,0.7091413601926578,0.7061689754812328,0.7796555483441616,82.20802957747884,0.010529364484721334,1497.4588035432594,0.0908541926673498,13.448004545625817,87.9085062492416,1339243.5005460503,167563106.3475913,11257.435178083255,0.026356471052080138,4677.962019172431,0.2838224741640839,0.5468546738599075,46.85956462602257,0.015628092147481516,6.259785122424988,0.029418484275157964,1338088.02857699,223.33177621319913,1.8784460079429407e-05,95.24539578964244,0.027360913586525967,0.002547038413411933,case_00541
3.1.1.dev111+g8ed579383,2.0.2,2.5.5,1.8.0,3.12.13,"{'minimumROIDimensions': 2, 'minimumROISize': 50, 'normalize': False, 'normalizeScale': 1, 'removeOutliers': 3, 'resampledPixelSpacing': [1, 1, 1], 'interpolator': 'sitkBSpline', 'preCrop': False, 'padDistance': 10, 'distances': [1], 'force2D': False, 'force2Ddimension': 0, 'resegmentRange': None, 'label': 1, 'additionalInfo': True, 'binWidth': 25}",{'Original': {}},9f37cd48725a7bdf4d8685e1b03ace752724a7b3,3D,"(2.0, 0.703125, 0.703125)","(226, 512, 512)",-633.8160264513134,-2048.0,1499.0,d11f983302a5da5f56c31763264211dedda01e7f,"(2.0, 0.703125, 0.703125)","(226, 512, 512)","(29, 280, 65, 65, 124, 336)",523136,9,"(np.float64(56.081063050526055), np.float64(346.4396849002936), np.float64(243.31693479324687))","(171.08221977650172, 243.59040344551894, -112.16212610105211)","(1.0, 1.0, 1.0)","(151, 109, 258)",41.729792720170096,-2192.335084894344,1268.1077867675745,"(1.0, 1.0, 1.0)","(151, 109, 258)","(11, 11, 11, 130, 87, 236)",517268,5,"(np.float64(65.66382996821764), np.float64(57.44085464401432), np.float64(135.9704137893703))","(171.1188512893703, 243.58929214401434, -112.16382996821764)",108.59893742841028,-149.50086306719513,270.4707630743542,0.3579439295978755,0.18666169498151838,58.347019524772506,312.58164419084227,235.33168082517068,236.04448733236708,128.5496013218244,237.47631460842575,517391.5833333333,111.88670204183502,0.4179597638646307,74569.72744195534,0.14412628624828874,517268.0,14.120366879245699,168.6419912534682,7931520288.649089,3.085485721546084,68.1667057798831,3.5849965001695416,270.4707630743542,46.41111748610184,108.59893742841028,124.99644822872786,-149.50086306719513,419.97162614154934,30.487617375862,123.8284433996333,-1.0505056356846016,7931520288.649089,0.14949709102369785,3539.7541841964053,125.38492366273952,1063.4418380621553,-75.01965861993332,17.00012603943526,2.8075613323170012,0.7144915470067595,1.1901906091626497,2.003244555704991,1.3458590667409196,0.585806157573432,0.5457317116736904,0.9907169126256322,0.9381867437915591,-0.1766079524916406,0.7855212798312786,0.4675984732528723,11.03790393186287,0.03964865113961665,5.4665181594819465,0.743759362841987,0.10315311404742464,22.075807863725743,3.847003648597683,4.9519218429380665,49041.17535194014,0.13152967457181491,6.477001450398283,119.0411854834865,2.7285959599797334,353.4284126099711,0.026978667287725022,0.012159261492860588,4.355453623075908,219765.08025218637,0.5844699215308581,0.7191136152602936,0.7259572477787979,0.7907207433236224,91.41403712094615,0.010248060869403523,1971.4192541042112,0.08794696886617645,13.204328945519057,80.35934154175588,804059.5736973591,114072732.88423447,5847.820886348785,0.029426928885229995,5744.254907209136,0.2562569105642905,0.5125345121872656,38.314967823912674,0.017718842885488202,6.405762082970304,0.04333536967297416,803527.0793662666,210.44519909132032,1.9082851066050087e-05,106.82385963956858,0.0349544595530975,0.0026332236797697523,case_00542
3.1.1.dev111+g8ed579383,2.0.2,2.5.5,1.8.0,3.12.13,"{'minimumROIDimensions': 2, 'minimumROISize': 50, 'normalize': False, 'normalizeScale': 1, 'removeOutliers': 3, 'resampledPixelSpacing': [1, 1, 1], 'interpolator': 'sitkBSpline', 'preCrop': False, 'padDistance': 10, 'distances': [1], 'force2D': False, 'force2Ddimension': 0, 'resegmentRange': None, 'label': 1, 'additionalInfo': True, 'binWidth': 25}",{'Original': {}},4d6df2ea0bc9dcbb9a36433b5b8acd8ca4e8bf32,3D,"(1.0, 0.76171875, 0.76171875)","(457, 512, 512)",-527.5159698920386,-1024.0,1814.0,ce5c77226cc5c93d5ca023cc50dbbc8265bad6c2,"(1.0, 0.76171875, 0.76171875)","(457, 512, 512)","(45, 211, 113, 157, 153, 289)",508775,21,"(np.float64(116.12338263475996), np.float64(306.139666846838), np.float64(241.02442336985897))","(183.59282248875977, 233.19232435598988, -116.12338263475996)","(1.0, 1.0, 1.0)","(179, 138, 242)",47.52346342887037,-1043.2580813636985,1609.4043867889632,"(1.0, 1.0, 1.0)","(179, 138, 242)","(11, 11, 11, 157, 116, 220)",295102,19,"(np.float64(82.16955154488956), np.float64(83.06132455896605), np.float64(108.43038678151962))","(183.54952740651962, 233.18046518396605, -116.16955154488956)",155.3024194458525,-182.62746299916742,392.1465785496968,0.3113459870073528,0.18363685604985874,56.43128218578437,307.2982373999197,225.30423875284725,210.2974084481309,128.14054783713078,227.705950734714,292403.0416666667,95.6760730288978,0.3100900373126588,68704.3499996483,0.23496455306360942,295102.0,22.95794754762949,235.82822624916813,9055423683.72913,3.493319231810312,92.78872626792176,3.4272430989280194,392.1465785496968,63.6532329181899,155.3024194458525,179.37869911080557,-182.62746299916742,574.7740415488643,42.02605681709112,175.17346113232102,-1.0364462113325852,9055423683.72913,0.11426936733829454,6566.899999341262,231.93016236921648,3790.5444099800143,-200.46569860655922,32.27572963638427,4.72339042314418,0.7434197549172021,1.5234028215439157,2.299755029595606,2.3586908389001517,0.5349810048336731,0.48347069819164523,0.9921636183787201,0.9434587543117731,-0.16999713297777413,0.8152651375546054,0.44256211608839363,15.001326924820916,0.024828559426917005,6.226013603320553,0.76670540973768,0.06283867930163625,30.00265384964184,4.276879012763026,9.249780014882107,23643.759484699396,0.10312211458988413,11.47862922051224,220.7401578170347,2.1096534360639017,499.2600960522974,0.011567646344702363,0.00636211487476981,4.542597120275996,149521.0750945796,0.6504126705691907,0.7764981391049667,0.4377453124188039,0.8334909056000114,179.8365494072032,0.005542379105896637,1655.655819457358,0.06997108526148921,17.504963833590214,156.3686078945144,161748.7956216719,43043196.71147832,618.7784403541027,0.011507185049562612,7493.221283069901,0.31667742722804076,0.5799046797166697,91.07450868043117,0.007000374672862854,6.446417562219909,0.08018244539176285,161593.2558684127,57.127040012107656,3.5675967185837136e-05,266.17640188341727,0.03940497100817762,0.010038556993962673,case_00543
3.1.1.dev111+g8ed579383,2.0.2,2.5.5,1.8.0,3.12.13,"{'minimumROIDimensions': 2, 'minimumROISize': 50, 'normalize': False, 'normalizeScale': 1, 'removeOutliers': 3, 'resampledPixelSpacing': [1, 1, 1], 'interpolator': 'sitkBSpline', 'preCrop': False, 'padDistance': 10, 'distances': [1], 'force2D': False, 'force2Ddimension': 0, 'resegmentRange': None, 'label': 1, 'additionalInfo': True, 'binWidth': 25}",{'Original': {}},0306895c94f077a1fa3ff3d5a87c2fb638df949c,3D,"(1.0, 0.9140625, 0.9140625)","(540, 512, 512)",-560.0835240116826,-1024.0,3071.0,d854c1d64cec0285bc884b3d9754d643c9988d20,"(1.0, 0.9140625, 0.9140625)","(540, 512, 512)","(156, 244, 106, 129, 94, 263)",518041,3,"(np.float64(218.83554004412778), np.float64(292.0261156935455), np.float64(236.56078959001314))","(216.23134673462138, 266.9301213761314, -218.83554004412778)","(1.0, 1.0, 1.0)","(151, 108, 262)",5.917248352721208,-1032.7845239226667,1647.61987901809,"(1.0, 1.0, 1.0)","(151, 108, 262)","(11, 11, 11, 129, 86, 240)",432144,3,"(np.float64(73.84821726091303), np.float64(54.89411399903736), np.float64(130.16942500647932))","(216.21239375647932, 266.93708274903736, -218.84821726091303)",132.9391511635933,-150.6205601487952,905.3965296784188,0.352124292061538,0.15313566670125672,51.67943613018526,337.474849872849,240.2019983264086,238.30232898568156,128.79829191413992,244.06146766747102,431853.3333333333,118.83309260005076,0.4215895364083066,65536.78789449633,0.15175704998879944,432144.0,18.13577217347788,201.30144004780703,9753602718.443148,3.259718071898103,71.16102609037529,3.9939155858025126,905.3965296784188,53.290734640781935,132.9391511635933,152.22099687283531,-150.6205601487952,1056.017089827214,33.49427860965529,150.234019616908,-1.1764205669851013,9753602718.443148,0.13630133365980224,4897.442738156789,175.52924762790852,2175.6989287787414,-132.95153067459884,22.366281966730494,4.1780222216462075,0.6832817840867752,1.4570563788226802,2.2389317964112574,2.0125849555629545,0.5408576583820133,0.490440951236413,0.9978666715842147,0.9688619070744989,-0.14010239177899847,0.7471078083237757,0.4482770459457467,13.075951332431277,0.03118128832065255,5.8687409890077245,0.71508654468393,0.07841811861382898,26.151902664862554,3.9916972868489653,6.636076047094177,40088.81654184877,0.1209975933492114,8.869161722286012,167.36290551252358,2.1925303207333986,393.1133669295924,0.016002589807729263,0.008744437990306043,4.363261233149922,211774.51217554635,0.6370680539140043,0.7661724937841233,0.4717706178750032,0.825251640009341,134.8641186507284,0.0076270957974294085,2286.8275038162874,0.07588861431659545,16.67437072375587,116.28383221610142,360568.01752173627,71219806.4424902,1854.8414342502422,0.018687270864609012,9151.02960111502,0.3036778921190356,0.5681611304270092,66.4589967326797,0.011533606088976073,6.437144408173002,0.06973138583435151,360362.3605639374,71.89706149134464,2.1854040251667702e-05,532.7366804818813,0.016877343231054328,0.019161983627114777,case_00544
3.1.1.dev111+g8ed579383,2.0.2,2.5.5,1.8.0,3.12.13,"{'minimumROIDimensions': 2, 'minimumROISize': 50, 'normalize': False, 'normalizeScale': 1, 'removeOutliers': 3, 'resampledPixelSpacing': [1, 1, 1], 'interpolator': 'sitkBSpline', 'preCrop': False, 'padDistance': 10, 'distances': [1], 'force2D': False, 'force2Ddimension': 0, 'resegmentRange': None, 'label': 1, 'additionalInfo': True, 'binWidth': 25}",{'Original': {}},1ff4610ba1baf5c2c9aaf124a240a3c4ba93d2fd,3D,"(1.0, 0.90625, 0.90625)","(344, 512, 512)",-530.4998096643492,-1024.0,1852.0,5106b76e67afe289811ebe5758032e46cb2a9f6e,"(1.0, 0.90625, 0.90625)","(344, 512, 512)","(121, 196, 108, 131, 123, 267)",394492,5,"(np.float64(190.704331139795), np.float64(256.3046905894163), np.float64(173.8124499356134))","(157.51753275414964, 232.27612584665852, -190.704331139795)","(1.0, 1.0, 1.0)","(153, 133, 264)",10.605554846021851,-925.6154151794923,1615.4909236508852,"(1.0, 1.0, 1.0)","(153, 133, 264)","(11, 11, 11, 131, 111, 242)",323696,4,"(np.float64(80.73345978943206), np.float64(65.19071598042608), np.float64(70.37367468241807))","(157.42054968241808, 232.2375909804261, -190.73345978943206)",144.2717884985118,-190.04327522552327,897.8330968315271,0.4735362406358314,0.2397063943145616,57.10618605560196,238.23388699703494,233.43093196918014,214.1494805036893,139.38794782907166,257.14781741247583,323322.9583333333,112.8123792406374,0.46814385707604433,48662.65776465738,0.15050789469298398,323696.0,11.563553807066015,228.08683689905507,8860044766.61276,3.5448940354749103,86.05743315423541,3.752130532638256,897.8330968315271,61.97885240845597,144.2717884985118,162.67539343655736,-190.04327522552327,1087.8763720570503,39.98435227844503,165.44334100010232,-0.842633332743042,8860044766.61276,0.10926813620793129,6557.150124716812,218.26148822994762,4028.6516179506807,-154.20085802683985,31.382097112960402,5.122782813588729,0.7175327280594312,1.6177313263650637,2.3579759348369453,2.4511724821612386,0.5167318801269235,0.4602727412425814,0.9973945030925706,0.965631233843279,-0.15763194932644015,0.7989714817241228,0.4317222177044947,14.549706471724853,0.021265871778868774,6.371868574785349,0.7387927052717331,0.05188163098189291,29.099412943449686,4.33441645973618,9.126219981637288,25586.844374914737,0.10018692899557664,11.548113333682371,209.60312400370776,2.0077003195533085,444.10853487280264,0.01192832762522339,0.006816690239216063,4.548189360038043,169792.75487217313,0.6630869354139998,0.7886383425284123,0.3879625145549506,0.8409988806912992,173.1280412544074,0.005976237854587414,1544.9173846933604,0.06525246598637272,21.96470776385638,158.83375570197668,302536.0157121135,73254430.84347019,1271.370006626012,0.012766205227543431,7097.712451427606,0.2997851179011491,0.5643557248876772,91.6126397229587,0.007616754027375928,6.715826887157204,0.07314270179427611,302349.09475209354,33.85146400284278,3.207537841433547e-05,935.7328814945648,0.014475929809868738,0.04439018842994701,case_00545
3.1.1.dev111+g8ed579383,2.0.2,2.5.5,1.8.0,3.12.13,"{'minimumROIDimensions': 2, 'minimumROISize': 50, 'normalize': False, 'normalizeScale': 1, 'removeOutliers': 3, 'resampledPixelSpacing': [1, 1, 1], 'interpolator': 'sitkBSpline', 'preCrop': False, 'padDistance': 10, 'distances': [1], 'force2D': False, 'force2Ddimension': 0, 'resegmentRange': None, 'label': 1, 'additionalInfo': True, 'binWidth': 25}",{'Original': {}},291201f321b5521d629931911495d41952d6ed7d,3D,"(5.0, 0.6800000071525574, 0.6800000071525574)","(30, 512, 512)",-820.2458525339763,-2048.0,1583.0,e05bd29b88325af3ddb6ba38e579300111fd214b,"(5.0, 0.6800000071525574, 0.6800000071525574)","(30, 512, 512)","(4, 243, 120, 24, 144, 296)",200651,15,"(np.float64(15.757280053426099), np.float64(323.2580600146523), np.float64(235.48430359180867))","(160.1293281267449, 219.8154831220854, -78.78640026713049)","(1.0, 1.0, 1.0)","(142, 120, 223)",65.10014299535815,-1113.3622118122385,1441.7146865027387,"(1.0, 1.0, 1.0)","(142, 120, 223)","(13, 11, 11, 120, 98, 201)",463980,14,"(np.float64(73.79843958791328), np.float64(65.65485581275055), np.float64(88.94066554592871))","(160.10066554235243, 219.81485580917428, -78.79843958791328)",107.10564042435847,-124.30077712626756,639.290539402302,0.4742379058391633,0.24239315926233898,59.172062320165885,244.1160571537612,201.48697228356974,201.71762441591463,136.60527076214885,202.25231766286387,463548.5833333333,115.76908772631322,0.4515531643571862,64146.36826368703,0.13838111164619823,463980.0,24.937282243120716,157.98190398097455,7199888107.921731,3.0813616635502736,66.4475005798654,11.780733242071463,639.290539402302,44.4574399737868,107.10564042435847,115.15271264048573,-124.30077712626756,763.5913165285696,28.710681435253484,124.56993657234176,1.1429852918616605,7199888107.921731,0.15342122113042364,4046.050886925287,103.97676128712945,6960.236984805753,157.12781166881354,22.522291274374354,1.6924707895337683,0.859419779210959,0.7791558515386661,1.645647412922504,1.0620679737645313,0.7002860428702466,0.6815087751941777,0.998283269947552,0.9764407213775784,-0.3320926157879456,0.9219311142004627,0.4293179659703411,9.938204749790554,0.059748561921113996,5.014242307861377,0.8995405786592673,0.15734945717838092,19.87640949958111,3.9096321739326,6.05369051597703,32688.152651484856,0.12490183657517699,8.627811301657157,98.52024242915796,6.173348701370836,659.6423870222897,0.07112538786770718,0.01588506051846367,4.977144542012212,118159.65010305603,0.4452377915924402,0.5619468014204856,2.7185053899390867,0.6902409548414593,66.10171908786857,0.012077641445715213,459.6223021582734,0.06358913975626361,31.285094854174982,119.61856668511345,2440123.072219148,262378743.58688435,24036.199214799683,0.034010525497473534,1232.4764803541782,0.17051417824490567,0.40545876942898457,54.21647717302996,0.013277663730901688,7.6260897383887,0.015578257683520842,2436002.45537645,59.379404420721976,3.4700113310476944e-05,266.6989518968779,0.006944758317359429,0.03394354259229999,case_00546
3.1.1.dev111+g8ed579383,2.0.2,2.5.5,1.8.0,3.12.13,"{'minimumROIDimensions': 2, 'minimumROISize': 50, 'normalize': False, 'normalizeScale': 1, 'removeOutliers': 3, 'resampledPixelSpacing': [1, 1, 1], 'interpolator': 'sitkBSpline', 'preCrop': False, 'padDistance': 10, 'distances': [1], 'force2D': False, 'force2Ddimension': 0, 'resegmentRange': None, 'label': 1, 'additionalInfo': True, 'binWidth': 25}",{'Original': {}},98edafad02d248b1bd59bf4d06737fdd78daaef3,3D,"(3.0, 0.85546875, 0.85546875)","(165, 512, 512)",-523.909921357126,-1024.0,2716.0,402cf879c5f0a4333e0821fd9e2040d9c131b681,"(3.0, 0.85546875, 0.85546875)","(165, 512, 512)","(32, 234, 114, 49, 95, 282)",217797,5,"(np.float64(54.474698916881316), np.float64(281.0091002171747), np.float64(244.2030147339036))","(208.90804776064408, 240.39450370141117, -163.42409675064394)","(1.0, 1.0, 1.0)","(169, 104, 263)",9.550792831725284,-924.5490672710544,1881.4208071827468,"(1.0, 1.0, 1.0)","(169, 104, 263)","(12, 11, 11, 147, 81, 241)",478065,5,"(np.float64(80.4184556493364), np.float64(51.31222741677387), np.float64(121.79310972357315))","(208.86537534857314, 240.38449304177388, -163.4184556493364)",67.80117621893024,-114.1923286110073,466.20488834754076,0.36305337796272485,0.15132397292866212,52.146250604911714,344.6000630018798,241.25090673404733,241.25090673404733,136.2974687952788,247.39846402110098,477993.0,125.10821691900026,0.4275270674714499,69151.48853241066,0.14467050465678505,478065.0,5.4614390480639985,111.84487225488834,3225322777.1278176,2.7660072109062304,49.490710370359864,7.627414310922643,466.20488834754076,33.506666834370144,67.80117621893024,73.84471644485387,-114.1923286110073,580.397216958548,21.322097754515543,82.13780958407828,0.3152054411960761,3225322777.1278176,0.18673752083511003,2149.6202665998694,72.17504721527735,1146.166120913057,26.42005426521757,10.727751601881256,1.7315475655328512,0.7203932887685492,0.9251104982715592,1.7220713702628783,0.8453602060157712,0.6387136349973548,0.6111165842044314,0.9970435781343296,0.9641734332998334,-0.190108538905638,0.7741325229051562,0.4841802098188908,8.362115760515776,0.05831683784328921,4.8366769862785635,0.9038297405433973,0.13488743832025846,16.72423152103155,3.5109396322702073,3.114824791853527,51700.87722841022,0.1630648255200223,4.1436310531713385,68.90760820942583,3.812013264788203,281.22708499687394,0.06284809978448873,0.02044043788811057,4.268619869107896,168672.24050110023,0.5231704238561492,0.6604840506883115,1.2679528844794878,0.7458621769527765,50.21759704872317,0.016305138400680482,1363.2326575863162,0.10795317212435193,10.803391842132696,56.34985745961356,1779178.9704624643,135500521.0274786,24589.788667963236,0.049245049002650323,2584.6420652518214,0.20467548822076506,0.43609517342888876,23.096657880823162,0.025860081435006826,6.4377120025792065,0.02641481806867267,1777745.7772182694,159.85896776516998,1.986373364361189e-05,210.87955946213083,0.008552517854905769,0.010460357304441257,case_00547
3.1.1.dev111+g8ed579383,2.0.2,2.5.5,1.8.0,3.12.13,"{'minimumROIDimensions': 2, 'minimumROISize': 50, 'normalize': False, 'normalizeScale': 1, 'removeOutliers': 3, 'resampledPixelSpacing': [1, 1, 1], 'interpolator': 'sitkBSpline', 'preCrop': False, 'padDistance': 10, 'distances': [1], 'force2D': False, 'force2Ddimension': 0, 'resegmentRange': None, 'label': 1, 'additionalInfo': True, 'binWidth': 25}",{'Original': {}},41f9ace3e1de00c67500ef96d3ea9b1bf34ea55e,3D,"(5.0, 0.9765625, 0.9765625)","(51, 512, 512)",-500.2494737961713,-1024.0,1216.0,7dd1b5835955d693df9f3a98ebd7d08d59a8e114,"(5.0, 0.9765625, 0.9765625)","(51, 512, 512)","(19, 251, 140, 26, 97, 249)",128408,2,"(np.float64(31.84978350258551), np.float64(298.9574247710423), np.float64(266.09878667995764))","(259.86209636714614, 291.950610127971, -159.24891751292756)","(1.0, 1.0, 1.0)","(152, 117, 265)",2.629525248903498,-889.6934543119268,1243.9498726353233,"(1.0, 1.0, 1.0)","(152, 117, 265)","(13, 11, 11, 130, 95, 243)",608650,2,"(np.float64(79.28706974451656), np.float64(57.94712889180974), np.float64(133.6509488211616))","(259.6626675711616, 291.9588476418097, -159.28706974451654)",73.56065807946591,-133.01359661465486,196.74024485135803,0.35366747895040496,0.18797355049268388,62.80474325045235,334.1147894788356,244.1823089414956,240.46829312822095,130.3878828726044,244.38698819699874,608655.5416666666,118.16553527502508,0.410948223400103,84517.1293285953,0.138858719822322,608650.0,8.000663284084242,119.35814680276513,4455893793.275119,2.7143699699475317,49.03908347002998,3.93626337675739,196.74024485135803,33.46340307721206,73.56065807946591,83.07188099389104,-133.01359661465486,329.7538414660129,21.608072323434737,85.56252694401981,-1.0395764718609697,4455893793.275119,0.1903955505289717,1909.775599962026,93.61766716776258,339.18792083798104,-30.324034117519204,8.867145932813704,1.920763342997914,0.6409003519101966,1.005115486006121,1.7817236895158404,0.8668007528178947,0.6171860134503686,0.5841944909358527,0.9905551045287174,0.9365795201504477,-0.15557342361795073,0.705860420701826,0.48080960282053886,9.585403083420672,0.05741661438980861,4.8374245742693365,0.6946249509207677,0.12810639828506792,19.170806166841345,3.408119894378494,2.6969773189529045,70122.19227556829,0.16696992272758507,3.6261372336695277,89.63193775861046,3.659223555964801,353.3574171919637,0.043877907373416354,0.014295723789257102,4.112468605200672,233583.9751444062,0.5462634924858312,0.6862361215552706,1.2272185976114782,0.7616754204943541,66.80256119929994,0.011437566795479196,1612.9404862878146,0.11400484070453877,10.510550702980865,68.556898501555,2310949.774950523,232605878.68186316,23714.73448755226,0.03200843684078837,2186.982612383376,0.15457892369121967,0.36688046361608195,19.852611050772005,0.015357885438231373,6.707653325540831,0.023244886223609627,2309099.036062945,375.69946345331164,1.4757267090348039e-05,66.01929595270316,0.02471228097606025,0.0014879035619315745,case_00548
3.1.1.dev111+g8ed579383,2.0.2,2.5.5,1.8.0,3.12.13,"{'minimumROIDimensions': 2, 'minimumROISize': 50, 'normalize': False, 'normalizeScale': 1, 'removeOutliers': 3, 'resampledPixelSpacing': [1, 1, 1], 'interpolator': 'sitkBSpline', 'preCrop': False, 'padDistance': 10, 'distances': [1], 'force2D': False, 'force2Ddimension': 0, 'resegmentRange': None, 'label': 1, 'additionalInfo': True, 'binWidth': 25}",{'Original': {}},93bfc7a200399d1c02dcc296d4f0ff8104cf439f,3D,"(5.0, 0.8203125, 0.8203125)","(48, 512, 512)",-413.38110335667926,-1024.0,3071.0,29955ac4bbc5199c7a8ab56476cc6ba851ac24ce,"(5.0, 0.8203125, 0.8203125)","(48, 512, 512)","(21, 238, 121, 22, 122, 277)",120061,3,"(np.float64(31.584311308418222), np.float64(295.7577481446931), np.float64(258.9917375334205))","(212.45415969538402, 242.61377777494354, -157.9215565420911)","(1.0, 1.0, 1.0)","(132, 122, 250)",14.613587446472138,-723.1412946642569,3673.2021124284593,"(1.0, 1.0, 1.0)","(132, 122, 250)","(13, 11, 11, 110, 100, 227)",403680,3,"(np.float64(67.92310741181133), np.float64(58.52257976615141), np.float64(124.42453180737218))","(212.51437555737218, 242.6124235161514, -157.92310741181132)",101.03234272766323,-166.65570795884668,1613.3106072563933,0.34286503479224845,0.162667457954705,51.12329426110106,314.2810178747394,225.43513479491168,227.96929617823537,128.3160161476345,228.68318696397424,403442.9583333333,107.75597212816577,0.4116614390643154,64140.45401549547,0.15898270794083666,403680.0,3.2474252132472645,157.75635849878094,7207091052.64919,3.2844564489602317,73.1782926652991,51.92059633907738,1613.3106072563933,51.55692736535316,101.03234272766323,109.84742892959027,-166.65570795884668,1779.96631521524,31.72688567353749,133.616898839898,4.556759359890305,7207091052.64919,0.13827615090493658,7645.94137855153,147.68803809463364,104587.71123302715,1398.6157001340907,42.42329948420182,4.458215535319738,0.8092502666283685,1.237960625503174,2.0220800688807303,2.8678440428401872,0.5927867899656329,0.5552015418337227,0.9991667414903108,0.9835707866473322,-0.22579249745378746,0.8566509083424645,0.4688294941198024,11.75559292925673,0.03866693271900075,5.680132651333235,0.8283117344096012,0.09015817866814278,23.511185858513475,4.080713422624582,11.720378754880398,34578.410348239464,0.11990367971255647,15.671335946105229,146.0818181581348,3.0257882005945933,443.08937914694513,0.026035263364215057,0.010196772653473987,4.609583857853929,168136.02579879508,0.577913419973201,0.7112915027897191,0.9226660220237828,0.7863586302063014,115.7752373052067,0.008382001798749036,685.6127292340884,0.04930692047710093,128.87249772270638,348.12542250988855,736659.5857605177,108705989.04235886,5204.843153123062,0.01620530506650916,3485.5753326141676,0.2506706459988614,0.5091085828000222,231.96607438709796,0.0077903898839248135,7.637327552490359,0.034445600475624255,735816.7703266153,24.101015020190548,2.8567165421613595e-05,2816.712604087243,0.0038731090342710205,0.4647127540049028,case_00549
3.1.1.dev111+g8ed579383,2.0.2,2.5.5,1.8.0,3.12.13,"{'minimumROIDimensions': 2, 'minimumROISize': 50, 'normalize': False, 'normalizeScale': 1, 'removeOutliers': 3, 'resampledPixelSpacing': [1, 1, 1], 'interpolator': 'sitkBSpline', 'preCrop': False, 'padDistance': 10, 'distances': [1], 'force2D': False, 'force2Ddimension': 0, 'resegmentRange': None, 'label': 1, 'additionalInfo': True, 'binWidth': 25}",{'Original': {}},e18cc35103f43227bc3d3efb0d18e6f717235955,3D,"(5.0, 0.703125, 0.703125)","(37, 512, 512)",-379.40598544558964,-1024.0,2168.0,1dccb32e906a6e7ac0bc2c5f11db1e033e0685ef,"(5.0, 0.703125, 0.703125)","(37, 512, 512)","(11, 285, 117, 23, 112, 292)",176436,2,"(np.float64(21.518692330363418), np.float64(340.93055838944434), np.float64(266.68245709492396))","(187.5111026448684, 239.71679886757806, -107.5934616518171)","(1.0, 1.0, 1.0)","(137, 100, 228)",45.57670337127092,-921.1313415931718,1903.219273144212,"(1.0, 1.0, 1.0)","(137, 100, 228)","(13, 10, 11, 115, 79, 206)",436145,2,"(np.float64(67.60320535601691), np.float64(49.55847252633872), np.float64(116.39150970434144))","(187.53994720434144, 239.70691002633873, -107.60320535601691)",122.2664617654072,-200.38455658215173,1903.219273144212,0.3892891357160045,0.19233395830506161,53.69732569903295,279.187961253641,205.91503102007877,207.8942038634074,129.25169244539896,209.38481320286817,436128.9166666667,108.68484013874325,0.4824286651391493,57649.331370257314,0.13218415282084744,436145.0,28.939889282424037,167.81127995818906,11226879522.415638,3.103735256053574,54.42140120418185,75.7473542727888,1903.219273144212,48.290456791881596,122.2664617654072,128.79220978806626,-200.38455658215173,2103.6038297263635,25.278464285275813,160.44052782073993,6.599947076391781,11226879522.415638,0.17063657254825487,10792.075294765835,226.65449303742167,312070.7833573395,3447.6953990253346,61.18434716845579,6.003888786701011,0.8208930540962972,1.1402264408318388,1.9390527432115536,4.648370914985891,0.6425379719795798,0.6157913175231454,0.9992332512052979,0.9874303730226385,-0.24371543383732333,0.859509886021143,0.45488070820050475,14.589624472771229,0.059435728358302464,5.27802440935016,0.8562283930502108,0.15888981876167427,29.179248945542483,3.8904024926698018,16.797058988789235,37890.62295015646,0.13494393745319344,25.487206792639014,228.40973309031776,4.277654575011761,950.5600575582032,0.02194113734148006,0.006133408471067931,4.766962053741073,144381.0217685391,0.5097321453671778,0.638974335458303,1.6070987626735718,0.7393513273819322,172.33822191572895,0.004789860440885558,667.1658150229944,0.04261406585481568,211.69855162289034,570.3020567194686,955163.9457715892,210420243.26730967,4393.2381733359225,0.008414311667759963,4172.30160960654,0.26649856985223175,0.528112205718114,395.3561779191401,0.0038347456435263148,7.807917011941369,0.035896318884774556,954387.8770666572,17.047790709619537,2.619668001782556e-05,3753.887577235916,0.003433123417138468,0.8074549410101658,case_00550
3.1.1.dev111+g8ed579383,2.0.2,2.5.5,1.8.0,3.12.13,"{'minimumROIDimensions': 2, 'minimumROISize': 50, 'normalize': False, 'normalizeScale': 1, 'removeOutliers': 3, 'resampledPixelSpacing': [1, 1, 1], 'interpolator': 'sitkBSpline', 'preCrop': False, 'padDistance': 10, 'distances': [1], 'force2D': False, 'force2Ddimension': 0, 'resegmentRange': None, 'label': 1, 'additionalInfo': True, 'binWidth': 25}",{'Original': {}},24b875684f3f9334e2e0f57071480115b0258f35,3D,"(5.0, 0.64453125, 0.64453125)","(45, 512, 512)",-452.4357093811035,-1024.0,3071.0,fc389914bb697bb7f37a9de2b64f9590eb098d52,"(5.0, 0.64453125, 0.64453125)","(45, 512, 512)","(14, 269, 82, 28, 162, 336)",172679,16,"(np.float64(25.275100041116755), np.float64(373.60524441304386), np.float64(278.71684454971364))","(179.64171621368263, 240.80025518809467, -126.37550020558378)","(1.0, 1.0, 1.0)","(162, 126, 239)",35.709280608006516,-1116.9931623392956,1331.8240062330326,"(1.0, 1.0, 1.0)","(162, 126, 239)","(13, 10, 11, 140, 105, 216)",359210,12,"(np.float64(71.38971632192867), np.float64(77.63546393474569), np.float64(137.45373180033963))","(179.63146617533963, 240.8131983097457, -126.38971632192867)",75.0840374763761,-106.28112497572127,1055.1258018046813,0.5235806814812132,0.24650400787815688,62.26913321535561,252.6090092869171,217.329243315298,212.235718011837,150.60212481900777,217.33844574764032,358940.375,132.26119723073813,0.26705355468020897,91460.58386501462,0.25480717755703747,359210.0,12.48861333605971,110.44130204962377,3074837143.648404,2.6172033519791884,43.68548483503852,45.6371843099178,1055.1258018046813,32.48450879578706,75.0840374763761,82.77285521763523,-106.28112497572127,1161.4069267804025,19.338128042656354,92.52026118407139,3.7504849992197484,3074837143.648404,0.22182704032624773,2922.3860458149434,78.62174020503517,14303.148131309405,290.90432810362233,15.932420130080011,1.4347222282109604,0.8336591892711158,0.7417500884126889,1.5526695621029345,0.8629086961664931,0.6990728838416698,0.6826171685824183,0.9993846203621247,0.9851268587122688,-0.25678487845072867,0.8335403148869196,0.4566425656113013,8.66001349206576,0.09351850236133302,4.355821992005008,0.906258262504988,0.22007262798548638,17.320026984131523,3.344478001773586,4.341785589572743,37502.84138264058,0.17588119623399903,6.851269552637012,76.2529019131611,5.427267150447103,428.96561705507827,0.0802322192587395,0.018899459985456116,4.450182343511463,99423.72712745634,0.45803824860660736,0.590183586631347,2.1873531014206247,0.6973314689629896,53.07765202240672,0.014239734665387459,477.0553765016115,0.06988798366563309,52.292455257808925,150.44638148256666,2089011.9897450923,170769251.87943158,26326.50094335917,0.03497046170652704,1175.1649575153824,0.172160116834952,0.40159407040101375,74.72529439430835,0.014777272827212673,7.557505855532167,0.019002811725731466,2086242.726325268,45.232390311191914,3.010923282855159e-05,849.8241169497581,0.002183444709295827,0.23377197246582174,case_00551
3.1.1.dev111+g8ed579383,2.0.2,2.5.5,1.8.0,3.12.13,"{'minimumROIDimensions': 2, 'minimumROISize': 50, 'normalize': False, 'normalizeScale': 1, 'removeOutliers': 3, 'resampledPixelSpacing': [1, 1, 1], 'interpolator': 'sitkBSpline', 'preCrop': False, 'padDistance': 10, 'distances': [1], 'force2D': False, 'force2Ddimension': 0, 'resegmentRange': None, 'label': 1, 'additionalInfo': True, 'binWidth': 25}",{'Original': {}},adfd8182f7c08baf5ed7ce7cadaaac9eca8e5a78,3D,"(2.5, 0.8945310115814209, 0.8945310115814209)","(183, 512, 512)",-845.9109534175018,-2048.0,1688.0,a8502ae6b2f3fa31cdcb54e1daa6ce34c5930f32,"(2.5, 0.8945310115814209, 0.8945310115814209)","(183, 512, 512)","(33, 247, 121, 59, 91, 233)",180503,4,"(np.float64(63.760292072707934), np.float64(297.8701739029268), np.float64(231.37986072253648))","(206.97646087169883, 266.4541079813189, -159.40073018176983)","(1.0, 1.0, 1.0)","(169, 103, 231)",12.291527097776896,-1026.2720687251167,1425.2985922265686,"(1.0, 1.0, 1.0)","(169, 103, 231)","(11, 11, 11, 148, 81, 209)",361635,3,"(np.float64(88.88521575621829), np.float64(56.436263082942745), np.float64(109.94472880113928))","(206.99746329534855, 266.488997577152, -159.1352157562183)",109.11711929324443,-119.12234475337262,247.98225746692444,0.38477074521586985,0.19437131572557637,55.62691481308006,286.18890912698794,212.5323504786977,201.63581031156147,124.72369462135092,222.02927734873165,361333.9583333333,110.11711983730801,0.36214574224807616,67744.37806648464,0.1874841168512314,361635.0,-0.11951319064197478,174.4754598811063,5822764972.000673,3.1216508405658168,75.28793187724719,3.1713798384632663,247.98225746692444,51.56619661910314,109.11711929324443,130.25749795382941,-119.12234475337262,367.10460222029707,34.53935187772645,126.89058580839286,-1.0191702121635207,5822764972.000673,0.14840037272103726,4194.675043940984,107.3663166494713,1453.8443975616315,-97.07973468488451,20.598402326414302,2.1190068597946707,0.8114677251196876,0.9452450903563447,1.835579705406735,1.1961942898803548,0.6572887517043282,0.6302062820440356,0.9910701531444682,0.9448197642561851,-0.28457761743165944,0.896040741843265,0.43794792214175426,10.136236809019907,0.05501461914750743,5.17153693620158,0.8363744052500005,0.15874178690690466,20.272473618039815,3.94220696431782,5.679352296552243,26077.731495836833,0.1151576602123454,7.946106947373679,94.19543185271355,4.1273478374271155,475.90177006910073,0.0504245583982912,0.01930086103645743,4.722824572787638,113131.43305797984,0.495988040435595,0.6241146247119121,1.4662251260710701,0.7304369287591523,62.61978231099534,0.016202218894227134,1210.4203615604185,0.1151684454386697,8.3325945658206,43.54795432921028,810208.5683158897,98999446.04719315,6844.5119345667545,0.057163176659966,2345.392959086584,0.22315822636408983,0.4792855189549963,19.028006078430657,0.03134069361032676,6.438593884948767,0.029062452472797158,809024.6125415874,132.44049067602268,4.0133071606620885e-05,56.22927994091564,0.03875024029551761,0.004010206547401257,case_00552
3.1.1.dev111+g8ed579383,2.0.2,2.5.5,1.8.0,3.12.13,"{'minimumROIDimensions': 2, 'minimumROISize': 50, 'normalize': False, 'normalizeScale': 1, 'removeOutliers': 3, 'resampledPixelSpacing': [1, 1, 1], 'interpolator': 'sitkBSpline', 'preCrop': False, 'padDistance': 10, 'distances': [1], 'force2D': False, 'force2Ddimension': 0, 'resegmentRange': None, 'label': 1, 'additionalInfo': True, 'binWidth': 25}",{'Original': {}},85336a58ab86cd0f4d4b30fdbb3afe7332f86f80,3D,"(1.0, 0.6640625, 0.6640625)","(492, 512, 512)",-529.4372242718208,-1024.0,3071.0,d4b3d4f32368622beb7699975ebe7504687f8cba,"(1.0, 0.6640625, 0.6640625)","(492, 512, 512)","(105, 282, 99, 137, 121, 301)",825648,9,"(np.float64(161.1693784760576), np.float64(342.95030569928105), np.float64(250.19501288684765))","(166.14512574517227, 227.74043737842882, -161.1693784760576)","(1.0, 1.0, 1.0)","(159, 103, 222)",64.94229165823874,-1048.4482751935798,3330.797523118052,"(1.0, 1.0, 1.0)","(159, 103, 222)","(11, 11, 11, 137, 81, 200)",364036,8,"(np.float64(67.21180322825215), np.float64(51.59753430979354), np.float64(111.07957180059115))","(166.24754055059117, 227.76550305979356, -161.21180322825217)",104.80732062492369,-173.35625883157002,2806.606731263476,0.39350392216120417,0.18949581572350244,51.27638881035459,270.59377862555607,211.02843410308478,192.5123372669918,130.17296186228538,211.81359729724625,363594.25,106.47971320157691,0.4900205426935393,50274.50947284798,0.13827091455062335,364036.0,29.542269240505675,158.13564949010572,6587105866.789333,3.042191665526827,70.43555624263061,320.41993465061995,2806.606731263476,43.61195963615299,104.80732062492369,113.07741982925333,-173.35625883157002,2979.962990095046,29.10543425355191,134.51637486829364,13.468373965754232,6587105866.789333,0.1498181511119682,7110.080651131749,148.22111373662653,512502.4689463672,3442.515327412926,39.86224715065714,5.187023840793048,0.7696678317309625,1.0057338633075463,1.798467532222027,4.152054619451587,0.6422161708154854,0.6159664942251991,0.9996795365571516,0.9919077500113599,-0.24336581631245263,0.8664363599461565,0.47973522996189477,11.813207501329119,0.04381553086717039,5.246027181018172,0.8055692369538725,0.11461042190691269,23.626415002658227,3.8859467029120855,11.262317747862536,32183.51091411417,0.135516906935992,15.722610246479867,149.68143372057017,3.4480386930695777,508.73565908256273,0.027469810396259127,0.008913195858909267,4.552650674487303,121114.08089475629,0.5058695270557398,0.6519228444862173,1.034781144678026,0.7364852159797113,111.74079629318074,0.006840894253501466,824.5956109912782,0.07733242155034027,207.96498920765484,379.18625152396135,832219.187470693,124687702.21729344,5810.075358205134,0.014392641919879897,3242.555284629091,0.3040940902775102,0.5695222416112504,295.9269870962231,0.008015824265589767,6.777108618669855,0.029291059126020504,831053.6403146083,11.48583859681252,3.382216268421469e-05,7428.293377019633,0.0011345041912440763,3.248902301238904,case_00553
3.1.1.dev111+g8ed579383,2.0.2,2.5.5,1.8.0,3.12.13,"{'minimumROIDimensions': 2, 'minimumROISize': 50, 'normalize': False, 'normalizeScale': 1, 'removeOutliers': 3, 'resampledPixelSpacing': [1, 1, 1], 'interpolator': 'sitkBSpline', 'preCrop': False, 'padDistance': 10, 'distances': [1], 'force2D': False, 'force2Ddimension': 0, 'resegmentRange': None, 'label': 1, 'additionalInfo': True, 'binWidth': 25}",{'Original': {}},2a150161c91840528ad5865e6b4007af78ef6fb6,3D,"(3.0, 0.72265625, 0.72265625)","(63, 512, 512)",-451.78272138323103,-1024.0,2157.0,9d546bc0a1755b772dc4de74208c294aa028d5ec,"(3.0, 0.72265625, 0.72265625)","(63, 512, 512)","(12, 274, 111, 35, 115, 284)",163455,4,"(np.float64(30.343813281943042), np.float64(336.6167079624361), np.float64(251.8944847205653))","(182.03312372384602, 243.25816786347923, -91.03143984582913)","(1.0, 1.0, 1.0)","(127, 105, 228)",9.18130613650812,-963.3833852870189,1395.4452297132034,"(1.0, 1.0, 1.0)","(127, 105, 228)","(12, 11, 11, 105, 83, 205)",255954,3,"(np.float64(68.0289270728334), np.float64(56.11712651492065), np.float64(112.8600881408378))","(181.9987600158378, 243.2557983899206, -91.0289270728334)",59.1350993500634,-116.901261660879,440.8867672365736,0.3011630768255453,0.16411767638443486,48.836323875399614,297.5689453523808,201.71762441591463,205.91260281974002,100.0,207.60057803387735,256038.91666666666,89.61677915005555,0.40080329394740843,48650.81982716689,0.19001337945240834,255954.0,-5.342098395732591,105.94389368893212,1411063737.6237304,2.795955414734066,53.43394828040841,5.695708885608047,440.8867672365736,34.22241362831692,59.1350993500634,66.16425432467997,-116.901261660879,557.7880288974526,22.906357997420027,74.24929854748447,-0.06158243825288509,1411063737.6237304,0.1779460407503957,2015.9983596516115,66.44546454461968,651.445250774075,2.8445240616991856,9.668117653058191,2.018134231312582,0.6525841129998159,1.0166298139890009,1.8094782294749021,0.9476333803580324,0.6159452705870003,0.5832127752779248,0.9962555721462482,0.9592212657791273,-0.16035131341539102,0.729973896324455,0.4834711625991087,8.033160120525912,0.05182454493441164,4.979634420597569,0.7335824952997576,0.11400128434133865,16.06632024105182,3.536055261666131,2.9215629710926923,28195.441747665456,0.1584068639474635,3.8316546414869967,63.420046602134825,3.1572187182751774,214.55999965058723,0.05766289094055535,0.02220187278107013,4.1583330861608845,100166.53236205122,0.5551367193522428,0.6935882709693628,0.9373304275077683,0.7697488356028347,47.818948638575954,0.018111960482856102,836.6962852088719,0.11385171930995672,12.520646637695913,56.094298544019594,729926.4825146279,50746931.949789084,11154.298617025415,0.05498222732610929,1656.435025173493,0.2253959756665523,0.46693610139005814,24.10858690209397,0.031510233198661884,6.273561582945282,0.028712190471725386,728713.4642301768,96.31585415823882,3.6414921019425495e-05,206.9604695942658,0.009397562423370857,0.016104061204982218,case_00554
3.1.1.dev111+g8ed579383,2.0.2,2.5.5,1.8.0,3.12.13,"{'minimumROIDimensions': 2, 'minimumROISize': 50, 'normalize': False, 'normalizeScale': 1, 'removeOutliers': 3, 'resampledPixelSpacing': [1, 1, 1], 'interpolator': 'sitkBSpline', 'preCrop': False, 'padDistance': 10, 'distances': [1], 'force2D': False, 'force2Ddimension': 0, 'resegmentRange': None, 'label': 1, 'additionalInfo': True, 'binWidth': 25}",{'Original': {}},03f230d6f2b6bb3601c23f0c374716615f1b2961,3D,"(1.0, 0.7890625, 0.7890625)","(452, 512, 512)",-575.7709657027658,-1024.0,3071.0,c4691e5696beb1e542d60953144afa200cddccda,"(1.0, 0.7890625, 0.7890625)","(452, 512, 512)","(94, 253, 154, 115, 75, 236)",425810,5,"(np.float64(151.18080129635283), np.float64(293.186759352763), np.float64(265.0081703107019))","(209.10800938578825, 231.34267730178954, -151.18080129635283)","(1.0, 1.0, 1.0)","(137, 81, 208)",49.055339102263666,-994.7320700749758,1643.4999205205165,"(1.0, 1.0, 1.0)","(137, 81, 208)","(11, 11, 11, 115, 59, 186)",264651,5,"(np.float64(68.18954774401004), np.float64(42.23455040789568), np.float64(98.0403965977835))","(209.1458653477835, 231.34001915789568, -151.18954774401004)",169.79476711047946,-186.2692631809085,929.3281795556392,0.38681801992066195,0.1634951094483036,41.26559540511708,252.39651231381373,187.6725872363889,183.273020382161,103.12128781197411,187.9388198324125,264596.375,97.63151912811038,0.5340450512973984,37321.76346486032,0.14105168094181306,264651.0,30.08619233478946,240.8999821923541,9598099987.265179,3.372454271065515,71.23974657060282,6.7511341304062835,929.3281795556392,62.17208666361902,169.79476711047946,194.37753689980124,-186.2692631809085,1115.5974427365477,36.25191398132278,190.43898813131673,-0.6261700321009371,9598099987.265179,0.13963593857973852,7436.7452623778645,250.1970027899179,9733.470401446542,-101.62528466701612,34.905278715407945,5.883285866013726,0.709576502427725,1.5068544731994975,2.31569081440325,3.557208898075375,0.5667204257693523,0.5244289805718189,0.9973014247456741,0.969682471190673,-0.17494029849637477,0.8097400652290964,0.44216964132986053,15.586502981897366,0.03720682618191127,5.964633697708492,0.7393930692221449,0.09803696464598513,31.173005963794726,4.156056341610034,10.197141145355415,22410.41359063811,0.11652410438867651,14.143946170951379,237.332200200035,2.59885266231575,668.4481940169024,0.013012698958777174,0.006284354563135094,4.668608871118436,115130.51584963594,0.5963665372376254,0.7256639586009208,0.6713527692825327,0.7998106778696309,184.13399550452985,0.005398791333251786,1421.4064884624172,0.06494889140792402,29.16056635801961,175.7934658441855,197823.00411240576,55076876.71852867,718.431082567114,0.011909419267340961,7006.981814027873,0.3201728039309058,0.5828204884459699,104.83190842877801,0.007051790110114292,6.6150160953124795,0.08269381185032364,197676.76822099695,22.170771300851396,3.7696356282637764e-05,1215.6908664245402,0.011724038199275852,0.08777751120816796,case_00555
3.1.1.dev111+g8ed579383,2.0.2,2.5.5,1.8.0,3.12.13,"{'minimumROIDimensions': 2, 'minimumROISize': 50, 'normalize': False, 'normalizeScale': 1, 'removeOutliers': 3, 'resampledPixelSpacing': [1, 1, 1], 'interpolator': 'sitkBSpline', 'preCrop': False, 'padDistance': 10, 'distances': [1], 'force2D': False, 'force2Ddimension': 0, 'resegmentRange': None, 'label': 1, 'additionalInfo': True, 'binWidth': 25}",{'Original': {}},90b691cd9672b19636d7de41223fb86020c57512,3D,"(5.0, 0.6980000138282776, 0.6980000138282776)","(48, 512, 512)",-758.609484910965,-2048.0,1366.0,ecc83990df6c00f1606eefa62b8f745c86fc65e5,"(5.0, 0.6980000138282776, 0.6980000138282776)","(48, 512, 512)","(10, 216, 126, 32, 153, 309)",195546,15,"(np.float64(24.671412353103616), np.float64(309.66410972354333), np.float64(269.26216849232407))","(187.9449973310742, 216.14555286915453, -123.35706176551808)","(1.0, 1.0, 1.0)","(182, 129, 238)",76.39557842888105,-1088.3961833326068,1420.6458620928731,"(1.0, 1.0, 1.0)","(182, 129, 238)","(13, 11, 11, 160, 107, 215)",476130,13,"(np.float64(88.35743389410455), np.float64(76.00304538676411), np.float64(110.74307437044504))","(187.8940743635309, 216.15404537984998, -123.35743389410455)",94.2334688379001,-363.7061897437935,827.7216503173755,0.4986979575745909,0.22087449791004038,60.36348975736789,273.29316117768036,215.24404753674375,214.46211786700232,155.80115532305913,226.52372944131042,475830.625,136.29074129841266,0.38599413598736754,76361.01241382395,0.16047939834436664,476130.0,35.381197167127205,128.77170112254285,5978549857.738499,2.6592451976818823,43.061475643536,47.53958389464701,827.7216503173755,32.701949296056625,94.2334688379001,98.47532134536732,-363.7061897437935,1191.427840061169,18.690114152947466,112.05601002633679,4.807679028149251,5978549857.738499,0.21735684174817552,3676.602733798987,380.40718019368575,24385.373024202498,528.4819665520214,21.959001830084876,1.600625092712412,0.8640338245292335,0.7058581124063864,1.5014176751440889,1.0789890410552716,0.716987603093006,0.703334003698894,0.9993482397115392,0.9861981063679465,-0.2982606387241866,0.875075654963277,0.4423865410398138,19.373098184989065,0.09195254915441785,4.430921571393385,0.9061193980233668,0.22228966455208812,38.746196369978115,3.476255412176185,5.889906730699325,45893.34031723965,0.1744589174403031,8.940060047995624,377.0682150678816,6.751535969940194,2573.2276383930875,0.01821650973218112,0.0028624072054540197,4.663678558032822,111465.32609883703,0.4135821554582843,0.5488678754509515,2.8153871322421713,0.6576087502634944,249.2721398919031,0.0019134848939778041,348.3532934131737,0.05087677718901324,61.40388242170792,589.9672849423105,3480006.197166642,1329871956.6925662,9170.807371230023,0.002783425463949096,1267.141959982474,0.18506527822148008,0.4257882527289279,296.76077461115176,0.0010349839083841994,7.8448777291314,0.01438052632684351,3475170.5964085674,24.43718725813379,2.5341288788212934e-05,560.3961550576604,0.0025987784367760714,0.10135731427942396,case_00556
3.1.1.dev111+g8ed579383,2.0.2,2.5.5,1.8.0,3.12.13,"{'minimumROIDimensions': 2, 'minimumROISize': 50, 'normalize': False, 'normalizeScale': 1, 'removeOutliers': 3, 'resampledPixelSpacing': [1, 1, 1], 'interpolator': 'sitkBSpline', 'preCrop': False, 'padDistance': 10, 'distances': [1], 'force2D': False, 'force2Ddimension': 0, 'resegmentRange': None, 'label': 1, 'additionalInfo': True, 'binWidth': 25}",{'Original': {}},363f82de909ecf60544fa88991197862f9a38e02,3D,"(3.0, 0.861328125, 0.861328125)","(181, 512, 512)",-543.1910799774676,-1024.0,1381.0,2b46afd4408677749ac00bf4abb37c02ff1cd727,"(3.0, 0.861328125, 0.861328125)","(181, 512, 512)","(55, 253, 116, 42, 114, 290)",297438,4,"(np.float64(75.29460929672739), np.float64(311.81862774763147), np.float64(256.0490387912775))","(220.54223849014332, 268.57815397794036, -225.88382789018215)","(1.0, 1.0, 1.0)","(148, 120, 272)",31.22817457760291,-811.557221312108,1202.7150352336066,"(1.0, 1.0, 1.0)","(148, 120, 272)","(12, 11, 11, 126, 98, 250)",662253,4,"(np.float64(73.90907402457972), np.float64(61.48423789699707), np.float64(131.4858098038061))","(220.5551457413061, 268.5535738344971, -225.90907402457972)",93.59886284066307,-139.67444363387804,209.29306404982623,0.35882427853363635,0.1745556910702311,60.04298600951076,343.97610093017784,252.43811122728675,250.51147678300092,137.37903770226373,252.48762345905195,662319.0416666666,123.42697624908435,0.4985410712783166,73704.61399223833,0.11128264379469939,662253.0,17.858899738190612,137.39614083263086,7267048787.0473995,2.6508288340716035,44.61653442614839,4.454754935829568,209.29306404982623,35.26848616874395,93.59886284066307,107.5173380304943,-139.67444363387804,348.9675076837043,21.353273627115822,104.75314502582796,-1.3682176450542387,7267048787.0473995,0.2129200348488242,2212.4742677368836,110.26933470630526,526.4844115015469,-48.96631528316474,10.540610177880636,1.5890885904796515,0.7355921143173835,0.8760424090624402,1.6842364085769619,0.7962532731233385,0.6530134297734195,0.6283539358669258,0.9931688754277386,0.9477012183416035,-0.20131742194880997,0.7807499233045705,0.48049035352515573,10.393768084825124,0.07657877545144498,4.595023134475946,0.7809820458143488,0.1861979905778699,20.787536169650252,3.3603112673984117,3.0324246920900726,72823.394263997,0.1714994433948437,4.399897561292926,103.93580037669557,4.172721426873034,479.0716646035314,0.04193564372769719,0.0126423100520693,4.267197359431498,215419.46491884638,0.5014794185113212,0.637036809892199,1.4781059231341598,0.7319238758348151,73.4448423642299,0.009946278065668751,1756.5067528643667,0.11243082332870553,11.953434418534075,75.45055367086987,2831332.7809639634,343456586.2258849,23900.303534127797,0.029724900667826543,3278.125392050182,0.209826882932227,0.44480545091755314,29.203387498165462,0.01601617647969779,6.2955418686409805,0.023590682110915313,2829535.9012607066,317.75686332627185,1.4144795741548628e-05,68.27506864199646,0.021822815133733412,0.001959251005906728,case_00557
3.1.1.dev111+g8ed579383,2.0.2,2.5.5,1.8.0,3.12.13,"{'minimumROIDimensions': 2, 'minimumROISize': 50, 'normalize': False, 'normalizeScale': 1, 'removeOutliers': 3, 'resampledPixelSpacing': [1, 1, 1], 'interpolator': 'sitkBSpline', 'preCrop': False, 'padDistance': 10, 'distances': [1], 'force2D': False, 'force2Ddimension': 0, 'resegmentRange': None, 'label': 1, 'additionalInfo': True, 'binWidth': 25}",{'Original': {}},1557f0a2857dcf85195b3cfaa49aadb26f5c1d12,3D,"(3.0, 0.8809999823570251, 0.8809999823570251)","(155, 512, 512)",-681.7152207159227,-2048.0,7366.0,b13152561ebc6b48c18d6e9172a6c871179d9d61,"(3.0, 0.8809999823570251, 0.8809999823570251)","(155, 512, 512)","(22, 248, 120, 46, 115, 285)",219620,2,"(np.float64(45.27208359894363), np.float64(307.4532055368364), np.float64(270.20351971587286))","(238.04929610249008, 270.8662686535637, -135.8162507968309)","(1.0, 1.0, 1.0)","(160, 123, 273)",9.975912586460494,-952.1484162044809,4123.67581273241,"(1.0, 1.0, 1.0)","(160, 123, 273)","(12, 10, 11, 138, 102, 251)",511560,2,"(np.float64(82.82135819845179), np.float64(62.79252873563218), np.float64(142.98652943936196))","(238.04602944818345, 270.85202874445366, -135.82135819845178)",85.39163695194699,-209.6756396233959,2421.675772865666,0.4245880191812771,0.20726670278432255,66.83871815311016,322.4768728176332,249.12848090894786,249.39326374222702,140.5844941663198,255.75183283800723,511870.0833333333,136.9198166614115,0.3076968752009672,100569.78856196957,0.1964752225936944,511560.0,-0.3220161650229612,127.51632951435612,10815833027.679821,3.024312528679863,58.04035227640118,152.65403601630302,2421.675772865666,46.01439065644078,85.39163695194699,88.82423023406037,-209.6756396233959,2631.351412489062,25.575052923016067,145.40578913279697,10.521556969049698,10815833027.679821,0.1690044640810857,13851.1118519983,191.47468189464476,1096551.737349166,8226.398956172443,82.31475364663153,5.5254350007761985,0.8741024496734723,1.0141108284009095,1.8062962721401281,4.463532852799481,0.6619738825111006,0.6385119911318926,0.999534255185484,0.9908497703460948,-0.2667450564845121,0.8781530241619943,0.45667190823360215,13.12536570356441,0.06203620672919455,5.067009929071961,0.8949522970207082,0.1372877303105053,26.250731407128896,3.8262800769861367,21.96004716185194,43663.31949226474,0.13598140441637258,33.30691544744157,196.94918958067515,4.102966667900104,747.9613243928072,0.026124304926254158,0.007467998799165585,4.6907403263335965,159527.4773506833,0.49255768895346136,0.62558553925549,1.4372868447345144,0.7272423624415046,149.19456357868734,0.005734816791130589,955.4905090311987,0.06275799730910993,355.82864414623555,738.3862725779967,1348289.11408867,234502521.81977013,7939.57549677051,0.009686156523337175,4697.200459770115,0.3085189136138006,0.574026545451895,567.144167319904,0.005017715041989545,7.460391076459882,0.02976190476190476,1347160.15408867,15.737538858193876,2.5593926758714137e-05,5106.58735343591,0.002492212417170107,1.711563584093798,case_00558
3.1.1.dev111+g8ed579383,2.0.2,2.5.5,1.8.0,3.12.13,"{'minimumROIDimensions': 2, 'minimumROISize': 50, 'normalize': False, 'normalizeScale': 1, 'removeOutliers': 3, 'resampledPixelSpacing': [1, 1, 1], 'interpolator': 'sitkBSpline', 'preCrop': False, 'padDistance': 10, 'distances': [1], 'force2D': False, 'force2Ddimension': 0, 'resegmentRange': None, 'label': 1, 'additionalInfo': True, 'binWidth': 25}",{'Original': {}},f94d23bb36f110e2f89f9d6f1d2c5f17528a60f5,3D,"(0.5, 0.84375, 0.84375)","(511, 512, 512)",-535.1876703027176,-1024.0,1765.0,5e4300cbe9a24eab0857f5b15f4c88f5ec12d8c4,"(0.5, 0.84375, 0.84375)","(511, 512, 512)","(234, 277, 127, 276, 114, 278)",1318386,4,"(np.float64(366.8233939073989), np.float64(334.7619650087304), np.float64(266.4047304810579))","(224.77899134339262, 282.45540797611625, -183.41169695369945)","(1.0, 1.0, 1.0)","(150, 118, 257)",-2.6621972584527382,-1037.6373641483185,1724.0659674234155,"(1.0, 1.0, 1.0)","(150, 118, 257)","(11, 11, 11, 138, 96, 235)",469020,2,"(np.float64(76.91012323568292), np.float64(59.36795232612682), np.float64(128.66274572512899))","(224.74087072512899, 282.44607732612684, -183.16012323568293)",111.95370056737588,-185.17993437093799,285.2774514956966,0.34734133476350065,0.1661669283774734,56.45598401145901,339.7546344673994,230.3670983452281,233.85465571589546,126.14277624977183,240.8422720371156,469237.0,118.01082822799177,0.412360233045552,70816.67216808011,0.1509187727482703,469020.0,16.043568418793107,174.9212256224627,7627070537.40069,3.15240570766206,67.04324298586549,3.768144174345717,285.2774514956966,46.89475041699508,111.95370056737588,126.5413727600393,-185.17993437093799,470.4573858666346,30.23958725858071,127.52143766478072,-1.0442288576488805,7627070537.40069,0.14223403039037041,3728.0859933628994,177.06200136167257,1151.3253237063734,-78.03172797142537,16.77632617632789,4.00443250037128,0.6131489314806142,1.484083134822195,2.239310571506109,1.7817274744416525,0.5270607706931947,0.4725540242779468,0.9903827404348243,0.9343068892420872,-0.10587617273731098,0.6785545806728369,0.445493383330026,13.185900176992607,0.03022147803576589,5.796880277541275,0.6490940194693571,0.0747859921223185,26.371800353985222,3.859718164051718,5.195189669174791,47478.158332062645,0.12915248257570194,6.672493219701658,171.19998101847162,2.027354116926055,363.7271286542385,0.01343412935144225,0.00738157127576972,4.178269838490126,241655.78143176422,0.6565210957715019,0.7837976402515227,0.39552917121092557,0.8375636574746814,141.1610925712609,0.006394909504918052,2926.8468707603374,0.08632238750546621,14.611669180530336,134.1110128000944,391409.0673037221,76589861.26243143,2034.5813453077426,0.01277258140863195,11354.912404884091,0.3348938950299089,0.5998532180868412,82.77253857307875,0.00794887347972519,6.121886627040835,0.072291160291672,391217.71680022264,158.31435191654123,1.867316221341701e-05,167.83938816061303,0.03592777629713741,0.0032841608775768805,case_00559
3.1.1.dev111+g8ed579383,2.0.2,2.5.5,1.8.0,3.12.13,"{'minimumROIDimensions': 2, 'minimumROISize': 50, 'normalize': False, 'normalizeScale': 1, 'removeOutliers': 3, 'resampledPixelSpacing': [1, 1, 1], 'interpolator': 'sitkBSpline', 'preCrop': False, 'padDistance': 10, 'distances': [1], 'force2D': False, 'force2Ddimension': 0, 'resegmentRange': None, 'label': 1, 'additionalInfo': True, 'binWidth': 25}",{'Original': {}},5aa6eeea7af8dbea20d00588e9c73940c1698386,3D,"(3.0, 0.48828125, 0.48828125)","(113, 512, 512)",-680.2708652800163,-1024.0,3071.0,1fd8f9ec4c6f2a6f3b029c1e5be30aabf4e2dc38,"(3.0, 0.48828125, 0.48828125)","(113, 512, 512)","(41, 265, 131, 29, 115, 273)",180263,2,"(np.float64(55.51158030211413), np.float64(321.0025795643033), np.float64(265.02463067850863))","(129.40655794849053, 156.73954080288246, -166.5347409063424)","(1.0, 1.0, 1.0)","(109, 78, 156)",28.908164590898128,-1032.3472105571632,1161.4185652811218,"(1.0, 1.0, 1.0)","(109, 78, 156)","(12, 10, 11, 87, 57, 133)",128799,2,"(np.float64(56.51624624414786), np.float64(37.5501828430345), np.float64(75.96189411408474))","(129.21775348908474, 156.8060422180345, -166.51624624414785)",100.25071804189832,-115.53461124977721,194.83328428860233,0.3948553101384233,0.2143994816136247,37.66786246634645,175.69008181758926,130.0,134.73306943731373,80.77747210701756,138.70111751532502,128639.25,69.37216174432916,0.5200615935176136,23696.180083753716,0.18420645396917126,128799.0,54.39689146648225,131.6177421059671,1446282424.8531945,2.2612934161706106,35.74528469386556,6.1713870785066565,194.83328428860233,25.35328232689349,100.25071804189832,110.2427019331866,-115.53461124977721,310.36789553837957,15.607226563697314,105.96691934590443,-1.6527438119684437,1446282424.8531945,0.2686773850127371,1178.7815277452132,93.9908427694962,191.86506296972172,-20.31960662045558,5.670205557744233,0.8777936715793704,0.7295274715695718,0.5603955038538044,1.3622267700208386,0.553007515713939,0.759193220936973,0.7491240208064182,0.994997465666612,0.961365933660903,-0.26096058460811516,0.8068733232253393,0.3934388217012627,9.63286346974505,0.13124217070634783,3.7407243255623195,0.7455143857950639,0.28375633077681744,19.2657269394901,2.987285759370055,1.636999807330901,12936.991016958937,0.20590003630960835,2.727086139397507,86.04659806609904,8.438447618132365,825.0597364074862,0.09249861636485777,0.01421484960059425,4.485905774404539,23309.081599063746,0.36439809921301325,0.48492493073584547,3.702053672936882,0.6197161205382955,49.57760615096602,0.009911990964274182,224.31777378815082,0.13424163601924047,5.244540854460628,46.59305804907241,1293123.695391981,128833701.49970078,13207.281433381786,0.036696473230041396,320.6181926989826,0.19187204829382565,0.4348442991960074,19.278129958964925,0.01800774468390843,6.20186103956784,0.01297370321198146,1287182.5239812753,63.63907776152139,8.475659415160125e-05,36.36104814407402,0.01070436375774642,0.0106296765907441,case_00560
3.1.1.dev111+g8ed579383,2.0.2,2.5.5,1.8.0,3.12.13,"{'minimumROIDimensions': 2, 'minimumROISize': 50, 'normalize': False, 'normalizeScale': 1, 'removeOutliers': 3, 'resampledPixelSpacing': [1, 1, 1], 'interpolator': 'sitkBSpline', 'preCrop': False, 'padDistance': 10, 'distances': [1], 'force2D': False, 'force2Ddimension': 0, 'resegmentRange': None, 'label': 1, 'additionalInfo': True, 'binWidth': 25}",{'Original': {}},b5257f8cdb1e7a06fe6dce6d87abc52f218962fc,3D,"(1.0, 0.744140625, 0.744140625)","(484, 512, 512)",-354.228104283987,-1024.0,1395.0,0aa2f3943ff48f8b2e11079c6c6112de7c2728e6,"(1.0, 0.744140625, 0.744140625)","(484, 512, 512)","(115, 211, 70, 139, 145, 332)",1183334,5,"(np.float64(176.72218917059766), np.float64(283.98067578553474), np.float64(179.7758409713572))","(133.77850666032637, 211.3215575669702, -176.72218917059766)","(1.0, 1.0, 1.0)","(161, 130, 269)",28.74761847960814,-1022.8348125131324,1278.3800700585618,"(1.0, 1.0, 1.0)","(161, 130, 269)","(11, 11, 11, 139, 108, 247)",655242,3,"(np.float64(72.72859950979944), np.float64(65.17532606273713), np.float64(92.68680731699128))","(133.8147370044913, 211.30325575023713, -176.72859950979944)",123.31802359664712,-156.97459082762896,321.35504207853495,0.5067009437230124,0.2504437936166515,65.0563144944667,259.76413132459936,246.6576574931336,246.13004692641653,155.6181223379848,247.50555549320504,655395.0416666666,131.62273048756305,0.555308048383585,65708.10222630377,0.10025724646803608,655242.0,6.19697802171732,197.98090116193535,13378313708.307377,3.3502447018397175,95.5644122052755,2.8050874596060154,321.35504207853495,58.651214104650386,123.31802359664712,145.19446988403436,-156.97459082762896,478.3296329061639,41.4232145597063,142.88933798804257,-0.8179537370644575,13378313708.307377,0.12212987592871982,5210.027966877863,164.6237943705393,2145.2869745089783,-127.23642159830878,27.57581175386116,3.4202513068963727,0.7788512479972728,1.348033828190278,2.1289629584145873,1.5710077001660399,0.5512864032436467,0.5031446966360308,0.9917726848386159,0.9399094185862231,-0.19281366685111107,0.839412110575564,0.4609733929580786,12.593024313904095,0.027054164044490576,5.958928043198743,0.8230136529783376,0.07381048802666233,25.186048627808194,4.13449155728977,7.749015765189385,55367.41663163566,0.1117247982647017,8.974563492926574,160.06961673631557,2.2625937010338486,378.4069964494757,0.01789155568398778,0.00880695456795597,4.467401046225321,309336.1818102664,0.6220052650534534,0.7560445665054345,0.4960558003603094,0.8159935058767134,128.63511415984448,0.0074456696363300896,2907.8512365387737,0.07867988626383392,16.6998577767868,126.99304616050652,985636.5133394664,191341308.48000434,5341.206571355743,0.015972937795119938,11299.920179663402,0.30575031602530983,0.5687670338734974,73.07707703538662,0.009683026343002768,6.323373698941207,0.05640358829256977,985322.1828330391,186.68199932020508,1.629731288844694e-05,165.57720282243665,0.0410497301562521,0.0029914342644723536,case_00561
3.1.1.dev111+g8ed579383,2.0.2,2.5.5,1.8.0,3.12.13,"{'minimumROIDimensions': 2, 'minimumROISize': 50, 'normalize': False, 'normalizeScale': 1, 'removeOutliers': 3, 'resampledPixelSpacing': [1, 1, 1], 'interpolator': 'sitkBSpline', 'preCrop': False, 'padDistance': 10, 'distances': [1], 'force2D': False, 'force2Ddimension': 0, 'resegmentRange': None, 'label': 1, 'additionalInfo': True, 'binWidth': 25}",{'Original': {}},fbe7740030b1dfa715c44dda588fe61ec1247a27,3D,"(1.0, 0.77734375, 0.77734375)","(460, 512, 512)",-321.0457772047623,-1024.0,3071.0,9e689e1483457e97d61a8bd93ece5fb86415f8ed,"(1.0, 0.77734375, 0.77734375)","(460, 512, 512)","(137, 217, 124, 111, 126, 309)",641648,7,"(np.float64(188.3333135924993), np.float64(279.5238791362242), np.float64(279.5321297658529))","(217.29255399767473, 217.28614042229927, -188.3333135924993)","(1.0, 1.0, 1.0)","(133, 120, 262)",-13.149526519787836,-1021.909086635273,1332.292661272992,"(1.0, 1.0, 1.0)","(133, 120, 262)","(11, 11, 10, 111, 98, 241)",387900,5,"(np.float64(62.33821603506058), np.float64(59.207004382572826), np.float64(131.02747873163187))","(217.13880685663187, 217.31833250757282, -188.33821603506058)",124.66961521172313,-160.39368114871525,763.833930122213,0.3153721182930932,0.15577844144014896,54.8504833686491,352.1057398030458,237.22773868163057,244.80604567698077,122.03687967167957,245.01020386914502,388187.2083333333,111.04433302484328,0.38197257357613584,67371.9975042216,0.1735554290762971,387900.0,7.406378597937413,200.1007901535178,8129039606.32589,3.424506960110815,85.0371312479995,4.057780860850054,763.833930122213,57.174942744677736,124.66961521172313,142.11403339595373,-160.39368114871525,924.2276112709283,38.10135185928433,144.76371843316358,-0.6571014261286621,8129039606.32589,0.11742267537319459,5414.021217557158,168.02332813574483,2910.490553298,-88.78505759312318,25.14152337438442,4.970482607380766,0.6680906636610563,1.634786082827991,2.3535517564937414,2.245311076447192,0.5085749216937747,0.44939631659814744,0.9966177096634361,0.960077934395772,-0.13151314962205685,0.7446770493579808,0.42695831715623045,12.766299986005283,0.023083167993712534,6.222877282506774,0.699782213783432,0.05919551421163955,25.532599972010562,4.1591732274621265,7.528001495441286,33323.72074131809,0.10745083736022253,9.523745456270806,161.26023566939705,1.934774270474145,328.94736230025643,0.015233725925067896,0.009044121713641577,4.386036573687087,210693.5790840727,0.6775525810275286,0.7992819322981735,0.35871346469698207,0.8493194081815345,134.6281561478615,0.00800432657744499,2229.7868571804834,0.07341103763681053,20.231680484866768,127.6829854480806,236411.39020214658,44972383.88220188,1271.8465942882085,0.017574552887851,9214.47527490617,0.3033671980939675,0.5679494185029453,73.12623904095872,0.010939408142041194,6.531171054871615,0.07830368651714359,236248.29710428676,51.406399516191684,2.5245083477915992e-05,873.6600457107713,0.0134700777323702,0.03224523961465272,case_00562
3.1.1.dev111+g8ed579383,2.0.2,2.5.5,1.8.0,3.12.13,"{'minimumROIDimensions': 2, 'minimumROISize': 50, 'normalize': False, 'normalizeScale': 1, 'removeOutliers': 3, 'resampledPixelSpacing': [1, 1, 1], 'interpolator': 'sitkBSpline', 'preCrop': False, 'padDistance': 10, 'distances': [1], 'force2D': False, 'force2Ddimension': 0, 'resegmentRange': None, 'label': 1, 'additionalInfo': True, 'binWidth': 25}",{'Original': {}},e6d3f4f1082bea090e9690fd70f6a2db7de3ae81,3D,"(3.0, 0.68359375, 0.68359375)","(215, 512, 512)",-555.0882681203443,-1024.0,3071.0,32dc2284d0c599ec612b9ebea4d7be0baf1ffcfc,"(3.0, 0.68359375, 0.68359375)","(215, 512, 512)","(97, 229, 320, 42, 109, 106)",210735,2,"(np.float64(117.09527605760789), np.float64(279.2823593612831), np.float64(368.0445915486274))","(251.5929825039445, 190.91567534462712, -351.2858281728237)","(1.0, 1.0, 1.0)","(148, 96, 94)",-7.610955366479806,-1034.9724790311952,912.240120333961,"(1.0, 1.0, 1.0)","(148, 96, 94)","(12, 11, 11, 126, 74, 72)",295308,2,"(np.float64(73.26490308423747), np.float64(44.75722296720712), np.float64(43.42744524361006))","(251.58564836861007, 190.91542609220713, -351.26490308423746)",131.36817777762997,-104.31146342835646,241.68413664154815,0.529958631572204,0.4927119479172762,61.379297821023094,124.57440514782964,129.52219886953742,79.25906888173743,130.24976007655445,130.98854911785227,295194.8333333333,66.01928128106512,0.46423104056284054,46183.74180111966,0.1564517280997567,295308.0,21.704162463722334,185.4428417518759,6258455794.253676,2.875020648737207,64.46705082696761,3.8915085500763142,241.68413664154815,48.9284000601652,131.36817777762997,156.26642885939714,-104.31146342835646,345.99560006990464,31.29368104040395,145.57808036238615,-1.3595366288890038,6258455794.253676,0.1863337266398433,3935.3793493823605,125.04580886340922,1615.9590432367181,-123.29263556361462,19.272859661635607,2.0042941346215386,0.8088689744730223,0.9198062610935216,1.785390100229813,1.124691810637196,0.65939640605804,0.6341565168359667,0.9915600708836677,0.946100961488728,-0.24904472805065409,0.848691781551196,0.4515269133992849,10.987528091314898,0.07314073051743555,4.840812259176272,0.8279347825840422,0.17350091131484063,21.975056182629796,3.611486166594392,5.319288449064286,26470.655946316947,0.14294474221477488,7.5410253850456375,112.64073523435894,4.590803936004722,616.6287856487986,0.04502075028409836,0.014485659757423245,4.553124819527603,92869.37657882989,0.4971401222281658,0.6223150588017101,1.7809670301633356,0.7304377915027195,76.97405115183395,0.011826261705403086,645.5089312745988,0.09771555120717512,12.11852453145605,71.61338177414471,2305179.9939448987,338600382.7190433,16050.061990631972,0.03629844958407064,1170.9294580684227,0.17725241569307035,0.4065504048837437,25.841452201813144,0.017477414542525254,6.740887947265342,0.022369864683652322,2303181.635979512,120.3467889103977,3.6958169964159935e-05,65.59382285286739,0.03714988435974715,0.005424436175972192,case_00563
3.1.1.dev111+g8ed579383,2.0.2,2.5.5,1.8.0,3.12.13,"{'minimumROIDimensions': 2, 'minimumROISize': 50, 'normalize': False, 'normalizeScale': 1, 'removeOutliers': 3, 'resampledPixelSpacing': [1, 1, 1], 'interpolator': 'sitkBSpline', 'preCrop': False, 'padDistance': 10, 'distances': [1], 'force2D': False, 'force2Ddimension': 0, 'resegmentRange': None, 'label': 1, 'additionalInfo': True, 'binWidth': 25}",{'Original': {}},55d854d34ba59c086c5da5e1ccf809f072931e60,3D,"(1.0, 0.75, 0.75)","(475, 512, 512)",-229.4134843444824,-1024.0,3071.0,4af30844206c135e3207dfa14a91d5e2fb998acd,"(1.0, 0.75, 0.75)","(475, 512, 512)","(148, 195, 127, 119, 119, 262)",772629,3,"(np.float64(205.2098057411772), np.float64(250.60687729815993), np.float64(268.92185900348034))","(201.69139425261025, 187.95515797361995, -205.2098057411772)","(1.0, 1.0, 1.0)","(141, 112, 219)",15.878512003839818,-923.9271290821326,1156.0433672368738,"(1.0, 1.0, 1.0)","(141, 112, 219)","(11, 11, 11, 119, 89, 197)",434754,3,"(np.float64(68.20610506171306), np.float64(52.71602791463678), np.float64(117.44331046982892))","(201.56831046982893, 187.84102791463678, -205.20610506171306)",92.50493153980896,-145.10673126478235,377.7745571748412,0.4293250336335848,0.21267544858784732,55.362006769895146,260.31216643714953,200.28230076569423,195.73451407454945,131.46862743635836,207.71615247736514,434803.9583333333,111.75852961086055,0.47772258523796024,58099.27014275699,0.13362175994317055,434754.0,20.373274955382108,143.83307942481116,4802393685.708511,2.878494632135131,50.200050011246944,4.519063135298397,377.7745571748412,36.81258792312656,92.50493153980896,101.97955544429067,-145.10673126478235,522.8812884396236,22.359485239442407,105.1010576503214,-1.0875295135028318,4802393685.708511,0.17581816933697542,2489.069960031431,109.41168439001277,586.5663755323102,-39.55850206470354,11.000892665399242,2.793517896213314,0.5928766008426842,1.195447429520781,2.0048161388547885,1.3397727294377633,0.5809649637663491,0.5405163181835355,0.9943953728833643,0.9507022360096233,-0.11746436501671186,0.6704582752548954,0.47584693708728015,10.361426050040896,0.045600831217468954,5.24171136079356,0.6256402024688408,0.10842929043328134,20.722852100081806,3.598502006075169,3.44860264040314,49297.01834461232,0.15578111321535812,4.6997977551914785,105.56883650342236,2.5381144664539477,283.2679796822226,0.027595846559037497,0.01283912718391711,4.12946405594372,187494.85398709244,0.5899046455786782,0.7274175563829023,0.6222488518446816,0.7953851561029465,82.2843946237005,0.010787773959606239,2078.1567001713834,0.09625997962718902,11.950835701891329,81.6453749594701,709017.634258187,83238149.61535968,6176.45587712232,0.02786879977158955,6611.44633841308,0.3062414349165353,0.5697184992927721,46.679896231716974,0.017339979642105163,6.080949311319768,0.04965796749426112,708612.1050681191,146.2768154705583,1.965947525083127e-05,196.92871654053846,0.014900512110041918,0.005498673043747308,case_00564
3.1.1.dev111+g8ed579383,2.0.2,2.5.5,1.8.0,3.12.13,"{'minimumROIDimensions': 2, 'minimumROISize': 50, 'normalize': False, 'normalizeScale': 1, 'removeOutliers': 3, 'resampledPixelSpacing': [1, 1, 1], 'interpolator': 'sitkBSpline', 'preCrop': False, 'padDistance': 10, 'distances': [1], 'force2D': False, 'force2Ddimension': 0, 'resegmentRange': None, 'label': 1, 'additionalInfo': True, 'binWidth': 25}",{'Original': {}},5a5d95575d32a5c1fa652a8ce3a3205fcc45f1a8,3D,"(5.0, 0.8500000238418579, 0.8500000238418579)","(56, 512, 512)",-770.4076446124485,-2048.0,2609.0,158581c119146d6662d864974016082147a3096e,"(5.0, 0.8500000238418579, 0.8500000238418579)","(56, 512, 512)","(9, 203, 110, 25, 159, 258)",117702,4,"(np.float64(21.700948157210583), np.float64(305.2580075104926), np.float64(243.590788601723))","(207.05217611912153, 259.46931366183674, -108.5047407860529)","(1.0, 1.0, 1.0)","(147, 157, 241)",20.770330507786884,-1066.8933886734096,1278.309775296028,"(1.0, 1.0, 1.0)","(147, 157, 241)","(13, 11, 11, 125, 135, 219)",425570,4,"(np.float64(78.5299715675447), np.float64(97.39875931104166), np.float64(123.93923443851776))","(207.01423442659683, 259.47375929912073, -108.5299715675447)",80.03052799263084,-228.1541130632603,694.6582850454573,0.2990618607889604,0.22385225554187127,71.6510286305394,320.08178098137216,219.73848092675985,216.3792966066763,120.88010589009261,228.67662757702195,425697.6666666667,95.72425302493363,0.38772405156443457,70582.26031289497,0.16580372841968824,425570.0,-1.622112080851099,131.5288061261453,4080356549.0909705,2.9460891874200166,63.44080810931093,12.607453216149015,694.6582850454573,40.998784884910684,80.03052799263084,90.10784155431338,-228.1541130632603,922.8123981087176,27.278251860981555,97.91822999919223,0.8241161445636649,4080356549.0909705,0.16325116796024247,3183.0943553954403,196.46548702600253,4529.10522289286,79.98655983722762,17.295016456705095,1.4812080076973009,0.8411634702866462,0.7356554754280812,1.585847702688349,0.9182295539743465,0.7085329372756142,0.691275781256687,0.9989903836114384,0.9815813060394031,-0.3255805850777189,0.9101845670447741,0.4291402010438884,13.87480555865403,0.06572544392739589,4.796715821880718,0.8652854768171427,0.14386639331471557,27.74961111730806,3.7673779876902205,4.694056116100602,31641.421954924703,0.13319492653759377,6.669284281904539,184.23406658089564,6.2766947441498235,1277.4902226634508,0.033155948273725304,0.006305948318916067,4.8264903012552205,105852.92239177527,0.43885544627243134,0.5563768773464005,2.7745374420301725,0.6847535503392658,121.84779404169416,0.0045619578250688225,447.1204565408253,0.07851105470427135,31.468129352719956,214.028797190518,3073145.2035118523,645042629.3727832,15056.399655812922,0.00846607640064116,891.3399473222124,0.15651272121548945,0.38360557859761524,89.83315540783457,0.003297862037748749,7.583205765334205,0.013382052306318585,3067561.0859372513,31.396514076551245,3.7017982357332654e-05,351.8153839941128,0.0036133584038439233,0.05960230314236863,case_00565
3.1.1.dev111+g8ed579383,2.0.2,2.5.5,1.8.0,3.12.13,"{'minimumROIDimensions': 2, 'minimumROISize': 50, 'normalize': False, 'normalizeScale': 1, 'removeOutliers': 3, 'resampledPixelSpacing': [1, 1, 1], 'interpolator': 'sitkBSpline', 'preCrop': False, 'padDistance': 10, 'distances': [1], 'force2D': False, 'force2Ddimension': 0, 'resegmentRange': None, 'label': 1, 'additionalInfo': True, 'binWidth': 25}",{'Original': {}},0ee57cf71020e5a6c19ddad414d147909378324c,3D,"(2.0, 0.9765625, 0.9765625)","(151, 512, 512)",-536.1281015004544,-1024.0,3071.0,e8578f784fb129d29cc1b43c3b819e63aa07b7d0,"(2.0, 0.9765625, 0.9765625)","(151, 512, 512)","(52, 213, 121, 59, 118, 257)",186651,4,"(np.float64(82.29853041237389), np.float64(276.026943332744), np.float64(246.28606329459794))","(240.5137336861308, 269.5575618483828, -164.59706082474779)","(1.0, 1.0, 1.0)","(139, 137, 273)",-10.502818927099089,-1009.9708502840502,1313.5161784730915,"(1.0, 1.0, 1.0)","(139, 137, 273)","(11, 11, 11, 118, 115, 251)",355126,4,"(np.float64(72.10045167067463), np.float64(72.55742468870204), np.float64(133.58949218024026))","(240.60121093024026, 269.56914343870204, -164.60045167067463)",76.37285793142048,-134.14021920072878,233.26377542146875,0.26504866575914543,0.15485509056195604,57.64773466066584,372.26890282694023,245.27739398485136,244.60784942433878,111.01801655587259,255.5679948663369,355094.4166666667,98.66937599790147,0.3826479412623424,63374.4163306349,0.17847201576848665,355126.0,3.586500485685995,121.74798651557299,2816623303.8275924,2.7057947888257807,48.74731165581174,3.9331710629828613,233.26377542146875,35.10363036622238,76.37285793142048,88.78347380108231,-134.14021920072878,367.4039946221975,22.382022785323787,89.05804335497237,-1.1505384185157552,2816623303.8275924,0.19728562397914906,2098.521657603205,96.82456298437152,379.12916439462816,-35.11300213608111,9.400641364461348,1.9534575983606006,0.6533916008878955,0.9892174862499131,1.8107583800976117,0.9556798349154932,0.6245746412212998,0.5940935579515089,0.9926264762969115,0.9447479063492839,-0.15130387648162102,0.71784365035694,0.48403884354110427,9.744816647218494,0.06381919445635131,4.785023080305954,0.689166779497749,0.13171359116368575,19.48963329443699,3.4013908872331546,2.8385247407054868,40116.52438724617,0.16548200403431026,4.062864434490651,90.90404302754892,3.121492956523701,311.6273998206327,0.03681490042449848,0.01453752952235585,4.132370843320991,132614.47560368344,0.5439564390960354,0.68137116230469,0.9152333523153232,0.7643672259072586,67.0748331633376,0.011902961858334856,1538.691910368401,0.11687747135346761,9.658074112368233,62.411014052411694,870406.9988606153,92117721.49365743,8437.7438515273,0.03328990314274369,3702.4657045195595,0.28123552635925253,0.541887604855443,31.243189743727896,0.020745132034356285,5.893651396967984,0.037071349323901936,869679.3477233668,173.70124979689032,2.5900409702860335e-05,81.56152361475667,0.020012714172178724,0.003333322865638279,case_00566
3.1.1.dev111+g8ed579383,2.0.2,2.5.5,1.8.0,3.12.13,"{'minimumROIDimensions': 2, 'minimumROISize': 50, 'normalize': False, 'normalizeScale': 1, 'removeOutliers': 3, 'resampledPixelSpacing': [1, 1, 1], 'interpolator': 'sitkBSpline', 'preCrop': False, 'padDistance': 10, 'distances': [1], 'force2D': False, 'force2Ddimension': 0, 'resegmentRange': None, 'label': 1, 'additionalInfo': True, 'binWidth': 25}",{'Original': {}},6c75df7e990bdc1ebb9d2503d55398c303f7ea62,3D,"(2.5, 0.9765625, 0.9765625)","(199, 512, 512)",-518.9927517876553,-1024.0,1334.0,5fc11e9984cf32ec23b4dc399a69430806b4584f,"(2.5, 0.9765625, 0.9765625)","(199, 512, 512)","(52, 238, 118, 58, 123, 284)",271037,24,"(np.float64(80.72004191309674), np.float64(306.13849769588654), np.float64(262.48048421433236))","(256.32859786555895, 298.9633766561392, -201.80010478274184)","(1.0, 1.0, 1.0)","(167, 143, 300)",-22.869635500085938,-952.5170580480847,921.4996615383898,"(1.0, 1.0, 1.0)","(167, 143, 300)","(12, 11, 11, 145, 121, 278)",647288,23,"(np.float64(84.28300076627406), np.float64(77.96176972228746), np.float64(152.45318467204706))","(256.4649034220471, 298.97348847228744, -201.53300076627409)",78.90148093779078,-141.37285147608637,201.79961083411942,0.2991110472153256,0.16776565429823115,66.70652454528606,397.61728837956423,278.5192991517823,274.18242102658587,141.59802258506295,291.0996392989864,647092.5833333334,118.93172351812957,0.39354840208286335,91931.33902864926,0.14206829346596475,647288.0,12.75050444169455,122.91239115408712,5251826224.133061,2.6599160383226117,45.216314929772444,4.26662431298633,201.79961083411942,32.69449863766219,78.90148093779078,88.9893674302993,-141.37285147608637,343.1724623102058,20.392843734524313,90.07544074678422,-1.181891455783641,5251826224.133061,0.20198967667055437,1888.1413315508762,97.9460182451519,354.937353523171,-31.647203442800983,8.879391940429015,1.5662042045269402,0.6978928344899008,0.8769326362008846,1.68101673174347,0.7748347455224562,0.6510188400848131,0.6262627596516078,0.9932533830439014,0.9475751495666255,-0.18475890043045787,0.7602210056920828,0.4844527678829523,9.803919496617015,0.06737876546449367,4.649099201039691,0.7244939430920184,0.1406129755139079,19.60783899323403,3.404818692403524,2.6113990362389887,71786.89548351816,0.17130691385666877,3.7303675372567424,92.54399653170266,3.8162920613966183,386.41683926848305,0.043192601348736696,0.013859869048051088,4.22853496535557,212791.16224348886,0.5020610209315376,0.6447282294030573,1.2454672845997548,0.7324417956685263,65.49027231812117,0.010877961131017874,1777.5974743984418,0.111679177885182,9.76432437937883,64.3516994408494,2475700.140855689,260114513.3687881,24190.49310466377,0.03211679108189546,3662.120060312873,0.2300760231395912,0.47748803951007474,26.82500059942651,0.018160139618260393,6.2136384707272985,0.02459029056617765,2474046.3801106694,324.1142653107918,1.4893276247496139e-05,65.32370915670295,0.01844972025639946,0.0018209816231537384,case_00567
3.1.1.dev111+g8ed579383,2.0.2,2.5.5,1.8.0,3.12.13,"{'minimumROIDimensions': 2, 'minimumROISize': 50, 'normalize': False, 'normalizeScale': 1, 'removeOutliers': 3, 'resampledPixelSpacing': [1, 1, 1], 'interpolator': 'sitkBSpline', 'preCrop': False, 'padDistance': 10, 'distances': [1], 'force2D': False, 'force2Ddimension': 0, 'resegmentRange': None, 'label': 1, 'additionalInfo': True, 'binWidth': 25}",{'Original': {}},d6bc1c0d6ac5701cac666c154c883dfd17982499,3D,"(3.0, 0.921875, 0.921875)","(184, 512, 512)",-622.265491195347,-1024.0,3071.0,3e4a4dd6ae406c2235c2da6fb38b1c281d186276,"(3.0, 0.921875, 0.921875)","(184, 512, 512)","(33, 246, 157, 55, 116, 240)",234267,24,"(np.float64(62.0218041806998), np.float64(295.00048662423643), np.float64(260.8345648341422))","(240.45686445647485, 271.95357360671795, -186.0654125420994)","(1.0, 1.0, 1.0)","(187, 129, 243)",42.06528150337456,-1093.9156126123196,3226.989951244776,"(1.0, 1.0, 1.0)","(187, 129, 243)","(12, 11, 11, 165, 107, 221)",597675,20,"(np.float64(100.0646455013176), np.float64(55.929757811519636), np.float64(106.33096749905886))","(240.37002999905886, 271.9688203115196, -186.0646455013176)",120.23529068937691,-133.20912045959855,274.50996220217326,0.523837033437623,0.24705955824823128,66.02350385383323,267.23719706280946,239.92707225321615,210.10711553871752,147.63468427168462,240.0958142075784,597426.0416666666,139.98874053356755,0.3612444186634742,94959.64411138676,0.15894794918292066,597675.0,30.734495780558994,180.5948880791424,10718159497.309553,3.0888825864378266,62.83312440656181,4.090315501842958,274.50996220217326,44.72192765378578,120.23529068937691,134.089359564942,-133.20912045959855,407.71908266177184,28.213271994708865,133.91448721288097,-1.1375911826274931,10718159497.309553,0.14980666717150912,3476.5647583298787,135.6632295726628,1246.752187243999,-82.53463922245136,16.998172163802657,2.6633270607247246,0.7271569304716099,1.1723527671937974,1.9744600097736789,1.2448693747061534,0.5863432562024902,0.5462198926239156,0.9911533182557274,0.9388763915517531,-0.1791178785006908,0.787937325843764,0.46960861968928064,11.492516989447429,0.03873030117586503,5.471612030813722,0.7467119429334783,0.09218103147759371,22.985033978894858,3.8678811167341256,4.915374806131846,57702.19186123953,0.13343885939372793,6.36461851136036,129.16892684650446,2.770981881545578,388.3298773703509,0.024939455647023104,0.010985648499209187,4.351456907518482,255403.09493227658,0.5852691826135493,0.7213031265384131,0.7515729170168253,0.790998503663811,99.47433352608748,0.009219832695163271,1782.369182105739,0.08054085775443917,14.065243074393619,92.65390872119295,1042843.085449616,155008389.041934,7187.779551536046,0.025878707467250732,4959.196204247628,0.22409381853807625,0.47108568145307106,41.28117219190026,0.01406209777696894,6.71545001903379,0.0370268122307274,1042113.6827731481,230.56683286639705,1.6800730641959137e-05,104.78917031204354,0.03295878399742454,0.002506924576340943,case_00568
3.1.1.dev111+g8ed579383,2.0.2,2.5.5,1.8.0,3.12.13,"{'minimumROIDimensions': 2, 'minimumROISize': 50, 'normalize': False, 'normalizeScale': 1, 'removeOutliers': 3, 'resampledPixelSpacing': [1, 1, 1], 'interpolator': 'sitkBSpline', 'preCrop': False, 'padDistance': 10, 'distances': [1], 'force2D': False, 'force2Ddimension': 0, 'resegmentRange': None, 'label': 1, 'additionalInfo': True, 'binWidth': 25}",{'Original': {}},816e3850ec5863f25777f90a33b82197d614f11e,3D,"(5.0, 0.7400000095367432, 0.7400000095367432)","(38, 512, 512)",-717.0539545761911,-2048.0,1313.0,379212fb32a8595e8d74a4d87f4b60939a84f0ee,"(5.0, 0.7400000095367432, 0.7400000095367432)","(38, 512, 512)","(6, 201, 110, 23, 130, 289)",161496,5,"(np.float64(17.341122999950464), np.float64(274.27808738296926), np.float64(260.3603866349631))","(192.66668859286284, 202.96578727911694, -86.70561499975233)","(1.0, 1.0, 1.0)","(137, 118, 235)",25.949329313084522,-1063.3832662907023,1350.6123217932818,"(1.0, 1.0, 1.0)","(137, 118, 235)","(13, 11, 10, 115, 96, 214)",442270,5,"(np.float64(71.7167115110679), np.float64(64.82588690166641), np.float64(121.64423316073892))","(192.77423315597053, 202.95588689689805, -86.7167115110679)",118.77694851281484,-130.34194566359307,704.1233813293255,0.3487452449485075,0.19320500258320425,57.93051611687598,299.8396280755104,210.4661492972207,216.3631207022121,115.6027681329474,218.1765340269205,442425.8333333333,104.56764453846326,0.4650915812626574,60372.519144356316,0.1364579429946405,442270.0,10.982718811655829,179.6383806188236,8433784234.275044,3.232208144504523,78.90960015046203,6.461749573067454,704.1233813293255,53.29688309588343,118.77694851281484,138.89071808132013,-130.34194566359307,834.4653269929186,35.172256320955796,138.09167654797784,-0.05468366495292015,8433784234.275044,0.14618719946451225,4961.347633815467,137.5815104804807,5160.717163643294,12.55895124694405,26.256769194323496,2.238806245684051,0.8416192462777184,0.9476455896255419,1.8305873091648353,1.307479196342896,0.6566488042526397,0.6301293454100547,0.9982049367838608,0.9745778897931565,-0.29795363323643104,0.9104947256664636,0.4443341964339605,11.470584221809219,0.05354243203046321,5.354461092381077,0.8536903436751663,0.14708277020942728,22.941168443618416,4.059450362925031,7.123893860001887,31386.887491799374,0.11379431736256523,9.736465539481769,126.14233640458752,4.483328645110992,653.7859163589527,0.039139601642965476,0.01228546688117673,4.887034537893655,139011.48080899095,0.5008647866101382,0.6208649084878538,1.7556226646937603,0.7342895269863313,87.94716916618505,0.009922711347084858,744.031136430606,0.0730803591425799,31.23257700776538,117.80974364011394,1324645.6634908163,201901315.5805913,9114.840024011319,0.027873412242582205,1864.9512817994303,0.18317957782137612,0.4206129092906408,53.84291353493915,0.01246674976176822,7.3776684841326485,0.023019874737151513,1322758.5670834181,44.35686167577441,3.504348341824833e-05,391.07423103879825,0.007573036510440634,0.04381393579852334,case_00569
3.1.1.dev111+g8ed579383,2.0.2,2.5.5,1.8.0,3.12.13,"{'minimumROIDimensions': 2, 'minimumROISize': 50, 'normalize': False, 'normalizeScale': 1, 'removeOutliers': 3, 'resampledPixelSpacing': [1, 1, 1], 'interpolator': 'sitkBSpline', 'preCrop': False, 'padDistance': 10, 'distances': [1], 'force2D': False, 'force2Ddimension': 0, 'resegmentRange': None, 'label': 1, 'additionalInfo': True, 'binWidth': 25}",{'Original': {}},125748da193db54b9f9ec90bf79792cef0150750,3D,"(5.0, 0.677734375, 0.677734375)","(44, 512, 512)",-360.43890034068716,-1024.0,3071.0,05b6a86cb357faa3441126a7d480d15bab8c1a70,"(5.0, 0.677734375, 0.677734375)","(44, 512, 512)","(13, 235, 108, 25, 117, 290)",187133,10,"(np.float64(24.539418488454736), np.float64(292.7837420444283), np.float64(255.5018623118317))","(173.1623949652453, 198.42960642464186, -122.69709244227369)","(1.0, 1.0, 1.0)","(147, 102, 219)",48.07700289308264,-977.0865561368392,2952.2998828589007,"(1.0, 1.0, 1.0)","(147, 102, 219)","(13, 11, 11, 125, 80, 197)",429275,8,"(np.float64(72.7364160503174), np.float64(50.2459728612195), np.float64(110.97356007221478))","(173.13469288471478, 198.4071056737195, -122.7364160503174)",138.71170924913625,-166.1559788218222,1573.3793053937509,0.4298140204144234,0.19982309145490787,52.486733274185895,262.66600567547556,198.45654436173174,194.12624758130983,122.42957159118053,199.0879202764447,429197.4166666667,112.8975319255739,0.48970336570388173,56189.577742094596,0.13091779111460464,429275.0,41.439552744723144,188.7123748017774,10818428170.767143,2.995350940022198,54.656143772312504,54.6614534904856,1573.3793053937509,46.959458475796204,138.71170924913625,155.39442748421172,-166.1559788218222,1739.535284215573,26.37034979393975,158.7502012443596,3.467812155517813,10818428170.767143,0.18650107141916814,5960.688112307759,182.62819725047223,63906.97638373513,730.1827998800547,30.636482778594257,3.6493693221399086,0.7855405237338533,0.9936822935423776,1.851391787752211,2.62585809893608,0.6622225396033746,0.6380214887964298,0.9992876955204537,0.9864559200307176,-0.25380537088385274,0.8619412008158727,0.44512223882643187,13.261938471237155,0.07285756787639586,5.0359196236376045,0.8157643987900141,0.19878024105101857,26.523876942474292,3.76164475913663,8.57146302518354,36349.434325972055,0.13729294945679255,13.629858579784546,173.5894014287702,4.870378930496971,918.5142647185164,0.029996730125792674,0.008395562688604273,4.757030900370381,131137.4378685555,0.4932258506743625,0.6118294261792019,1.9987149286782655,0.7285983933007141,123.29092690758146,0.006714966765626528,950.8900284523259,0.06291868116537588,95.14953156281565,247.2334414080593,1075443.977833653,209659436.8020909,5582.234339071909,0.017434659209372438,3912.466022629524,0.2588808325699414,0.5171291759756751,161.90724417950577,0.008992195115009751,7.221132562123995,0.03520587036282104,1074637.1705150208,21.932490457763514,2.7301433726290897e-05,2255.795110102938,0.0026134095875730823,0.45843058115842156,case_00570
3.1.1.dev111+g8ed579383,2.0.2,2.5.5,1.8.0,3.12.13,"{'minimumROIDimensions': 2, 'minimumROISize': 50, 'normalize': False, 'normalizeScale': 1, 'removeOutliers': 3, 'resampledPixelSpacing': [1, 1, 1], 'interpolator': 'sitkBSpline', 'preCrop': False, 'padDistance': 10, 'distances': [1], 'force2D': False, 'force2Ddimension': 0, 'resegmentRange': None, 'label': 1, 'additionalInfo': True, 'binWidth': 25}",{'Original': {}},b87b4e47816b9216cc2285ec2adb7fedfffdf5c4,3D,"(4.0, 0.888671875, 0.888671875)","(73, 512, 512)",-479.5865262697821,-1024.0,3016.0,ed5cc2a42cfb8e8b0f7771175c617b61e3d77dc7,"(4.0, 0.888671875, 0.888671875)","(73, 512, 512)","(27, 226, 91, 34, 116, 104)",116938,3,"(np.float64(42.00745694299543), np.float64(285.8161418871539), np.float64(142.4745420650259))","(126.61311843669294, 253.9967667161231, -168.02982777198173)","(1.0, 1.0, 1.0)","(157, 125, 114)",3.075798533076621,-882.2047276204984,1311.3808887173861,"(1.0, 1.0, 1.0)","(157, 125, 114)","(12, 11, 11, 136, 103, 92)",369100,3,"(np.float64(73.50398807911135), np.float64(63.933622324573285), np.float64(56.618141425088055))","(126.67380548758806, 253.9892863870733, -168.00398807911137)",112.32241174484615,-148.972272771065,280.2032202124788,0.5124365064398184,0.45043507167416663,64.15376990340518,142.4262317429234,110.9414259868693,90.09439494219383,154.82893786369524,155.33834040570923,368933.8333333333,72.98440061973164,0.46724933849064365,53239.55525158687,0.14430651363840816,369100.0,22.010028218814412,172.4632673819325,5925112720.826224,3.100038852448824,67.13359698621497,3.7364940245242035,280.2032202124788,45.434882645489196,112.32241174484615,127.12394748587894,-148.972272771065,429.1754929835438,29.65806105997068,126.69990400745284,-1.033087588231061,5925112720.826224,0.14744545371333506,3436.5414953190084,128.55871117003366,1141.054677325579,-76.20420669300414,17.207920312129595,2.2754954253952153,0.7647360868285241,1.0733084429426394,1.8820138892272467,1.083207293948432,0.6071400313419782,0.5717484690629667,0.9932034365817617,0.946450040696427,-0.2107463502895611,0.8280136732163565,0.4737927719459481,11.17245772810302,0.04099673428639354,5.399042236909508,0.7914231567972756,0.1043225768976111,22.34491545620603,3.883868351981339,4.8708539343812,33553.05037753961,0.12999971291332277,6.332744574384535,121.96058356902685,3.216952446042527,429.11661861756426,0.030254515453343643,0.011777832319349205,4.4563465183449305,145265.17472119283,0.5564530770873468,0.6959633620240501,0.9830518698679518,0.7709546026263479,91.43437609736269,0.009686220525586993,854.2526186656601,0.08061268459617439,15.075077743581275,85.47853165990375,1687512.2914032273,238988460.02642256,12313.105691179078,0.03185850304082135,2141.4914598471264,0.20208468999217954,0.4419112985710887,33.09797744738724,0.01693816992342647,6.796899834493666,0.028710376591709563,1686299.1198404576,124.91296335175991,2.9422376015850686e-05,107.79423556764036,0.027092310648587123,0.004563182298177251,case_00571
3.1.1.dev111+g8ed579383,2.0.2,2.5.5,1.8.0,3.12.13,"{'minimumROIDimensions': 2, 'minimumROISize': 50, 'normalize': False, 'normalizeScale': 1, 'removeOutliers': 3, 'resampledPixelSpacing': [1, 1, 1], 'interpolator': 'sitkBSpline', 'preCrop': False, 'padDistance': 10, 'distances': [1], 'force2D': False, 'force2Ddimension': 0, 'resegmentRange': None, 'label': 1, 'additionalInfo': True, 'binWidth': 25}",{'Original': {}},feb7f073bc15a168e395a3eef39ee6fadd243409,3D,"(1.0, 0.69921875, 0.69921875)","(470, 512, 512)",-425.55958522228485,-1024.0,3071.0,b5ae8c89b80482bdbad206ba240923d230e663c0,"(1.0, 0.69921875, 0.69921875)","(470, 512, 512)","(81, 181, 70, 145, 198, 332)",853039,7,"(np.float64(161.17124422212817), np.float64(290.5772080760669), np.float64(274.1376361455924))","(191.68217527367594, 203.17703220943739, -161.17124422212817)","(1.0, 1.0, 1.0)","(167, 160, 254)",24.676262796855234,-1040.4426164057347,3401.217544565273,"(1.0, 1.0, 1.0)","(167, 160, 254)","(11, 11, 11, 145, 138, 232)",417132,5,"(np.float64(91.15444751301746), np.float64(87.04820776157187), np.float64(153.58758378642733))","(191.73797441142733, 203.19859838657186, -161.15444751301746)",131.50261354795964,-151.89560090079905,1611.4196307632715,0.3479315845094605,0.22144860589720047,67.67027316783964,305.58003692853737,217.14741536569116,241.8098426450007,136.41847382227965,243.6760144125802,417133.375,106.32094644300545,0.45349879338086685,59533.024671769104,0.14271939921318716,417132.0,55.780829106988875,176.9885736545129,9319031967.414106,2.9050403868365886,52.17215881381219,64.0002497149309,1611.4196307632715,41.068832997232825,131.50261354795964,142.6759242526347,-151.89560090079905,1763.3152316640706,23.137502128802367,149.46814576467068,4.283309485063739,9319031967.414106,0.18584470726560257,5047.789228384816,172.7241848480318,54685.95487853419,714.0591789441788,26.85858983060497,3.746240093711511,0.754686357298486,1.0880738763977469,1.9223702139143517,2.538104283524044,0.6261663866222492,0.5966784235627877,0.999307981406285,0.9855243663692121,-0.18796474579948702,0.7966410356656122,0.47428659714326904,12.920734960079285,0.058776718425158164,5.107129384718145,0.8426328213889802,0.14148459060139876,25.84146992015856,3.6577037214145793,7.6512074810791155,43753.56946020582,0.15655379220984475,10.472093910007917,168.8567021359159,3.2386171158194186,563.7922967753473,0.021545660909421577,0.007769563512287914,4.415740245455764,148965.9116138487,0.5300200747955097,0.669168733896446,0.961280660083937,0.7545977412987591,126.18730817315722,0.006188013485533952,1407.9309504467913,0.07624862986443494,53.242176481746306,204.38499864608718,893733.951692391,163042470.8008665,4970.436768220777,0.012429803656949246,5457.100622799891,0.29553753711345204,0.5593489127343637,132.00784529032072,0.0069933486680066916,6.7479140469068986,0.04426656310232732,893223.6248742667,25.483586383742043,2.355805162710777e-05,2637.646320030603,0.002422360266805349,0.44744079720779395,case_00572
3.1.1.dev111+g8ed579383,2.0.2,2.5.5,1.8.0,3.12.13,"{'minimumROIDimensions': 2, 'minimumROISize': 50, 'normalize': False, 'normalizeScale': 1, 'removeOutliers': 3, 'resampledPixelSpacing': [1, 1, 1], 'interpolator': 'sitkBSpline', 'preCrop': False, 'padDistance': 10, 'distances': [1], 'force2D': False, 'force2Ddimension': 0, 'resegmentRange': None, 'label': 1, 'additionalInfo': True, 'binWidth': 25}",{'Original': {}},8c90732ee0cd6778257ff787a829144250f1a92f,3D,"(5.0, 0.630859375, 0.630859375)","(80, 512, 512)",-432.11399002075194,-1024.0,1464.0,2461918982c7f0907aaaca151b533524506ad1ed,"(5.0, 0.630859375, 0.630859375)","(80, 512, 512)","(17, 226, 107, 24, 156, 318)",172400,9,"(np.float64(28.443712296983758), np.float64(300.63990139211137), np.float64(249.59684454756382))","(157.46050935324826, 189.66150029228902, -142.21856148491878)","(1.0, 1.0, 1.0)","(142, 120, 222)",50.38634615762377,-1097.6620894049306,1381.5143225750116,"(1.0, 1.0, 1.0)","(142, 120, 222)","(13, 11, 11, 120, 98, 200)",343105,4,"(np.float64(72.1894172337914), np.float64(57.493434954314274), np.float64(100.2698153626441))","(157.4543856751441, 189.67800526681427, -142.1894172337914)",106.58837893074711,-110.45056804130289,214.56902119578874,0.3719941300621737,0.22776782565808923,57.60344072915716,252.9042043700581,184.97837711473198,203.5018427434995,114.28473213863697,209.11719202399405,343038.75,94.07887949370595,0.42481654931143586,55784.23541697779,0.1626178833061215,343105.0,36.56052890670471,152.65741254569022,4651018254.297772,2.733082265355959,51.583478811179205,4.353400928349569,214.56902119578874,35.831148892204894,106.58837893074711,119.48730250371801,-110.45056804130289,325.0195892370916,22.900597415251234,116.42882069483134,-1.2476618556910082,4651018254.297772,0.19315336384233273,2194.587765304651,100.58087300261488,565.4866466455528,-48.12921915611763,11.220573227592116,1.4070819178630734,0.7753412146714438,0.8141657746614359,1.6098258123160671,0.7166042808831908,0.669632593158464,0.6482408271860512,0.993071431902514,0.9480323281334567,-0.23999274978196736,0.8286335096259911,0.47657603156329825,9.905873928852184,0.06964451418666398,4.659806498471563,0.7979245171925224,0.1669809256435929,19.811747857704372,3.5044277622613857,3.1569137863637975,34705.80003771996,0.1617895783384801,4.237707571657328,94.09103475076145,4.881923550425763,517.1692081310534,0.05440298453995752,0.014541865324785474,4.394123299042343,105436.82087345587,0.4819756427751392,0.6211558919505465,1.8528847793253282,0.7147051713255468,64.73481444541389,0.011236952110499892,519.1842389348686,0.09341206170112787,10.345244483215437,65.60111550917597,1924237.4694134581,213514136.6777618,17860.00026165425,0.03916568356035169,789.3566030946383,0.14202169900947073,0.33834107737613733,18.70034774294033,0.017040782774055737,7.0070600629552136,0.016199122717535448,1920426.6619326035,170.52138904738334,3.109793998108576e-05,53.84542588378623,0.022735083905607814,0.0035376193056900376,case_00573
3.1.1.dev111+g8ed579383,2.0.2,2.5.5,1.8.0,3.12.13,"{'minimumROIDimensions': 2, 'minimumROISize': 50, 'normalize': False, 'normalizeScale': 1, 'removeOutliers': 3, 'resampledPixelSpacing': [1, 1, 1], 'interpolator': 'sitkBSpline', 'preCrop': False, 'padDistance': 10, 'distances': [1], 'force2D': False, 'force2Ddimension': 0, 'resegmentRange': None, 'label': 1, 'additionalInfo': True, 'binWidth': 25}",{'Original': {}},0d8c70761f873ef16fa15d12542c80d857b3d900,3D,"(5.0, 0.76171875, 0.76171875)","(53, 512, 512)",-387.497239238811,-1024.0,1226.0,3fe93959f036040d8f74fd212f860136542145c4,"(5.0, 0.76171875, 0.76171875)","(53, 512, 512)","(19, 281, 101, 26, 123, 290)",186407,4,"(np.float64(30.30696272135703), np.float64(342.04760014377143), np.float64(238.81877290015933))","(181.91273717004324, 260.5440704220134, -151.53481360678515)","(1.0, 1.0, 1.0)","(152, 116, 243)",9.111010461393185,-1065.6381507550266,1255.0105230271745,"(1.0, 1.0, 1.0)","(152, 116, 243)","(13, 11, 11, 130, 94, 221)",540455,2,"(np.float64(71.52380864271771), np.float64(57.437853290283186), np.float64(115.80801361815507))","(181.9271542431551, 260.5569939152832, -151.5238086427177)",108.3397410067991,-136.2039682408408,246.4502200640384,0.40335312929627254,0.19176691096604231,56.81118087425637,296.2512176269887,221.90313201935658,221.50846484954022,132.4235628579748,222.57133687876345,540608.4166666666,119.49385568767697,0.4225814931213673,75944.35881699715,0.1404794236931454,540455.0,14.929336163231657,165.3586697402709,8175933510.002223,3.003903901963427,66.6708671651126,3.650371074197656,246.4502200640384,45.630977201952035,108.3397410067991,126.31750856740366,-136.2039682408408,382.6541883048792,30.04626464899482,122.99541039846386,-1.1266467807914045,8175933510.002223,0.16083718053897753,3390.3714976662436,125.46194985394439,1060.1217257569492,-79.79276931446772,16.4428287788945,2.1804144888299173,0.7633540610708128,1.0425717224318818,1.8521710428632259,1.050105344288035,0.6150088285046418,0.5815254956183717,0.9918125388710022,0.9421071970048598,-0.20979319267575391,0.8151196323150501,0.4746975058542251,11.040560861698232,0.049446262422026904,5.196381366885315,0.7903268300044145,0.12628930118914716,22.08112172339647,3.7480760159168676,4.655810816931103,50933.962591339994,0.13655441825818201,6.264781037711663,117.18300868054698,3.5778528426618155,472.0854786555267,0.03370844283375934,0.012243106744691814,4.4044226149321215,207904.18216818722,0.5512305857146921,0.685725916126227,1.230029215699733,0.7677219020413285,86.7769031535201,0.01008057410809814,1399.5514775333963,0.09442392912787723,12.679690310899524,73.41175279989206,1496264.5360275267,213407951.75839967,10838.885397321375,0.03226263454607741,2557.207394413709,0.17252782312870796,0.3980761869056453,23.23160725398091,0.01612505718458319,6.814691130719702,0.027425040012581992,1494934.9836215966,214.980902200893,1.9829276822667432e-05,83.84515298638999,0.03256946404267137,0.0026862666123084935,case_00574
3.1.1.dev111+g8ed579383,2.0.2,2.5.5,1.8.0,3.12.13,"{'minimumROIDimensions': 2, 'minimumROISize': 50, 'normalize': False, 'normalizeScale': 1, 'removeOutliers': 3, 'resampledPixelSpacing': [1, 1, 1], 'interpolator': 'sitkBSpline', 'preCrop': False, 'padDistance': 10, 'distances': [1], 'force2D': False, 'force2Ddimension': 0, 'resegmentRange': None, 'label': 1, 'additionalInfo': True, 'binWidth': 25}",{'Original': {}},38c295778661802f2f3871a7b731fa7b4e14d506,3D,"(2.0, 0.9765625, 0.9765625)","(253, 512, 512)",-518.8204845684791,-1024.0,1409.0,91ffd5399305d09f8a9c48f20bd69d6bc3a86d25,"(2.0, 0.9765625, 0.9765625)","(253, 512, 512)","(61, 233, 128, 73, 104, 277)",303082,7,"(np.float64(93.60227925115976), np.float64(289.0057212239592), np.float64(270.9603044720571))","(264.60967233599325, 282.23214963277263, -187.20455850231951)","(1.0, 1.0, 1.0)","(167, 123, 293)",-18.281726735302662,-1056.1926849055112,1347.5394016782286,"(1.0, 1.0, 1.0)","(167, 123, 293)","(11, 11, 11, 146, 101, 271)",577930,7,"(np.float64(76.76873496790269), np.float64(65.13461491876178), np.float64(150.92136071842611))","(264.9330794684261, 282.14633366876177, -187.26873496790267)",110.18442098437757,-155.03166449757774,364.46673831686167,0.3308457003050288,0.15051634198422192,58.921033910589294,391.4593799839075,269.3566409056959,270.667692937299,143.37712509323097,272.70130179373916,577735.25,129.51265271174825,0.3995872430298086,83950.84799622452,0.14531024028086312,577930.0,21.895048425682926,162.81012798996022,8804856799.553808,2.896815651437879,49.774202359998284,4.747333975606197,364.46673831686167,40.8016059400353,110.18442098437757,124.7275712270844,-155.03166449757774,519.4984028144394,23.964281827160566,123.43079579646542,-1.3945491005929171,8804856799.553808,0.18032450645188638,3094.5547232862054,149.52165736582378,992.4687662660601,-74.15702467840646,13.966812453327,2.5384754487029024,0.6900499455329737,1.08108358599403,1.9307891688473025,1.3436935839092508,0.6149375514810768,0.5821263225754408,0.994918915878425,0.955416915763213,-0.16481917601912766,0.7562749544740442,0.4720194319688958,12.110462271012723,0.05471777587116143,5.110561237943903,0.7193611828425966,0.1317265058846999,24.220924542025443,3.634313123594175,4.1263219755074765,60065.94467575207,0.15168901183247266,6.032490429344349,141.35142295415815,3.110141979795432,478.2884900185903,0.023828281853606033,0.0094683132717488,4.334503098113486,217843.79726776114,0.5468925480315284,0.6835753331851475,0.9104489971941483,0.7662507684290187,104.73190527254309,0.00779473835060003,2523.7389541239113,0.08899252280136505,12.014970912386756,91.33227546810537,979073.4887689975,159327912.27899432,6106.149004531895,0.021081623069158784,7900.522973306534,0.27858961787462655,0.5385842047460675,45.7851716745834,0.012960339182218296,6.276481265069363,0.04906995656913467,978658.1823412316,150.65564368724523,1.6279653680199963e-05,173.05140369815294,0.016656493075167252,0.004526013665485465,case_00575
3.1.1.dev111+g8ed579383,2.0.2,2.5.5,1.8.0,3.12.13,"{'minimumROIDimensions': 2, 'minimumROISize': 50, 'normalize': False, 'normalizeScale': 1, 'removeOutliers': 3, 'resampledPixelSpacing': [1, 1, 1], 'interpolator': 'sitkBSpline', 'preCrop': False, 'padDistance': 10, 'distances': [1], 'force2D': False, 'force2Ddimension': 0, 'resegmentRange': None, 'label': 1, 'additionalInfo': True, 'binWidth': 25}",{'Original': {}},f26780b6112015d6c9b324224960226fea1dead0,3D,"(5.0, 0.943359375, 0.943359375)","(100, 512, 512)",-583.6193340682984,-1024.0,3071.0,09e875b87b90d2fbb9848b386459e4cd19e02d4b,"(5.0, 0.943359375, 0.943359375)","(100, 512, 512)","(33, 154, 154, 48, 114, 238)",90019,15,"(np.float64(66.87071618213933), np.float64(202.49036314555815), np.float64(220.77179262155767))","(208.26714030510226, 191.02118242051677, -334.3535809106967)","(1.0, 1.0, 1.0)","(262, 130, 247)",-5.7878790570993495,-1116.7980919992617,2270.1612110132305,"(1.0, 1.0, 1.0)","(262, 130, 247)","(13, 11, 11, 240, 108, 225)",400520,14,"(np.float64(184.2849920103865), np.float64(57.01006191950464), np.float64(74.29386797163687))","(208.32218828413687, 191.03838223200464, -334.28499201038653)",75.60299604014105,-300.2912543744323,1612.6086107565322,0.42891206060995296,0.24228767318110714,62.829542284562166,259.31794820447936,242.4231837098094,98.73702446397704,117.74548823628021,285.3594224832956,400584.2916666667,111.2245955175283,0.45516531978680574,57735.67353090292,0.14412865090313076,400520.0,7.171481430205088,116.96139098754651,4645571902.050084,2.8824151711469894,45.822260986307086,84.02264652026804,1612.6086107565322,37.64660024856299,75.60299604014105,76.57905837560284,-300.2912543744323,1912.8998651309646,20.457614264395794,107.69796306570593,6.740823496321591,4645571902.050084,0.18773379554895825,5883.038238256579,286.3008480036845,110872.82703135887,1501.296054971906,34.92338023634796,2.4541385601756107,0.8686206871749295,0.8574030340377805,1.6506365097590547,1.687589943857201,0.6760588087154369,0.6566718005185096,0.9996058457247822,0.9893735841047373,-0.27379387295484364,0.8714456930219707,0.4718747184461875,16.6787925465942,0.06920171728798631,4.831995184230964,0.9002563836774982,0.16939870065564874,33.35758509318838,3.681328831448004,9.344379699130894,38141.07736236788,0.15563735239163112,14.126233702657043,285.99037129156136,4.9799507996615695,1401.2939477930558,0.01863493123354804,0.00400728525582485,4.647303065711073,115935.28889715971,0.46506358938493997,0.6073896242576958,1.8747838747770587,0.7014242854420261,203.80392611422883,0.0028672655759549217,427.4035466091541,0.051210585503133725,126.64531376003657,567.8566978193146,3023914.613946801,848198601.3390846,10875.888240298544,0.004108040171904635,1745.1701413850947,0.20910258104302595,0.45422309636911146,321.8945015746081,0.0017446225578830563,7.782299330255382,0.02083791071606911,3021611.626057049,14.909439037440016,2.874482990555893e-05,2250.1458609019796,0.001833714783849224,0.7178408249072561,case_00576
3.1.1.dev111+g8ed579383,2.0.2,2.5.5,1.8.0,3.12.13,"{'minimumROIDimensions': 2, 'minimumROISize': 50, 'normalize': False, 'normalizeScale': 1, 'removeOutliers': 3, 'resampledPixelSpacing': [1, 1, 1], 'interpolator': 'sitkBSpline', 'preCrop': False, 'padDistance': 10, 'distances': [1], 'force2D': False, 'force2Ddimension': 0, 'resegmentRange': None, 'label': 1, 'additionalInfo': True, 'binWidth': 25}",{'Original': {}},a2c918233b15c945b035c46c2ed20bcc1f709431,3D,"(2.5, 0.7421879768371582, 0.7421879768371582)","(133, 512, 512)",-688.9300706619607,-2048.0,1461.0,a9d0742f0e10a05ba1cffc3a0456a7ce2a9ba3ec,"(2.5, 0.7421879768371582, 0.7421879768371582)","(133, 512, 512)","(6, 216, 78, 45, 107, 288)",278557,23,"(np.float64(25.224036732158947), np.float64(275.70695405249194), np.float64(236.39054843353426))","(175.44622288531104, 204.62638642815432, -63.06009183039737)","(1.0, 1.0, 1.0)","(135, 102, 236)",43.140864109470975,-1040.329794188867,1303.2852261715043,"(1.0, 1.0, 1.0)","(135, 102, 236)","(12, 11, 11, 112, 80, 214)",383864,18,"(np.float64(60.53322270387429), np.float64(55.511290457036864), np.float64(128.29030854677697))","(175.4192145583584, 204.64019646861829, -62.78322270387429)",131.82227801927442,-199.25521471196424,1055.297494660476,0.2963757217753287,0.21597292536665139,58.667543839150504,271.6430484957881,213.45959805077868,213.88314566603887,113.26517558367179,215.29746863351644,383566.0833333333,80.50840456318983,0.5185136277302702,49236.14945244134,0.12836418961906307,383864.0,67.65881101009457,174.4797771888663,9594031272.13495,2.984776899188435,46.0601059834152,33.116213604517874,1055.297494660476,42.404370629654316,131.82227801927442,130.05799452484786,-199.25521471196424,1254.5527093724404,19.974841595316512,158.0927203716788,4.269293644113839,9594031272.13495,0.18258030109513032,7616.195252326946,203.98128150077977,71971.06735725723,1412.7544593952475,43.474110441822106,3.6799980125251315,0.8436536481280814,1.1429755759121458,1.9620320146301158,2.3317368167964676,0.6133825545474818,0.5809586156866319,0.9986329008886236,0.9788357908113686,-0.18769305638197187,0.792424988508137,0.47263941712895635,13.929524163297238,0.05367221216722807,5.2404395603006275,0.9026367180910484,0.12699975001850658,27.85904832659448,3.752412171351045,11.788527113586818,41261.60876669724,0.15677724459753667,15.524128629257989,203.84590194512538,3.1700994727754828,632.2711051361749,0.018247075755795854,0.006399186567570111,4.463481267366844,144981.12572164362,0.5453210748314257,0.6833167275589591,0.9285095613457389,0.7637560552690956,156.91868525941499,0.005076881229795469,995.7001244766324,0.05633699923484397,63.425074634822174,270.842763381238,703427.5886613104,134191382.51108974,3733.502726345361,0.009770465170122379,5054.609369695598,0.2859912509729319,0.5460492889550819,161.50958648279627,0.005420620239349725,7.122921799305917,0.04604234833170081,702955.8678164756,35.855421524891206,2.3527115695481485e-05,1190.6164498428325,0.00782065182051417,0.12781156779744368,case_00577
3.1.1.dev111+g8ed579383,2.0.2,2.5.5,1.8.0,3.12.13,"{'minimumROIDimensions': 2, 'minimumROISize': 50, 'normalize': False, 'normalizeScale': 1, 'removeOutliers': 3, 'resampledPixelSpacing': [1, 1, 1], 'interpolator': 'sitkBSpline', 'preCrop': False, 'padDistance': 10, 'distances': [1], 'force2D': False, 'force2Ddimension': 0, 'resegmentRange': None, 'label': 1, 'additionalInfo': True, 'binWidth': 25}",{'Original': {}},39fe58046d1d7f059476a117e5660e12db1ffa97,3D,"(1.0, 0.76171875, 0.76171875)","(454, 512, 512)",-466.3690565420142,-1024.0,2948.0,1099c9ca1347a2a67a27cb34ab1ae65f6657379d,"(1.0, 0.76171875, 0.76171875)","(454, 512, 512)","(96, 250, 121, 106, 100, 288)",606608,2,"(np.float64(144.07634419592225), np.float64(301.71277332313457), np.float64(266.1158754912563))","(202.70545203435537, 229.8202765547314, -144.07634419592225)","(1.0, 1.0, 1.0)","(128, 98, 242)",41.52851173312468,-936.7514184768901,2824.5964855157267,"(1.0, 1.0, 1.0)","(128, 98, 242)","(11, 10, 11, 106, 77, 220)",351972,2,"(np.float64(59.05561806052754), np.float64(49.732402009250734), np.float64(121.52641971520463))","(202.6455603402046, 229.85154263425073, -144.05561806052754)",163.85416202856933,-181.33321386315973,571.5954999624842,0.3146666586032605,0.17068459531788654,52.42973552214842,307.1732128169047,219.20994502987313,217.91970998512272,102.20078277586722,221.424930845648,351993.25,96.65716848952361,0.4369709492214382,55172.303461374206,0.15674250418544733,351972.0,25.72317472418502,237.27580400100743,11781078586.640217,3.3294709823050526,78.13399804452837,4.172680633555702,571.5954999624842,61.89439611475185,163.85416202856933,191.03544067608624,-181.33321386315973,752.9287138256439,38.085761034639134,182.95255060802688,-1.3722298295932633,11781078586.640217,0.13474562141697446,6623.449359897981,242.11629267478142,4046.6004377125096,-234.42007390462544,29.395417698730967,5.682737215829193,0.6738153473157181,1.6172968681505908,2.3832564137782297,3.0181788021949596,0.5315001682866786,0.48011907706945256,0.9943003795631901,0.9529037023616765,-0.13141621239665022,0.7367089413518594,0.43571837712591577,15.368342827385078,0.03150882567953425,6.00671199303933,0.7027574380461217,0.0855435381807068,30.73668565477016,4.046517889987739,8.769538728640041,31777.619962881556,0.11717568628127441,11.995876640571698,229.56461464414303,2.176766153626689,541.5653738865228,0.011447374952776108,0.006387329686625727,4.429655311469026,175529.1841651083,0.6455429967121257,0.7698763625428248,0.4743697859201979,0.8305190624534288,185.46693084271718,0.005621733655499617,2293.0599604791896,0.07079967767318729,18.48807773868924,150.87445967642336,223041.05205631716,62504419.800728664,804.899546462103,0.012685843378058656,10437.051809312092,0.32225058074941615,0.5852110681627102,86.8497777327739,0.007930966518440568,6.347413085334013,0.09201868330435375,222922.95258031288,65.6668598658457,2.5691424766744295e-05,376.63254668078355,0.036663009329717534,0.010724337914277465,case_00578
3.1.1.dev111+g8ed579383,2.0.2,2.5.5,1.8.0,3.12.13,"{'minimumROIDimensions': 2, 'minimumROISize': 50, 'normalize': False, 'normalizeScale': 1, 'removeOutliers': 3, 'resampledPixelSpacing': [1, 1, 1], 'interpolator': 'sitkBSpline', 'preCrop': False, 'padDistance': 10, 'distances': [1], 'force2D': False, 'force2Ddimension': 0, 'resegmentRange': None, 'label': 1, 'additionalInfo': True, 'binWidth': 25}",{'Original': {}},39b28643a977d7693e309a13bdc33286d9ed5029,3D,"(3.0, 0.939453125, 0.939453125)","(190, 512, 512)",-564.2277729837518,-1024.0,3063.0,bc87ef22489205ef14236b4ec3da9a29c0ac3b3e,"(3.0, 0.939453125, 0.939453125)","(190, 512, 512)","(55, 214, 119, 46, 113, 272)",250896,2,"(np.float64(75.6232861424654), np.float64(270.2379471972451), np.float64(251.79130795229895))","(236.5461311036246, 253.8758839880369, -226.8698584273962)","(1.0, 1.0, 1.0)","(160, 128, 277)",-3.2537390875369083,-981.6681601158159,1296.7050256263508,"(1.0, 1.0, 1.0)","(160, 128, 277)","(12, 11, 11, 138, 106, 255)",664527,3,"(np.float64(74.87188330948179), np.float64(63.85166291211644), np.float64(135.56357529490901))","(236.59384873240901, 253.88193634961644, -226.8718833094818)",75.11415078815058,-118.81740813150466,177.1677814678412,0.35434186154398134,0.16836938007529204,59.69954623451005,354.574841386322,251.57503850740042,253.63950796356627,141.4390328021229,257.1653164794973,664671.4583333334,125.64070935349127,0.4758683673235727,77398.99257174952,0.11644699287348345,664527.0,12.98127125825862,108.77439615133312,4746877792.905691,2.296557626725596,32.56448000738294,5.1540945323641765,177.1677814678412,28.45424232633131,75.11415078815058,87.53354643538512,-118.81740813150466,295.98518959934586,16.396056930017327,84.51770777496547,-1.5973842299905543,4746877792.905691,0.2778982036203931,1501.1072789094387,75.98679249478103,266.40448549467396,-30.226400470464043,6.927945970029118,1.2276774646702333,0.6959790523588487,0.7278408149560819,1.541672403616596,0.6812302222162706,0.6991041464060564,0.6825968678733616,0.9930220995646539,0.950217106769739,-0.19365792745716573,0.735443365292811,0.45791438638378856,8.634870717244304,0.12365230756433818,3.952836938945357,0.7491250447298845,0.2686816981231455,17.269741434488612,2.950635575933779,2.038905858674837,78841.65553932714,0.20628243356814588,3.2731570737856623,70.69462842189806,5.790880120210455,457.97063544604066,0.08354416062921097,0.019626018689467437,4.195629367296518,171408.60726712103,0.44354740199865117,0.5707568055057322,2.386416421727198,0.6881984445409521,46.186177164992,0.01505774768647994,1730.373945641987,0.13514323224320424,8.248354489298244,46.01554201811934,4640780.937129023,387021371.63917524,56642.52407686585,0.05640933440317909,2644.7644486098093,0.206557673274743,0.43908639181188286,18.202778740196635,0.03066761331192508,6.010827252933877,0.019267840132906562,4638087.331993124,465.79682243432836,1.2861665085353035e-05,43.930131172836646,0.017488614866416154,0.0013368976912373537,case_00579
3.1.1.dev111+g8ed579383,2.0.2,2.5.5,1.8.0,3.12.13,"{'minimumROIDimensions': 2, 'minimumROISize': 50, 'normalize': False, 'normalizeScale': 1, 'removeOutliers': 3, 'resampledPixelSpacing': [1, 1, 1], 'interpolator': 'sitkBSpline', 'preCrop': False, 'padDistance': 10, 'distances': [1], 'force2D': False, 'force2Ddimension': 0, 'resegmentRange': None, 'label': 1, 'additionalInfo': True, 'binWidth': 25}",{'Original': {}},1efdbe59ec9c82179977d6179ceb210b097d2776,3D,"(2.1940298080444336, 0.71484375, 0.71484375)","(202, 512, 512)",-541.6107037610346,-1024.0,2209.0,4be3a5cbc2d44124b14344224310f8b87754f777,"(2.1940298080444336, 0.71484375, 0.71484375)","(202, 512, 512)","(20, 289, 133, 66, 105, 266)",292323,4,"(np.float64(53.69239163528015), np.float64(349.13760463596776), np.float64(264.7771779846266))","(189.27431082494792, 249.5788345639926, -117.80270771300026)","(1.0, 1.0, 1.0)","(167, 97, 212)",36.52973080129603,-1106.3034232366542,2325.6467340610593,"(1.0, 1.0, 1.0)","(167, 97, 212)","(12, 11, 11, 145, 75, 190)",327167,2,"(np.float64(86.35070774252904), np.float64(53.430352083186875), np.float64(105.27415662337583))","(189.41673474837583, 249.57293020818688, -117.75369283850682)",96.63540242777694,-219.6771811107265,1854.1220776541734,0.3731844426344811,0.18537132288114672,50.80969640242526,274.09685388609205,202.37094653136353,179.47980387776224,119.10079764636339,211.4781312571113,327154.125,102.28868164534605,0.486292830083272,47215.855007272425,0.14432297012080292,327167.0,23.60703830504601,141.15539359263556,4832215369.572954,2.9433614883943,41.2734816466849,107.26447234588446,1854.1220776541734,38.2366873754234,96.63540242777694,100.27822338188389,-219.6771811107265,2073.7992587649,19.430565947571534,121.53137046866837,6.6409574185891564,4832215369.572954,0.19421050952719615,5431.473005614326,188.71273179914152,91114.34032777326,1046.005671069174,27.804020328406594,4.371500200218936,0.7273391247225095,1.0519831314083192,1.8905747109309061,3.2281102953017795,0.6482438418509946,0.6215707419589838,0.9994086859171069,0.9880143422728529,-0.21981450086823215,0.829393318997398,0.4523280482846249,13.522337497119839,0.07040286750828423,5.074822940696748,0.7772483195372678,0.17384005634265282,27.044674994239678,3.7214212323577476,8.0438801321564,31438.978398369465,0.15069262010935167,12.631720416506063,187.7423443293191,4.274719650678685,801.8506315769246,0.024938177267015676,0.006658115469487621,4.628355406013869,106340.89143415177,0.5051315532868353,0.633659215676962,1.5738567975783713,0.7362910296098482,138.64123757975997,0.005132279279618962,891.8204884237234,0.07071205902503358,104.60678840268015,308.6512052013955,772232.9945290199,143282404.47756106,4203.0235196930635,0.009749121854368804,3579.8317475420235,0.2838433038013022,0.5470027966013989,215.81214672134217,0.00522412210320341,7.0274453350336525,0.03854912017410069,771560.0627174363,16.02641705168069,3.090238796433591e-05,3536.7239063385205,0.0018903758895385465,0.995737845926657,case_00580
3.1.1.dev111+g8ed579383,2.0.2,2.5.5,1.8.0,3.12.13,"{'minimumROIDimensions': 2, 'minimumROISize': 50, 'normalize': False, 'normalizeScale': 1, 'removeOutliers': 3, 'resampledPixelSpacing': [1, 1, 1], 'interpolator': 'sitkBSpline', 'preCrop': False, 'padDistance': 10, 'distances': [1], 'force2D': False, 'force2Ddimension': 0, 'resegmentRange': None, 'label': 1, 'additionalInfo': True, 'binWidth': 25}",{'Original': {}},d4c2641eb3711ecbc64d0a18538744168a1457b4,3D,"(5.0, 0.85546875, 0.85546875)","(55, 512, 512)",-571.7884717074307,-1024.0,1427.0,3eb9bb09d7d99e4afb02c407ea2e8aaa040813c0,"(5.0, 0.85546875, 0.85546875)","(55, 512, 512)","(20, 279, 121, 23, 80, 278)",96896,4,"(np.float64(30.435549455085866), np.float64(317.1435559775429), np.float64(253.47022580911494))","(216.8358572351413, 271.30640140266365, -152.17774727542934)","(1.0, 1.0, 1.0)","(137, 90, 259)",-6.414801395479856,-895.8765454662577,1433.8653145348467,"(1.0, 1.0, 1.0)","(137, 90, 259)","(13, 11, 11, 115, 68, 237)",354820,3,"(np.float64(67.1440448678203), np.float64(43.2510568739079), np.float64(123.6685643424835))","(216.7408299674835, 271.3233224989079, -152.1440448678203)",115.00872162109076,-132.28318479341686,222.6624575793817,0.3137356154331428,0.142374648160671,47.691691835697796,334.9732024052296,237.2172000509238,237.42788378789885,114.23659658795863,238.74882198662257,354667.25,105.09302381021541,0.43848593960580534,55259.783309137834,0.15580740344403898,354820.0,16.86515370172441,165.37400859412077,5931646500.9923315,2.7904402427596886,59.36792946374098,4.27678147218204,222.6624575793817,45.76134029426807,115.00872162109076,138.2053815396049,-132.28318479341686,354.9456423727986,28.59586903032612,129.29555205308603,-1.4396367004363997,5931646500.9923315,0.2022746714486156,3490.3337317947344,132.27690200693712,1266.63908285335,-100.66249903285551,16.283619741375226,1.955880613112519,0.7822423241413877,0.8906744989875359,1.769597004005625,1.1334768732855307,0.6697567111632222,0.6457570746481897,0.9917966170916215,0.9478339523722005,-0.2352838407490318,0.8257490571317916,0.4415814997773466,11.34423372904624,0.08406952275338028,4.687491750521251,0.8041672834019266,0.16883497353126042,22.688467458092482,3.5028018704212327,4.5598750886219355,31960.143995770453,0.1474639354517019,6.930923685046131,117.9381428318937,5.149640622109503,735.2830329552296,0.04370398904499387,0.0129582994881658,4.534524803921356,108015.18334399065,0.4974298732699324,0.6061172945762315,2.24419412748704,0.732196976618032,80.41974132513423,0.010645876449415781,1020.3199250714779,0.10059350538021078,10.265768591270435,63.42788129744652,1209077.737947353,184783003.38105097,8044.514228537361,0.03537494607232128,1902.5285418515232,0.187570594681211,0.423638351385074,22.5807485331857,0.017649087501662372,6.621037977381649,0.028586325460797025,1207854.0143572662,141.83534595438272,3.008483251049453e-05,65.26680195607008,0.03259051602259346,0.004755107059334379,case_00581
3.1.1.dev111+g8ed579383,2.0.2,2.5.5,1.8.0,3.12.13,"{'minimumROIDimensions': 2, 'minimumROISize': 50, 'normalize': False, 'normalizeScale': 1, 'removeOutliers': 3, 'resampledPixelSpacing': [1, 1, 1], 'interpolator': 'sitkBSpline', 'preCrop': False, 'padDistance': 10, 'distances': [1], 'force2D': False, 'force2Ddimension': 0, 'resegmentRange': None, 'label': 1, 'additionalInfo': True, 'binWidth': 25}",{'Original': {}},a6537ff6c42d6d89554527911996fddc2448b2e5,3D,"(4.0, 0.767578125, 0.767578125)","(163, 512, 512)",-499.8564341024387,-1024.0,2333.0,57d94cb463e0470aa6065787bff31221823fd858,"(4.0, 0.767578125, 0.767578125)","(163, 512, 512)","(70, 221, 134, 37, 129, 266)",225666,1,"(np.float64(88.51463224411297), np.float64(279.5804862052768), np.float64(255.35609706380225))","(196.00575419155135, 214.59986538803474, -354.0585289764519)","(1.0, 1.0, 1.0)","(169, 121, 226)",33.54663000643946,-1021.4021747709339,1366.7770261162132,"(1.0, 1.0, 1.0)","(169, 121, 226)","(12, 11, 11, 148, 99, 204)",531852,2,"(np.float64(87.53671698141588), np.float64(55.50553161405804), np.float64(103.84792761896166))","(195.96413855646168, 214.62174255155804, -354.0367169814159)",156.34490032088874,-135.74609952566587,368.18699307891154,0.5082185857701873,0.19312300619362394,48.49084407003071,251.08786894821887,205.99514557387025,203.29781110479277,132.84953895290718,207.78354121537154,531808.875,127.60752166091393,0.44788271090483106,70874.53350959544,0.13327068584478857,531852.0,41.480545869297245,228.18763182246659,15740823306.921307,3.3333434722537967,72.38504575891977,3.8846828963899216,368.18699307891154,54.383922540119514,156.34490032088874,174.47905890645842,-135.74609952566587,503.9330926045774,33.907496613185586,172.03559886631058,-1.112336101441635,15740823306.921307,0.12967054839269038,5152.5194209414785,174.68423130877105,2792.569801559563,-151.76744258513253,25.77307652140204,2.5893563419716736,0.8153201605914171,1.1420022338313751,1.9475287814842372,1.226454938408293,0.5952634152540883,0.5569696520710955,0.9942898849564219,0.9507509956406347,-0.24159737221871,0.8701942274897695,0.4674139945868025,12.995574866843562,0.035168600009268094,5.694621582191953,0.8321473715537938,0.08977940726418593,25.991149733687124,4.138669076526546,7.090608215843427,42825.96911763016,0.11331750285198292,9.442714657649306,164.2404232919717,3.0617865309296137,553.1707496979277,0.0221938775420832,0.009219497269132656,4.653784353862293,218066.19549630064,0.5706314541528008,0.7066154609813372,0.9125626537120879,0.7805999086543588,124.00157547263045,0.007720879895791262,1145.209549937945,0.07480629367940068,17.32104429662148,98.06375334770397,2076008.4078646547,396597174.5183225,11088.400818158172,0.0250962251190964,2814.15082631132,0.18382329520617416,0.41743291817041045,36.668926749385655,0.012159252812793389,7.155466862817429,0.02878432345840572,2074801.4615656645,118.52538288285717,2.2877339078901477e-05,146.767552834005,0.02958782745290016,0.0050858588113251195,case_00582
3.1.1.dev111+g8ed579383,2.0.2,2.5.5,1.8.0,3.12.13,"{'minimumROIDimensions': 2, 'minimumROISize': 50, 'normalize': False, 'normalizeScale': 1, 'removeOutliers': 3, 'resampledPixelSpacing': [1, 1, 1], 'interpolator': 'sitkBSpline', 'preCrop': False, 'padDistance': 10, 'distances': [1], 'force2D': False, 'force2Ddimension': 0, 'resegmentRange': None, 'label': 1, 'additionalInfo': True, 'binWidth': 25}",{'Original': {}},1febeb67d9d8024304548aac19bf8e1b51fecc19,3D,"(1.0, 0.77734375, 0.77734375)","(256, 512, 512)",-484.4327539652586,-1024.0,1625.0,6f536ee1ec082a3a516d1fa94563dc21c12c15e9,"(1.0, 0.77734375, 0.77734375)","(256, 512, 512)","(109, 271, 112, 109, 101, 303)",668262,2,"(np.float64(161.24835319081438), np.float64(320.32039828689943), np.float64(264.61135752145117))","(205.69398494831555, 248.99905960583197, -161.24835319081438)","(1.0, 1.0, 1.0)","(131, 100, 258)",36.862744313015455,-1029.121807352351,1617.151977415843,"(1.0, 1.0, 1.0)","(131, 100, 258)","(11, 11, 11, 109, 78, 236)",403708,2,"(np.float64(63.24474867973882), np.float64(48.90460431797239), np.float64(129.54596639155034))","(205.65729451655034, 249.01593244297237, -161.24474867973882)",170.90825798078978,-182.87760090102773,813.2778813594289,0.3314528525552633,0.15810150989411761,52.42462714193873,331.58840277394,235.61409125941512,236.1228493814184,117.13667231059623,236.81638456829796,404033.9166666667,109.905921973666,0.4486852716300257,58905.27570792423,0.14579289826433522,403708.0,33.46820266679294,252.6756731963873,14734483880.74516,3.5501954600176435,75.47429595243759,4.584481955968904,813.2778813594289,62.357488677744,170.90825798078978,190.21708034831536,-182.87760090102773,996.1554822604567,36.68461830892031,191.04416873099836,-0.9479920426082222,14734483880.74516,0.11732130779330172,7288.241760089972,251.3995546088186,5858.6305368005615,-182.26928085023016,33.84552575237436,5.951694307917829,0.6991014879784019,1.6625580491918268,2.4079820216973857,3.131692855196028,0.5208780591312709,0.4664960691770118,0.9965564035306896,0.9625696980073577,-0.15513944091148735,0.7951738545294309,0.43155524129955575,15.63406076837352,0.024719373341142263,6.367701466603673,0.7213776970332954,0.06272486985735425,31.268121536747046,4.323261515121488,9.949305015073044,33031.946523382976,0.10465788104944221,13.116449934143354,241.34440637191497,2.0752280901253704,529.3944617486032,0.010702342400830574,0.006068235539661456,4.599327392748592,207808.21645468188,0.6567227550663834,0.781246689343631,0.4231803677786666,0.8371969806886235,198.18017502909473,0.005336954978256011,2242.9943829787235,0.06363104632563754,23.34087400915447,168.83100709219858,223931.82371631206,60788150.693929076,835.4628016025848,0.01196476248282314,11694.665929078014,0.3317635724561139,0.5949181662370233,100.66826697244544,0.0074933558980560715,6.555313197129566,0.08731558453139397,223800.65916783744,40.01493380788673,2.450887605946632e-05,1003.9367166694759,0.016156195749079928,0.03308578610770079,case_00583
3.1.1.dev111+g8ed579383,2.0.2,2.5.5,1.8.0,3.12.13,"{'minimumROIDimensions': 2, 'minimumROISize': 50, 'normalize': False, 'normalizeScale': 1, 'removeOutliers': 3, 'resampledPixelSpacing': [1, 1, 1], 'interpolator': 'sitkBSpline', 'preCrop': False, 'padDistance': 10, 'distances': [1], 'force2D': False, 'force2Ddimension': 0, 'resegmentRange': None, 'label': 1, 'additionalInfo': True, 'binWidth': 25}",{'Original': {}},0038a7165e10eaa7d302bef3109a611f5f8e2fa7,3D,"(2.5, 0.7714840173721313, 0.7714840173721313)","(100, 512, 512)",-687.7051158523559,-2048.0,2025.0,1e5512a491a6d2485b504e5644e53028d9dd943c,"(2.5, 0.7714840173721313, 0.7714840173721313)","(100, 512, 512)","(28, 273, 147, 52, 85, 238)",212940,2,"(np.float64(52.94596599981215), np.float64(317.42321780783317), np.float64(265.179191321499))","(204.58150784420306, 244.8869392815762, -132.36491499953038)","(1.0, 1.0, 1.0)","(152, 87, 205)",47.13451327277026,-1041.6780161052438,1628.5602299531504,"(1.0, 1.0, 1.0)","(152, 87, 205)","(12, 11, 10, 130, 65, 184)",316963,4,"(np.float64(74.87992289320836), np.float64(44.776809911566964), np.float64(101.43241009202967))","(204.5466680833436, 244.89106790288093, -132.12992289320835)",106.73004492490826,-180.2695234964387,1628.3778838980206,0.39896484543517297,0.20276543401698185,50.23715190674807,247.7599406935437,188.08774548066654,179.27911200137063,111.89280584559492,189.48614725092702,316939.0833333333,98.84750644382729,0.4694591327575732,47885.44533016757,0.15108722100961328,316963.0,35.98694815744888,150.05888808795407,6639557291.6328535,3.00291776686289,42.73836325724703,86.45376745590595,1628.3778838980206,41.95027478631243,106.73004492490826,104.32328115473764,-180.2695234964387,1808.6474073944594,19.302266637940292,144.73223777190577,7.519666680702072,6639557291.6328535,0.1870876168156944,9556.118160790538,178.63157360549002,260360.2721746747,3073.1042602817365,52.91806210200212,6.719978444622201,0.7744361060729475,1.2136500345838672,1.9792909509030254,5.200671096932874,0.6152488935210205,0.5831631144102808,0.9988871013676917,0.9845885016944097,-0.19613107374409194,0.8081347919836696,0.469503463287685,12.92598519175809,0.05959759835849707,5.260334250703348,0.8133990145586568,0.15049634459115774,25.851970383516196,3.7689233795397348,14.909510136656062,33191.77633543624,0.15284640247014372,21.11027815195427,183.76774746690774,3.2570111220037385,560.6476078379851,0.021891785829790563,0.007522818305821295,4.495624247205536,119447.56161691056,0.5455886434626147,0.6818971105338915,0.9947821228519488,0.7643902604104683,144.13606842790176,0.005979908255184955,930.9613600166193,0.06446654386930402,154.34642316353762,380.76753687417767,606539.748840108,98775638.45994045,3769.2589152764967,0.011598282812939854,4461.965861089952,0.30897900845439735,0.5719503529745288,274.39154670781176,0.006501190640066535,7.02771700256307,0.04556052283705038,606057.9978659791,20.022188025098334,2.9927793637384208e-05,2977.5591160052995,0.004766514182983986,0.5926151645401753,case_00584
3.1.1.dev111+g8ed579383,2.0.2,2.5.5,1.8.0,3.12.13,"{'minimumROIDimensions': 2, 'minimumROISize': 50, 'normalize': False, 'normalizeScale': 1, 'removeOutliers': 3, 'resampledPixelSpacing': [1, 1, 1], 'interpolator': 'sitkBSpline', 'preCrop': False, 'padDistance': 10, 'distances': [1], 'force2D': False, 'force2Ddimension': 0, 'resegmentRange': None, 'label': 1, 'additionalInfo': True, 'binWidth': 25}",{'Original': {}},ef906857d298da208c61b3295ab16f40153edfec,3D,"(2.4858756065368652, 0.7578125, 0.7578125)","(178, 512, 512)",-543.8292791816625,-1024.0,1584.0,cfa42317cb3c8de1d0765f7aa838e1b3b1682409,"(2.4858756065368652, 0.7578125, 0.7578125)","(178, 512, 512)","(32, 264, 115, 48, 131, 280)",272505,2,"(np.float64(55.372708757637476), np.float64(325.9746683547091), np.float64(252.70579989357992))","(191.50361398185353, 247.02767836255296, -137.64966596848126)","(1.0, 1.0, 1.0)","(141, 121, 234)",44.11415054842377,-1099.081364584036,1449.1789305357881,"(1.0, 1.0, 1.0)","(141, 121, 234)","(12, 11, 11, 119, 99, 212)",390442,2,"(np.float64(70.33815521895697), np.float64(57.914942552286895), np.float64(115.12142136348037))","(191.24251511348035, 247.0360363022869, -137.59521741568852)",129.64371187558632,-134.58422666547506,464.0553614689971,0.36924409875873804,0.17502424996433383,50.90932473057664,290.8701208029794,211.40482492128697,210.64662351910604,122.64175471673585,217.12208547266673,390421.625,107.40207561174138,0.4630766229756195,55785.394691615584,0.1428850020580074,390442.0,60.39784084280527,174.84483556691998,7510392099.02355,2.7110595707246348,42.581294024736806,5.933146027186615,464.0553614689971,35.12187769725685,129.64371187558632,142.12017393594795,-134.58422666547506,598.6395881344722,19.82529164078386,138.69252061500688,-1.6191023144276404,7510392099.02355,0.20759975111300794,2428.1232456640646,142.72849331533345,824.216957835187,-63.32433802662146,11.548533505820444,1.7228459178879254,0.7377836393836077,0.8545505047406089,1.7016567918412522,0.967708967556406,0.6699207728118549,0.6474739838305903,0.9972994934351267,0.9682854829025604,-0.21167439360049212,0.7986027369978372,0.4600714815015714,11.843604559619935,0.0758156679134098,4.663792707583189,0.7584580462194113,0.15487767509163947,23.68720911923987,3.4726725055725347,3.317844855927091,40256.56885740116,0.1676647502211261,5.018432424588506,134.16845306228365,4.878634849668956,723.3907403463207,0.037215054271263606,0.009791799153321009,4.447593042310185,116304.09731350606,0.4780033588434096,0.6113722002637642,1.8933336462434427,0.7151623579208228,92.16380232086962,0.007620518029022947,974.1442034139402,0.08660599247990222,12.242359246986094,94.35837482219061,1392121.9119843529,214013027.5225818,9196.54399157589,0.022251722424826374,2369.9409672830725,0.21069887689216504,0.4502865737072755,38.70973094011707,0.011408971251384807,6.645410546458626,0.02880837614805784,1390916.9802512387,89.54805353485068,2.5667030891870283e-05,163.36508277513224,0.009640403422572637,0.010340647163422461,case_00585
3.1.1.dev111+g8ed579383,2.0.2,2.5.5,1.8.0,3.12.13,"{'minimumROIDimensions': 2, 'minimumROISize': 50, 'normalize': False, 'normalizeScale': 1, 'removeOutliers': 3, 'resampledPixelSpacing': [1, 1, 1], 'interpolator': 'sitkBSpline', 'preCrop': False, 'padDistance': 10, 'distances': [1], 'force2D': False, 'force2Ddimension': 0, 'resegmentRange': None, 'label': 1, 'additionalInfo': True, 'binWidth': 25}",{'Original': {}},437e0027ebf676fb6ed8a0cb3299e5bc8d1b0a33,3D,"(3.0, 0.78125, 0.78125)","(153, 512, 512)",-497.2028175054812,-1024.0,3071.0,c9036b97607e9b042f72e901129f84b3a9138b34,"(3.0, 0.78125, 0.78125)","(153, 512, 512)","(35, 250, 108, 42, 107, 286)",184208,4,"(np.float64(55.32384586988621), np.float64(302.7006698949014), np.float64(247.8452564492313))","(193.62910660096196, 236.48489835539172, -165.97153760965864)","(1.0, 1.0, 1.0)","(148, 106, 246)",23.693112704282367,-1021.623052822737,2721.43444125383,"(1.0, 1.0, 1.0)","(148, 106, 246)","(12, 11, 11, 126, 84, 224)",337494,4,"(np.float64(73.93975004000072), np.float64(52.39053138722466), np.float64(120.48742199861331))","(193.5967969986133, 236.49990638722466, -165.93975004000072)",121.95847640392428,-195.55106379901676,2698.2218857275416,0.34578138449293366,0.15495383370258967,47.68739659498997,307.75228631334596,222.27235545609355,223.29352879114074,113.1591799192624,226.58773135366354,337485.9166666667,106.41501164229449,0.4011388359952331,58437.70935820391,0.17315599399047685,337494.0,34.49653669152667,164.76623349975898,8916977436.95474,3.0551973227309857,48.7387522794409,137.86413367533538,2698.2218857275416,45.58763174883988,121.95847640392428,126.46774382594751,-195.55106379901676,2893.7729495265585,22.904554123828557,162.5458199908346,9.08101999590789,8916977436.95474,0.18043912593000128,11547.273629726242,197.89281470339378,577009.4904742996,4752.992822085824,63.14995608521477,7.952596324263155,0.775853918476255,1.2206629309750656,1.9883614344751122,6.412565992725022,0.6306505006198938,0.6017911943692597,0.9994406697290892,0.9899779452150633,-0.21992817993485256,0.8370142944801646,0.4591420287625071,13.56804751819753,0.06239422674893501,5.2634348412886,0.8074098147422107,0.16648022978668603,27.136095036395076,3.8291329207494633,17.77563810236948,31816.244512810976,0.1420100435903963,26.961793944489497,202.96635659022724,3.659441528009052,705.7500490779547,0.022109089451868617,0.00718357766117523,4.638037865425085,119377.5268782438,0.5292108588309881,0.6600577742464709,1.2354111168177349,0.7536547139012016,157.2214115292337,0.0057201970149997,839.5181079549034,0.052876368832581934,241.7080482771741,530.86011211186,599634.7273414372,113536018.0888077,3205.2009607862633,0.010920447598004032,5031.684008313913,0.3169165464706124,0.5803717581154307,422.1104629966751,0.005969321514761898,7.32967408904265,0.04704379929717269,599182.8763671507,10.86908572712359,3.2255803475425016e-05,7782.572218771372,0.0021784427604284676,2.7620757336219195,case_00586
3.1.1.dev111+g8ed579383,2.0.2,2.5.5,1.8.0,3.12.13,"{'minimumROIDimensions': 2, 'minimumROISize': 50, 'normalize': False, 'normalizeScale': 1, 'removeOutliers': 3, 'resampledPixelSpacing': [1, 1, 1], 'interpolator': 'sitkBSpline', 'preCrop': False, 'padDistance': 10, 'distances': [1], 'force2D': False, 'force2Ddimension': 0, 'resegmentRange': None, 'label': 1, 'additionalInfo': True, 'binWidth': 25}",{'Original': {}},52a667a4ec44a3f40ca91704c2295c2b3b0fd61c,3D,"(5.0, 0.8007810115814209, 0.8007810115814209)","(48, 512, 512)",-746.2797459761301,-2048.0,3071.0,f6142bcea2555c4a9fa42396ca94873a8d08d097,"(5.0, 0.8007810115814209, 0.8007810115814209)","(48, 512, 512)","(20, 222, 118, 24, 105, 286)",127301,5,"(np.float64(31.011382471465268), np.float64(276.3373500600938), np.float64(264.3827935365787))","(211.71272085294342, 221.28570271885113, -155.05691235732633)","(1.0, 1.0, 1.0)","(142, 106, 251)",24.043224098900932,-945.9672277096937,2042.8470985151991,"(1.0, 1.0, 1.0)","(142, 106, 251)","(13, 11, 10, 120, 84, 230)",407890,4,"(np.float64(70.06294589227488), np.float64(54.17714334747113), np.float64(127.64392360685478))","(211.7435331010641, 221.27675284168043, -155.06294589227488)",104.78390802742791,-130.07540850462843,1979.5374272183751,0.35277270531377236,0.14941220210863923,48.45145319406096,324.28043031473015,225.39964507514205,231.24878378058554,126.763559432512,233.75414434828744,407910.5833333333,114.3972846824416,0.43186839139151767,61589.879491754866,0.15098867744116684,407890.0,22.366005024927254,151.239710842136,6498977470.265269,2.945784142996463,52.1589403230694,121.54616590230482,1979.5374272183751,40.9137377391948,104.78390802742791,115.34696187424822,-130.07540850462843,2109.6128357230036,24.045586602502695,126.22662973455783,6.3300878696056815,6498977470.265269,0.181644622689787,4953.494672644687,123.61583591070524,93186.94780819278,925.3886446691249,26.54260708141899,3.069221317354633,0.7918146716180264,0.9289874973851731,1.7310747537561342,2.165262732783072,0.6596121550016126,0.6362739590721904,0.99960308629277,0.9895634480784643,-0.26396722987504234,0.8655628342535464,0.4699364098854594,10.851084487784881,0.06648478316165923,4.968713687208784,0.8292635943897427,0.1411512596414378,21.702168975569734,3.726982781413191,7.402957099693413,38078.12230374465,0.14715587535980543,11.162679514816713,120.81076449820873,4.710169217433198,592.740907758228,0.044342907139624646,0.011937730148816585,4.615156591499758,129548.59171128759,0.49406645858044357,0.6282855294696722,1.83975966421052,0.7262045548472927,87.43540002256799,0.009274019460043574,534.9751356238698,0.06046283178389125,129.71991523661418,286.0857820976492,1587502.319620253,202613856.0597875,12775.255110555976,0.02211963927202215,1922.867766726944,0.2173223063660651,0.46828771031494293,193.17577421517657,0.010108187913860369,7.570078917987166,0.02169212287626566,1585377.1387973684,21.745910896724027,2.725635560378934e-05,3517.0645257130723,0.0014071754461299356,1.0997103226056,case_00587
3.1.1.dev111+g8ed579383,2.0.2,2.5.5,1.8.0,3.12.13,"{'minimumROIDimensions': 2, 'minimumROISize': 50, 'normalize': False, 'normalizeScale': 1, 'removeOutliers': 3, 'resampledPixelSpacing': [1, 1, 1], 'interpolator': 'sitkBSpline', 'preCrop': False, 'padDistance': 10, 'distances': [1], 'force2D': False, 'force2Ddimension': 0, 'resegmentRange': None, 'label': 1, 'additionalInfo': True, 'binWidth': 25}",{'Original': {}},b0628e30c5d5f7f19dc8bef66d115ca1a4e39cf0,3D,"(1.0, 0.681640625, 0.681640625)","(248, 512, 512)",-380.51603320337114,-1024.0,1769.0,c0a4842a7a82fb010f5ad1fc15f4a5d55172fb8f,"(1.0, 0.681640625, 0.681640625)","(248, 512, 512)","(99, 266, 110, 122, 102, 281)",521921,23,"(np.float64(160.79136114469432), np.float64(317.56768169895446), np.float64(242.5271774847151))","(165.31637684016712, 216.46703303307638, -160.79136114469432)","(1.0, 1.0, 1.0)","(144, 92, 214)",20.269527785069485,-1027.840480805431,1306.3726888613492,"(1.0, 1.0, 1.0)","(144, 92, 214)","(11, 11, 11, 122, 69, 192)",242553,17,"(np.float64(72.77945026447829), np.float64(46.31307384365479), np.float64(101.16763346567555))","(165.32681315317555, 216.4722535311548, -160.77945026447827)",115.53516693361729,-121.39354694981874,919.8499233322628,0.3261571857874806,0.17380747122252402,47.2598852448987,271.90940016837556,193.49418595916518,182.13456563760764,105.30906893520614,194.03350226185168,242502.41666666666,88.68520474807927,0.4604088269029406,40846.156516406445,0.16843608025792092,242553.0,52.70137978270668,155.67053225967047,3961739688.1597166,2.668412118834326,36.74450543781789,26.2692599328985,919.8499233322628,33.24719071677421,115.53516693361729,124.13316907070711,-121.39354694981874,1041.2434702820815,16.916884103495015,127.80258637013641,1.2827604940174824,3961739688.1597166,0.22624033155945455,2985.1262845173637,108.38750439377887,6957.531641242139,104.37384949217856,14.167030601428424,2.897404728702121,0.6592952414956932,1.0209357516507243,1.8741840364544775,1.8340619224153596,0.6391223277017488,0.6121825027350757,0.9984189636879834,0.9771362276377241,-0.15494113526345202,0.7240054573048617,0.471701130692906,10.274708618630386,0.07851989573627854,4.733962168340115,0.7481027876885573,0.16923293890860264,20.549417237260762,3.394730391263241,4.266108832532638,29034.034099706005,0.18238496748014665,6.416400947384487,104.59707696599142,3.4579275568029826,382.4349087766298,0.03807948219218529,0.014408913721204853,4.262673477611385,82829.38000965714,0.5173839553904356,0.6549556655183054,1.0730649269734271,0.7455696784010148,76.25922152734898,0.011787218235365545,1039.1642634286195,0.08762663491260811,25.016386735615495,100.11872839193862,533037.8563959862,60381844.75908592,4771.619086430369,0.03252958696399266,3639.952525508053,0.30693587364095226,0.5715420827453825,60.691368949108714,0.020066886913233075,6.416636728978127,0.048892407020321334,532619.5281756865,37.108377446996634,3.5607606453822436e-05,818.8729710153383,0.004054502974442035,0.13548016062160784,case_00588
