diagnostics_Versions_PyRadiomics,diagnostics_Versions_Numpy,diagnostics_Versions_SimpleITK,diagnostics_Versions_PyWavelet,diagnostics_Versions_Python,diagnostics_Configuration_Settings,diagnostics_Configuration_EnabledImageTypes,diagnostics_Image-original_Hash,diagnostics_Image-original_Dimensionality,diagnostics_Image-original_Spacing,diagnostics_Image-original_Size,diagnostics_Image-original_Mean,diagnostics_Image-original_Minimum,diagnostics_Image-original_Maximum,diagnostics_Mask-original_Hash,diagnostics_Mask-original_Spacing,diagnostics_Mask-original_Size,diagnostics_Mask-original_BoundingBox,diagnostics_Mask-original_VoxelNum,diagnostics_Mask-original_VolumeNum,diagnostics_Mask-original_CenterOfMassIndex,diagnostics_Mask-original_CenterOfMass,original_shape_Elongation,original_shape_Flatness,original_shape_LeastAxisLength,original_shape_MajorAxisLength,original_shape_Maximum2DDiameterColumn,original_shape_Maximum2DDiameterRow,original_shape_Maximum2DDiameterSlice,original_shape_Maximum3DDiameter,original_shape_MeshVolume,original_shape_MinorAxisLength,original_shape_Sphericity,original_shape_SurfaceArea,original_shape_SurfaceVolumeRatio,original_shape_VoxelVolume,original_firstorder_10Percentile,original_firstorder_90Percentile,original_firstorder_Energy,original_firstorder_Entropy,original_firstorder_InterquartileRange,original_firstorder_Kurtosis,original_firstorder_Maximum,original_firstorder_MeanAbsoluteDeviation,original_firstorder_Mean,original_firstorder_Median,original_firstorder_Minimum,original_firstorder_Range,original_firstorder_RobustMeanAbsoluteDeviation,original_firstorder_RootMeanSquared,original_firstorder_Skewness,original_firstorder_TotalEnergy,original_firstorder_Uniformity,original_firstorder_Variance,original_glcm_Autocorrelation,original_glcm_ClusterProminence,original_glcm_ClusterShade,original_glcm_ClusterTendency,original_glcm_Contrast,original_glcm_Correlation,original_glcm_DifferenceAverage,original_glcm_DifferenceEntropy,original_glcm_DifferenceVariance,original_glcm_Id,original_glcm_Idm,original_glcm_Idmn,original_glcm_Idn,original_glcm_Imc1,original_glcm_Imc2,original_glcm_InverseVariance,original_glcm_JointAverage,original_glcm_JointEnergy,original_glcm_JointEntropy,original_glcm_MCC,original_glcm_MaximumProbability,original_glcm_SumAverage,original_glcm_SumEntropy,original_glcm_SumSquares,original_gldm_DependenceEntropy,original_gldm_DependenceNonUniformity,original_gldm_DependenceNonUniformityNormalized,original_gldm_DependenceVariance,original_gldm_GrayLevelNonUniformity,original_gldm_GrayLevelVariance,original_gldm_HighGrayLevelEmphasis,original_gldm_LargeDependenceEmphasis,original_gldm_LargeDependenceHighGrayLevelEmphasis,original_gldm_LargeDependenceLowGrayLevelEmphasis,original_gldm_LowGrayLevelEmphasis,original_gldm_SmallDependenceEmphasis,original_gldm_SmallDependenceHighGrayLevelEmphasis,original_gldm_SmallDependenceLowGrayLevelEmphasis,original_glrlm_GrayLevelNonUniformity,original_glrlm_GrayLevelNonUniformityNormalized,original_glrlm_GrayLevelVariance,original_glrlm_HighGrayLevelRunEmphasis,original_glrlm_LongRunEmphasis,original_glrlm_LongRunHighGrayLevelEmphasis,original_glrlm_LongRunLowGrayLevelEmphasis,original_glrlm_LowGrayLevelRunEmphasis,original_glrlm_RunEntropy,original_glrlm_RunLengthNonUniformity,original_glrlm_RunLengthNonUniformityNormalized,original_glrlm_RunPercentage,original_glrlm_RunVariance,original_glrlm_ShortRunEmphasis,original_glrlm_ShortRunHighGrayLevelEmphasis,original_glrlm_ShortRunLowGrayLevelEmphasis,original_glszm_GrayLevelNonUniformity,original_glszm_GrayLevelNonUniformityNormalized,original_glszm_GrayLevelVariance,original_glszm_HighGrayLevelZoneEmphasis,original_glszm_LargeAreaEmphasis,original_glszm_LargeAreaHighGrayLevelEmphasis,original_glszm_LargeAreaLowGrayLevelEmphasis,original_glszm_LowGrayLevelZoneEmphasis,original_glszm_SizeZoneNonUniformity,original_glszm_SizeZoneNonUniformityNormalized,original_glszm_SmallAreaEmphasis,original_glszm_SmallAreaHighGrayLevelEmphasis,original_glszm_SmallAreaLowGrayLevelEmphasis,original_glszm_ZoneEntropy,original_glszm_ZonePercentage,original_glszm_ZoneVariance,original_ngtdm_Busyness,original_ngtdm_Coarseness,original_ngtdm_Complexity,original_ngtdm_Contrast,original_ngtdm_Strength,case_id
3.1.1.dev111+g8ed579383,2.0.2,2.5.3,1.8.0,3.12.12,"{'minimumROIDimensions': 2, 'minimumROISize': None, 'normalize': False, 'normalizeScale': 1, 'removeOutliers': None, 'resampledPixelSpacing': None, 'interpolator': 'sitkBSpline', 'preCrop': False, 'padDistance': 5, 'distances': [1], 'force2D': False, 'force2Ddimension': 0, 'resegmentRange': None, 'label': 1, 'additionalInfo': True}",{'Original': {}},de1d36d7a44a874440704fb71ed221c19080974b,3D,"(5.0, 0.77734375, 0.77734375)","(82, 512, 512)",-549.6189338870165,-1024.0,3071.0,d279b338f6e7373337cf9cf9db65d1c07803d3f0,"(5.0, 0.77734375, 0.77734375)","(82, 512, 512)","(12, 145, 127, 29, 174, 266)",113590,22,"(np.float64(26.73679901399771), np.float64(249.81347829914606), np.float64(252.4858262170966))","(196.26827897344617, 194.1909460216018, -133.68399506998855)",0.3302605433152212,0.199938735794987,61.925995924006706,309.72485485506087,202.9243453414375,203.0668276827285,130.70717384830166,226.43778709921983,342779.564186732,102.28989884266042,0.42253897151058806,56056.67084038206,0.1635356266741874,343191.3444519043,34.0,241.0,3397828759.0,3.4784330343680097,120.0,2.5061330120195633,307.0,65.66187996856252,154.31392728233118,169.0,-105.0,412.0,49.87914247440467,172.95403326615485,-0.6515244256243581,10265916189.968796,0.10420952096020984,6100.309469733598,146.31501137985202,2561.9276894513696,-115.52180974689547,30.83980694291663,6.973081918908161,0.6319882579687864,1.8263953028675102,2.4715424907490484,3.2408059989209024,0.5157198223384395,0.4579877261602405,0.9804718597293725,0.9153252565235246,-0.15602487209889715,0.7209383373844785,0.3846315848297427,11.846838316548842,0.020990228435586063,6.340123444503247,0.6432554073967341,0.07374587775159964,23.693676633097688,4.328899165828765,9.453222215456195,7.170330895183487,8654.626833348006,0.0761918023888371,16.828140317210337,11837.159485870236,9.844770612179646,146.57042873492384,62.926490007923235,10783.505651905978,0.5197777211365859,0.010617881351821328,0.101134074385594,11.669064235418556,0.001631883106336151,8610.257359651807,0.09726387848402052,9.902363864150049,141.7457113196791,2.33197087957741,360.91039305823284,0.022681607728086233,0.01115662946042533,4.4732366741012495,60221.902643039655,0.664463780253911,0.7773239789526435,0.5578559052732726,0.835208872571365,115.56008801313715,0.00964132037303442,889.3562922739831,0.08472480635171792,11.159768643869805,107.05306277984187,37573.85691149852,7443255.247689816,214.188682736101,0.017905654648663907,3510.4335524435555,0.3344225542958517,0.5981259573901294,62.06257500713433,0.01151381521563902,6.112230096116937,0.09241130381195528,37456.75882328378,55.8958471231471,7.126982153088009e-05,188.7535704736972,0.08614068618335702,0.009841341022454604,case_00259
3.1.1.dev111+g8ed579383,2.0.2,2.5.3,1.8.0,3.12.12,"{'minimumROIDimensions': 2, 'minimumROISize': None, 'normalize': False, 'normalizeScale': 1, 'removeOutliers': None, 'resampledPixelSpacing': None, 'interpolator': 'sitkBSpline', 'preCrop': False, 'padDistance': 5, 'distances': [1], 'force2D': False, 'force2Ddimension': 0, 'resegmentRange': None, 'label': 1, 'additionalInfo': True}",{'Original': {}},5dbe6f8e17c6b5681117a8e1778bf9f191e17c93,3D,"(3.0, 0.7699999809265137, 0.7699999809265137)","(107, 512, 512)",-608.1027966793453,-2048.0,1382.0,1ed8575bb7adb652232991b36ca26ac114ef0b5b,"(3.0, 0.7699999809265137, 0.7699999809265137)","(107, 512, 512)","(40, 256, 109, 39, 106, 296)",224218,10,"(np.float64(58.95551204631207), np.float64(305.70763275026985), np.float64(242.4902327199422))","(186.71747456922137, 235.39487138679743, -176.86653613893623)",0.3674983197310467,0.164681105918583,49.662080650647376,301.5651393256972,228.41436019611376,226.1887231171998,126.57522947513094,229.59883147987395,396887.90735004476,110.82468199165271,0.4098835254668253,63718.993337291286,0.16054657286671323,398816.53684202064,42.0,185.0,4624749250.0,2.8886843027290734,59.0,4.163650150187898,234.0,43.20859598891945,132.06654238285955,150.0,-86.0,320.0,27.451835089556624,143.61799457638887,-1.3231569411442077,8226041083.444382,0.17467900088911684,3184.55674918003,103.52811785093087,888.6325276881503,-69.24361595154801,13.683151322355029,3.3335356801517304,0.6010687371771422,1.1713155871770156,2.026534047602417,1.8751088728964689,0.616768513134995,0.5832268899245606,0.9846430757859788,0.9295768812067641,-0.15154083635646431,0.6928503238650515,0.4443476393500862,10.046721396384326,0.055156396004722226,5.103792335286524,0.6152806322994937,0.1365769523339139,20.09344279276866,3.6154800244143726,4.25417175062669,6.812043475118732,12220.335816036179,0.05450202845461194,26.913223870771557,39166.176221356,5.184883759786918,101.28123968637665,115.70512626104951,13483.561814840914,1.109885058961424,0.015194281561397589,0.06885213136744466,4.210872617362437,0.002484495634164896,22184.69035397482,0.14574902706182627,6.126276474960392,95.26778782944908,3.3504016067799682,363.97923121422997,0.04158648892769989,0.017519924930862518,4.339334871421155,83748.3300534372,0.5416922487993763,0.6760405566835023,1.02604975926088,0.760390402536854,68.52377560123098,0.014858181045105298,1605.8209642470206,0.10873652249776683,7.607221009614651,53.81554712892741,268707.1343445287,32564944.395517334,2266.456128878946,0.040727410633796944,4274.372291440954,0.28943474346160303,0.5513714385658521,27.092751067148786,0.025637756397108503,5.882420769275299,0.06586447118429385,268476.6201988186,135.92432312784152,4.010537392221944e-05,74.4525460615353,0.049475621034023046,0.0038452514579064767,case_00258
3.1.1.dev111+g8ed579383,2.0.2,2.5.3,1.8.0,3.12.12,"{'minimumROIDimensions': 2, 'minimumROISize': None, 'normalize': False, 'normalizeScale': 1, 'removeOutliers': None, 'resampledPixelSpacing': None, 'interpolator': 'sitkBSpline', 'preCrop': False, 'padDistance': 5, 'distances': [1], 'force2D': False, 'force2Ddimension': 0, 'resegmentRange': None, 'label': 1, 'additionalInfo': True}",{'Original': {}},b5641f79441940f23816501d9604423b3adda6d4,3D,"(5.0, 0.64453125, 0.64453125)","(32, 512, 512)",-458.37288880348206,-1024.0,1510.0,712faa622d4f9dd27ebdfd39251dd4109269b0b1,"(5.0, 0.64453125, 0.64453125)","(32, 512, 512)","(5, 246, 98, 23, 119, 300)",143146,4,"(np.float64(16.094791331926842), np.float64(305.02415715423416), np.float64(253.6792016542551))","(163.5041729412191, 196.597601290815, -80.47395665963421)",0.3840675585154718,0.1910635983009015,49.904557687766385,261.19343575416644,193.74986710082388,191.95023642801408,114.02374027077394,195.17644968551105,297731.4627170563,100.31592517037045,0.3743036912339777,57607.16485495926,0.1934869910262228,297328.9375305176,23.0,145.0,1422824991.0,2.928696210964482,76.0,2.658511106766549,337.0,40.88045243241763,87.04492615930589,93.0,-96.0,433.0,31.053281488473868,99.69792831492236,-0.3955603509608773,2955353575.13237,0.14877284404528834,2362.857740208385,67.51324259574463,353.49203939898837,-12.282825254011971,11.629899680857932,2.9646372349607475,0.5925731456907848,1.1717391908543817,1.984966920876598,1.4516227099745935,0.6052867437043334,0.5666206470774708,0.9912688773195346,0.9425991718324068,-0.16837386400752596,0.70646492151163,0.4343434152685185,8.083735723217258,0.0383050574561328,5.28215002477007,0.6130619159305721,0.09579954027897027,16.167471446434522,3.731244969569287,3.6486342289546707,6.960927705411838,8547.891355678817,0.05971449677726809,23.00680761329103,21296.237533706844,3.8652437907836763,67.90336439718888,100.39262012211309,7382.2521830858,1.6997386080054604,0.02052805595205815,0.06118884262478394,3.342060959759358,0.0020731427118368833,14214.883253028755,0.14140365992282108,4.0677627588125365,66.05609398757505,3.335638830237286,234.3369658275242,0.06279996872976576,0.021855980327049034,4.218765453151009,59177.58082988554,0.5678950701898365,0.7001184374425679,1.024782610661777,0.7732356812843352,49.93405029797422,0.01773739946251315,850.0446294527092,0.11601537183741083,6.318381607620269,50.63614030298894,165690.62563122695,12562012.337245803,2493.3165698538505,0.03992229710754523,2162.4199535962875,0.2951303335057032,0.5576825525512366,26.995192420179446,0.02392057530225493,5.804403434635653,0.05118550291310969,165308.93978945195,80.794643335977,6.134546564158436e-05,136.7855172493925,0.022123500788833454,0.009484068680220361,case_00257
3.1.1.dev111+g8ed579383,2.0.2,2.5.3,1.8.0,3.12.12,"{'minimumROIDimensions': 2, 'minimumROISize': None, 'normalize': False, 'normalizeScale': 1, 'removeOutliers': None, 'resampledPixelSpacing': None, 'interpolator': 'sitkBSpline', 'preCrop': False, 'padDistance': 5, 'distances': [1], 'force2D': False, 'force2Ddimension': 0, 'resegmentRange': None, 'label': 1, 'additionalInfo': True}",{'Original': {}},642294de58c91b9d9d9a1d24dd6fa71898f5c46a,3D,"(3.75, 0.9042969942092896, 0.9042969942092896)","(75, 512, 512)",-739.8932939656576,-2048.0,1301.0,38a8da35f7de50e9606683e0661e431a0fa59ee1,"(3.75, 0.9042969942092896, 0.9042969942092896)","(75, 512, 512)","(31, 165, 108, 38, 144, 253)",137651,6,"(np.float64(48.614183696449714), np.float64(243.55485975401558), np.float64(232.1836020079767))","(209.9629334004993, 220.24592760062134, -182.30318886168644)",0.3347150897293487,0.1860548181497893,62.36616256459828,335.20315778325306,234.01586174311439,229.01399488766896,125.67513072442618,241.81492939603487,422023.56826767855,112.19755503498259,0.3870676391427186,70294.56229466668,0.16656548965549875,422116.9709992802,15.0,149.0,1447046060.0,3.016479024896785,76.0,2.627254125581808,230.0,42.440923390451154,88.77912982833398,96.0,-113.0,343.0,31.36085339437481,102.5301262531621,-0.5263342401350876,4437473754.230937,0.1399291985720932,2630.6928964131816,88.38051360934226,352.7835704616924,-18.334468495041445,11.424206886452247,3.739764702326561,0.5018647388181289,1.3998604181179475,2.16648579880787,1.687984654164978,0.5492726479903663,0.5001747963281915,0.9844331231386205,0.9201897542711668,-0.10258274412427529,0.6008922756038697,0.44739618871330644,9.298096983555423,0.03003674498072736,5.5586850369079475,0.5257403427242031,0.07292424826560871,18.596193967110846,3.7216454275995523,3.7909928971947027,6.627495817633215,10434.903509600366,0.07580695752010785,14.30217357912157,19261.394112647202,4.2960883710561815,86.59228047743932,64.12145934283079,6150.1120224335455,0.7730297850757829,0.015293467090203364,0.08223730408409127,5.520735947066535,0.002123803158666043,13974.921112916958,0.13232976021299053,4.5948921364676965,84.42910359384639,2.2193842246720252,198.91122168251195,0.03145608309392613,0.016101692493229142,4.064220445504842,68085.76827988224,0.638474723718766,0.7669893146714964,0.47949411411997495,0.8242894894569184,68.08550455674471,0.013839536086350643,1170.1608673726678,0.11801925036537243,7.547722011276383,58.815632879475544,96704.78638426626,9935097.149974786,990.784893747988,0.030325867067181482,2914.8521432173475,0.29398407899317675,0.5573436340880236,33.005281858278124,0.01840498273115215,5.810744976116419,0.07202998888493364,96512.04574082933,93.33539725625167,6.352576963798771e-05,97.57296382391117,0.04076441316287151,0.005274315560919733,case_00256
3.1.1.dev111+g8ed579383,2.0.2,2.5.3,1.8.0,3.12.12,"{'minimumROIDimensions': 2, 'minimumROISize': None, 'normalize': False, 'normalizeScale': 1, 'removeOutliers': None, 'resampledPixelSpacing': None, 'interpolator': 'sitkBSpline', 'preCrop': False, 'padDistance': 5, 'distances': [1], 'force2D': False, 'force2Ddimension': 0, 'resegmentRange': None, 'label': 1, 'additionalInfo': True}",{'Original': {}},d2d9a273eed217a508f79365f455d6cd6aad10d0,3D,"(2.5, 0.8203120231628418, 0.8203120231628418)","(180, 512, 512)",-618.9043242348565,-2048.0,1475.0,33ffac2123aac9f13996e57c0dce1644efc8efba,"(2.5, 0.8203120231628418, 0.8203120231628418)","(180, 512, 512)","(54, 212, 122, 44, 116, 268)",234472,3,"(np.float64(74.26785287795558), np.float64(270.5099585451568), np.float64(251.96423027056537))","(206.68928749791561, 221.90257137987402, -185.66963219488895)",0.34416623141189173,0.17677512719857838,54.834664409421165,310.1944559645162,220.07093907505427,220.3389245084676,119.1622534176463,220.41311154287328,394931.3135713981,106.75845691416954,0.44567767825394833,58408.71089639415,0.14789587173576874,394447.4479192338,49.0,225.0,6863629379.0,3.2731699906855676,82.0,3.8043924475058626,307.0,54.056030573120836,156.42582056706132,176.0,-135.0,442.0,35.70761396556245,171.09267572702782,-1.141056654931357,11546543263.204245,0.13018855153397046,4803.666347355434,174.16290378707842,1893.1733073188177,-115.72490575197733,21.311497287747212,4.9579618801031575,0.6186819829457668,1.5357899081688027,2.3077411812078172,2.522436840833793,0.5388368348677999,0.4888750648109783,0.9872372407981713,0.9302673202427292,-0.12606373005875648,0.7067532460304469,0.4423170539762352,13.041118442500931,0.02884788031077936,5.939574454066227,0.6353992108576585,0.07251939394056352,26.082236885001866,4.00730251821746,6.567364791962593,6.833270334351493,17384.351504657272,0.0741425479573564,14.430458216134951,30525.570055273125,7.7757379744755175,171.02084683885496,64.01734961957078,12272.877691152888,0.3745295558837736,0.008085210644572434,0.09400553274299393,11.652473122784578,0.0013813706218978833,21155.189190642348,0.11750349519245716,8.599278188901353,166.05617198621366,2.17979731645901,388.38366049736175,0.015896980819512376,0.008647319507286415,4.3569485266133725,115504.79598771196,0.6385158865227585,0.7676232294097113,0.462909178535294,0.82577591568057,133.71743517664794,0.007532057559917026,1739.1392576800079,0.08426878852989668,12.900074276570239,109.98720806279678,144115.559550344,29062153.01608683,731.8402554502944,0.016728401998179317,6876.5850373098165,0.33320016655246715,0.5953417166420248,63.93787885883254,0.010643309472942421,6.016472831954437,0.08801903852059094,143986.48317550836,76.1071743391444,4.0231590335326245e-05,174.04149630720968,0.04901203292762641,0.006839327733982767,case_00255
3.1.1.dev111+g8ed579383,2.0.2,2.5.3,1.8.0,3.12.12,"{'minimumROIDimensions': 2, 'minimumROISize': None, 'normalize': False, 'normalizeScale': 1, 'removeOutliers': None, 'resampledPixelSpacing': None, 'interpolator': 'sitkBSpline', 'preCrop': False, 'padDistance': 5, 'distances': [1], 'force2D': False, 'force2Ddimension': 0, 'resegmentRange': None, 'label': 1, 'additionalInfo': True}",{'Original': {}},a7457e0bd4d6deab3b66c8afb58a58cdd28070e2,3D,"(1.0, 0.75390625, 0.75390625)","(250, 512, 512)",-454.86776361083986,-1024.0,1767.0,ff85e6f5055f00b403c349202dad1083bacecfcd,"(1.0, 0.75390625, 0.75390625)","(250, 512, 512)","(89, 250, 111, 145, 109, 311)",926838,7,"(np.float64(160.2465608876632), np.float64(307.2031379809632), np.float64(267.5670656576446))","(201.72048309345863, 231.60236574346055, -160.2465608876632)",0.39136300180222,0.1700779135595407,55.02286319087868,323.51562903913646,234.48403560735625,234.48423603486128,138.83121001294063,237.58277982738525,527012.0223770142,126.6120477106899,0.4143746564173843,76144.39737300998,0.1444832264538697,526791.2088317871,50.0,304.0,43602457508.0,3.8702939485197465,170.0,2.382993117793242,509.0,88.32493681306028,191.06349977018638,221.0,-198.0,707.0,68.3335111450597,216.89701145472966,-0.5773816855708201,24782530818.41266,0.08087116486496095,10539.052633561125,280.5334849785912,7231.505490908998,-231.83801222601988,56.43801687153055,6.464281110891478,0.7942002765414947,1.7247364286070843,2.457879674001836,3.4288282162626933,0.516426663726469,0.4612897759418941,0.992692212691086,0.9469776672095208,-0.20403786196439216,0.8806020144290472,0.42564542160111696,16.371909086262647,0.014619422746666843,6.851497572902764,0.8185314203359787,0.0409222532540135,32.743818172525295,4.7085778649010415,15.72557449560551,7.458007500298811,73806.4795660083,0.0796325566776592,12.804297768135454,74954.46870111066,16.94269760815829,278.16864435856104,57.47445400382807,17198.477425396886,0.24933793128904683,0.005222070602979969,0.09383111381273991,20.658243045381266,0.000769378822046507,55063.52933318587,0.07601491654195142,17.43522935904057,273.30030475326504,2.063170985456135,588.2822325131563,0.010152969487489755,0.0054323030642966135,4.87410675601806,475935.57049249386,0.655353034037199,0.7814010148981309,0.4148606209206209,0.8365750792700838,225.19425676477002,0.004692594578881353,4620.133353397627,0.06045633207361362,22.414881983383264,199.5666243571793,295362.8355033302,106249066.94241112,873.2966982559797,0.009438407050925517,26454.820389683464,0.34617213056206364,0.6084366102612051,116.3945078930673,0.006083614717465862,6.487501860424432,0.08245346004371853,295215.7458141799,106.76519935266785,1.5061636553949586e-05,397.5805535712776,0.04457372890085398,0.0051728902147335,case_00254
3.1.1.dev111+g8ed579383,2.0.2,2.5.3,1.8.0,3.12.12,"{'minimumROIDimensions': 2, 'minimumROISize': None, 'normalize': False, 'normalizeScale': 1, 'removeOutliers': None, 'resampledPixelSpacing': None, 'interpolator': 'sitkBSpline', 'preCrop': False, 'padDistance': 5, 'distances': [1], 'force2D': False, 'force2Ddimension': 0, 'resegmentRange': None, 'label': 1, 'additionalInfo': True}",{'Original': {}},4bf381d9ce46f83e93a84c35f128f7b09ed2db72,3D,"(1.0, 0.763671875, 0.763671875)","(491, 512, 512)",-564.8318644288601,-1024.0,3071.0,9bccc81cc1f71e49ff9e7d7973962378df9b0142,"(1.0, 0.763671875, 0.763671875)","(491, 512, 512)","(89, 327, 129, 116, 86, 250)",625135,47,"(np.float64(145.2303086533309), np.float64(370.6690378878162), np.float64(268.84830636582495))","(205.311890212964, 283.06951916823465, -145.2303086533309)",0.522979350293104,0.2613211165840388,53.27347105556406,203.86209791213614,193.89845910170766,187.92225478068826,116.66676130745091,194.15244616495863,364282.1894537608,106.61566751547811,0.4756850256446017,51854.91615236976,0.14234820601612705,364575.4392051697,53.0,184.0,12402506903.0,2.9222670587318165,60.0,3.9607007380563095,266.0,39.91599467586418,131.14035368360433,144.0,-122.0,388.0,26.637838565391984,140.85356106274546,-1.068902094012527,7233076697.683498,0.16537562941840586,2641.9332997957254,121.14872716080893,771.1829528535516,-57.909797143298924,13.895032385135643,2.010969477586231,0.74688062720689,1.0268827158794596,1.8242696149097135,0.9372691268531673,0.6107615869789889,0.5777182067490323,0.992399926062051,0.9426057421709853,-0.19192196810518108,0.8063873696376844,0.49149521747200076,10.87094375904162,0.04495780721905726,5.18524836428376,0.77840214580859,0.11116985493757925,21.74188751808324,3.719127781338777,3.976500465680468,6.72839824710354,42056.27436473722,0.06727550747396517,16.52690474114072,103382.09409647516,4.311909740980875,120.19895062666464,95.94961888232142,12349.172046038057,0.8467310859967196,0.010598969708682458,0.04609623758372671,4.607790077783719,0.0008828453819293184,64920.4791100017,0.1492023484710862,4.770358345222512,117.53185881974824,2.8307526524163675,350.75217421593254,0.027748380896961612,0.011212993165015164,4.2732650438579896,239701.21373569727,0.5479849240718713,0.6956945299815241,0.7339966914218583,0.7669679250896841,88.43829246951299,0.009012767264516318,2039.047716753352,0.09729673697348629,11.977969158811426,92.22646371140908,1424384.2398721192,191796126.6693229,10973.773917114193,0.02441178692161718,6269.483943312497,0.2991594189680058,0.5631890955735559,51.172067481894956,0.015196393591381587,6.141854197729201,0.033523958824893826,1423494.4460156546,252.09723725240286,1.6812578047955047e-05,83.18373827884054,0.024861377646955594,0.0022707634263845144,case_00253
3.1.1.dev111+g8ed579383,2.0.2,2.5.3,1.8.0,3.12.12,"{'minimumROIDimensions': 2, 'minimumROISize': None, 'normalize': False, 'normalizeScale': 1, 'removeOutliers': None, 'resampledPixelSpacing': None, 'interpolator': 'sitkBSpline', 'preCrop': False, 'padDistance': 5, 'distances': [1], 'force2D': False, 'force2Ddimension': 0, 'resegmentRange': None, 'label': 1, 'additionalInfo': True}",{'Original': {}},5494a02a19f0a48b7a5245fa87cc2d983106b2bc,3D,"(5.0, 0.853515625, 0.853515625)","(51, 512, 512)",-566.4839867984547,-1024.0,1445.0,13f097181846e1b07326ee969a946009241aba54,"(5.0, 0.853515625, 0.853515625)","(51, 512, 512)","(27, 188, 111, 23, 163, 293)",121110,43,"(np.float64(35.98580629180084), np.float64(260.20452481215426), np.float64(261.84459582198))","(223.48845385586966, 222.08862762287384, -179.9290314590042)",0.3071656954955298,0.1492386820982053,53.90962090661971,361.23088296333873,249.330941421677,253.29289544341862,139.83274715847844,257.27223517263315,440501.0119732221,110.95773539989827,0.3817852139096897,73332.46665951489,0.16647513777782819,441136.4667892456,16.0,141.0,1131582406.0,2.968885108951999,75.0,2.7172286723323666,285.0,41.070206415662696,83.10227066303361,89.0,-99.0,384.0,30.707158419132224,96.66140225800245,-0.43248830762638624,4121726236.179619,0.14552746451828444,2437.439297131267,65.35471383549212,298.2700939165378,-10.738135824997155,10.2544566733152,4.240884650208332,0.4121942386803329,1.4740704178984556,2.2111809693182325,1.887272538010799,0.5441129570391317,0.49275912185515724,0.9845249413454944,0.9212970826991569,-0.09826377076961473,0.526801996784907,0.42875482374453183,7.990642097535147,0.031060922011318794,5.516002804579715,0.4481225898864082,0.06479718996715816,15.981284195070291,3.6663489920638925,3.6238353308808837,6.661040752917015,9149.27579886054,0.07554517214813426,14.708282295954232,17624.83122780943,3.982477981295972,65.50966889604491,63.788076954834445,4597.127900255966,1.089931897669208,0.02244578515780935,0.08803817862432728,4.515537921475281,0.0038385942615085746,12962.305323944278,0.13890597557607023,4.223466831214856,64.0150966638673,2.3284716981929376,157.5819402534956,0.047592707055707166,0.02386568473725426,4.010697415542809,61424.65219060129,0.6447748946849079,0.769011642308645,0.5342396367143356,0.8247070862057946,51.805414854733336,0.020646779890078886,1089.4364862018117,0.11474999854664121,7.04951059751507,46.285338108278914,77037.97029702971,6047387.656625237,1055.6239970639358,0.05093589723209537,3059.2879713503266,0.3222338288761667,0.5854182373035015,26.172578228627042,0.03424365398183846,5.689840699567069,0.0783915448765585,76875.24257179447,99.54031926461089,6.088435112843133e-05,128.24148974283867,0.0366746794241467,0.006135948160080101,case_00252
3.1.1.dev111+g8ed579383,2.0.2,2.5.3,1.8.0,3.12.12,"{'minimumROIDimensions': 2, 'minimumROISize': None, 'normalize': False, 'normalizeScale': 1, 'removeOutliers': None, 'resampledPixelSpacing': None, 'interpolator': 'sitkBSpline', 'preCrop': False, 'padDistance': 5, 'distances': [1], 'force2D': False, 'force2Ddimension': 0, 'resegmentRange': None, 'label': 1, 'additionalInfo': True}",{'Original': {}},8f9dfaa6794674cbda0eb7ef7b41dc2d1ffaad33,3D,"(5.0, 0.6796875, 0.6796875)","(45, 512, 512)",-430.97732348971897,-1024.0,1534.0,b2f844a891b36eb14a331718112291866969af12,"(5.0, 0.6796875, 0.6796875)","(45, 512, 512)","(14, 230, 120, 22, 145, 304)",137956,28,"(np.float64(24.84603786714605), np.float64(293.1289686566731), np.float64(272.4749340369393))","(185.1978067282322, 199.23609588383252, -124.23018933573024)",0.3218882113525967,0.180619079570225,52.896888328194926,292.86434442064876,204.5859375,206.38451002680387,126.99735864010125,208.0410514815826,318009.31674957275,94.26957999451345,0.4038219896025955,55793.98604250395,0.1754476460400084,318661.1828613281,30.0,121.5,1139020252.0,2.5044130218448304,47.0,3.9961472871977524,236.0,29.529983510906764,82.66667633158399,92.0,-94.0,330.0,19.91154657612934,90.86474793979407,-1.0493131622175693,2630994960.7507324,0.21864458225745761,1422.6230424514454,64.29056478907012,157.22946054269005,-15.1612499333943,6.139725590221486,2.101834526124022,0.4847882776148343,0.9720132355688187,1.8084012081376395,1.0881793701223854,0.6432260976206894,0.6142537994693267,0.9898587481317184,0.9394614173105845,-0.12462899590836661,0.5734739820199436,0.4530536731662851,7.954869462826355,0.07312479556992973,4.527025801467891,0.5007538907044157,0.17649007912352602,15.909738925652707,3.197505357491162,2.0603900290863764,6.518009280348174,7363.454449244687,0.053375383812553905,27.40352938288137,30163.331989909828,2.358465996643198,63.6035330105251,123.46330714140741,8741.454181043231,1.8966025633838406,0.02002422980342707,0.05292534006718891,2.495962132603479,0.002004849304022449,17196.902838833535,0.18786330890602068,2.7633079702703514,60.91477568073939,3.690366381392614,247.78120966134037,0.06513687444000914,0.021966771619952682,3.991702670062277,49302.46894674879,0.5242837553188918,0.6614996531781594,1.185989354402759,0.7453895863375636,43.77769178614916,0.017610689793348323,886.103281073218,0.1432201844307771,5.112579651766484,41.94553095199612,296446.3517051883,21334836.679327622,4251.187090951571,0.044929292678974934,1671.62421205754,0.27018332181308224,0.5327159856069623,21.520903711343053,0.026612876424046594,5.7279998598393895,0.04484763257850329,295949.1633421475,106.98263843886141,5.852523000751412e-05,65.88548669157325,0.019199259936077982,0.005127478544317715,case_00251
3.1.1.dev111+g8ed579383,2.0.2,2.5.3,1.8.0,3.12.12,"{'minimumROIDimensions': 2, 'minimumROISize': None, 'normalize': False, 'normalizeScale': 1, 'removeOutliers': None, 'resampledPixelSpacing': None, 'interpolator': 'sitkBSpline', 'preCrop': False, 'padDistance': 5, 'distances': [1], 'force2D': False, 'force2Ddimension': 0, 'resegmentRange': None, 'label': 1, 'additionalInfo': True}",{'Original': {}},7386ba39a48af71882bf2a275ddc39200147ae5c,3D,"(3.0, 0.8223433494567871, 0.8223433494567871)","(210, 512, 512)",-507.4039472670782,-1024.0,2410.0,3b4eb0dc2b76c170c89e1407587489cc14a1bae7,"(3.0, 0.8223433494567871, 0.8223433494567871)","(210, 512, 512)","(86, 208, 109, 52, 121, 308)",293909,23,"(np.float64(111.61890244939761), np.float64(269.2733703289113), np.float64(266.0271070297269))","(218.76562224112482, 221.43516527579476, -334.8567073481928)",0.37710843858367377,0.1631448981219914,57.54804640717538,352.7419310663573,253.1002821624671,253.16691792543875,142.74218889915255,258.44509718304477,596731.3874131978,133.02195884742386,0.3587730998719688,95539.61922095517,0.16010490018819837,596266.6355735621,9.0,157.0,3951930607.0,2.902527771781664,69.0,3.0068116211719684,221.0,44.218618191399514,102.27641548914801,120.0,-99.0,320.0,31.341124629686927,115.95733150204866,-0.9634639857281605,8017462435.842643,0.16360679300814968,2985.6375637671736,81.17882424649727,703.0594161200528,-57.160353996593614,14.20032483611784,2.46799326864251,0.6995833078413783,1.0618450984538126,1.9134030462616711,1.2811957260797417,0.624360828272845,0.5917503092310061,0.9864112914854147,0.9301208588934534,-0.18624196808938717,0.7673544396055398,0.4538973227995365,8.845395871181172,0.052047873596255595,5.074204151767723,0.7099095879489506,0.1409157874119358,17.690791742362347,3.656848501777129,4.167079526190087,6.827001054762303,16176.533093576583,0.05503925736733677,26.225631092161002,48085.50892623227,4.858083707450912,79.00620940495187,115.63484275745213,10578.447431007557,1.5838373242534138,0.019629867074964707,0.05542322143423058,2.894257524135094,0.0022448826800323374,27826.365945148762,0.13997505801524676,5.351422716750933,74.39194024267717,3.3362099359105994,283.35968327088017,0.0557602753940397,0.021970402283592854,4.3189708141472245,108848.3684453917,0.5397430440423351,0.6747829063784003,1.023162904481365,0.7595958797406047,53.59096969594816,0.01819968523631361,1616.0883776338321,0.12032524589634667,7.120438055926512,45.3159854068945,457399.9874171692,44460612.014444195,5039.584798883221,0.04896285624209559,3450.908420817512,0.25693607481330594,0.5165555643434768,22.422456921409378,0.028640830274176115,5.996431307417633,0.04569781803211198,456921.1268539032,199.47475262663275,3.529118015601967e-05,54.3571373734921,0.046397850875781604,0.0025475615631699406,case_00250
3.1.1.dev111+g8ed579383,2.0.2,2.5.3,1.8.0,3.12.12,"{'minimumROIDimensions': 2, 'minimumROISize': None, 'normalize': False, 'normalizeScale': 1, 'removeOutliers': None, 'resampledPixelSpacing': None, 'interpolator': 'sitkBSpline', 'preCrop': False, 'padDistance': 5, 'distances': [1], 'force2D': False, 'force2Ddimension': 0, 'resegmentRange': None, 'label': 1, 'additionalInfo': True}",{'Original': {}},8b8bff8bdead4d0547f43cbfbaeaff950b5f4131,3D,"(1.0, 0.78515625, 0.78515625)","(258, 512, 512)",-540.6071078278297,-1024.0,1718.0,5c3a54b127442244270770a6e17691d49c1b5ff8,"(1.0, 0.78515625, 0.78515625)","(258, 512, 512)","(122, 232, 125, 108, 114, 321)",464194,116,"(np.float64(181.30560929266642), np.float64(286.98943114301346), np.float64(234.92078096657863))","(184.44951943079025, 225.33154554588165, -181.30560929266642)",0.33113849513315924,0.17602873101189168,52.16510627159734,296.3442727316674,248.480983935273,243.28823740191362,107.09258970239276,256.5817095201416,285564.9341697693,98.13099651369485,0.4326331219186914,48473.11661535331,0.16974463883767987,286161.8315734863,50.0,248.0,15419391433.0,3.5292660545313987,113.0,3.3116512784607237,356.0,66.0493415607309,163.33916638302088,186.0,-159.0,515.0,46.99620791261404,182.2568480964507,-0.9166459690425361,9505597431.711319,0.1053782699691789,6537.875403352531,211.06773416165595,3342.972575115583,-156.49415689012554,31.918122890806195,4.837505979686521,0.735944056464568,1.4960591716871063,2.2920393665188934,2.557245479478871,0.5462767521529851,0.4980911322658954,0.9905993872449953,0.9402405474965547,-0.18469463586538232,0.8387990211728878,0.4459387599987811,14.293230616217812,0.022690742565374726,6.258027007621413,0.7646483196564293,0.05870918085713105,28.58646123243562,4.31666496309852,9.188907217623179,7.182361525424288,33508.03411073818,0.07218540978715404,15.19190915821815,48915.96065007303,10.540305589742152,208.04611003158163,69.10135417519399,15870.16966613097,0.35209813890830555,0.006852940765368631,0.08216403643489797,12.584800131581718,0.0010524592365380846,33859.392459447285,0.09644346221270071,11.43555837348683,202.46596049384516,2.2664784414034433,489.4298947659082,0.01404527654441067,0.0073260001108174195,4.64267209884996,219967.480217395,0.6248277663427092,0.7560651862732458,0.5039703934740316,0.8181234940335451,161.80931663825382,0.0063218609939926125,2397.279216008933,0.07044398389729756,17.182476647808272,134.79127854015456,271397.2154800035,69815700.6016867,1091.0034405002762,0.015036487744377967,10817.801857130264,0.31788081035321514,0.5808090738298828,75.52344329587476,0.009451781456773242,6.368428379680662,0.0733120204052616,271211.156933794,90.48911513887226,2.7190153935630175e-05,203.6530644255017,0.04348916324333701,0.005699747266299589,case_00249
3.1.1.dev111+g8ed579383,2.0.2,2.5.3,1.8.0,3.12.12,"{'minimumROIDimensions': 2, 'minimumROISize': None, 'normalize': False, 'normalizeScale': 1, 'removeOutliers': None, 'resampledPixelSpacing': None, 'interpolator': 'sitkBSpline', 'preCrop': False, 'padDistance': 5, 'distances': [1], 'force2D': False, 'force2Ddimension': 0, 'resegmentRange': None, 'label': 1, 'additionalInfo': True}",{'Original': {}},ae831d4653fa4c863a91b9b049bd599d7dac0bf1,3D,"(5.0, 0.9765625, 0.9765625)","(66, 512, 512)",-529.2416911269679,-1024.0,1211.0,8d2dce84e1b39a92b880b21131071f81f3c60ecf,"(5.0, 0.9765625, 0.9765625)","(66, 512, 512)","(28, 235, 126, 35, 144, 287)",172507,30,"(np.float64(43.48372529810384), np.float64(315.4724793776484), np.float64(253.0691218327372))","(247.13781428978243, 308.0785931422348, -217.41862649051922)",0.426554384400814,0.1632379436897205,64.79784518745927,396.9533291268711,279.93248534262267,280.27854143871883,200.0591343242355,293.35829310719276,821704.0697733561,169.3221829415662,0.37299123738573386,113744.16337385039,0.13842472924008214,822577.4765014648,3.0,97.0,733631065.0,2.5645220881787734,50.0,2.84346265469201,177.0,29.15928863600551,54.35140023303402,59.0,-85.0,262.0,20.99420032605587,65.21319754720497,-0.4550840781568329,3498225522.041321,0.1958146015422763,1298.6864270393296,46.99397387427299,103.15322059305028,-6.052921411114109,5.937901768766299,2.0383791219201455,0.48743206800449257,1.0150130146129768,1.8258118107169092,0.9734482862117588,0.6191117047290269,0.5871816934161713,0.9866438059567102,0.9270805114584004,-0.10543859465504715,0.5914319417052961,0.4813789388719416,6.783715676824022,0.053091115536452474,4.757739123867426,0.5065740117198609,0.10446540251435589,13.567431353648045,3.291589394421815,1.9940702226716114,6.545564104368618,10619.631081637266,0.06156058062361102,20.1033664601196,33779.38946825346,2.161648734782935,46.962216026016335,97.40135182920113,4782.285860863617,2.293815147340681,0.027507156582414583,0.06134887948369506,2.3916223824627076,0.002929103490850179,22117.988690029404,0.18295135226829978,2.3991100493824478,46.172371204718885,2.881165436493583,138.04529449280545,0.07402640511719312,0.028981627716980922,3.875946208040008,68359.8928007537,0.5587951931392061,0.7003104890726841,0.7744165759854311,0.7730360001633009,35.13634959751917,0.023425311841052922,1309.9710683327705,0.14746944369388387,5.099848659868876,35.69694922886412,292051.2953956997,14919290.274119103,6134.940677949869,0.05585340347873225,2900.930654058314,0.3265710519034463,0.5909624913904422,21.094600948149118,0.036370611201003246,5.357607661933525,0.051493562580069215,291674.1627559515,201.6139191408342,4.79795963044553e-05,47.87725044641725,0.02483474559236748,0.002589930280541941,case_00248
3.1.1.dev111+g8ed579383,2.0.2,2.5.3,1.8.0,3.12.12,"{'minimumROIDimensions': 2, 'minimumROISize': None, 'normalize': False, 'normalizeScale': 1, 'removeOutliers': None, 'resampledPixelSpacing': None, 'interpolator': 'sitkBSpline', 'preCrop': False, 'padDistance': 5, 'distances': [1], 'force2D': False, 'force2Ddimension': 0, 'resegmentRange': None, 'label': 1, 'additionalInfo': True}",{'Original': {}},360a72a0cce20174d9fa4f5d1cd30cdcee800ef1,3D,"(2.0, 0.947265625, 0.947265625)","(284, 512, 512)",-705.4417021845428,-1024.0,3071.0,25d64d797488ed72839bfa568709e419dba4081c,"(2.0, 0.947265625, 0.947265625)","(284, 512, 512)","(122, 259, 158, 55, 94, 195)",105763,18,"(np.float64(144.98541077692576), np.float64(307.1595075782646), np.float64(252.85763452247005))","(239.52334520194916, 290.96164292081704, -289.9708215538515)",0.31510682834572923,0.17348671917102854,46.81501144220732,269.84781120943126,184.61340437151068,185.02743311409597,100.32158468114322,192.16160951473935,190010.1130247116,85.030887926241,0.375464464190291,42569.618927628195,0.22403870115108998,189804.85286712646,-1.0,185.0,1700421220.0,3.3450597728077156,96.0,2.8445883024082836,652.0,56.153057476036,106.26073390505186,115.0,-146.0,798.0,41.23281426861467,126.79770043857981,-0.6764294981238081,3051617290.3022766,0.11308622636322048,4786.313266471584,126.65997396162192,1312.7698515102152,-61.54602161283902,20.927919959303058,5.751361241330727,0.5676570963997146,1.616505945228371,2.4152187247326258,3.076551331472255,0.543794501405775,0.4938857364162898,0.9948704421706052,0.9556074781686831,-0.12626955200815818,0.7260973900159361,0.4147221789570693,11.08439947044511,0.024449233304762397,6.07717227876227,0.6025722083529451,0.05952539130411623,22.168798940890213,4.100324098336781,6.669820300158448,7.0528698109480406,7068.78272174579,0.06683606480286858,20.804586207065245,11960.338558853286,7.738470835930233,123.69685050537522,74.91426113101936,10767.569528095837,0.6095003725341447,0.012201189337793189,0.1089558092739906,9.192498301261404,0.0024844532172463266,8314.876050444758,0.10398094757226047,8.369722135459769,118.3537014412403,2.3190934504839325,304.87872975969464,0.024609623526500486,0.013326362789141096,4.432352468731988,50728.42605699191,0.6319265015623532,0.755541235520056,0.5470298073840931,0.8221008549442844,93.74509071565203,0.01171508496235429,1086.198147015121,0.09493909160170624,9.384064098713242,74.63193776767766,34730.992483174545,5548187.9531509485,228.26888611336827,0.02531648177478051,3859.746438248405,0.33736093333173717,0.5999450564817084,44.4651126686775,0.016238689762276885,5.830228206551582,0.10817582708508647,34645.537075332075,33.58226429260788,9.091774612133377e-05,356.49528612906863,0.03870663139432138,0.037012902184761234,case_00247
3.1.1.dev111+g8ed579383,2.0.2,2.5.3,1.8.0,3.12.12,"{'minimumROIDimensions': 2, 'minimumROISize': None, 'normalize': False, 'normalizeScale': 1, 'removeOutliers': None, 'resampledPixelSpacing': None, 'interpolator': 'sitkBSpline', 'preCrop': False, 'padDistance': 5, 'distances': [1], 'force2D': False, 'force2Ddimension': 0, 'resegmentRange': None, 'label': 1, 'additionalInfo': True}",{'Original': {}},678ab8163dd907078a6e33c72ba0d7751acea1b1,3D,"(1.0, 0.7109375, 0.7109375)","(598, 512, 512)",-458.2683112677124,-1024.0,3071.0,2c8119e63eb9dcb117c6ee959b5ceb95bbfdf358,"(1.0, 0.7109375, 0.7109375)","(598, 512, 512)","(226, 265, 103, 119, 132, 289)",688116,11,"(np.float64(285.67719105499657), np.float64(311.24916583831794), np.float64(238.97135657360096))","(169.89369881404443, 221.27870383817915, -285.67719105499657)",0.39856453010154047,0.20648947083912803,56.314406760503296,272.72289735478455,206.63542009631095,203.7304258714963,119.69977193123897,208.3010008276503,346500.3859100342,108.69767343214038,0.3039524908655814,78489.98260530601,0.22652206403511843,347795.9348144531,24.0,213.0,17241684589.0,3.3071455165366697,94.0,3.2032904041791763,291.0,58.4563348321115,140.81924413906958,165.0,-131.0,422.0,40.777170107198025,158.2920195271662,-1.0046122592818476,8714501347.748352,0.12668433756445813,5226.303926089873,159.75822228690956,2421.0734391773785,-145.3651088526079,26.737954848635546,2.83658139511578,0.807372719209167,1.1334006012507456,1.986353771743723,1.5253820024697755,0.606996260791096,0.5726381751129508,0.9917007812574803,0.9443452971673627,-0.23629414903689036,0.8760526913574848,0.46964045767357904,12.400847957399423,0.03569673139847264,5.6773761687417155,0.8250341190066961,0.10010440598002594,24.80169591479885,4.1161052487842635,7.393634060937832,7.189746671760648,41624.412383958515,0.060490400432424936,20.972103640102663,87173.51962750466,8.44421566656343,156.12956681722267,100.50551069877753,17842.35203802847,0.6763296892691394,0.009363906183794703,0.05725620187866019,6.104936503407587,0.0010470834975315436,52939.85825471761,0.11054276260345877,9.326547149850756,149.05785696960064,2.8866013019983265,477.9377809562808,0.023621086144225534,0.01028655083038325,4.657650380605721,268067.38607312285,0.55729322304052,0.6954557527644041,0.7925016554418074,0.7740312122026045,110.76075665762134,0.008579180707389427,2836.855908633647,0.0839356147888528,12.790173142789305,94.23655245872537,779894.0308302266,147701493.00020713,4312.515017449108,0.021585133071939808,8843.340611870524,0.2616527786221233,0.5230212243647184,46.90068770796116,0.012365082986343456,6.5032562804755685,0.049116718692778547,779479.5148203159,173.890827317307,2.015951323552104e-05,103.51550137340323,0.03976272155471067,0.0030787096815463677,case_00246
3.1.1.dev111+g8ed579383,2.0.2,2.5.3,1.8.0,3.12.12,"{'minimumROIDimensions': 2, 'minimumROISize': None, 'normalize': False, 'normalizeScale': 1, 'removeOutliers': None, 'resampledPixelSpacing': None, 'interpolator': 'sitkBSpline', 'preCrop': False, 'padDistance': 5, 'distances': [1], 'force2D': False, 'force2Ddimension': 0, 'resegmentRange': None, 'label': 1, 'additionalInfo': True}",{'Original': {}},1662eee844c27af1b2e1fb0a3f2ff93b11f1e162,3D,"(3.0, 0.9760000109672546, 0.9760000109672546)","(149, 512, 512)",-652.0869547440701,-2048.0,5336.0,b9a9676edb017b5f10a34c411c57b56098b14ec1,"(3.0, 0.9760000109672546, 0.9760000109672546)","(149, 512, 512)","(20, 187, 168, 48, 138, 239)",129994,66,"(np.float64(37.08738864870686), np.float64(285.58761173592626), np.float64(267.4529901380064))","(261.0341213079193, 278.73351218637606, -111.26216594612059)",0.4175492632716013,0.27870594140101046,80.41789606819263,288.5403004469322,214.47429412728616,242.67882586569976,156.06686314975855,249.96709961885884,357198.2662996259,120.47978987578303,0.22743686101559474,107044.124199362,0.29967705417016494,371487.5019807663,10.0,152.0,1554235643.0,2.9390078867291,75.0,2.721291249268947,216.0,44.0917102065456,95.39065649183809,111.0,-83.0,299.0,32.120713635303694,109.34445855832435,-0.8028591301214603,4441582815.418713,0.1558692930465005,2856.83327146926,78.6536583523383,530.4703692407097,-43.67142914350148,12.537678759447282,2.1835115952827238,0.6970144718842443,1.0038896093467642,1.8562358716185205,1.13492397855855,0.6329081356270455,0.6025163868153448,0.9878901711012594,0.9333462009033493,-0.18626925972449732,0.7714300834154556,0.46130876616510924,8.720968004313589,0.05354352080483714,5.023821568807884,0.7120830679175092,0.15067113426587667,17.441936008627184,3.6262133093129494,3.6802975886825,6.841558812825353,7211.749280736034,0.055477554969737324,27.234887956967867,20262.07288028678,4.651769069425125,74.13515239164884,109.22377955905657,9703.203432466114,1.434712413091735,0.02050470683076881,0.06771439707486308,3.1196341356356214,0.002812786418491089,11963.438049711986,0.13308448951516003,5.143298711341981,69.09085700247236,3.1695033723658748,256.5618142986145,0.05389311878691448,0.023189942944112103,4.278433119174973,51373.04367402864,0.5630498212625261,0.6902010862039787,0.96657002238584,0.7753832254530473,50.45401246406951,0.019678686433049628,1076.9111329323678,0.13218499238153525,5.381326786072457,39.66711673008469,140264.06579108874,13113887.96158095,1555.7095100760612,0.04771862775946104,2172.8276666257516,0.26670279447965534,0.5271879611222636,19.948264019874994,0.027638069710094266,5.842331505042399,0.06267212332876902,140009.4700219179,86.01897122971181,8.665120650638855e-05,51.260032269458904,0.04246460084134531,0.005740342321722698,case_00245
3.1.1.dev111+g8ed579383,2.0.2,2.5.3,1.8.0,3.12.12,"{'minimumROIDimensions': 2, 'minimumROISize': None, 'normalize': False, 'normalizeScale': 1, 'removeOutliers': None, 'resampledPixelSpacing': None, 'interpolator': 'sitkBSpline', 'preCrop': False, 'padDistance': 5, 'distances': [1], 'force2D': False, 'force2Ddimension': 0, 'resegmentRange': None, 'label': 1, 'additionalInfo': True}",{'Original': {}},0ecbe484e55baf2f62a3a10df255643df940f54c,3D,"(2.0, 0.703125, 0.703125)","(88, 512, 512)",-664.672994743694,-2048.0,1457.0,9373aae77020276637e42f2d716db923da258019,"(2.0, 0.703125, 0.703125)","(88, 512, 512)","(13, 250, 93, 63, 126, 332)",447564,12,"(np.float64(44.36529300837422), np.float64(305.3499499512919), np.float64(260.7287047215594))","(183.32487050734645, 214.6991835595021, -88.73058601674845)",0.34327179135281666,0.16237220609121408,52.501362487888365,323.3395896487065,231.54416731158577,232.21122281654073,129.2780584873164,234.41945099309964,442646.45233154297,110.99336015399614,0.4735139812723243,59318.38379339056,0.13400849251348113,442537.646484375,16.0,113.0,2747243614.0,2.6581433960170786,51.0,3.4786297551801337,292.0,30.566289948724265,68.10779240510854,73.0,-149.0,441.0,21.302266089052086,78.34675492566483,-0.5513754554362955,2716390780.444336,0.1887943832985131,1499.5426210848236,88.4824303650695,168.5518865026383,-9.056937778146507,7.087451021735462,1.9611616395539466,0.5654380938995678,0.9942714377339225,1.8088186448568173,0.9518651461662313,0.6222860447959813,0.5916411881645034,0.9941124147445453,0.9500554004013817,-0.12671276200957496,0.6697944765609571,0.48739529517259744,9.338123420185223,0.051215149445287156,4.869178005626251,0.5813129975580547,0.112392220863981,18.676246840370442,3.416481352260028,2.2621531653223523,6.575163691010464,27998.68260181784,0.0625579416615676,19.0681389048703,84497.56936661573,2.480915514958826,87.94853696901448,105.40331215200507,9621.140241395644,1.24263552306754,0.013145480404137112,0.047750554068886175,3.485386178772358,0.0009691802736702696,52970.36712156197,0.17372240554719687,2.8427906651252712,86.62027071532785,3.022233394325405,270.29863980295653,0.037829288949802906,0.013679597496608593,4.056567884355281,163782.4954773465,0.5333254059667542,0.681089528751539,0.8230705952173716,0.7563295254748266,64.54347550885662,0.010721353867371717,2166.4057122370937,0.1294458480065185,7.535634472116072,67.72508365200765,1032810.7788001912,96166685.25555688,11527.903796057102,0.023866959220006725,4834.137308795411,0.2888466365198023,0.5519160720483632,35.90892678587372,0.014203392654021053,5.808767234642214,0.03739353477938351,1032095.6126363088,187.898919177428,2.1415173707896246e-05,105.35229798643354,0.011294113695766718,0.0034024197916222272,case_00244
3.1.1.dev111+g8ed579383,2.0.2,2.5.3,1.8.0,3.12.12,"{'minimumROIDimensions': 2, 'minimumROISize': None, 'normalize': False, 'normalizeScale': 1, 'removeOutliers': None, 'resampledPixelSpacing': None, 'interpolator': 'sitkBSpline', 'preCrop': False, 'padDistance': 5, 'distances': [1], 'force2D': False, 'force2Ddimension': 0, 'resegmentRange': None, 'label': 1, 'additionalInfo': True}",{'Original': {}},bc89eccd102f82a26f048bcfa153c3bc888f2872,3D,"(5.0, 0.873046875, 0.873046875)","(92, 512, 512)",-485.18630558511484,-1024.0,1430.0,a7fce9cb3e192c41f56796bd9731d392e0ec519e,"(5.0, 0.873046875, 0.873046875)","(92, 512, 512)","(22, 226, 115, 27, 98, 278)",122009,35,"(np.float64(34.31731265726299), np.float64(269.5110770516929), np.float64(257.5269939102853))","(224.8331372615186, 235.2958035978647, -171.58656328631494)",0.33867444404057945,0.14705514344174425,50.095790218200534,340.65989836014086,241.08865894176134,239.26104067496945,137.12231709751484,246.14468697178592,464371.7176938057,115.37280168404101,0.4814087163204765,60239.406279762596,0.12972238399644065,464982.91551589966,32.0,201.0,2993690041.0,3.0045646408639075,74.0,3.666701236111822,256.0,51.93985098025528,142.25762853559982,168.0,-93.0,349.0,34.36467821577214,156.6417341564555,-1.2565826802718563,11409115093.272572,0.1701384259093987,4299.400002968966,113.73969979967211,1330.8693729734978,-97.99961654343086,18.159378433705108,4.989562006155467,0.5626130827156802,1.441402068114259,2.247898191861825,2.7466418253153786,0.5803179649288169,0.5392116329329342,0.9802830435695257,0.9207838609953485,-0.13524876002980987,0.6534065130198614,0.4247072565836778,10.509049359370112,0.05394970602820967,5.3465256470031,0.5954861892129647,0.16234607155692413,21.018098718740223,3.7358667915751056,5.7872351099651445,6.6778262234437875,7042.304821775443,0.05771955201481401,26.048500959282777,20758.41920677983,6.960455148528418,111.22967977772132,97.95927349621749,13166.099304149693,0.8349026678236153,0.015757791783625092,0.08981191669770329,5.84924248839168,0.0034498680423997803,11663.404717935484,0.13385209857546815,7.933525133108636,103.84227521920626,2.8953242204634355,351.28154008798185,0.03609415180567347,0.018276288570293123,4.316161207096097,52033.10319674019,0.5887083830753388,0.7123068474772037,0.8320837946471824,0.7919596512749147,77.55600311301842,0.01612094640299017,1088.0404162408252,0.1010908126210931,8.377113553528162,55.431385301495865,103686.19427668865,14321180.710210908,763.7905083590049,0.0433476633534753,3484.7580600204406,0.3237720022317607,0.5867147594803672,31.03546475199119,0.028407990928145076,5.804939705902362,0.08821480382594726,103557.6901558706,75.80734375914209,6.341255926535017e-05,103.78402527543737,0.07177423941250165,0.006930206036455577,case_00243
3.1.1.dev111+g8ed579383,2.0.2,2.5.3,1.8.0,3.12.12,"{'minimumROIDimensions': 2, 'minimumROISize': None, 'normalize': False, 'normalizeScale': 1, 'removeOutliers': None, 'resampledPixelSpacing': None, 'interpolator': 'sitkBSpline', 'preCrop': False, 'padDistance': 5, 'distances': [1], 'force2D': False, 'force2Ddimension': 0, 'resegmentRange': None, 'label': 1, 'additionalInfo': True}",{'Original': {}},a1854ff679a14f27f30a89ccadc1e3c15ebde510,3D,"(5.0, 0.76171875, 0.76171875)","(82, 512, 512)",-506.3934392231267,-1024.0,1793.0,42fc5dfd24659b56a2ec25fd79d568e48d5c42d5,"(5.0, 0.76171875, 0.76171875)","(82, 512, 512)","(10, 271, 93, 25, 115, 292)",100409,6,"(np.float64(21.907040205559262), np.float64(331.3041360834188), np.float64(240.1853718292185))","(182.95370119803752, 252.36057240729167, -109.53520102779632)",0.3285919623808661,0.14760233782514798,46.432328479717235,314.57718870768633,222.64655954789785,222.7555288534173,107.0071896428175,223.03248178303053,290996.3028430939,103.36753575771468,0.42395131502458033,50091.009617160795,0.17213624065928435,291294.26765441895,39.0,212.0,2420836815.0,3.277415114100112,96.0,2.9783879289694557,274.0,55.80515366443392,139.7838938740551,156.0,-101.0,375.0,40.8452302496121,155.2731761597281,-0.821554755920559,7023034659.605026,0.1233449225076889,4570.222248136853,131.889854841802,1274.4134205714986,-68.16282479706705,20.039925028489463,6.302894279523842,0.5179214157002432,1.684491776914845,2.40686919617124,3.193718791945447,0.5379927059699212,0.4864175205582842,0.978170042100539,0.9134266853636517,-0.1297950204226195,0.6520154875090495,0.40471591883410574,11.333712986631763,0.02737952282858088,5.975582594824472,0.5417208627877345,0.07628023864392355,22.667425973263523,4.046482402903165,6.585704827003326,7.0262677457255975,6874.7340676632575,0.0684673093812632,19.019882535165312,12384.940324074536,7.39848939845017,130.88149468673126,71.74218446553596,10894.156360485615,0.5626984778687885,0.011280925224453524,0.10428091958033582,9.762522700524185,0.0021416035713039817,8574.207252215734,0.11215266047915917,7.903435317976496,125.82851031621009,2.442801841779199,338.29821847936455,0.024273538361544136,0.012203181200294455,4.365317380937262,49686.008265040364,0.6384211187472439,0.7591918284983648,0.6063243077685285,0.8219026239553829,100.22256148256305,0.010629337461307654,904.4590804367425,0.09059992792114019,9.758184124872447,84.37123109285785,46566.15296003206,7577347.607132125,303.9075121577123,0.022955454153701267,3629.446759491135,0.3635627325945242,0.6241830593933531,50.97156884649626,0.015408694356562476,5.767655828307423,0.09942335846388271,46464.9896242424,59.8158777826992,7.728754949751498e-05,142.80748524288092,0.0792450697149757,0.008795475671324136,case_00242
3.1.1.dev111+g8ed579383,2.0.2,2.5.3,1.8.0,3.12.12,"{'minimumROIDimensions': 2, 'minimumROISize': None, 'normalize': False, 'normalizeScale': 1, 'removeOutliers': None, 'resampledPixelSpacing': None, 'interpolator': 'sitkBSpline', 'preCrop': False, 'padDistance': 5, 'distances': [1], 'force2D': False, 'force2Ddimension': 0, 'resegmentRange': None, 'label': 1, 'additionalInfo': True}",{'Original': {}},375a8d1b4c58e5751b7fb5324b7792a9232ab8a9,3D,"(5.0, 0.826171875, 0.826171875)","(99, 512, 512)",-358.5633248993845,-1024.0,3071.0,997f82bc8576e184ee8d7c7d37dd0a70e760be5e,"(5.0, 0.826171875, 0.826171875)","(99, 512, 512)","(22, 228, 124, 27, 120, 276)",152231,22,"(np.float64(34.81427567315461), np.float64(299.1202514599523), np.float64(272.01630416932164))","(224.7322200461388, 247.1247389991403, -174.07137836577306)",0.43516282172843684,0.19223931349961523,57.8933015862163,301.15224889383603,228.14290931947437,230.25900755419966,140.34160332916252,231.6918181270891,519034.95193719864,131.05026239850622,0.4273601113594796,73083.81510144961,0.14080711680143745,519533.93171310425,31.0,151.0,1842612302.0,2.8863207823647405,60.0,3.7202653190265598,233.0,37.85086695536767,98.84809270122379,109.0,-119.0,352.0,25.56085194997178,110.01842744688837,-0.9338843236590169,6288466960.61245,0.16402671435170796,2333.1089472165054,94.02382742645834,367.2286623361282,-26.627729652434446,9.673811613413708,3.7851588877277202,0.4343378356152026,1.3845260062513332,2.1675970198824874,1.7919932789402977,0.5539379672799211,0.5067388509602855,0.9843856545504421,0.9212407382888917,-0.08007903142735201,0.524550510385845,0.4537105850317973,9.620330453874946,0.037223899026067486,5.393089227377656,0.445205849624247,0.08228196632411557,19.240660907749888,3.5707047213065266,3.3647426252853574,6.5211930672352,11246.923484704166,0.07388063853422869,14.411958707634454,24969.95075247486,3.818285359564787,93.60091571361943,66.50025947408872,6766.092904861691,0.7241550970496755,0.01402015106468549,0.08592251526642453,6.389629674310749,0.0021848487951299507,17494.3910892314,0.1509974934324339,4.2423308709713,91.62135171857418,2.2488643106935564,216.81081103417299,0.028969950084662965,0.014844844090985309,3.9869911771339304,73402.33496145613,0.6284408819422554,0.7608760572874321,0.48789245019213373,0.8186528505618315,73.64170279462316,0.01273149379724797,1269.9790567001533,0.10812013082752879,8.475896261723943,67.07670696407287,136008.30793461605,14259833.67027073,1344.2622241191777,0.029454461862229775,3989.478120211136,0.3396456768441287,0.6023483161167161,40.34337247696484,0.019371667637384935,5.64675654732562,0.0771590543319035,135840.34006750496,102.87528165112639,5.131411759459763e-05,101.38632792325278,0.03710129811225522,0.00476354830873911,case_00241
3.1.1.dev111+g8ed579383,2.0.2,2.5.3,1.8.0,3.12.12,"{'minimumROIDimensions': 2, 'minimumROISize': None, 'normalize': False, 'normalizeScale': 1, 'removeOutliers': None, 'resampledPixelSpacing': None, 'interpolator': 'sitkBSpline', 'preCrop': False, 'padDistance': 5, 'distances': [1], 'force2D': False, 'force2Ddimension': 0, 'resegmentRange': None, 'label': 1, 'additionalInfo': True}",{'Original': {}},c7bac22c282bcf653cceddc3a1d7446fd2ec12db,3D,"(2.5, 0.703125, 0.703125)","(193, 512, 512)",-658.7401911878833,-2048.0,1545.0,b37ba681acd0e47d90d7ff0215515af04d4879c8,"(2.5, 0.703125, 0.703125)","(193, 512, 512)","(47, 248, 135, 54, 101, 267)",269941,22,"(np.float64(73.4534398257397), np.float64(300.8396131006405), np.float64(267.86204763263083))","(188.34050224169354, 211.52785296138788, -183.63359956434923)",0.37123900093820805,0.19381867974700534,50.79365409833819,262.0678985360955,190.54199012291227,180.30872572414688,117.45854072421682,201.19383982031016,333734.02404785156,97.28982483051578,0.536869299808121,43339.365059999815,0.1298619916972736,333636.7950439453,57.0,192.0,5994544325.0,2.945887154791514,60.0,4.617816147278788,285.0,41.774975346005974,138.35033210960913,153.0,-119.0,404.0,26.158973919500475,149.0196920898463,-1.3256100227808483,7409028477.859497,0.1667707042127215,3066.0542357134573,128.4301351069863,986.3686094523881,-73.14926259160387,14.224116246157482,3.218509296298315,0.6287496255373617,1.2564774525797082,2.0700177031489035,1.5994474333542323,0.5757229739287836,0.5342089651711069,0.989490831760903,0.9353116214368644,-0.12830784379176058,0.6941625912636382,0.4686458964186352,11.210605695847441,0.04245511697412828,5.361792360340282,0.6511130083935925,0.1016933610217127,22.42121139169489,3.6807202199373132,4.360656385613949,6.596833189624462,18512.36320899752,0.06857929402720417,16.06126152753108,45018.25066588625,4.987986067639718,127.18940064680801,79.80386454817905,11087.57168418284,0.6460948188042595,0.010670890903222999,0.07189301653289816,6.770600483917059,0.0016208330375138877,29343.961399257005,0.14857163223062445,5.631291067960605,123.83561515611194,2.4889780815114735,328.03487788427014,0.02393984898130149,0.011472756518870007,4.176143818507731,117649.43509363715,0.5924231876243324,0.7313885968814269,0.5925012382982434,0.7967398645157028,96.39689814972053,0.00970092252320782,1658.1894995898276,0.09716333643442093,11.393729291986116,83.50632837220203,320352.57277628034,46162365.34583382,2281.749522854789,0.026686742685798473,5725.845540841439,0.3355118680910254,0.5987107507235437,48.0520127012783,0.01804056037185204,5.841202509259634,0.06322122241526852,320102.38031345664,113.93463294579554,3.3028484890379154e-05,115.74793659109523,0.032404013143790746,0.0047342530182047605,case_00240
3.1.1.dev111+g8ed579383,2.0.2,2.5.3,1.8.0,3.12.12,"{'minimumROIDimensions': 2, 'minimumROISize': None, 'normalize': False, 'normalizeScale': 1, 'removeOutliers': None, 'resampledPixelSpacing': None, 'interpolator': 'sitkBSpline', 'preCrop': False, 'padDistance': 5, 'distances': [1], 'force2D': False, 'force2Ddimension': 0, 'resegmentRange': None, 'label': 1, 'additionalInfo': True}",{'Original': {}},41634d7b686b74fa004e7686fc4b1dd3e621ddcd,3D,"(5.0, 0.8203125, 0.8203125)","(92, 512, 512)",-481.0655815705009,-1024.0,3070.0,008b0ac69151d6504b6062085308571fbbdfa4b7,"(5.0, 0.8203125, 0.8203125)","(92, 512, 512)","(14, 274, 116, 33, 132, 278)",170386,10,"(np.float64(30.687632786731303), np.float64(345.6514208913878), np.float64(258.3537321141408))","(211.93079587488114, 283.54218119996654, -153.4381639336565)",0.4226884583518437,0.17545379322108293,56.49771075268654,322.0090584276843,230.09713485240349,225.12011564337195,149.81006549994447,251.32901747393606,573784.1606140137,136.10951248212666,0.457337855556153,73015.09876397303,0.12725185492370275,573274.4293212891,27.0,143.0,1950829731.0,2.725606587064416,53.0,4.021363347836032,609.0,35.281598425177876,96.78194804737478,109.0,-101.0,710.0,23.08198773238726,107.00220544235532,-1.0960744044390904,6563689509.361267,0.1891426619221206,2082.7265016832616,92.66458793040161,367.84391712745014,-32.48080729744404,9.10885312720411,2.922522928832601,0.510608528980006,1.2000448713255838,2.017636626946185,1.4376024705609391,0.5868141858596913,0.547725008335939,0.9968068674222288,0.962920344610165,-0.09664900573685224,0.5783749137389227,0.46997360007458516,9.545488406569147,0.051714621914575515,5.022681746158738,0.53342748772003,0.10789068302439134,19.0909768131383,3.416501111661579,3.007844014009177,6.428601073571258,11078.920404258566,0.0650224807452406,18.154094310424362,32227.26159426244,3.4162650726310435,91.61200450741258,83.88541312079631,8479.36574014297,0.9126794269958094,0.01386253693004898,0.07447752390691327,5.4533239811357195,0.0017132696299125697,20702.7776487357,0.1672120365861545,3.8581215680881424,88.97842647295724,2.553126177365805,243.34620241511584,0.032320920931690915,0.014756950415998003,3.966339632508734,73560.58316902723,0.5902317689635239,0.7266351785854562,0.6289144123883526,0.7951871178700547,69.02962898246359,0.012338696748031154,1399.5006215592257,0.12426750324624629,7.5853651367545405,67.54537382347718,214139.11738589947,22358638.300390694,2108.3546287557683,0.026067303198704834,3677.9873912271355,0.32658385643998716,0.5903540845623401,40.371424420032845,0.016289248853894975,5.575464075442486,0.06609697979880975,213910.22214189594,63.289681221733126,4.527803862564569e-05,262.7916272420946,0.012155522825755586,0.02004213241136439,case_00239
3.1.1.dev111+g8ed579383,2.0.2,2.5.3,1.8.0,3.12.12,"{'minimumROIDimensions': 2, 'minimumROISize': None, 'normalize': False, 'normalizeScale': 1, 'removeOutliers': None, 'resampledPixelSpacing': None, 'interpolator': 'sitkBSpline', 'preCrop': False, 'padDistance': 5, 'distances': [1], 'force2D': False, 'force2Ddimension': 0, 'resegmentRange': None, 'label': 1, 'additionalInfo': True}",{'Original': {}},38c75d5fce992c22818ba5dcf4294649c6d8a77e,3D,"(5.0, 0.80078125, 0.80078125)","(96, 512, 512)",-443.46820759773254,-1024.0,1605.0,79418fdd25fd56361ef3e60376b1d023a8131d27,"(5.0, 0.80078125, 0.80078125)","(96, 512, 512)","(25, 231, 123, 24, 121, 294)",126458,2,"(np.float64(36.881351911306524), np.float64(286.4367853358427), np.float64(289.4400670578374))","(231.77817869865885, 229.37320700721781, -184.40675955653262)",0.3409247425818442,0.1601975269806968,54.08052400063548,337.58650972902956,235.6419694289361,233.9158653877033,136.53350312724086,238.02566018138708,405322.3537604014,115.09159392847265,0.379991327803104,69701.8240208366,0.17196639507832204,405456.34841918945,14.0,216.0,2773558338.0,3.5125845366991992,123.0,2.237072693498738,298.0,65.4469202217131,126.76713217036486,140.0,-107.0,405.0,50.72037803945973,148.09673980345895,-0.465272528210402,8892729885.440826,0.09826405639991313,5862.738541714665,121.78482348514704,1774.3922246160982,-64.67821869565473,26.80024527638232,8.571288694525371,0.5153991100346438,2.0679767876153985,2.6184757334229043,3.8611845070412962,0.48380161211907946,0.4207716697356598,0.9736030259054539,0.900895652377385,-0.11299989951438082,0.6156457033959615,0.3768795905153287,10.82703720263778,0.016496497049983204,6.527993542544029,0.5218805580902768,0.04566079314975196,21.654074405275562,4.300641891869018,8.842883492726923,7.047365274038637,11017.014882411551,0.08711995193986583,12.692620907683716,12426.276044220216,9.461028101132595,121.62349554792895,48.184282528586564,6819.693004792105,0.4775714636856745,0.013536553113066781,0.12079911140998022,11.32281855032173,0.0026494395852294304,9609.622504082265,0.0937781480213218,9.63787423169623,118.20539184851226,1.980780949327771,251.8212191634803,0.024577768946865856,0.014240874423700435,4.390299263730649,72836.80532222764,0.7001170412794941,0.8093273899391347,0.39157908536767405,0.8580234170640412,99.18796376128155,0.01268269883440216,1252.5428415747174,0.08531145903655615,10.81315683341863,85.7107342323934,30317.2417926713,4978648.349952322,204.78066725761343,0.024337597849543244,4734.9058711347225,0.32249733490905347,0.5854630161617265,48.52847479202389,0.01565414005868962,6.1164239364571005,0.11610178873618118,30243.055754543202,85.59599059224097,5.9375438892289184e-05,184.06218924697893,0.10696239330766535,0.006293587588864929,case_00238
3.1.1.dev111+g8ed579383,2.0.2,2.5.3,1.8.0,3.12.12,"{'minimumROIDimensions': 2, 'minimumROISize': None, 'normalize': False, 'normalizeScale': 1, 'removeOutliers': None, 'resampledPixelSpacing': None, 'interpolator': 'sitkBSpline', 'preCrop': False, 'padDistance': 5, 'distances': [1], 'force2D': False, 'force2Ddimension': 0, 'resegmentRange': None, 'label': 1, 'additionalInfo': True}",{'Original': {}},e0552c0a8b8ca25fe0d412ef58a2909d8814b17b,3D,"(2.5, 0.7773439884185791, 0.7773439884185791)","(175, 512, 512)",-805.8171561758859,-2048.0,1730.0,7bfeb78cfd3a75f18dc9dfc4eaae5bba13b9e729,"(2.5, 0.7773439884185791, 0.7773439884185791)","(175, 512, 512)","(26, 303, 140, 50, 84, 236)",198719,2,"(np.float64(49.95392488891349), np.float64(342.25223556881826), np.float64(247.89649706369295))","(192.70085174248567, 266.0477178422403, -124.88481222228373)",0.48153512947135835,0.19844118264059848,47.76816704051619,240.71700442861325,186.02712216364392,183.487763227161,122.08486859404734,187.10243521015636,299795.35195010074,115.91369389348982,0.37077387784351445,58424.04096341106,0.19487974240886635,300196.6837418036,31.0,209.0,4505192978.0,3.3611219084747304,86.0,3.132530672735387,346.0,53.293150742665134,134.74808146176258,148.0,-127.0,473.0,36.72713180175508,150.56949809944734,-0.7695146317292411,6805811178.661629,0.11692642245415988,4514.128300293668,151.32699900283367,1565.6349218349703,-88.52530943440092,22.009462484592934,4.752038138571835,0.6442670059618449,1.6001295799223145,2.329401061612761,2.1334350612762645,0.5146194871832843,0.4569323251182476,0.988695788646489,0.9299248355682368,-0.12649852931295444,0.7288789201716328,0.429566181947941,12.124791243357894,0.021699166630633836,6.170994847194344,0.6784004315885966,0.04840495285183733,24.249582486715788,4.114653846434475,6.690375155791193,6.817357017697086,17379.499519421897,0.08745766393461067,10.451090717939922,23235.501743668196,7.301871375212631,149.02146749933323,49.58855972503888,7775.601220819348,0.38432144581844696,0.009175756143424274,0.09650803761138198,12.175317108035248,0.001420338633417026,17575.028535834495,0.11083919059573977,7.73971978768345,147.2757685910187,1.9543543225549362,295.7513800616583,0.01704493444069228,0.009502516642767866,4.307625202682859,107532.56937387653,0.6750809629598868,0.7978463597805483,0.3650089789466389,0.8474177336166715,123.48898129950962,0.008292119824607935,1384.662306635609,0.08270096796485749,15.052306114398135,115.94541002209878,112164.23323179837,19187654.737084154,686.7406011075353,0.017216763014175074,5495.072985725378,0.3282012175670655,0.5912292642439546,68.3409199793358,0.010927352846427669,6.124505970883384,0.08425465103991063,112023.36526977361,67.07426920650693,4.7935748092907406e-05,192.808483918974,0.04229466949736806,0.007777815803832245,case_00237
3.1.1.dev111+g8ed579383,2.0.2,2.5.3,1.8.0,3.12.12,"{'minimumROIDimensions': 2, 'minimumROISize': None, 'normalize': False, 'normalizeScale': 1, 'removeOutliers': None, 'resampledPixelSpacing': None, 'interpolator': 'sitkBSpline', 'preCrop': False, 'padDistance': 5, 'distances': [1], 'force2D': False, 'force2Ddimension': 0, 'resegmentRange': None, 'label': 1, 'additionalInfo': True}",{'Original': {}},ecde745a70b79cc8a2579050c67f4f8e56517da7,3D,"(5.0, 0.921875, 0.921875)","(64, 512, 512)",-455.0497601032257,-1024.0,2958.0,d27ad7f31fa6ef90e61131c00cec67ba5cfb6bc6,"(5.0, 0.921875, 0.921875)","(64, 512, 512)","(26, 201, 148, 34, 147, 254)",121063,37,"(np.float64(44.58194493775968), np.float64(277.4740507008747), np.float64(258.14144701519047))","(237.97414646712872, 255.79639048986888, -222.9097246887984)",0.33203056673977316,0.1789439121970487,58.86125627591678,328.9369029279979,244.06860237649502,226.8524405536697,176.16931885617882,246.0509317908718,513448.3852640788,109.21710630080888,0.4648635516310334,66704.70841943086,0.1299151196767773,514429.0808105469,18.0,122.0,870731550.0,2.7283540491085945,52.0,3.4481864288782913,341.0,32.00023623368919,74.31320882515715,79.0,-111.0,452.0,21.867965529229032,84.80792249294012,-0.5945873377598998,3699971344.6655273,0.18058881668900661,1669.9307116771242,74.97990710391701,186.9486191260744,-11.831924609858731,7.179873422335295,3.0418115426520917,0.4023181164040558,1.2880618295323187,2.064455769020571,1.351494904076843,0.5587226081445676,0.5124990850207096,0.9918489911484519,0.939467841673616,-0.06249353504882061,0.48290543702771416,0.4684940562544408,8.599081211654775,0.04066487679983596,5.187291617414643,0.4243405449937361,0.08887551585045364,17.19816242330955,3.4128656878087225,2.5554212412468464,6.3072991992170095,9460.79501581821,0.07814770008853415,12.499707544528166,21862.623914821208,2.7544028326063272,74.89007376324723,62.307649736087825,4890.717172050916,0.8737901975187545,0.016437111384612534,0.08188625526864543,5.533737172618032,0.002023957365563398,15633.667891443754,0.16838868667470328,3.0425502056862737,74.061143814272,2.1641477138492227,164.5448077023281,0.03378739981336549,0.017031496746173967,3.8011868437312533,59127.656369632394,0.633834030540991,0.7670202227829248,0.4474698183419161,0.8230191360222425,60.362383965731965,0.014438221718185198,1028.855818991455,0.12382426513316344,7.647265627619651,64.30509086532676,145712.6425562643,11892396.525093272,1859.3826449058515,0.028333808812299795,2991.526417138043,0.3600344707110414,0.6224966878807843,40.9750086805849,0.018505057374753716,5.457853799951005,0.06863368659293095,145500.35460512803,71.58028846933959,6.189910364438418e-05,146.63000408465234,0.016992618146397794,0.010017172378459444,case_00236
3.1.1.dev111+g8ed579383,2.0.2,2.5.3,1.8.0,3.12.12,"{'minimumROIDimensions': 2, 'minimumROISize': None, 'normalize': False, 'normalizeScale': 1, 'removeOutliers': None, 'resampledPixelSpacing': None, 'interpolator': 'sitkBSpline', 'preCrop': False, 'padDistance': 5, 'distances': [1], 'force2D': False, 'force2Ddimension': 0, 'resegmentRange': None, 'label': 1, 'additionalInfo': True}",{'Original': {}},680022e1049b065605ea6a2e077739ed614c349f,3D,"(3.0, 0.78125, 0.78125)","(159, 512, 512)",-306.21595941699525,-1024.0,1338.0,a90cc9c643034d55b0e14c0fe94b60780a5a28c0,"(3.0, 0.78125, 0.78125)","(159, 512, 512)","(41, 198, 81, 40, 137, 355)",329390,7,"(np.float64(59.92379550077416), np.float64(267.9723701387413), np.float64(257.512401712256))","(201.1815638377, 209.35341417089165, -179.77138650232249)",0.3224729796066897,0.1438975763865625,55.345976885217574,384.62063277937125,273.4539566476411,277.29202862798815,140.24331883039028,278.8711567557902,603607.7880859375,124.02976147057426,0.43162364917592355,80023.11424732987,0.13257468811177223,603131.103515625,23.0,146.0,3850359387.0,2.816916930072118,58.0,3.7706335716586783,221.0,37.79684298546072,96.63644008621998,109.0,-108.0,329.0,24.99569754845118,108.11735905572355,-1.0807596498154677,7050218604.125977,0.17703800282918436,2350.7617766466665,93.2636410271443,408.60098526229734,-34.026216959081715,10.072230827866528,3.049232570360218,0.5305165963702702,1.2073175943715821,2.034306880167839,1.5420101935236024,0.5895730148785595,0.5512586482282695,0.9855785069397047,0.9262781009081917,-0.10916416791829318,0.6196246834572327,0.4674664846623932,9.565852407759063,0.047987922386906,5.140471923470965,0.5492804782888672,0.10300616356044792,19.131704815518123,3.525896269310065,3.280365849556685,6.551447182283308,21123.52694981633,0.06412922963604338,18.53041773752698,58314.54775190504,3.8436166224283235,91.93465496827469,88.22136069704605,9006.598403108777,0.952935963104264,0.014393055149853173,0.069772271983298,4.70398283987566,0.0019153294192690057,36909.624731054544,0.15617053273774334,4.381156527644702,88.86585313759045,2.6347052930015553,253.02064837582094,0.03396732467534265,0.015555567780680056,4.092276478398428,137418.89136407233,0.5773385430405961,0.7173803791157081,0.6581847816542884,0.7865169498004174,67.82604630081308,0.013036749168462322,2407.0705171255877,0.1154691795608552,7.86618108136909,60.19418593495155,395540.2865777607,41884289.36208385,3823.757980824007,0.031661497015408095,6298.795452364962,0.30215846936414475,0.5652743479262231,33.7023869754755,0.019548604056891256,5.751352216423831,0.06328668144145239,395290.6114081445,220.67132423794513,2.5879302644480915e-05,76.27477989056902,0.03696805777175515,0.0022968893317658117,case_00235
3.1.1.dev111+g8ed579383,2.0.2,2.5.3,1.8.0,3.12.12,"{'minimumROIDimensions': 2, 'minimumROISize': None, 'normalize': False, 'normalizeScale': 1, 'removeOutliers': None, 'resampledPixelSpacing': None, 'interpolator': 'sitkBSpline', 'preCrop': False, 'padDistance': 5, 'distances': [1], 'force2D': False, 'force2Ddimension': 0, 'resegmentRange': None, 'label': 1, 'additionalInfo': True}",{'Original': {}},3c14a8e6d52e819036c2580cd67f92b4ba8b298f,3D,"(3.0, 0.685546875, 0.685546875)","(140, 512, 512)",-406.80961480821884,-1024.0,1653.0,bcf75b4d89e35e76da2ed8ed9a9d26af59a5e686,"(3.0, 0.685546875, 0.685546875)","(140, 512, 512)","(35, 201, 106, 35, 135, 309)",250752,3,"(np.float64(51.61328324400204), np.float64(266.6537016653905), np.float64(262.9558807108219))","(180.26858228417672, 182.80361188389074, -154.83984973200612)",0.35931180990811906,0.16019001965892796,48.0499120756983,299.955716205072,212.17360094080448,210.68161603643512,119.64703505812194,215.10271247526165,353471.8883843422,107.77763128193055,0.5161958375061125,46835.25398249715,0.1325006472129166,353541.15087890625,50.0,191.0,5513070683.0,2.944056082839533,72.0,4.2091155670818985,665.0,45.71013150896672,136.50206179811127,156.0,-107.0,772.0,30.876914227696894,148.27726864769247,-1.1973423382575998,7773008207.888981,0.16814661006456233,3353.335522484568,127.9009902379847,971.7866574638725,-66.8771571380753,15.108843184654253,3.574100268215115,0.6125896152675311,1.2108595988825637,2.067034623153179,2.0324963376885496,0.6092838569292822,0.5746332602344169,0.9965947908339442,0.9652346419069875,-0.1598849428148882,0.7315313231593833,0.4470461813284298,11.180968583733346,0.05254581743785575,5.229835593498349,0.6549788793251587,0.1385817507301617,22.361937167466696,3.6858986280570707,4.6707358632173435,6.8186381523052635,13729.295359558448,0.05475248596046472,26.610951346595993,42163.098766909134,5.448627602046831,126.01691312531904,112.45921069423176,16248.953934564828,0.8604437755713542,0.01091373845374468,0.0751298421669152,6.472474254783596,0.0016940393183089908,24118.154052722195,0.14086224282719367,6.273341853720794,119.62123168808337,3.1492923328877476,424.79892383335306,0.02935711399150215,0.01217767624251496,4.360683219987809,94830.67818933798,0.5481885797666117,0.6820987086229238,0.9339785825702085,0.7663766837605301,87.76936563524123,0.010159140993916675,1880.344827586207,0.10068241741198367,9.562274611286899,78.35826729492396,249046.02966373955,37588678.38343328,1699.9401793492057,0.024871792575098167,5944.737631184408,0.3183089329184198,0.5804509411044888,43.89045326824489,0.015960717599467548,5.807185995719357,0.0744799642674834,248865.76065079935,47.126074114343844,3.561830710767861e-05,529.5151840032298,0.009875418599609897,0.0344003545454091,case_00234
3.1.1.dev111+g8ed579383,2.0.2,2.5.3,1.8.0,3.12.12,"{'minimumROIDimensions': 2, 'minimumROISize': None, 'normalize': False, 'normalizeScale': 1, 'removeOutliers': None, 'resampledPixelSpacing': None, 'interpolator': 'sitkBSpline', 'preCrop': False, 'padDistance': 5, 'distances': [1], 'force2D': False, 'force2Ddimension': 0, 'resegmentRange': None, 'label': 1, 'additionalInfo': True}",{'Original': {}},db41d9f1dc6fbc550a1f48bfbb1c90bac22ce49f,3D,"(5.0, 0.7409999966621399, 0.7409999966621399)","(96, 512, 512)",-633.9891582727432,-2048.0,1639.0,8f2e27c4525f21952823e11f3e4137d10522fedf,"(5.0, 0.7409999966621399, 0.7409999966621399)","(96, 512, 512)","(26, 146, 59, 36, 236, 348)",176555,190,"(np.float64(41.39881623290193), np.float64(310.66633626915126), np.float64(240.90252329302484))","(178.5087689560325, 230.20375413848032, -206.99408116450965)",0.38709939960101675,0.1843648421429455,70.6246152835638,383.06986550508196,254.35964693131785,257.72529556020817,195.9193888948279,281.102466909927,481237.1192638732,148.28611494225947,0.316894573309214,93714.9191003401,0.1947375116110985,484714.97540816927,34.0,175.0,2705476099.0,3.1118415355957727,85.0,2.6744279865171188,244.0,46.58291213853,110.48146469938546,119.0,-96.0,340.0,34.85056462382781,123.788938885918,-0.5652620619800722,7427627542.659084,0.13161790089993106,3117.5473483799888,86.24616000585085,535.661932041006,-26.864872667842835,14.052580041133442,4.515851674409588,0.5109963185927474,1.479204374228175,2.220195074253788,2.0994358215481514,0.5520398259414168,0.5027807016706327,0.9791720643556006,0.9122406905210823,-0.12981224954712223,0.6129816332239351,0.42447633877283225,9.157341282558686,0.0293634026978056,5.682761991580327,0.5365791109806166,0.08015953515382926,18.314682565117373,3.8458126370944616,4.642107928885757,6.852423954743886,12798.860802582765,0.0724922024444664,16.5326581522902,23237.79849338733,5.070696933485644,84.98379541785846,69.47422049786185,6632.8560505225005,0.8986169805102672,0.01730476164059288,0.07986320682142814,5.047627486120332,0.00252524911651214,16670.471008532277,0.12423060084094203,5.348607543063098,82.40229970344429,2.516219221252448,223.11241341723098,0.03926290210315274,0.018507124299468176,4.188685903038727,87747.64519835098,0.6356751334714906,0.7586117204706314,0.623081404560664,0.8168295299931937,65.6089390417939,0.015911541677081812,1411.7414506977457,0.10824577907512235,7.250559879432147,56.38483361447631,104462.51732863058,10964373.460358841,1067.7334093891595,0.036789514889208876,3316.092777181414,0.25426259601145634,0.511769284458364,27.01771689775316,0.021422299279131893,6.1252418825225945,0.07386933250261958,104279.25565405794,143.8677866922131,4.8386689048513614e-05,87.55853397794053,0.05900436447809568,0.0035034726837055866,case_00233
3.1.1.dev111+g8ed579383,2.0.2,2.5.3,1.8.0,3.12.12,"{'minimumROIDimensions': 2, 'minimumROISize': None, 'normalize': False, 'normalizeScale': 1, 'removeOutliers': None, 'resampledPixelSpacing': None, 'interpolator': 'sitkBSpline', 'preCrop': False, 'padDistance': 5, 'distances': [1], 'force2D': False, 'force2Ddimension': 0, 'resegmentRange': None, 'label': 1, 'additionalInfo': True}",{'Original': {}},6bec0c7cb9b972e4139a1a0c3e296c11ce97ca40,3D,"(5.0, 0.8203125, 0.8203125)","(101, 512, 512)",-522.6428042496785,-1024.0,1677.0,852997f2726ba0d75626620388b8164a8d67a7a1,"(5.0, 0.8203125, 0.8203125)","(101, 512, 512)","(17, 277, 125, 29, 108, 239)",152723,30,"(np.float64(31.80910537378129), np.float64(324.0620862607466), np.float64(242.45384126817834))","(198.88791666530255, 265.8321801357687, -159.04552686890645)",0.4784063515113402,0.2206499357025056,56.16685723806802,254.55188581516643,197.70753796668365,196.19364518539538,137.60654275109943,209.4762537934081,511955.6894302368,121.77923896316504,0.48736146051892393,63502.0663130749,0.12403820804051871,513846.15325927734,51.0,141.0,2024409637.0,2.598914263925108,40.0,23.358616201140837,638.0,31.029476861077736,103.2579965034736,109.0,-119.0,757.0,17.413338334102786,115.13224542216398,1.90021861802175,6811253737.770081,0.22284699976790467,2593.2200940380308,98.15448743111526,4679.545039536132,126.84135169480722,11.515434469588737,3.4098988325514314,0.5401015014079639,1.1129675012680589,1.968284471891764,2.1280181173141006,0.6269915137065621,0.5974871020982022,0.9966391049186947,0.9671126492855232,-0.10277220724847469,0.5875073675793344,0.46377152009632233,9.804425718823625,0.07059644967570446,4.710109909734523,0.758195267732006,0.15741501417150797,19.608851437647267,3.2781599998613666,3.7313333255350423,6.508627307036448,8298.646025811437,0.05433789295529446,26.207154975060963,34033.862345553716,4.235299643130622,97.35730047209654,116.98023873286931,11957.408897153671,1.2020020662005297,0.013044977772971254,0.07376051474812113,6.067702404467984,0.0018485932179729903,19380.555174830748,0.1886755785844939,5.367763754166625,95.35471547225218,3.2519126205799695,324.1215528282106,0.03793713983382666,0.01423082435118659,4.096322521750048,55672.41476396473,0.5374266677952877,0.6720195789360225,0.9800252595220535,0.7593965953764784,71.02673287699253,0.01161440464401816,1161.4857247437774,0.10628529692018461,14.194087566574455,78.1779831625183,217696.00668008786,22164072.96897877,2176.366449912993,0.027970628766189776,3817.0322108345536,0.34928918473961873,0.6111698691709092,48.510484572073246,0.01826935684702859,5.795595431568442,0.07155438277142277,217500.69531280984,39.1428525296954,4.99045078762761e-05,477.86217755537587,0.00783762109515558,0.05876330866635621,case_00232
3.1.1.dev111+g8ed579383,2.0.2,2.5.3,1.8.0,3.12.12,"{'minimumROIDimensions': 2, 'minimumROISize': None, 'normalize': False, 'normalizeScale': 1, 'removeOutliers': None, 'resampledPixelSpacing': None, 'interpolator': 'sitkBSpline', 'preCrop': False, 'padDistance': 5, 'distances': [1], 'force2D': False, 'force2Ddimension': 0, 'resegmentRange': None, 'label': 1, 'additionalInfo': True}",{'Original': {}},8d069954b01e81107b5fd5de495643765f6875ae,3D,"(3.0, 0.921875, 0.921875)","(165, 512, 512)",-443.4901045596961,-1024.0,3071.0,fe494abcb8a1a963dbb43c05026b49ca6b4e83ea,"(3.0, 0.921875, 0.921875)","(165, 512, 512)","(39, 264, 122, 42, 96, 271)",225679,4,"(np.float64(58.70688012619694), np.float64(310.9903313999087), np.float64(261.52935363946136))","(241.09737288637845, 286.69421175929085, -176.12064037859082)",0.35586536170466515,0.16614150564166028,58.59436076120025,352.67743924012933,249.1953476473076,251.35425241097101,139.76637873608945,251.85814004132988,574757.1011657715,125.50568448026371,0.41191290875094366,81158.67584615717,0.14120517290094234,575382.2746582031,14.0,114.0,1566996837.0,2.543320837217712,42.0,4.143158212187621,204.0,29.738707200583807,73.47044696227827,82.0,-116.0,320.0,18.908825113180686,83.32752556947517,-1.1200186083368657,3995153312.693115,0.21737856215121037,1545.569940694592,75.26637814842935,178.34125928241667,-18.025566382281916,6.330641312745176,2.2484064499328578,0.47308173098214523,1.0570898598334721,1.8920631029594248,1.1185529239430325,0.6117291113704499,0.5786165665739139,0.9891092201282441,0.9340576109536509,-0.08085093158292762,0.5463735980671324,0.4820132429181671,8.616536930160485,0.06646953740754645,4.669960930843331,0.5028720968708096,0.1566579952482823,17.23307386032097,3.1996043535271386,2.144761940669509,6.266697616599009,13543.802812844793,0.06001357154562362,20.913252410217353,49057.77652772301,2.552553141215778,74.10838403218732,98.83829244191972,8006.382374966213,1.2953624247895352,0.016809321886606308,0.06745410307741677,3.9048249766900947,0.0021317161195312496,29298.44351995775,0.18576132823598834,3.029490128773958,71.80710726376675,2.8294732165876053,218.22250275051738,0.04283259571542972,0.01812465121108619,3.89873978361864,88976.79177954428,0.5623524726866502,0.6989416894724876,0.7685718910438175,0.7777169704638912,54.33951036399375,0.014980662955555103,1738.0415618088919,0.13254339676724564,7.168482520714984,52.83321894303363,388847.8443529322,31960173.539083354,4837.498685068788,0.03666493817874701,4600.6301380309615,0.3508449735400718,0.6147425204999032,33.07768657446396,0.024437463204479624,5.415195299163421,0.05810465306918233,388551.6490446053,169.66748792534355,3.462454573950614e-05,69.84501460907738,0.022161487744601485,0.0030971365377016865,case_00231
3.1.1.dev111+g8ed579383,2.0.2,2.5.3,1.8.0,3.12.12,"{'minimumROIDimensions': 2, 'minimumROISize': None, 'normalize': False, 'normalizeScale': 1, 'removeOutliers': None, 'resampledPixelSpacing': None, 'interpolator': 'sitkBSpline', 'preCrop': False, 'padDistance': 5, 'distances': [1], 'force2D': False, 'force2Ddimension': 0, 'resegmentRange': None, 'label': 1, 'additionalInfo': True}",{'Original': {}},1a748da76212af3c8e0fa8e9d75f8f665b0c7b9b,3D,"(5.0, 0.64453125, 0.64453125)","(93, 512, 512)",-460.1459195126769,-1024.0,1528.0,20a4863dff57ac16265e9b50142960fba6abf8c7,"(5.0, 0.64453125, 0.64453125)","(93, 512, 512)","(21, 243, 94, 22, 129, 304)",143739,20,"(np.float64(30.89315356305526), np.float64(301.8650331503628), np.float64(241.9551757004014))","(155.94767183814935, 194.5614471476948, -154.4657678152763)",0.41259784078213396,0.16573809056183694,43.81543694024413,264.3655226853031,195.86817925122108,195.5321284672661,118.4331598216349,196.12947200930668,298159.8651409149,109.07664383719631,0.3724873199644745,57943.592784412394,0.19433733227987396,298560.65940856934,13.0,155.0,1971030021.0,2.8120792582516816,65.0,3.3867763849135213,206.0,42.948597454574575,104.04255629996034,123.0,-99.0,305.0,29.424189450350177,117.10065114548063,-1.1361406251551973,4094031701.7917633,0.18396105197453705,2887.7089772651343,82.30034961633432,559.5036511988761,-49.3739528169679,11.734516302568748,3.868805651395406,0.4956102756814759,1.2841496810077713,2.108636523010825,2.0769957620710815,0.5990365962631752,0.5613587727278315,0.9796125678609288,0.9186790491717567,-0.11997725059987471,0.5665947962355027,0.43373117768008523,8.96250164320942,0.06025688328544469,5.011844305394854,0.509869877691006,0.1688935216244295,17.925003286418836,3.489065258379973,3.9008304884910387,6.607099073706919,8250.35303571056,0.05739815245487,26.244899742720172,26442.377649767983,4.706455064712522,80.0890155072736,102.16576572816007,9677.844975963379,1.2228704630674738,0.019774271512811976,0.07577213874271736,3.8634329007650723,0.0033278064277428797,15153.009232556407,0.14938591121353098,5.383858129789731,75.19295874182102,3.1029340689888323,268.3493980238308,0.05007410468066793,0.02258124287616768,4.145430283859576,59887.72201920153,0.5786556274368291,0.703336228538157,0.9356030947421824,0.7839610378342997,55.835893313200714,0.01950334645014103,1224.3389863172094,0.11797446389643568,6.386220567686934,43.46608209674311,153886.44218539217,15245643.005492387,1586.7043877958315,0.05075975162729576,2781.7159375602237,0.26803969334748734,0.52832022584397,22.80366459281412,0.0300671053339603,5.882036568444116,0.07220030750179145,153694.6098095665,128.00599765217234,5.210015189474701e-05,72.98666299390487,0.060020567480587456,0.003916298084035197,case_00230
3.1.1.dev111+g8ed579383,2.0.2,2.5.3,1.8.0,3.12.12,"{'minimumROIDimensions': 2, 'minimumROISize': None, 'normalize': False, 'normalizeScale': 1, 'removeOutliers': None, 'resampledPixelSpacing': None, 'interpolator': 'sitkBSpline', 'preCrop': False, 'padDistance': 5, 'distances': [1], 'force2D': False, 'force2Ddimension': 0, 'resegmentRange': None, 'label': 1, 'additionalInfo': True}",{'Original': {}},8358e68249b081c3ec625ded44d09d409f2e8c08,3D,"(1.0, 0.76171875, 0.76171875)","(266, 512, 512)",-510.09493856501757,-1024.0,3071.0,23fc28a2d72645b2814aef78a368db1f8f900542,"(1.0, 0.76171875, 0.76171875)","(266, 512, 512)","(92, 277, 122, 127, 100, 242)",541515,2,"(np.float64(152.2703877085584), np.float64(327.8114604396923), np.float64(236.99707671994312))","(180.52511703276917, 249.70013588179688, -152.2703877085584)",0.4294697872003388,0.17997881776192778,44.414216442845465,246.77468712788001,184.86681112088212,183.6753319821019,119.90131134766885,189.40072007973896,314045.9903240204,105.98227236724081,0.5010844153164364,44589.78696594423,0.14198489501470224,314195.3716278076,34.0,261.0,18592469983.0,3.7345527147979514,141.0,2.6469119817623956,462.0,76.13375858557691,161.61709093930915,187.0,-178.0,640.0,56.81090724522687,185.29482868446652,-0.6666319013342148,10787638414.056015,0.08875883855231646,8214.089453520877,240.3024292835536,4362.879657987087,-165.63754498941714,41.780015202853406,6.015651614741803,0.747727063537144,1.670983095546456,2.4148893552406134,3.160872297072472,0.5219240521932131,0.4680776545420105,0.9921678152042754,0.9450139698388433,-0.1849704506960173,0.8510883307983282,0.43128135137218615,15.21053871033569,0.01635191046154918,6.658310975036846,0.782094093131245,0.04484080163962479,30.42107742067138,4.546543993591836,11.948916704398801,7.339699891567395,42688.00505433829,0.07883069731094852,12.802309570288443,48064.24245865765,13.230501120383725,237.75674727385206,58.962353766747,15209.735839265764,0.2805883267918354,0.005951063500189771,0.09065935411168197,16.62678086041601,0.0009158159073075753,35115.451210705025,0.08342312403560839,13.920992164144156,233.00419476912222,2.0930877205668414,511.7262248365984,0.01159624532972527,0.006243340790408592,4.757185201536654,274051.9104989544,0.6492636089679261,0.7771492941100432,0.42566933841091276,0.8329225962493149,190.70196481592487,0.005407913399957605,2792.9769560926347,0.06410468351563348,19.94633427657035,163.27508090614887,214275.53570198995,63194335.01831578,764.5834056790724,0.011790578575170577,14557.413367302439,0.334123192345531,0.596189353769711,94.33884554014817,0.007495566711912623,6.392116128103626,0.08045760505249162,214121.05800077907,76.12943519086667,2.4220530975597e-05,341.6620286576414,0.03980764926374283,0.0070691872162133495,case_00229
3.1.1.dev111+g8ed579383,2.0.2,2.5.3,1.8.0,3.12.12,"{'minimumROIDimensions': 2, 'minimumROISize': None, 'normalize': False, 'normalizeScale': 1, 'removeOutliers': None, 'resampledPixelSpacing': None, 'interpolator': 'sitkBSpline', 'preCrop': False, 'padDistance': 5, 'distances': [1], 'force2D': False, 'force2Ddimension': 0, 'resegmentRange': None, 'label': 1, 'additionalInfo': True}",{'Original': {}},c5595c2a5a29beee25b28c6a4ee64406ddf0dc6b,3D,"(5.0, 0.7409999966621399, 0.7409999966621399)","(102, 512, 512)",-693.4440925448548,-2048.0,1524.0,cec71d615664b87921df6e9ce8eeb3eb6e0134a0,"(5.0, 0.7409999966621399, 0.7409999966621399)","(102, 512, 512)","(17, 236, 78, 31, 138, 330)",260050,57,"(np.float64(32.21750048067679), np.float64(314.8143203230148), np.float64(245.5182003460873))","(181.92898563694527, 233.2774103085478, -161.08750240338395)",0.4226611583233991,0.18422541612768262,60.83347040989634,330.21214818553585,260.8674040363865,245.08735915147668,154.12979611859078,263.10784358523244,712210.3276704554,139.5678490445565,0.43303189200841846,89064.1826396733,0.12505320293654026,713942.563818042,24.0,108.0,1692865599.0,2.332316197575244,39.0,4.319409516766073,236.0,25.919674843888636,73.21454720246106,81.0,-79.0,315.0,16.98073248810015,80.68314356689021,-1.1956010519324989,4647601637.95203,0.243427634688299,1149.399733774017,58.05965760621715,112.16979713431638,-12.523031026099355,4.966480048304858,1.6579532618764246,0.4921480200639869,0.8603628845245131,1.677392478500245,0.866758778201014,0.6660768692465263,0.6429285040161018,0.9919020304177268,0.9457029160784777,-0.12739922670309675,0.5658841317009686,0.46255259924228564,7.565134620342444,0.08650275738819468,4.189545826308457,0.5045130103846707,0.1851608940147158,15.130269240684889,3.0183433766454817,1.6561083275453201,6.381606259790514,13812.717585079792,0.053115622322937095,26.400142421607722,63303.35640069217,1.9272923935434452,57.41280522976351,140.68869832724477,8783.66261103634,2.4260124141456645,0.021619113221854728,0.03767733622761182,1.626592344087379,0.0015256680370886208,34408.456260649444,0.21051713662699062,2.335592250229422,55.053087269435586,4.22288494575145,252.83502933702613,0.0816637888492345,0.02376588223006867,3.962573446646082,81488.07777474631,0.4828619438003242,0.6272852853741144,1.3979825628008593,0.7128955975298171,37.68073101941356,0.018369953173276384,1124.7886029411766,0.14768757916769648,4.905827335529801,37.77232142857143,984112.1570378151,62894814.52678572,15841.695725340809,0.049989254408485194,1654.4112394957983,0.2172283665304357,0.4694250669177948,18.613306237246125,0.02570706809671361,5.983188382242665,0.029286675639300135,982946.2609487958,207.86258026811595,3.0558872811647766e-05,61.27113810351386,0.01410043825058932,0.002940129444799462,case_00228
3.1.1.dev111+g8ed579383,2.0.2,2.5.3,1.8.0,3.12.12,"{'minimumROIDimensions': 2, 'minimumROISize': None, 'normalize': False, 'normalizeScale': 1, 'removeOutliers': None, 'resampledPixelSpacing': None, 'interpolator': 'sitkBSpline', 'preCrop': False, 'padDistance': 5, 'distances': [1], 'force2D': False, 'force2Ddimension': 0, 'resegmentRange': None, 'label': 1, 'additionalInfo': True}",{'Original': {}},ce58b107dbccd6704d17fbdd6648feb5374987e5,3D,"(3.0, 0.869140625, 0.869140625)","(145, 512, 512)",-469.63117062798864,-1024.0,1601.0,5428ab25034b028d88e0ddef555edca8a4de2007,"(3.0, 0.869140625, 0.869140625)","(145, 512, 512)","(38, 239, 134, 36, 108, 272)",173633,35,"(np.float64(56.286610264177895), np.float64(293.79021268998406), np.float64(269.3592231891403))","(234.1110435921239, 255.34500907625568, -168.85983079253367)",0.2917906870327947,0.16329633728728304,57.789924551805846,353.89602431888915,237.83761244330282,234.88836944518232,112.04773977060589,242.46368093756126,392892.7830219269,103.2635640741833,0.4137039590569907,62706.199774961395,0.15960130214828058,393489.93101119995,34.0,219.0,4345009512.0,3.4198134730045826,102.0,2.9909137174690654,328.0,59.57291243919543,140.57082467042557,159.0,-133.0,461.0,42.92560271022012,158.19007475383353,-0.7985720939882456,9846731284.490204,0.11118411906038128,5263.943002099922,159.43551061046372,1581.1600735607387,-82.72426706521438,22.72252084850648,6.1332907013765094,0.5708034919410925,1.7349746505766765,2.448213132678426,3.0269507911809637,0.509996428364755,0.4529554670455581,0.985788469703142,0.9255800529980411,-0.1151263366176562,0.6934903998651571,0.4220957566608198,12.461224074708818,0.021732385124395587,6.241371685789289,0.6155268091215971,0.05729210970194758,24.922448149417637,4.122346533140417,7.213952887470746,6.83526418288525,14302.320002534081,0.08237097788170498,12.156214316995616,19305.232144811183,8.511081528054468,155.97366859986292,51.67058681241469,9105.994056429365,0.34000043861467905,0.009261551911135322,0.11246043100271072,12.920317417793658,0.0019413830808576336,14218.88909842811,0.10277649890916017,9.149793196118418,151.9325002260907,1.9598371208911987,317.8148481535149,0.01647231031581595,0.009842380009282019,4.373848065631923,93785.37447256525,0.6751694973846085,0.7966905440254399,0.3699384083501841,0.8475456602143178,125.9940457648451,0.0087515465112794,1525.3823766743774,0.08205833431999447,13.652369475235751,102.34886223035129,69126.74382699445,12971311.997310238,388.39651558508837,0.019555360908539626,6505.469309806875,0.3499633820973089,0.6110181658105812,60.67661859608826,0.013104190779547647,5.9350544296474075,0.10705914198337874,69039.49642912397,59.90157803205627,5.306132621626725e-05,215.7860720974038,0.05576579547871119,0.008227710675224034,case_00227
3.1.1.dev111+g8ed579383,2.0.2,2.5.3,1.8.0,3.12.12,"{'minimumROIDimensions': 2, 'minimumROISize': None, 'normalize': False, 'normalizeScale': 1, 'removeOutliers': None, 'resampledPixelSpacing': None, 'interpolator': 'sitkBSpline', 'preCrop': False, 'padDistance': 5, 'distances': [1], 'force2D': False, 'force2Ddimension': 0, 'resegmentRange': None, 'label': 1, 'additionalInfo': True}",{'Original': {}},3f3bba2c79612a86cb8281b41fca11d0013ddb11,3D,"(3.0, 0.9375, 0.9375)","(160, 512, 512)",-595.778243112564,-1024.0,3071.0,be20e2baa26dfbfaa67c4e0df77557d6cde13c34,"(3.0, 0.9375, 0.9375)","(160, 512, 512)","(32, 237, 142, 40, 83, 237)",185064,2,"(np.float64(50.161214498768), np.float64(275.8034139540916), np.float64(263.36072385769245))","(246.90067861658667, 258.56570058196087, -150.48364349630398)",0.39028762908551495,0.17474659750781027,51.940037358848926,297.2306076318738,222.91542153079047,222.9772357355118,124.86556833751249,223.41582936869088,487301.66015625,116.00542914429097,0.5408236946770423,55372.44167654439,0.11363072651710152,487961.71875,71.0,247.0,6990112640.0,3.219449056208676,94.0,4.111572493042167,314.0,59.26235884516945,179.5717589590628,209.0,-124.0,438.0,39.97841656674,194.34846490675227,-1.2940868378734347,18430961062.5,0.14595192621090539,5525.309195959364,172.12613836211597,2586.079055163789,-154.54370506874025,25.107818402870098,5.613245325251568,0.6329213505247382,1.478838608692524,2.29312533788409,3.363972413002393,0.5728453959015416,0.5318695485959144,0.9846958366564261,0.9310384027709477,-0.15308881592295054,0.7648216017671274,0.44171659697960836,12.932556285466868,0.04066655706937081,5.7683760076173,0.6798193203705242,0.1200982393548558,25.865112570933732,3.9753541361656706,7.680265932030417,6.980532938696719,11123.342162711278,0.060105380639731545,22.21629032891413,27010.44727229499,8.930418792695209,170.27109540483292,90.53902433752647,17621.801744261444,0.5435477711223485,0.00965185563091657,0.09563226620900639,11.168499281075528,0.00214225522881022,16234.664635686411,0.12173513718881912,10.027702014251789,163.04113724471893,2.6352754635072864,476.12886098936684,0.021222036336394724,0.010864016398465036,4.502101384383403,79085.9019456932,0.5905022407851546,0.7205478188003152,0.6892085680645652,0.7961240168198398,125.2306898452139,0.00946615451681243,1292.6694322626527,0.07660717270728058,14.46945039620362,104.15396467938841,126224.82896764253,26291577.85480621,621.667592911146,0.02567607075536017,6884.951878629845,0.40802132740487407,0.6633370897432088,67.80155215946532,0.01807298567826481,5.779996978983838,0.09117926771279125,126104.54498477017,67.67989984764087,4.733082266602371e-05,156.08996585771834,0.06375838697315832,0.008209622941964942,case_00226
3.1.1.dev111+g8ed579383,2.0.2,2.5.3,1.8.0,3.12.12,"{'minimumROIDimensions': 2, 'minimumROISize': None, 'normalize': False, 'normalizeScale': 1, 'removeOutliers': None, 'resampledPixelSpacing': None, 'interpolator': 'sitkBSpline', 'preCrop': False, 'padDistance': 5, 'distances': [1], 'force2D': False, 'force2Ddimension': 0, 'resegmentRange': None, 'label': 1, 'additionalInfo': True}",{'Original': {}},6214fcccbceae3eaff2583cbe07858439958eb8a,3D,"(5.0, 0.80078125, 0.80078125)","(103, 512, 512)",-279.31616077608277,-1024.0,1542.0,698ec394562f913d2c347a20dcd74a6ff5e610d2,"(5.0, 0.80078125, 0.80078125)","(103, 512, 512)","(22, 216, 95, 27, 110, 306)",167284,20,"(np.float64(34.64516032615193), np.float64(274.4034755266493), np.float64(249.6258159776189))","(199.89567295082765, 219.73715813657464, -173.22580163075966)",0.35455799841647895,0.17373254659267656,59.46418007389583,342.27426720056184,245.98703353328182,245.14502534279046,139.93529323049245,247.43193104589116,534591.5299256643,121.3560790880983,0.39498025785579566,80647.35304520134,0.1508578952914115,536354.8355102539,11.0,135.0,1530259942.0,2.849659622738642,60.0,3.1992694080902964,219.0,37.39818261372497,83.25023313646254,93.0,-100.0,319.0,25.76788355189833,95.64348727257924,-0.819515720661023,4906400609.020233,0.16569593095494034,2217.075340384661,66.13428213621508,277.7304468199857,-21.016114564410223,8.857383401354285,3.591006441043689,0.41738675566827915,1.3422998071859777,2.130836180856635,1.7040303066760376,0.5629151133675387,0.5178993815655706,0.9805781611903698,0.9134811052451065,-0.08279835391402782,0.5093349849314265,0.4558259585760322,8.050761544078329,0.04000379476524514,5.2725610900820445,0.42950812692038903,0.09578822903976035,16.10152308815666,3.511421420906013,3.112097460599494,6.500202140619702,11837.276882427488,0.07076156047456714,15.714726449172105,27718.27811386624,3.626879134971124,65.2571315846106,70.71265632098707,5140.75566103154,1.11933808459706,0.022740684444935013,0.0834082014036497,4.030151894955928,0.004048814931587979,19067.103368921067,0.15127999328724423,4.035401162636051,63.3438974738547,2.336312720433928,158.58527967507354,0.047059596323108854,0.024663845083757803,3.973003923045356,79133.15510071741,0.62138130432721,0.7532285031627466,0.529235210550338,0.8136455002860241,50.21432727540854,0.021412739323660925,1604.7486211450323,0.12466003426901516,7.075169021948636,42.735725938009786,150095.61127942204,11382024.141070457,2065.5438130378166,0.056577298226123944,3969.858385768663,0.30838642008612316,0.5711881200064273,24.322724447308477,0.03681640476353302,5.621411570578824,0.07695296621314651,149926.74253645563,166.61110462763332,4.672854696162848e-05,71.97495095562354,0.04686185742150057,0.0028299526699847024,case_00225
3.1.1.dev111+g8ed579383,2.0.2,2.5.3,1.8.0,3.12.12,"{'minimumROIDimensions': 2, 'minimumROISize': None, 'normalize': False, 'normalizeScale': 1, 'removeOutliers': None, 'resampledPixelSpacing': None, 'interpolator': 'sitkBSpline', 'preCrop': False, 'padDistance': 5, 'distances': [1], 'force2D': False, 'force2Ddimension': 0, 'resegmentRange': None, 'label': 1, 'additionalInfo': True}",{'Original': {}},75a6036a2e537a44b111c8a5cb1f7391c75a2673,3D,"(5.0, 0.861328125, 0.861328125)","(97, 512, 512)",-614.4688965708939,-1024.0,3071.0,a9ba68b9b86a2810e9eb2b29d5e557eb0a4d6ae6,"(5.0, 0.861328125, 0.861328125)","(97, 512, 512)","(20, 278, 132, 29, 97, 273)",121589,55,"(np.float64(32.992441750487295), np.float64(325.36055070771204), np.float64(270.8085188627261))","(233.254993786059, 280.24219309004104, -164.96220875243648)",0.363649471966597,0.17214152033320496,56.98920936727427,331.0602186907805,235.142578125,235.54607807992522,142.2359311834703,236.2764964912707,449187.7912545204,120.38987371604848,0.3681024919142842,77054.97127607424,0.1715428886899846,451025.9687232971,36.0,187.0,2491257322.0,3.008086914889469,71.0,3.900858438505609,257.0,47.29610834083143,129.86143483374317,150.0,-119.0,376.0,31.452892218899184,143.14037503135452,-1.22302528478393,9241146378.324165,0.1593964656511006,3625.1747070382917,123.57638962167336,962.9492354695763,-70.80108274942421,15.009050375771096,4.7046362060822675,0.5179708699084794,1.3963300895127142,2.2260120809712403,2.646986884304797,0.5830599566479153,0.5427399209093119,0.9834871389289674,0.9269278890526113,-0.11992793654919906,0.6398228272350782,0.4334461835415477,10.999767126637298,0.0461814956120499,5.39980329880735,0.5474418245158912,0.1177113852260241,21.999534253274604,3.722129753125903,4.92842164546334,6.8235191526919206,7169.905213465034,0.058968370604783604,25.08395021373828,19380.856862051667,5.887248292522068,120.68294006859173,93.17600276340788,13295.043038432754,0.7171162883134155,0.01211671542640349,0.09759834651381584,7.793980993785489,0.0024654701122653966,11874.945082297658,0.13523679055285573,6.670669053953687,114.14545407676012,2.7498413533235486,357.732003079058,0.027914131277363564,0.013571315177789523,4.271465823966148,53029.99495129377,0.5974225266408254,0.7210849665676994,0.7631270648063013,0.7986382891419261,87.10280955291715,0.011786310138418032,1131.9636952445883,0.09646869739599355,8.87682142064557,71.5758479631839,83280.56408726778,12184686.275438895,581.4509489006774,0.02806592548353549,4224.86978012613,0.3600536713930569,0.6206588543387955,43.276586130927285,0.018824681044238657,5.688716760463451,0.09650544045925206,83173.19076139029,65.28476634039578,6.524486853447244e-05,120.88291225580483,0.05270834671722471,0.007848803782911818,case_00224
3.1.1.dev111+g8ed579383,2.0.2,2.5.3,1.8.0,3.12.12,"{'minimumROIDimensions': 2, 'minimumROISize': None, 'normalize': False, 'normalizeScale': 1, 'removeOutliers': None, 'resampledPixelSpacing': None, 'interpolator': 'sitkBSpline', 'preCrop': False, 'padDistance': 5, 'distances': [1], 'force2D': False, 'force2Ddimension': 0, 'resegmentRange': None, 'label': 1, 'additionalInfo': True}",{'Original': {}},d1d5cba43d738798b6523f65fcf07e554bd8d8a9,3D,"(3.0, 0.94921875, 0.94921875)","(479, 512, 512)",-752.8061087893046,-1024.0,2548.0,3395cc8fb0b0670dd134c2b355cd5e7d0bec0983,"(3.0, 0.94921875, 0.94921875)","(479, 512, 512)","(62, 138, 138, 51, 169, 258)",146361,267,"(np.float64(87.90867102575139), np.float64(217.00392180977173), np.float64(228.8196309126065))","(217.1998840303257, 205.98419140536924, -263.72601307725415)",0.3463629943432962,0.18656396227403055,59.52844738362832,319.07795405948343,240.12316633295845,255.63608222200065,143.07734013252906,262.189721757571,388911.6068973541,110.51679559697538,0.2932554522221481,87862.85255821327,0.22591985170913917,395620.9116668701,10.0,204.0,2968010076.0,3.482950653759341,113.0,3.00225486357219,862.0,62.431651170743926,121.33249977794631,139.0,-145.0,1007.0,46.9036656440975,142.40328289832416,-0.4943884242272795,8022675795.489075,0.1040056146104794,5557.119477854797,143.12138214252562,1785.8821866891979,-64.21635499545984,23.88171483745166,6.484840754538046,0.569767004040949,1.7842710053290842,2.491915089426217,3.2223492815611587,0.5038646039640373,0.44531060286237434,0.9962312909040788,0.9599020076295498,-0.10948504530669206,0.6926971895438196,0.41639558842238783,11.779869386684036,0.019658298147947326,6.367088438332624,0.605771785300524,0.05680417906020204,23.55973877336809,4.187425368310986,7.591638897997424,6.9004685346115835,12344.25320269744,0.08434113734326384,12.041953047662634,15222.365760004373,8.973580119931643,138.34487329274876,48.12325004611884,7631.102315507546,0.366807700195347,0.010834800931343388,0.13037000287556597,13.377264538709909,0.002512620266397993,11458.175137788736,0.09694758076539173,9.508841707450765,134.57344859268414,1.883103225774121,271.6538740463221,0.018551224033802598,0.01148376236086761,4.389214165384809,81837.4560506181,0.6903795469107428,0.8074318873302209,0.33940190413440036,0.8564898361676538,112.68190148091195,0.010290327570022469,1589.9145559299925,0.08641779301717536,13.402681863700499,93.00771823024242,41067.89765191868,7288957.197956299,240.98977454404508,0.021415642784075532,7091.635177736711,0.3854568527957773,0.6439195639677372,58.705448116456814,0.014910354074778174,5.791166687104363,0.12570288533147492,41004.61138083703,22.93100763250483,6.490294357982503e-05,1066.7714088265293,0.01686676211988523,0.08586815449689952,case_00223
3.1.1.dev111+g8ed579383,2.0.2,2.5.3,1.8.0,3.12.12,"{'minimumROIDimensions': 2, 'minimumROISize': None, 'normalize': False, 'normalizeScale': 1, 'removeOutliers': None, 'resampledPixelSpacing': None, 'interpolator': 'sitkBSpline', 'preCrop': False, 'padDistance': 5, 'distances': [1], 'force2D': False, 'force2Ddimension': 0, 'resegmentRange': None, 'label': 1, 'additionalInfo': True}",{'Original': {}},a525ef10f07167d0c8d7e79d12c63df890f88e2c,3D,"(5.0, 0.7421875, 0.7421875)","(91, 512, 512)",-457.167365357116,-1024.0,1446.0,38421ae332d078f30770df2424a38a8ce38b8818,"(5.0, 0.7421875, 0.7421875)","(91, 512, 512)","(7, 206, 121, 28, 157, 298)",210457,85,"(np.float64(18.761575998897637), np.float64(298.9805851076467), np.float64(262.2503076637983))","(194.63890021922532, 221.89965300958153, -93.80787999448819)",0.38107295973054706,0.22831179424024747,64.63885738131765,283.1165932378404,208.89744103061824,223.79383872434147,136.55499121233174,231.16035662204888,578077.7638753256,107.88807813397322,0.48372647420330406,69375.87023154204,0.12001131087703346,579643.0740356445,39.0,118.0,1699811548.0,2.329840542773349,35.0,5.167502889908508,176.0,24.93042639688796,83.16297390915959,90.0,-87.0,263.0,15.202503506724842,89.87081911048217,-1.336082853513089,4681640387.176514,0.25275896667751674,1160.6838981734502,64.05589644346713,117.05947418796312,-12.467793644332932,4.510526459966817,2.0689604473660643,0.36271890726303535,0.9952573607833515,1.8151302675945435,1.0454218678173306,0.6279332814262456,0.5987125324018067,0.9865752551266282,0.928756426571333,-0.06855802746086942,0.4207666599058195,0.48339316921621134,7.965184616802899,0.08140275853724593,4.309397035885524,0.38997484491879464,0.1591374608341984,15.930369233605798,2.9546313069566548,1.6448717268332205,6.101281183320377,12469.966477712787,0.059251849440564046,21.258179521566795,53194.89385005013,1.9419422845622882,63.515630271266815,107.06238804126258,7316.001221152064,1.6558093960896811,0.019403969181779803,0.05877833327820035,3.020258023002643,0.002102744390724258,31283.74194766245,0.2179632798994813,2.355245566059151,61.80924637561997,3.0663285492347714,201.15585407629553,0.05402537989441232,0.020908799093084622,3.7546741736857423,78523.41000711823,0.5413720038858784,0.6821901495682839,0.8623650994429928,0.7614269650585691,45.907450675353275,0.016958154151506203,1687.4089620484683,0.1543126622815243,5.943567470330667,47.09693644261546,481443.8310928212,33185815.409327846,7140.05366711945,0.04154027374331706,3356.0046639231823,0.3069048618128196,0.5707700564409222,27.585985286488633,0.02551489252448716,5.3943235107159735,0.05195835728913745,481073.41557184246,225.1979666379972,3.3085114221886844e-05,50.70554818164246,0.022769564097257926,0.002309563873682491,case_00222
3.1.1.dev111+g8ed579383,2.0.2,2.5.3,1.8.0,3.12.12,"{'minimumROIDimensions': 2, 'minimumROISize': None, 'normalize': False, 'normalizeScale': 1, 'removeOutliers': None, 'resampledPixelSpacing': None, 'interpolator': 'sitkBSpline', 'preCrop': False, 'padDistance': 5, 'distances': [1], 'force2D': False, 'force2Ddimension': 0, 'resegmentRange': None, 'label': 1, 'additionalInfo': True}",{'Original': {}},57122b0e881d9cbf67802d93fc59ff2ac6b26068,3D,"(5.0, 0.755859375, 0.755859375)","(141, 512, 512)",-557.0555862534976,-1024.0,3071.0,f486bde0363e2d68603c8f1e25ecaf58a2657054,"(5.0, 0.755859375, 0.755859375)","(141, 512, 512)","(62, 242, 96, 29, 157, 334)",126562,123,"(np.float64(77.21348430018489), np.float64(316.4380303724657), np.float64(233.38046965123812))","(176.40281592779132, 239.1826518635629, -386.0674215009244)",0.3374803706084656,0.2018823027871272,69.18048449506128,342.67731019498007,249.1297163605399,253.33921172783943,156.31916457484957,257.27673203917,353221.4029741287,115.646865643714,0.25928652277422426,93197.05487365916,0.26384883274042503,361539.15744781494,-3.0,105.0,728690641.0,2.525763785821247,50.0,3.0557619601347947,246.0,32.27202483318303,64.27814825935114,76.0,-88.0,334.0,22.37055413259095,75.87870866036243,-0.9555336059472013,2081590053.7858772,0.21110430098578667,1625.8980843130328,55.44158866293046,155.0222773883018,-16.90846501765217,6.276606973999658,2.0962511814705627,0.48505383421330234,0.9722103722312098,1.8174406524038542,1.09881034454551,0.643894825290631,0.6155655770556628,0.98984051236486,0.9394564114415693,-0.11633887520366581,0.5597935776585828,0.45549410750492064,7.374932710106634,0.0768627862799479,4.4300746953900365,0.5652770955024091,0.18374130037235992,14.74986542021327,3.153918520948152,2.093214538867555,6.433170906807129,6755.070700526225,0.05337360898631678,29.12228861008825,26717.782541363125,2.685737032600633,52.99041576460549,118.68259035097422,7364.411284587791,2.0981906468026916,0.026134091291305818,0.06590884877472573,2.3213703197191013,0.003389459122938252,15139.49848652111,0.1769528633089645,3.0992470293010226,49.56739556915784,3.435885706174026,196.76490388186176,0.07557513338367502,0.029494875861046287,3.9388600550321624,47603.624947816934,0.5464635585922077,0.6744757510153125,1.0996178985187655,0.7634153482805399,35.687577772429094,0.024661603424181888,1239.2380829015544,0.16052306773336197,4.011192766919917,30.607124352331606,191277.5805699482,12027793.177849742,3136.7816318723335,0.05875618584551276,2036.3145077720208,0.26377130929689385,0.5257011883560216,16.477681061164326,0.033929556555267595,5.577483495029417,0.060997771843049255,191008.81597485836,107.61563709516594,6.435260654059597e-05,69.31354481934878,0.02218541723730649,0.005621883883633244,case_00221
3.1.1.dev111+g8ed579383,2.0.2,2.5.3,1.8.0,3.12.12,"{'minimumROIDimensions': 2, 'minimumROISize': None, 'normalize': False, 'normalizeScale': 1, 'removeOutliers': None, 'resampledPixelSpacing': None, 'interpolator': 'sitkBSpline', 'preCrop': False, 'padDistance': 5, 'distances': [1], 'force2D': False, 'force2Ddimension': 0, 'resegmentRange': None, 'label': 1, 'additionalInfo': True}",{'Original': {}},04f7a9813df4d0e31b5d925fec36dec2b210cfaf,3D,"(3.0, 0.78125, 0.78125)","(174, 512, 512)",-413.0334571531449,-1024.0,1465.0,65725eeddd8747706913c9700c066e22f1e5dd7f,"(3.0, 0.78125, 0.78125)","(174, 512, 512)","(38, 242, 113, 40, 122, 286)",223373,18,"(np.float64(56.94449194844498), np.float64(305.3804354152024), np.float64(249.79565122015643))","(195.1528525157472, 238.57846516812685, -170.83347584533493)",0.35916079178039556,0.17397055849661563,54.02577358627782,310.54549719876206,225.86127690741944,221.49229758757977,131.53950214669356,225.94773489957805,409275.4364013672,111.535766657744,0.38062428523380687,70037.62601791859,0.17112589661802785,409008.1787109375,22.0,176.0,3900715975.0,3.022129271459384,63.0,3.871540191653019,275.0,45.66531699349892,118.1157839130065,136.0,-150.0,425.0,29.33997156090336,132.1468532550497,-1.187313639219381,7142424270.629883,0.15957107464858666,3511.4524158275976,135.08854038038027,926.070843087477,-70.49694038887638,14.433575893396805,4.371235929032855,0.5298960490708265,1.4660613886588307,2.254478935655426,2.1680140908853445,0.5453924192712303,0.49671072393585436,0.9873610645069341,0.9295611619797308,-0.09007863312251543,0.5941616668611117,0.4479817921040197,11.513817744292352,0.039822648795800886,5.526769441114398,0.5551059720075875,0.08908853704017987,23.0276354885847,3.6826877486667935,4.701202955607415,6.472330307738267,16288.176713389712,0.0729191832199492,14.890399957718396,35643.86965747875,5.697879307805544,132.12229320463976,64.93848853711057,9669.692787400447,0.47705556243478037,0.010237456401595763,0.0965901515223569,9.287530292498886,0.0018584783268408376,23896.693346199205,0.13960949784559398,6.39207516279935,128.09852012485993,2.187779061783959,301.74758533956935,0.020127018217297957,0.010973605878248017,4.1213291100577845,109746.68316046684,0.6384872490540623,0.7663666395876644,0.4702918782187212,0.825891319139044,103.05052442622751,0.009573738264617219,2019.1318283983192,0.09865786320718847,10.460192457592868,85.20756376429199,165290.81476595328,25440415.277289163,1089.69264057478,0.02176263032743472,6880.949868073879,0.336213713870511,0.5990836861394032,50.591793738102375,0.01423960646458066,5.800913697101633,0.0916225327143388,165171.6918229302,96.70848554409062,3.613008290218272e-05,153.68420107789663,0.03949342482308819,0.0054187181643689545,case_00220
3.1.1.dev111+g8ed579383,2.0.2,2.5.3,1.8.0,3.12.12,"{'minimumROIDimensions': 2, 'minimumROISize': None, 'normalize': False, 'normalizeScale': 1, 'removeOutliers': None, 'resampledPixelSpacing': None, 'interpolator': 'sitkBSpline', 'preCrop': False, 'padDistance': 5, 'distances': [1], 'force2D': False, 'force2Ddimension': 0, 'resegmentRange': None, 'label': 1, 'additionalInfo': True}",{'Original': {}},6892dfae73319423319b0184930ab9383d7f0d38,3D,"(3.0, 0.85546875, 0.85546875)","(167, 512, 512)",-441.9557688136301,-1024.0,2172.0,e949be18c410fbeaf862611e2fc8e444f945504d,"(3.0, 0.85546875, 0.85546875)","(167, 512, 512)","(44, 201, 95, 47, 129, 297)",134095,224,"(np.float64(60.554614266005444), np.float64(295.8402028412693), np.float64(285.93234647078566))","(244.60618701992993, 253.08204852436708, -181.66384279801633)",0.29590755486208936,0.19294460286214307,55.82930506212191,289.3540645032262,235.41495168775796,230.18309893040177,136.85961677119656,269.31166989793235,292156.68625831604,85.62205371655695,0.4070896141167649,52304.371580169325,0.17902849409348584,294402.9370880127,11.0,114.0,927751231.0,2.5651748538674126,46.0,3.8591347300335,177.0,30.88156083265283,72.932301726388,83.0,-99.0,276.0,20.35714486138678,83.17819223434098,-1.0821719741836697,2036859594.2683868,0.20954082893680595,1599.4910282640822,59.40595984519885,180.23544023027884,-18.403462519224682,6.481701828723446,2.0560982432140187,0.5133430852232899,0.9974315904560892,1.833597087899442,1.048445488285038,0.626144728998912,0.5965736338308252,0.986644106534306,0.9285256780065977,-0.10104748001683478,0.5990035686717522,0.4848424857698733,7.635266308900981,0.06652105116261779,4.617891304989259,0.539597946089136,0.14016258740025567,15.270532617801962,3.2124696042547094,2.1344500179843653,6.363639427109365,7842.4797867183715,0.058484505661794785,22.219742428191292,28098.377456280996,2.643290269216477,57.979492151086916,105.30664827174765,6762.362280472799,1.8060037561139748,0.02413183684397432,0.07028043648845647,2.9739650526278654,0.00392429100716672,16767.064099498682,0.18180538115026953,3.1153424558939946,55.74964846678286,2.9525167456748522,179.43159495760182,0.061638145552332185,0.026820459047189795,3.952770114702638,50946.19523741022,0.550236190646931,0.6878768496502194,0.8211552341550827,0.7693931060999392,41.4094515522692,0.022473617392221375,1194.2496843071979,0.13709673795284097,6.392756966481997,38.73412926185283,214688.8950751923,14207080.297325222,3356.7190103989346,0.06365650866095085,2999.850419010447,0.3443749763529384,0.6087160609728588,23.431827215498473,0.04420348457032991,5.354183002123814,0.06496140795704537,214451.92738150305,137.2700951940725,6.062794624448649e-05,47.590750666539385,0.03033764840666563,0.003648406431204901,case_00219
3.1.1.dev111+g8ed579383,2.0.2,2.5.3,1.8.0,3.12.12,"{'minimumROIDimensions': 2, 'minimumROISize': None, 'normalize': False, 'normalizeScale': 1, 'removeOutliers': None, 'resampledPixelSpacing': None, 'interpolator': 'sitkBSpline', 'preCrop': False, 'padDistance': 5, 'distances': [1], 'force2D': False, 'force2Ddimension': 0, 'resegmentRange': None, 'label': 1, 'additionalInfo': True}",{'Original': {}},fd1154d7ae77595fb05a4d31ab169dc62f75dffe,3D,"(3.0, 0.859375, 0.859375)","(164, 512, 512)",-488.98979870865986,-1024.0,1392.0,dce7c4c55934001f5351e7818f49ad58ec5db299,"(3.0, 0.859375, 0.859375)","(164, 512, 512)","(45, 243, 119, 42, 122, 247)",206847,26,"(np.float64(66.21673990920826), np.float64(308.57200732908865), np.float64(237.97755345738636))","(204.5119600024414, 265.17906879843554, -198.65021972762477)",0.3969965176344355,0.17310941639763408,51.890296101400146,299.75432406407987,214.37512812040632,211.91044423754371,127.08074450915056,219.1575383401815,457873.8334655762,119.00142279930377,0.4568885327770606,62878.824858365566,0.13732784069018636,458285.2844238281,23.0,173.0,3327871893.0,3.060408048659533,65.0,3.6963194840015623,258.0,44.09078549374657,113.25159659071682,126.0,-115.0,373.0,28.951225814734844,126.84071649664807,-1.0362382225359457,7373153669.18335,0.14780810684178392,3262.6432310365913,107.78646836308961,801.5928250134662,-55.73655542469473,14.022747915167356,4.041028889976557,0.5489036544008207,1.4046460460586494,2.2048962798865777,2.0228398054519934,0.5539369448601924,0.5073734749602974,0.9854075531681896,0.9248753408912023,-0.1033203230466844,0.6438101020909616,0.45517363889353685,10.261023075964177,0.03335940392834371,5.618666321986372,0.5661720570753737,0.07408204330550858,20.522046151928357,3.7765829618218523,4.515944201285981,6.703282545377967,14924.114833669331,0.07215050174123545,14.814782848419634,30573.66347590248,5.304768296672659,106.31160712990761,68.72275159900796,8028.416505919835,0.6781570243685591,0.013649506398358604,0.08943552088955246,7.12445618027406,0.0024994636102699938,21123.695300537413,0.13507019654684957,5.896346223043005,103.58944192597612,2.2572879055785844,248.495684921091,0.02762311458479102,0.014687467888004015,4.183866374145147,97776.66449991337,0.6228660106021704,0.7560690528971433,0.4936052339660813,0.8165695132391163,82.690886670798,0.01272573472598055,1636.5310671002069,0.09675028478274945,10.23494599460064,70.9191841560745,160263.90452261307,19514831.82092817,1366.794290895464,0.032114426849757995,6145.68767366243,0.3633276780172882,0.6248428668559481,44.28437484455887,0.02217146878943986,5.723910445459608,0.08177541854607512,160114.3655306527,111.27472258051444,4.253539394903659e-05,112.24641133500788,0.044824906327372155,0.004418085956578487,case_00218
3.1.1.dev111+g8ed579383,2.0.2,2.5.3,1.8.0,3.12.12,"{'minimumROIDimensions': 2, 'minimumROISize': None, 'normalize': False, 'normalizeScale': 1, 'removeOutliers': None, 'resampledPixelSpacing': None, 'interpolator': 'sitkBSpline', 'preCrop': False, 'padDistance': 5, 'distances': [1], 'force2D': False, 'force2Ddimension': 0, 'resegmentRange': None, 'label': 1, 'additionalInfo': True}",{'Original': {}},270f3c60de46d91af089accb827f299e423ff13c,3D,"(3.0, 0.79296875, 0.79296875)","(139, 512, 512)",-502.8319806160687,-1024.0,1706.0,13122c22e8190e8338f9f3261d08769c04dd8c75,"(3.0, 0.79296875, 0.79296875)","(139, 512, 512)","(24, 256, 111, 43, 145, 291)",208015,39,"(np.float64(45.4943778092926), np.float64(326.44985217412204), np.float64(274.30489147417256))","(217.51520691116028, 258.8645312161983, -136.48313342787782)",0.3506425881432374,0.16876946270442528,54.350676324694284,322.04093947897104,222.82421875,231.80743045565455,132.54067058043034,245.31475519589378,392395.92298698425,112.92126850698608,0.38115082541407036,68004.38500966936,0.17330553409425986,392399.14558410645,12.0,158.0,2427825454.0,3.150565041368874,82.0,2.630181247789105,271.0,46.3944747258449,92.3390140134125,101.0,-122.0,393.0,34.20225548596664,108.03423564962463,-0.5014476938634285,4579845846.582916,0.1278184875850201,3144.902563429437,90.57864896325411,607.2946205298587,-27.948371747619607,15.028210478464107,3.838738985498229,0.5917869907894643,1.4114850628893927,2.186366952767997,1.7735627295380991,0.5471281051829694,0.4978743125985134,0.9859299991281708,0.9240353933067753,-0.12425660702655127,0.6920438109464219,0.4496575321678344,9.369101783584291,0.025528439147345657,5.806827750037749,0.6015512982182727,0.062106456949309226,18.738203567168586,3.927304565235109,4.716737365990584,6.827599790075751,16062.133860538903,0.07721622892838932,13.168675680954115,26588.162694997958,5.117525102115376,90.02478186669231,63.154863831935195,6134.64814075908,0.8030449853851065,0.0156687350619215,0.08217329346944743,5.932407549391464,0.002190893110670488,19530.33343299059,0.12244236560901131,5.399100015941128,88.35218236931472,2.1864042648753883,202.0549949678355,0.031966214019410064,0.01641826824106752,4.203411975592544,101676.91891940117,0.632935811939749,0.7665349577230932,0.4550841501069311,0.8216928385719159,71.43816302866709,0.014017515854679549,1517.4365523835543,0.1036358798240373,8.832245086067346,65.55962300232208,137963.30398852617,14669825.30535446,1397.1229320685466,0.031247504981624062,4950.497473022811,0.3381025456237407,0.6008158463861106,38.37749966567573,0.020431178692078233,5.760154951276491,0.070389154628272,137761.4726960813,122.00538895445452,4.537074371346507e-05,108.74964255715742,0.04214163598509244,0.004184277692044258,case_00217
3.1.1.dev111+g8ed579383,2.0.2,2.5.3,1.8.0,3.12.12,"{'minimumROIDimensions': 2, 'minimumROISize': None, 'normalize': False, 'normalizeScale': 1, 'removeOutliers': None, 'resampledPixelSpacing': None, 'interpolator': 'sitkBSpline', 'preCrop': False, 'padDistance': 5, 'distances': [1], 'force2D': False, 'force2Ddimension': 0, 'resegmentRange': None, 'label': 1, 'additionalInfo': True}",{'Original': {}},4ec9033229c39c4ea3384d96c7586fc209f28200,3D,"(0.5, 0.82421875, 0.82421875)","(743, 512, 512)",-525.3235340349446,-1024.0,1565.0,b182de599f7e78ae14f4ce48ed1c46fea54643e7,"(0.5, 0.82421875, 0.82421875)","(743, 512, 512)","(82, 249, 114, 261, 112, 275)",1355138,162,"(np.float64(196.33108436188786), np.float64(308.36005336725856), np.float64(250.58917837150165))","(206.5402993608861, 254.15613773629514, -98.16554218094393)",0.38564699638693617,0.18529307907807907,57.742668213375886,311.6288449664339,225.10558317116238,224.73378840313356,133.39794730189948,229.3640826295885,460970.8909670512,120.17872804883541,0.3303606909840866,87353.0539960075,0.18949798286124583,460297.38539123535,5.0,192.0,23610533703.0,3.46182193546895,118.0,2.4648624940852564,477.0,62.445525174381984,109.7496159062767,127.0,-160.0,637.0,48.12832041555069,131.99611235646142,-0.4020126596025219,8019749229.364494,0.10561012965753262,5377.995485644322,152.0015118003507,2020.2741537487937,-62.754376121721876,29.01368345171158,3.531244943337391,0.7826283628996347,1.268098889383844,2.102934276029422,1.87819041113931,0.582743493787835,0.5426716336005648,0.9953110971488297,0.9572404683752596,-0.22490194259012744,0.8752057923553992,0.46068595668335866,12.067744533177704,0.024198293404584535,6.060802004888608,0.8106942726968719,0.0665894102256148,24.1354890663554,4.297701706173159,8.13623209876224,7.369229209562193,88047.31890036291,0.06497295397248318,18.464376580954326,143116.29988384945,8.6863526111946,150.5321221897696,88.34309863644883,14087.103184325138,0.7024418934235458,0.0091628600455042,0.062065728392442406,7.621730511428272,0.0008860388830034785,96015.1123770249,0.09878604620030287,9.102071857769284,147.71164913890937,2.6679555035818234,411.6038902885452,0.023056503153423186,0.009567274307924216,4.703844359767061,565854.5450964571,0.5782816245473508,0.7169481007724788,0.6826693973180264,0.7874500670263942,114.38134602010398,0.007813134986380095,5541.756406263273,0.07845734924063869,14.356203655979293,113.66397202480393,1013778.6430897302,183204130.94287455,6279.383522743643,0.016645352858057676,20336.914998442677,0.2879196279191703,0.5501593173370675,59.70361950019304,0.009793433111770406,6.464062083722348,0.05212310480556224,1013410.5654415722,212.62402722541327,1.0202321434872607e-05,286.910220714412,0.020295231252943507,0.003582126346601967,case_00216
3.1.1.dev111+g8ed579383,2.0.2,2.5.3,1.8.0,3.12.12,"{'minimumROIDimensions': 2, 'minimumROISize': None, 'normalize': False, 'normalizeScale': 1, 'removeOutliers': None, 'resampledPixelSpacing': None, 'interpolator': 'sitkBSpline', 'preCrop': False, 'padDistance': 5, 'distances': [1], 'force2D': False, 'force2Ddimension': 0, 'resegmentRange': None, 'label': 1, 'additionalInfo': True}",{'Original': {}},e37e812182c78fbbf39bf29100e1f18f051d7bd9,3D,"(3.75, 0.9375, 0.9375)","(82, 512, 512)",-784.6871043414604,-2048.0,3071.0,7464d7645659db451bd032e895cbc49cbc23f700,"(3.75, 0.9375, 0.9375)","(82, 512, 512)","(35, 250, 132, 31, 77, 249)",91675,22,"(np.float64(48.68812653395146), np.float64(288.03873466048543), np.float64(264.8793455140442))","(248.32438641941644, 270.0363137442051, -182.58047450231797)",0.3221654998999976,0.1671289154805129,50.75287244654441,303.67499424396226,232.21441634026513,228.8306722502471,107.44911586420803,236.11975576495075,301892.2119140625,97.833606327735,0.3894592554851464,55880.0391200137,0.18509930668870872,302151.4892578125,-3.0,94.0,371077385.0,2.5319283886549417,47.5,2.894035136355081,173.0,29.054041589545363,52.26490319061904,58.0,-80.0,253.0,20.488948822591897,63.62192193022344,-0.6283024578018268,1223033373.413086,0.20194121165126003,1316.1288445706664,46.882881684252524,96.12164791874339,-7.767637665301407,5.484065300278693,2.07037663446102,0.4486015341204594,1.0180039620985455,1.8375552643988207,0.9966439730189458,0.6210363219606445,0.5889161350222375,0.9840087781785163,0.9213267160483585,-0.09352015852055404,0.5403047570984664,0.4745387841262966,6.784389800890766,0.05967737199342276,4.638410512027029,0.4578694624110461,0.11429420248793389,13.56877960178153,3.2060002737943196,1.888610483684928,6.381582460481732,5474.772369784565,0.05971936045579018,21.847100368152066,18512.96057812926,2.190964211394918,45.894060539950914,100.95490591764386,5149.633793291519,2.204680900289034,0.02874965893410058,0.05855758233777261,1.9942085085784043,0.003174818093167708,11628.659027119535,0.18196262011353412,2.4960238634403007,44.16496271391436,2.958759612678219,142.3330542520486,0.07589091001859814,0.03121878684735008,3.8563691735602816,36076.35097839576,0.5577676260423972,0.6963747351639362,0.8198217777796907,0.7723877843357817,32.958588862056985,0.02577432653584668,771.9952649379933,0.1740688308766614,4.963197889088158,30.822773393461105,165732.08906426156,8533976.419391206,3382.306444955279,0.06467866991832447,1217.3355129650508,0.27448376842503963,0.5395360304246953,16.199535583290672,0.03883851156671481,5.484521339355534,0.048377420234524134,165304.8070729782,119.1337430101648,9.188433571788168e-05,39.14803637279725,0.029976221521983953,0.004006804445943739,case_00215
3.1.1.dev111+g8ed579383,2.0.2,2.5.3,1.8.0,3.12.12,"{'minimumROIDimensions': 2, 'minimumROISize': None, 'normalize': False, 'normalizeScale': 1, 'removeOutliers': None, 'resampledPixelSpacing': None, 'interpolator': 'sitkBSpline', 'preCrop': False, 'padDistance': 5, 'distances': [1], 'force2D': False, 'force2Ddimension': 0, 'resegmentRange': None, 'label': 1, 'additionalInfo': True}",{'Original': {}},37e118a2a29a490a8f91f1d8b9e5aea74c8d32c9,3D,"(1.0, 0.953125, 0.953125)","(505, 512, 512)",-550.8740960376098,-1024.0,3071.0,7284be9fc13c86dfa40243ab09eb2b38f451d5a6,"(1.0, 0.953125, 0.953125)","(505, 512, 512)","(123, 260, 144, 126, 90, 260)",496188,3,"(np.float64(183.2875482679952), np.float64(306.17799704950545), np.float64(276.0882205938072))","(263.1465852534725, 291.82590343780987, -183.2875482679952)",0.32757270164098395,0.1487486431949166,53.40355782366032,359.0187895272537,248.15324933647352,247.85831908146764,133.83351656535817,248.99512498365306,450762.2973225911,117.6047548253183,0.4520949582698299,62885.837585910784,0.13950997667603532,450760.6318359375,26.0,155.0,6672244555.0,2.999190753122964,56.0,11.54641474749831,858.0,40.157416780154236,101.21894322313317,110.0,-188.0,1046.0,24.666238343506265,115.96123967703642,0.1414326859210471,6061382321.571045,0.16180502045423356,3201.7346402272287,164.77743222612395,3444.431100144058,31.484917969692216,14.608684471049118,3.747382826991244,0.5908962979897879,1.3566898930785527,2.151724595284373,1.873030110012779,0.5557832153505492,0.5091405554441055,0.9980064932079649,0.9702934123984543,-0.10543745741774999,0.6539460444094052,0.46078736961590305,12.730346516589982,0.03753044290316376,5.522727256877385,0.7411627458993826,0.07952177977011866,25.460693033179968,3.713266395788653,4.589016824510091,6.569942291767593,36595.0650761405,0.07375241859162353,14.109838275067187,80285.70948914524,5.20392469702454,163.17325086459164,69.50954880005159,11984.695323143647,0.4275142356628302,0.007270906356605667,0.07233139187212931,10.542865514320805,0.0007763718096774031,54495.86290313617,0.14594389421935494,5.992512951434232,160.8565179387517,2.3027065716999218,383.3433809913505,0.0157835513987408,0.007567648189606494,4.157382817449746,231932.70517659732,0.618894210680246,0.7521885315181405,0.5169533195993576,0.8140583718715206,129.3762720950952,0.00636332418742067,2640.815222817586,0.08788948057435304,18.219810543008034,142.02329683495856,586979.617798782,102649061.95643492,3420.751849398223,0.012169765004956182,9080.300096515459,0.3022032181753739,0.5656865658102007,80.29564950945365,0.007274814634661847,6.315104473112525,0.06055567647746419,586706.9145700734,62.21802468343709,1.7590587385021935e-05,962.9544726926582,0.005612390485221379,0.04253609909179311,case_00214
3.1.1.dev111+g8ed579383,2.0.2,2.5.3,1.8.0,3.12.12,"{'minimumROIDimensions': 2, 'minimumROISize': None, 'normalize': False, 'normalizeScale': 1, 'removeOutliers': None, 'resampledPixelSpacing': None, 'interpolator': 'sitkBSpline', 'preCrop': False, 'padDistance': 5, 'distances': [1], 'force2D': False, 'force2Ddimension': 0, 'resegmentRange': None, 'label': 1, 'additionalInfo': True}",{'Original': {}},1dc55cafdd13ed01c60ba0f5450622da1352393e,3D,"(1.0, 0.7734375, 0.7734375)","(636, 512, 512)",-617.7944392498184,-1024.0,3071.0,8d506cefd86a77340134fca6796c7ed684ffcd0c,"(1.0, 0.7734375, 0.7734375)","(636, 512, 512)","(261, 301, 110, 127, 119, 103)",481582,5,"(np.float64(320.2812023705205), np.float64(361.4790897500322), np.float64(160.13950895174654))","(123.85790145486646, 279.5814834785405, -320.2812023705205)",0.5365974525023443,0.37019139978649857,47.5784810586624,128.52400430183536,115.84279977734441,77.34761709082515,135.45600159882406,141.15245698634243,288125.58643341064,68.96565329376519,0.6387267933831586,33028.603230120134,0.11463266292649595,288085.0330810547,70.0,217.0,13191968860.0,3.1264404638775853,85.0,3.8272876389581567,296.0,48.96905708181549,153.9318496123194,172.0,-124.0,420.0,34.64321676044659,165.50826487768703,-1.0394423146633986,7891509203.909912,0.14212953985339996,3697.9714177528967,143.257192363527,1381.3269944607669,-85.48648653731519,19.50338182015697,2.3562885606309716,0.784102352573609,1.0615837411962168,1.896015151500497,1.2072902007307307,0.6132180099177881,0.5804039711856578,0.99221537959628,0.9444562449805054,-0.2251215015998702,0.8574502468843203,0.48026487789052924,11.788559102562205,0.03862409864897271,5.45151575355494,0.8116860959887698,0.10097531107952996,23.577118205124414,3.9411806796539954,5.464917595196983,7.062190773597187,29379.555693526752,0.061006340962757644,20.225334351993276,68447.02806168004,5.994914880966269,142.33419853732076,104.9020021512432,16160.240432574306,0.7882731424323123,0.009619490479161625,0.05176225717592405,5.750053722496382,0.0010066995792542644,42115.87031942386,0.1276856057562979,6.650112140276851,138.36808602805678,3.0024771591293984,443.9463924803095,0.025884431425262703,0.010406899926446982,4.514393540193636,179837.23242370953,0.5426138496906188,0.6845387461772625,0.8384825520754995,0.7637448623205484,103.19162460877563,0.008472476237441243,1693.528087629384,0.08509336185455653,13.336228115191833,100.4163903125314,1466138.845442669,239424611.01798815,9480.882179070411,0.02388072031793603,6147.940006029545,0.30891066254796223,0.57281159483862,55.391457457459865,0.015263449139993003,6.205349281658247,0.04132629541801811,1465553.3182781541,151.19688895220477,2.5186650064153385e-05,95.1841043567918,0.03138104362460786,0.003685027163352714,case_00213
3.1.1.dev111+g8ed579383,2.0.2,2.5.3,1.8.0,3.12.12,"{'minimumROIDimensions': 2, 'minimumROISize': None, 'normalize': False, 'normalizeScale': 1, 'removeOutliers': None, 'resampledPixelSpacing': None, 'interpolator': 'sitkBSpline', 'preCrop': False, 'padDistance': 5, 'distances': [1], 'force2D': False, 'force2Ddimension': 0, 'resegmentRange': None, 'label': 1, 'additionalInfo': True}",{'Original': {}},b5c317a5161521a0b30c621fa96291246a1a4741,3D,"(3.0, 0.7421875, 0.7421875)","(87, 512, 512)",-452.174766847457,-1024.0,1384.0,d952739f9dc9dc12af8dab9d68bcbecea35074fe,"(3.0, 0.7421875, 0.7421875)","(87, 512, 512)","(33, 292, 124, 46, 94, 276)",252267,3,"(np.float64(54.11511216290676), np.float64(342.65883369604427), np.float64(260.05487836300426))","(193.00948003504223, 254.31710313378287, -162.34533648872028)",0.40461560892048226,0.20376834091926685,57.99620000178525,284.6183059652205,204.12360915617137,204.40495915975612,134.65604331035425,205.61352269569244,417151.4165878296,115.16100917803381,0.4099442940038843,65860.00516562576,0.15788033444627939,416877.99224853516,22.0,154.0,3085958673.0,2.979487347122558,75.0,2.97145596031762,239.0,43.1833392465231,97.34086899990882,111.0,-111.0,350.0,31.145327731711014,110.6024714646916,-0.7745387889628693,5099629581.999207,0.15028415365023567,2757.6619164405092,94.5108631946135,443.4487805987343,-29.018265759195973,12.190266283230443,3.4152956650552273,0.5600347316010844,1.2563247894504443,2.0970682302132344,1.765388963194483,0.5889912951054538,0.5491030158108207,0.9859313840016787,0.928440029586829,-0.13361552081457584,0.6866671807823652,0.44769461613569733,9.608109474433544,0.03884700352387059,5.390945446613232,0.592907231959683,0.11017081900247204,19.216218948867084,3.7219755470473674,3.9013904870714176,6.853440253953331,15211.033163275419,0.06029735622683672,22.138685857061144,37911.732588884,4.496744884541618,93.11293589728344,94.92579290989309,9948.884487467643,1.0323584072026972,0.014481470535475157,0.07057700566385643,4.5832475729955915,0.0019307544273852793,24308.832434833414,0.13548486182815975,4.95981288007685,89.37589541607288,2.8160223868445353,276.5344043498535,0.03623559146064625,0.01572217294166058,4.24999407625998,104700.1584623092,0.5774169689108191,0.7103255372589056,0.7685467735161507,0.7859840148133261,67.81783242105413,0.013186837972964695,1830.154129931845,0.11443469830124713,7.072604112357682,56.52798099168386,231663.783967986,26148890.631213658,2127.464039603082,0.031845407506408546,4620.062965047208,0.2888803204556499,0.5517722126300749,30.08340760583776,0.019180405107630374,5.878179839375639,0.06339711496152886,231414.97787555552,145.24603289342596,3.767749915777141e-05,87.37464725243595,0.038166627885261595,0.0033575801712441866,case_00212
3.1.1.dev111+g8ed579383,2.0.2,2.5.3,1.8.0,3.12.12,"{'minimumROIDimensions': 2, 'minimumROISize': None, 'normalize': False, 'normalizeScale': 1, 'removeOutliers': None, 'resampledPixelSpacing': None, 'interpolator': 'sitkBSpline', 'preCrop': False, 'padDistance': 5, 'distances': [1], 'force2D': False, 'force2Ddimension': 0, 'resegmentRange': None, 'label': 1, 'additionalInfo': True}",{'Original': {}},4f2fbb65587ca8a3dbb402db5b4ac653742a2fb9,3D,"(3.0, 0.861328125, 0.861328125)","(95, 512, 512)",-444.81859355725743,-1024.0,1388.0,f68035bed3519953190fea9fc06ee924b465fbd7,"(3.0, 0.861328125, 0.861328125)","(95, 512, 512)","(10, 188, 80, 52, 164, 292)",171765,217,"(np.float64(29.57098361132943), np.float64(307.7520915203912), np.float64(245.08141355922336))","(211.09551441331544, 265.07553195408696, -88.71295083398829)",0.3639213426904522,0.2354273012482886,74.59993658959596,316.8703722722483,241.6378970505571,253.21435495606613,162.01617350905317,267.64290631330994,376210.09010124207,115.31589133614003,0.25971261493162423,97038.64099926758,0.257937369444699,382290.2179527283,4.0,201.0,2756876736.0,3.5827150796498075,121.0,2.1752045112357368,381.0,63.46778562871023,102.20997292812855,102.0,-138.0,519.0,48.900470359955754,126.68970866263562,-0.049330958226651,6135865911.415283,0.09081771334297005,5603.403715054722,126.85808030930865,1621.655897965615,-12.518937909040599,27.42751512556544,5.829887921672876,0.647960626862059,1.733004658725022,2.440464775979618,2.760697868929508,0.5022864151862467,0.44238646892480676,0.9886374313332426,0.931181037503599,-0.13693390741169778,0.7678632446360317,0.4191205218195151,11.020149101506133,0.014306918061589449,6.571774416294777,0.6827316025464635,0.029644368405041484,22.040298203012266,4.36794766959792,8.314350761809576,7.04845567456549,15536.071405699648,0.09044957590719674,10.159456170119846,15599.304532355252,9.048177835471828,121.61500887840945,43.704974820248594,5858.353354874393,0.42231927158166027,0.01224102227737877,0.12319438413043242,12.079970738365246,0.0024049044747915917,12472.150058380277,0.08900783900069523,9.34507940976063,119.42454112519499,1.8248094118416278,227.9912897695052,0.02098680207331263,0.012732557278896144,4.437686141562912,98325.54505024811,0.6995218725733049,0.8156981027298031,0.3116810468711631,0.8615402724136948,101.33913018048663,0.011319973650003071,1739.8711862680182,0.08861973138430286,12.442286999912458,89.31462333825702,50657.09799826822,7612123.582539601,395.4144841231685,0.021912432395037398,7319.8513217541895,0.3728340712959909,0.6332821808417484,56.23836575731402,0.014885684191369623,5.874909209763873,0.11430151660699212,50580.55666651911,59.389882771209045,6.22122148717325e-05,253.20390447860845,0.046292750212746064,0.010857040083136598,case_00211
3.1.1.dev111+g8ed579383,2.0.2,2.5.3,1.8.0,3.12.12,"{'minimumROIDimensions': 2, 'minimumROISize': None, 'normalize': False, 'normalizeScale': 1, 'removeOutliers': None, 'resampledPixelSpacing': None, 'interpolator': 'sitkBSpline', 'preCrop': False, 'padDistance': 5, 'distances': [1], 'force2D': False, 'force2Ddimension': 0, 'resegmentRange': None, 'label': 1, 'additionalInfo': True}",{'Original': {}},400af64cca6d681915ed692420ba47a67cf562f7,3D,"(5.0, 0.8671875, 0.8671875)","(42, 512, 512)",-502.8763576689221,-1024.0,1333.0,334ffdeaba0d24884eaf4be50cdeedd1089daf75,"(5.0, 0.8671875, 0.8671875)","(42, 512, 512)","(8, 248, 94, 26, 120, 290)",112285,60,"(np.float64(20.679075566638463), np.float64(315.64121654717906), np.float64(256.4161820367814))","(222.36090786002134, 273.7201174745068, -103.39537783319231)",0.3481954055356035,0.15260853983282385,55.44077429777268,363.28749595865133,249.61440294720856,253.86534526278027,139.3409608885616,260.0167860041083,416718.3066558838,126.49503698133654,0.3173964351561294,85004.8684501983,0.20398640302690932,422199.54986572266,10.0,121.0,811823870.0,2.744078121858254,61.0,2.9745651112701093,237.0,35.30112720671762,73.17951640913746,82.0,-112.0,349.0,25.431646728852343,85.02958054476169,-0.7037332590652626,3052515228.9642334,0.17533191868431902,1874.7879457428953,76.300846366149,188.0679097674538,-13.737831102926256,7.58664887814278,2.8313243296013724,0.4506222700685678,1.145607215482032,1.982737098451443,1.4356306817387876,0.6079660471048942,0.5718349627596188,0.9881634741103564,0.9339455312905793,-0.11275063543203787,0.5793494613235924,0.4509559963055209,8.666564172425122,0.05037890265157874,4.958160923566792,0.47903352688418804,0.1249979390881866,17.333128344850252,3.410059006026143,2.604493301936038,6.6760246980922755,6552.025604488578,0.05835174426226636,24.16720425218234,19687.144489468763,3.084178752393815,74.42915794629737,99.1561562096451,8293.099452286591,1.3084957863196216,0.017008301421655124,0.0762452606456016,4.106479825491366,0.0022294208409659247,12507.734588025063,0.1575344954034429,3.452536736896663,71.44147792393414,2.9886070144628296,234.6746566777024,0.045573693636272096,0.018345102923197673,4.034484387225174,46386.705423870975,0.5742362736649758,0.705399378641575,0.8626565402060358,0.782294009521648,54.00832122436702,0.01521757608324013,1138.1607208532548,0.1395317789448639,4.923334687323974,48.25352458011524,112855.76376118671,9947176.215765601,1323.5008575191928,0.03258764303486176,2431.136324629153,0.29804294772945356,0.5603962537357112,26.29231510973651,0.019750318383399308,5.533626772281324,0.07264550028944204,112666.27539027401,78.45535793239557,7.25736869726253e-05,89.00607091175206,0.025780662395494133,0.006681838988003617,case_00210
3.1.1.dev111+g8ed579383,2.0.2,2.5.3,1.8.0,3.12.12,"{'minimumROIDimensions': 2, 'minimumROISize': None, 'normalize': False, 'normalizeScale': 1, 'removeOutliers': None, 'resampledPixelSpacing': None, 'interpolator': 'sitkBSpline', 'preCrop': False, 'padDistance': 5, 'distances': [1], 'force2D': False, 'force2Ddimension': 0, 'resegmentRange': None, 'label': 1, 'additionalInfo': True}",{'Original': {}},3be8f0d9775e46577e6ed92f607c8ae3d256e1dc,3D,"(5.0, 0.78125, 0.78125)","(102, 512, 512)",-368.3575762954413,-1024.0,1514.0,12f122fbb468cbf052e5fffee184295c1c14f8e6,"(5.0, 0.78125, 0.78125)","(102, 512, 512)","(23, 260, 117, 25, 108, 292)",152738,2,"(np.float64(33.57182888344747), np.float64(315.9524872657754), np.float64(263.73495790176645))","(206.04293586075505, 246.83788067638704, -167.85914441723736)",0.3454825565093058,0.18627029391702934,58.15232373619007,312.1932247666552,223.9142640750026,226.76445740156237,120.50927496073695,229.93614305457177,465934.4991048177,107.85731341726837,0.4605299069062825,63111.6495113548,0.13545176335431014,466119.384765625,36.0,175.0,2612944587.0,3.0041670049830116,67.0,3.828153246970285,260.0,43.32359162086397,118.50123086592727,133.0,-129.0,389.0,28.93097101098038,130.7951228430983,-1.08512471492517,7974074057.006836,0.1558325399386171,3064.8224428013796,133.0488825902706,622.6005383819835,-45.7952149159286,12.533315647649049,4.685708776864074,0.45161598556704424,1.5093144151152782,2.276824702614194,2.304786217903089,0.5415889696850051,0.4918932789776258,0.9850078775072408,0.9242036345953328,-0.08459050134251309,0.5417601571381936,0.44158518686524667,11.449235190419621,0.03562886601145832,5.579274016627017,0.4757770421056655,0.0865818505626814,22.898470380839246,3.688340066637088,4.3047561061282815,6.557852144581325,11338.556626379814,0.07423533519084848,14.555439341934443,23801.550485144497,4.984491903345414,131.775943118281,63.735809032460814,9322.749819953122,0.4744596737897577,0.009707866896247244,0.0966260516441671,9.751687245865803,0.0016271034169099217,16483.50185897643,0.14034942208155882,5.535693406542756,128.4539732777266,2.1935533068614084,299.80652661928167,0.01953353839719713,0.010273227836244915,4.082068982064744,75818.97860904077,0.6404867322161331,0.7687357032706585,0.4696905320072913,0.8259921810662306,103.8532999367102,0.008878094230398184,1347.754563304487,0.0980113855941013,9.943243545701817,91.33379390589775,108592.24085521053,16404588.586430078,734.1558923878428,0.019025618532650685,4903.637190022544,0.3566022245671256,0.6179795133114043,55.694308742751524,0.012591048493367028,5.683850655258856,0.09002998598907934,108468.86629007952,76.08737198521418,4.98714522005789e-05,147.81481705811976,0.04146946118501947,0.006707318183884412,case_00209
3.1.1.dev111+g8ed579383,2.0.2,2.5.3,1.8.0,3.12.12,"{'minimumROIDimensions': 2, 'minimumROISize': None, 'normalize': False, 'normalizeScale': 1, 'removeOutliers': None, 'resampledPixelSpacing': None, 'interpolator': 'sitkBSpline', 'preCrop': False, 'padDistance': 5, 'distances': [1], 'force2D': False, 'force2Ddimension': 0, 'resegmentRange': None, 'label': 1, 'additionalInfo': True}",{'Original': {}},18e0156c523d1082c18fdf958c9aea7c4fe38a18,3D,"(5.0, 0.884765625, 0.884765625)","(89, 512, 512)",-514.5671044681849,-1024.0,1580.0,b634cc248821e01d07c6234ba28d1c733ec47776,"(5.0, 0.884765625, 0.884765625)","(89, 512, 512)","(20, 275, 104, 25, 92, 265)",94762,16,"(np.float64(29.67866866465461), np.float64(319.72570228572636), np.float64(235.66424305101202))","(208.50762129318056, 282.88231081139463, -148.39334332327303)",0.303164760672356,0.17055644061747505,57.16917171942143,335.1921012917992,233.63163415624098,234.62976814835085,129.78718895370184,234.68303752369678,370546.1490011215,101.6184331673924,0.42549726659029546,58633.91404900318,0.1582364685399165,370903.30615997314,18.0,181.0,1503535937.0,3.237895893096763,80.0,3.084507325458122,262.0,48.735944654897,110.0568265760537,118.0,-112.0,374.0,34.10367410651179,125.96207242860389,-0.714832784709328,5884916421.81078,0.12304032509747735,3753.938614517296,105.96607176935426,711.8516846651138,-32.12835164647818,14.493715729041641,6.18050868018634,0.3973934336095076,1.7251181750147484,2.432906269632494,3.03146264127647,0.5183020276114052,0.4632693074120481,0.9783586826528148,0.9107445198881069,-0.09073307058571632,0.5679506494160401,0.41790076367241064,10.192358734172158,0.023850996978462543,5.980784251985967,0.4636049783985069,0.04948458215018573,20.384717468344306,3.9013458381931234,5.168556102306995,6.795816884932581,7427.283531373335,0.07837829015188931,13.864427127099974,11659.54728688715,6.091382126037704,104.5268778624343,55.970367868977014,6504.383339313227,0.5565252028111008,0.01430519247434567,0.11394498290174258,8.653354613374196,0.0031713257297850614,8677.763037474024,0.11596546941801741,6.629552700681389,101.84999980605077,2.069868031497537,224.4120660492335,0.0265115801202184,0.015341166365540863,4.211511767189178,50486.87409618156,0.6681688972823049,0.7888881132164303,0.421019711673099,0.8417900872936155,83.8753909639976,0.013638718332523234,1010.872688751926,0.09734906478735805,9.320753473030098,65.83830893682588,39811.02080123266,4764096.095146379,352.59429539530123,0.031689621010781835,3722.317218798151,0.3584666042756309,0.619415537602063,40.492518821059974,0.021308705801082763,5.692887684912734,0.10957978936704586,39727.741115546676,63.719447653415216,8.314496879982098e-05,142.48316275058605,0.06755888676365125,0.007449939610268379,case_00208
3.1.1.dev111+g8ed579383,2.0.2,2.5.3,1.8.0,3.12.12,"{'minimumROIDimensions': 2, 'minimumROISize': None, 'normalize': False, 'normalizeScale': 1, 'removeOutliers': None, 'resampledPixelSpacing': None, 'interpolator': 'sitkBSpline', 'preCrop': False, 'padDistance': 5, 'distances': [1], 'force2D': False, 'force2Ddimension': 0, 'resegmentRange': None, 'label': 1, 'additionalInfo': True}",{'Original': {}},8549bfeeadb13653ee468f7f2fcef6fdd064c5ec,3D,"(5.0, 0.75390625, 0.75390625)","(140, 512, 512)",-480.92504070826936,-1024.0,2507.0,7c5c637b0ec19efda47151fb315dc3e81fa6965d,"(5.0, 0.75390625, 0.75390625)","(140, 512, 512)","(54, 220, 102, 33, 123, 302)",164399,7,"(np.float64(69.83350871963941), np.float64(285.68941416918597), np.float64(246.6191825984343))","(185.92774313085084, 215.38303490098787, -349.1675435981971)",0.36000568812361655,0.16873674623456067,56.03494681710045,332.0850263356765,230.1810845406239,222.68966477610877,135.3348914809956,239.41915443297225,467076.8935616811,119.55249842152453,0.4112827175945068,70784.13339511202,0.15154706724057723,467201.10710144043,14.0,146.0,1807059472.0,2.9309372324522944,64.0,3.2190629904494528,235.0,40.18157408150024,91.88571706640552,104.0,-111.0,346.0,27.626555147659662,104.8423235030734,-0.856072426166278,5135433828.165283,0.15807382132455322,2548.927796715573,90.22715301572563,396.696896169824,-30.06954587058654,10.484334520129307,3.824200046296007,0.46056298417197455,1.3873184001994638,2.1718245398106846,1.8211379528121054,0.5550573568260838,0.5082258708886017,0.9842230286327506,0.9211815302043627,-0.08727697863856382,0.5474028416935094,0.4528718050879779,9.410563878759904,0.03738985331225673,5.4144320345304155,0.4747951670791372,0.08393980656641839,18.82112775751981,3.6036073968681746,3.577133641606329,6.5403123063029325,11879.80732851173,0.07226204130506712,15.15681644260074,25987.17815193523,4.163734869771278,88.72117835266639,67.54255804475696,6664.21661323974,0.7702722338503671,0.015185225970286872,0.0875794534745444,5.931366273779891,0.002383980123107339,17954.581973084227,0.14365941092635512,4.604209745269987,86.31116848741956,2.2618153522060536,208.37831832442905,0.03126469483543816,0.016169334846071002,4.031042594499542,79282.33149523493,0.6293386834895223,0.7600846346155017,0.49751694732099894,0.8192919854360221,69.06247613130367,0.013931290694314924,1511.4448970355284,0.11401108071475662,7.9771857268242,60.52628799879309,131800.34706192955,13497335.801991401,1330.1597845606316,0.03119911284157191,4205.528022931281,0.31723074775071897,0.5807779697999982,35.01283982459841,0.01975729092705144,5.686955922964028,0.08063917663732748,131646.5642384229,113.92552272740619,4.833605373423681e-05,101.88976156660684,0.041096580773336513,0.004271640612644065,case_00207
3.1.1.dev111+g8ed579383,2.0.2,2.5.3,1.8.0,3.12.12,"{'minimumROIDimensions': 2, 'minimumROISize': None, 'normalize': False, 'normalizeScale': 1, 'removeOutliers': None, 'resampledPixelSpacing': None, 'interpolator': 'sitkBSpline', 'preCrop': False, 'padDistance': 5, 'distances': [1], 'force2D': False, 'force2Ddimension': 0, 'resegmentRange': None, 'label': 1, 'additionalInfo': True}",{'Original': {}},1af8a5973442d8ad9ec304d1cbd2a4ffa008225a,3D,"(5.0, 0.970703125, 0.970703125)","(60, 512, 512)",-559.6480567932128,-1024.0,2529.0,45a6520fa3d14c48c5fe5bca4112bd2695568f8f,"(5.0, 0.970703125, 0.970703125)","(60, 512, 512)","(27, 215, 158, 22, 114, 226)",81782,10,"(np.float64(37.32948570590106), np.float64(286.15744295810816), np.float64(264.25221931476364))","(256.5104550770264, 277.77392412144485, -186.64742852950528)",0.32964257397440844,0.1757988176667727,54.681109742858794,311.0436717868435,220.28868447436489,220.1271333520679,118.38738865058181,220.7301764395064,385586.8275944392,102.53323658626618,0.4229287418377783,60575.691918513985,0.15710000338037375,385301.3999557495,6.0,127.0,651397206.0,2.786540327517119,65.0,2.7895161465907057,173.0,37.99723391528774,76.54346922305642,86.0,-84.0,257.0,27.937456715878902,89.24709365577837,-0.7188233395618191,3068942498.337822,0.16854027217473172,2106.1410453022913,61.53272539767252,227.80643345725318,-15.789945299220223,8.608869125346796,3.5085225989669766,0.4179696529149158,1.2658928655051354,2.102843378118032,1.776819697350331,0.59559498888956,0.5542892070882668,0.974417637186441,0.9067895244632409,-0.11443189915409736,0.5800487368289766,0.41889243701272866,7.762503603778097,0.04613560554583983,5.0871227091924975,0.46638540149814867,0.1270302002892413,15.525007207556193,3.485747212177981,3.0293479310784432,6.782139551220314,4677.277787288156,0.05719202009351882,26.66475796711521,13783.56053899391,3.454341179915841,60.96199652735321,101.97070259959405,7127.178229928346,1.718677523452628,0.023657988332237433,0.0817620586965084,3.3599298098395405,0.0038383290588116827,8823.566712543536,0.15237196637616232,3.785888090000796,57.95927918401646,3.1840268004926364,207.6889504384541,0.06452027848650763,0.02618216893304454,4.067058359625459,34285.66203524693,0.5792067287362126,0.7046961622173771,0.9924216692709796,0.7844546399948421,43.67750925118075,0.022115380217225016,872.8640654499685,0.13732914811988178,4.5922984075541375,35.90544367526746,69667.359030837,5181647.508810572,995.7357119900938,0.05326524076640756,2056.7983008181245,0.32359948093425495,0.5862862011777994,20.442032702873274,0.03412623445933111,5.347810428246758,0.0777188134308283,69501.80198162635,117.04220280049623,8.920780637361953e-05,51.496479616781556,0.06302139502301358,0.004279089693453134,case_00206
3.1.1.dev111+g8ed579383,2.0.2,2.5.3,1.8.0,3.12.12,"{'minimumROIDimensions': 2, 'minimumROISize': None, 'normalize': False, 'normalizeScale': 1, 'removeOutliers': None, 'resampledPixelSpacing': None, 'interpolator': 'sitkBSpline', 'preCrop': False, 'padDistance': 5, 'distances': [1], 'force2D': False, 'force2Ddimension': 0, 'resegmentRange': None, 'label': 1, 'additionalInfo': True}",{'Original': {}},4c671441a38f12c6f2562bac888fcee3371277d0,3D,"(3.0, 0.875, 0.875)","(75, 512, 512)",-556.5572623697917,-1024.0,1217.0,ba530a26140b0590a6d65c2fdef48b39f01a73f3,"(3.0, 0.875, 0.875)","(75, 512, 512)","(25, 252, 110, 44, 117, 297)",196789,25,"(np.float64(46.328560031302565), np.float64(310.0514408833827), np.float64(268.8477862075624))","(235.24181293161712, 271.29501077295987, -138.9856800939077)",0.31402001075390706,0.15488724050992123,53.47747990444836,345.2671745483314,259.35798136938064,256.09861381897406,126.23644729237273,261.77787578403183,451815.6015625,108.42080186463815,0.39876745738689245,71406.63443603065,0.1580437554371458,451999.734375,8.0,122.0,1345693362.0,2.824273137389113,65.0,2.708011916841688,230.0,36.78303058649986,69.70804262433367,76.0,-96.0,326.0,26.962443704879323,82.69374216908741,-0.4932491524454432,3090889440.84375,0.1608962673613879,1979.0437874115862,57.446206928560464,219.62866002342355,-10.110767816860998,9.030457330852748,2.582933313683285,0.5537767997107935,1.1036147851209441,1.9551358211243037,1.3170867205116308,0.6127776708321907,0.5778955481662927,0.9876151287777843,0.9319668692308709,-0.13846166410578886,0.6913112747487477,0.45692726164948816,7.472167228636204,0.042820706246055926,5.113719331065577,0.5961541773015246,0.09865302638056304,14.944334457272408,3.56811714174569,2.903347661134008,6.7830016455327105,11259.668614607524,0.057216961388123946,24.383251517764876,31662.615557780162,3.25103728956168,56.6737216002927,106.5861049144007,6698.750382389259,2.0002227625397815,0.025057185043665473,0.06160564580405052,2.5177996632714463,0.003122123262537349,20305.915128183286,0.14942144834292093,3.581619677331637,54.42814832816058,3.0660767374579194,182.38475869377146,0.06769540711984794,0.027479185928993066,4.15077230512161,76237.96094255996,0.5549866648400099,0.6897469644371147,0.8917209401672322,0.7710232993253586,40.46987859575988,0.022814706157248083,1386.991838321026,0.1347640729033255,5.7104860649674665,35.78332685581034,246597.14817333853,16174020.55120482,4108.78886580604,0.060954402506765634,2935.248542557326,0.28519709896592754,0.5490224276353121,19.53138738604532,0.03717907896906065,5.749598778795408,0.05229967122146055,246231.55162858035,153.52742437128717,4.934455103445202e-05,69.18797536411337,0.028419733424913083,0.0034945114667556823,case_00204
3.1.1.dev111+g8ed579383,2.0.2,2.5.3,1.8.0,3.12.12,"{'minimumROIDimensions': 2, 'minimumROISize': None, 'normalize': False, 'normalizeScale': 1, 'removeOutliers': None, 'resampledPixelSpacing': None, 'interpolator': 'sitkBSpline', 'preCrop': False, 'padDistance': 5, 'distances': [1], 'force2D': False, 'force2Ddimension': 0, 'resegmentRange': None, 'label': 1, 'additionalInfo': True}",{'Original': {}},76b4ad9ef23886099e88d77e049ce8625483dc75,3D,"(1.0, 0.63671875, 0.63671875)","(620, 512, 512)",-605.4149920002106,-1024.0,3071.0,7da3a3a90f5812e3000820009c18594c610e0764,"(1.0, 0.63671875, 0.63671875)","(620, 512, 512)","(301, 202, 136, 109, 138, 290)",442358,16,"(np.float64(359.6877348211177), np.float64(284.726384512092), np.float64(273.4801382590571))","(174.12993178213404, 181.2906276385586, -359.6877348211177)",0.28078267166899273,0.1827744665496534,49.82657810832974,272.61235690595555,183.92794653671288,166.30552579011075,90.58796598162736,194.35118615583664,179179.9201704661,76.54482590203519,0.4774269222895434,32193.64209649581,0.17967215336332218,179336.69589233398,42.0,213.0,9485129717.0,3.3993536382986433,110.0,2.5463377991863174,344.0,58.62771160722655,128.9976060114206,133.0,-116.0,460.0,44.81599893269764,146.43156176815913,-0.430581065326969,3845373709.8842316,0.10734659597525334,4801.819925184503,122.88589506931511,1650.8117997806812,-49.336797165852516,26.16165260801525,2.7939404525886355,0.8065902978376934,1.1753638866598681,2.008747304196763,1.3807694667921455,0.5910885460856796,0.5523901405948657,0.992548294458897,0.944761703756967,-0.23973796038059383,0.8859955078740458,0.4676989982046835,10.818665177093775,0.025065551216951594,5.892960082770547,0.8203009761776331,0.05425957398750595,21.637330354187558,4.251550429797581,7.2388982651509695,7.241103958774323,28983.067578748436,0.06551948326637799,18.6211011740057,47485.62550242111,7.763647178548929,121.82143874418458,91.05272200344517,11667.52771736919,0.920925151171479,0.012399269684625375,0.05129237665227951,4.921583228685771,0.0011911479121406634,31945.480296595157,0.1015317358777397,8.11327824748835,119.46898332862784,2.7069859350013727,336.5662727534302,0.03091669053561608,0.013188183832451631,4.64643013156919,181283.00074663258,0.5733468423911513,0.7111278125931416,0.7042865152040724,0.7847693086133007,91.95729630150518,0.010899912827947241,1420.088315629742,0.0861965593705458,12.408675908916116,83.03599393019726,510998.60613050073,69894863.0796965,4354.59186580585,0.0303157986698188,4052.89220030349,0.2460025614751739,0.5059383206235674,40.82001228533313,0.017397901682610937,6.622344354509883,0.03724359003341185,510277.6697776269,115.97073282634075,3.4832482520619395e-05,108.91376080534619,0.0317136336973432,0.00470099125805827,case_00203
3.1.1.dev111+g8ed579383,2.0.2,2.5.3,1.8.0,3.12.12,"{'minimumROIDimensions': 2, 'minimumROISize': None, 'normalize': False, 'normalizeScale': 1, 'removeOutliers': None, 'resampledPixelSpacing': None, 'interpolator': 'sitkBSpline', 'preCrop': False, 'padDistance': 5, 'distances': [1], 'force2D': False, 'force2Ddimension': 0, 'resegmentRange': None, 'label': 1, 'additionalInfo': True}",{'Original': {}},e3975ea225ac8f6556c25d2413241727759e3b77,3D,"(1.25, 0.8984379768371582, 0.8984379768371582)","(383, 512, 512)",-824.2900127082207,-2048.0,1731.0,7eb84ac864ac67b7247c6d89fa6a52a3e01ae12a,"(1.25, 0.8984379768371582, 0.8984379768371582)","(383, 512, 512)","(112, 246, 129, 92, 107, 237)",354824,61,"(np.float64(157.0510619349311), np.float64(286.3392865195139), np.float64(240.94230097174938))","(216.47171341954817, 257.25808926958746, -196.3138274186639)",0.3426391693172222,0.1953913516958877,54.845811841725066,280.69723335088315,218.17908202180786,207.5002755854222,129.37353406470052,219.48748873235886,355611.14332862146,96.17786686498907,0.41968643876693906,57837.48891437628,0.1626425099421827,358013.33473595633,43.0,281.0,13903448067.0,3.768482904339428,153.0,2.363174523389242,380.0,80.78437442219413,174.13503314319212,195.0,-142.0,522.0,62.59857019800881,197.94966256657344,-0.5454530089319835,14028419179.07147,0.08455480251499871,8861.059142439663,198.60281776775744,5065.332889584766,-170.78121951799318,46.355551085276275,6.104236951799219,0.7667255741886952,1.722361314077479,2.4532563482772614,3.068070630687852,0.5125653071020333,0.45584688009372215,0.988212013512565,0.9319975601112469,-0.1859894007447651,0.8537626190397839,0.4210104075194864,13.73095127486515,0.0152141317327144,6.72641874389786,0.7794005739501414,0.046435652761843624,27.461902549730294,4.601512496503725,13.11494700926888,7.304566629888566,28851.233129664284,0.08131139136491411,12.7645357630525,30002.0732475819,14.25984337630148,196.1272151827385,55.260219150902984,11866.363337880188,0.35865215880178675,0.008303114200410043,0.09719712545448457,14.596345857483941,0.001356006943565418,22351.443668799682,0.07995176047444165,14.58143311106795,191.9825904703007,2.029831886779893,410.3860603392187,0.01562441620044894,0.008714846232604661,4.738386336931588,186566.86911095012,0.6649829012488725,0.7877357181631977,0.4034136600397375,0.841946374034018,158.73305882002916,0.007623107291697819,2118.047313605555,0.07002966816351644,17.093796600917273,133.09264341213424,109958.79484212266,29538561.09052736,436.5746521879826,0.01634854357454821,10247.188857662424,0.33880604588072155,0.6018911416417216,77.3284789501974,0.01049448029968268,6.313396266401716,0.08523944265325908,109821.1630397535,77.21067911599128,3.6897627799155865e-05,216.68498549907733,0.06529051363138516,0.006853329759288772,case_00202
3.1.1.dev111+g8ed579383,2.0.2,2.5.3,1.8.0,3.12.12,"{'minimumROIDimensions': 2, 'minimumROISize': None, 'normalize': False, 'normalizeScale': 1, 'removeOutliers': None, 'resampledPixelSpacing': None, 'interpolator': 'sitkBSpline', 'preCrop': False, 'padDistance': 5, 'distances': [1], 'force2D': False, 'force2Ddimension': 0, 'resegmentRange': None, 'label': 1, 'additionalInfo': True}",{'Original': {}},af698dfcdabded624a861ac24e16fc6022e5f159,3D,"(2.5, 0.78125, 0.78125)","(96, 512, 512)",-332.9430623451869,-1024.0,1360.0,85ebddcb90d6551bc5c1042ef4230441b7eacd3c,"(2.5, 0.78125, 0.78125)","(96, 512, 512)","(24, 220, 97, 48, 135, 329)",391560,7,"(np.float64(45.99084686893452), np.float64(288.50531208499336), np.float64(261.1231356624783))","(204.00244973631118, 225.39477506640105, -114.97711717233629)",0.33976486369686576,0.160035855481437,58.23945174832345,363.91502125021475,260.80746198405154,256.66054194024935,137.18082628983723,261.2658861796733,597956.8481445312,123.64553759232123,0.41935763588716013,81848.89084559253,0.13688093229397877,597473.14453125,28.0,200.0,7825999793.0,3.378700846307176,98.0,2.8324445181819042,362.0,55.742910269621895,124.08591020533251,139.0,-143.0,505.0,40.40308300239461,141.37439392924728,-0.6572478169901026,11941528004.455566,0.11200869047391324,4589.406147376143,140.68264250492996,1256.455673919151,-57.591444557769655,21.170715004493033,5.399555586449991,0.5919540554695607,1.6167274090922101,2.3659525067950864,2.680491222755,0.5275822681496973,0.47466111367852204,0.9884988444629563,0.9330495993821963,-0.1281060062767916,0.7161064415079236,0.43177155015869295,11.693502872456897,0.02151260975981392,6.189255812139389,0.6257777334507886,0.05290138390028102,23.38700574491378,4.141471035945148,6.642567647735756,7.004727632792138,29851.605960772296,0.07623762887111118,13.869331978815737,43858.12284196547,7.424324493727446,139.28997854734908,60.79764020839718,9392.231826539994,0.4622289385653374,0.010014326946583415,0.09509400008302824,10.10882486462254,0.0016693686738308328,31911.061536801146,0.10512710198768119,7.956804755403318,135.84126156384517,2.1297805069077143,307.47791045713143,0.019538068886932453,0.010600999140297166,4.408817262791779,197707.79539761305,0.6477289908071466,0.7749836944136668,0.4423524042939025,0.8311135329471413,110.53906732965666,0.009219196287953636,2840.1082442343377,0.0836531543764348,12.273529520430534,95.6005125033136,173884.64869959647,29789917.933610205,1053.268410301301,0.020161970463583943,11284.668286648404,0.33238102814787207,0.595133952697274,55.65107146057258,0.012961357832718257,6.071011953390621,0.08670701808152008,173751.63649292663,122.90554337596915,2.5388592968286643e-05,218.92779382738445,0.03972077488689954,0.0042317034352096885,case_00201
3.1.1.dev111+g8ed579383,2.0.2,2.5.3,1.8.0,3.12.12,"{'minimumROIDimensions': 2, 'minimumROISize': None, 'normalize': False, 'normalizeScale': 1, 'removeOutliers': None, 'resampledPixelSpacing': None, 'interpolator': 'sitkBSpline', 'preCrop': False, 'padDistance': 5, 'distances': [1], 'force2D': False, 'force2Ddimension': 0, 'resegmentRange': None, 'label': 1, 'additionalInfo': True}",{'Original': {}},13f009edeae6962f20a36d3ef620f97b278e96f1,3D,"(4.0, 0.7421875, 0.7421875)","(103, 512, 512)",-445.4148827339839,-1024.0,3069.0,1f8f2eab708499ac62ce682c553ddd83d5280632,"(4.0, 0.7421875, 0.7421875)","(103, 512, 512)","(20, 255, 104, 32, 121, 305)",166730,88,"(np.float64(34.424170815090264), np.float64(313.57534936724045), np.float64(265.1373178192287))","(196.78160306895882, 232.73170460849877, -137.69668326036106)",0.3556015736736457,0.17942277666141787,54.876693468453624,305.8513221652422,225.7704129373691,223.84306096545146,136.8478149730226,235.4055028954443,366039.83968098956,108.76121147212532,0.3321503149197424,74502.07355098394,0.2035354228542824,367367.73681640625,21.0,188.0,3167690333.0,3.192292259238811,84.0,2.9079293040618355,273.0,51.50647766631023,122.42127391591195,141.0,-106.0,379.0,36.470170529253544,137.83657862659373,-0.8455089436163754,6979591126.78833,0.13332431803426242,4011.954100290412,118.81516061972326,1180.3884930968381,-79.65764455016334,18.79247650487608,3.727294174677417,0.6651755721683139,1.3778036781866325,2.1610936994495713,1.7518849872366613,0.5549122064073337,0.5077778679916436,0.986339011174555,0.9257849096959886,-0.14433517749810884,0.7276575504570548,0.45292177212619494,10.725685159333885,0.032309494692344114,5.720097040329322,0.6779172404198128,0.0885181582329111,21.45137031866777,3.930534445295202,5.629942669888376,6.794283720731066,12233.33974689618,0.07337215706169363,15.235500153461148,22229.163545852574,6.502895952953579,115.00623762970072,66.10996221435855,8791.588280453429,0.595781906149842,0.012643140456952893,0.08598206161999257,7.453542757541995,0.0018838145561460532,15321.473571336828,0.12025356362209991,6.970663207039814,110.99751033839773,2.234700097292924,270.39610607162433,0.02541920600600673,0.01351615968206855,4.273127052942881,81742.71967771294,0.636375050079489,0.7641294769526042,0.48998917706923617,0.8234035774980726,88.75588881886425,0.011717175795099205,1250.3254279880634,0.09818795570818781,10.086648417515425,77.00274854719648,117968.91063295116,16507722.42107743,879.7887420255776,0.025360854842723962,3959.2395162556936,0.31091876207442226,0.5754765385422108,44.960519877994834,0.01566854577835417,6.005998751322596,0.07637497750854676,117797.47629709981,82.91813645652437,5.762771942171602e-05,107.18789741393476,0.052327197122826165,0.006246277400466871,case_00200
